method,filename,true_label,pred_label,loss,confidence,correct,p_Neither,p_Only_Fire,p_Only_Smoke,p_Both
iteration3,AoF06723.jpg,Neither,Neither,0.031048590317368507,0.9694284796714783,1,0.9694284796714783,0.00016665214207023382,0.030350081622600555,5.478419552673586e-05
iteration3,AoF06724.jpg,Neither,Neither,0.03425003960728645,0.9663298726081848,1,0.9663298726081848,0.00013217133528087288,0.03346402570605278,7.389856909867376e-05
iteration3,AoF06725.jpg,Neither,Neither,0.44856980443000793,0.6385407447814941,1,0.6385407447814941,0.004697244148701429,0.3542843461036682,0.0024776519276201725
iteration3,AoF06726.jpg,Neither,Neither,0.04347974434494972,0.9574519395828247,1,0.9574519395828247,0.0007351168897002935,0.0342564657330513,0.007556489668786526
iteration3,AoF06727.jpg,Neither,Neither,0.03236239403486252,0.9681556820869446,1,0.9681556820869446,0.00028547682450152934,0.030463261529803276,0.0010955339530482888
iteration3,AoF06728.jpg,Neither,Neither,0.0451476089656353,0.9558563828468323,1,0.9558563828468323,0.008723137900233269,0.024916527792811394,0.01050390675663948
iteration3,AoF06729.jpg,Neither,Neither,0.2653352618217468,0.7669487595558167,1,0.7669487595558167,0.0422218032181263,0.03619770333170891,0.15463176369667053
iteration3,AoF06730.jpg,Neither,Neither,0.03269645944237709,0.9678322672843933,1,0.9678322672843933,0.008890878409147263,0.016022158786654472,0.007254693191498518
iteration3,AoF06731.jpg,Neither,Neither,0.005378063768148422,0.9946363568305969,1,0.9946363568305969,0.0006384068983606994,0.0046763112768530846,4.8986221372615546e-05
iteration3,AoF06732.jpg,Neither,Neither,0.3228798806667328,0.7240608334541321,1,0.7240608334541321,0.029405267909169197,0.11773963272571564,0.12879431247711182
iteration3,AoF06733.jpg,Neither,Neither,0.0018225978128612041,0.9981790781021118,1,0.9981790781021118,0.0007527087582275271,0.0010488381376489997,1.9437882656347938e-05
iteration3,AoF06734.jpg,Neither,Neither,0.0010128850117325783,0.99898761510849,1,0.99898761510849,0.00029311684193089604,0.0007009072578512132,1.8296857888344675e-05
iteration3,AoF06735.jpg,Neither,Only_Smoke,2.0904719829559326,0.8750462532043457,0,0.12362877279520035,0.0010995952179655433,0.8750462532043457,0.00022538861958310008
iteration3,AoF06736.jpg,Neither,Neither,0.13367703557014465,0.8748725652694702,1,0.8748725652694702,7.916804315755144e-05,0.12503986060619354,8.431827154709026e-06
iteration3,AoF06737.jpg,Neither,Neither,0.02717673033475876,0.9731892347335815,1,0.9731892347335815,0.0033595794811844826,0.023074541240930557,0.0003766002191696316
iteration3,AoF06738.jpg,Neither,Neither,0.10157836973667145,0.9034103751182556,1,0.9034103751182556,0.09497705847024918,0.001334098051302135,0.0002784387907013297
iteration3,AoF06739.jpg,Neither,Neither,0.056762535125017166,0.944818377494812,1,0.944818377494812,0.0007060992647893727,0.054415736347436905,5.9778023569379e-05
iteration3,AoF06740.jpg,Neither,Only_Smoke,3.01950740814209,0.9507425427436829,0,0.048825256526470184,0.0003736373328138143,0.9507425427436829,5.847742795594968e-05
iteration3,AoF06741.jpg,Neither,Only_Fire,0.8360850214958191,0.5656455159187317,0,0.43340396881103516,0.5656455159187317,0.0007206005393527448,0.0002298445615451783
iteration3,AoF06742.jpg,Neither,Only_Smoke,1.1714414358139038,0.6894809007644653,0,0.30991989374160767,0.0002685148501768708,0.6894809007644653,0.0003306334256194532
iteration3,AoF06743.jpg,Neither,Neither,0.6218045949935913,0.5369745492935181,1,0.5369745492935181,0.00020292762201279402,0.46270567178726196,0.00011690498649841174
iteration3,AoF06744.jpg,Neither,Neither,0.3299104869365692,0.7189880609512329,1,0.7189880609512329,0.004213929641991854,0.27612006664276123,0.0006779232062399387
iteration3,AoF06745.jpg,Neither,Neither,0.05538658797740936,0.9461193084716797,1,0.9461193084716797,0.0008636015700176358,0.052867818623781204,0.00014922081027179956
iteration3,AoF06746.jpg,Neither,Only_Smoke,0.7456778883934021,0.5234401226043701,0,0.47441256046295166,0.0014178946148604155,0.5234401226043701,0.0007294524111784995
iteration3,AoF06747.jpg,Neither,Neither,0.001396872103214264,0.9986041188240051,1,0.9986041188240051,0.00026483790134079754,0.0007486466784030199,0.0003824192681349814
iteration3,AoF06748.jpg,Neither,Neither,0.001764527871273458,0.9982370138168335,1,0.9982370138168335,0.0001781414175638929,0.001121077104471624,0.0004637195379473269
iteration3,AoF06749.jpg,Neither,Neither,0.17849771678447723,0.8365259766578674,1,0.8365259766578674,0.16123731434345245,0.0013521035434678197,0.0008846178534440696
iteration3,AoF06750.jpg,Neither,Neither,0.5050971508026123,0.6034469604492188,1,0.6034469604492188,0.008395835757255554,0.3870113790035248,0.001145808957517147
iteration3,AoF06751.jpg,Neither,Neither,0.08787791430950165,0.9158726930618286,1,0.9158726930618286,0.0030952293891459703,0.0804697573184967,0.0005623212782666087
iteration3,AoF06752.jpg,Neither,Neither,0.05988362431526184,0.9418741464614868,1,0.9418741464614868,0.004164779093116522,0.052589885890483856,0.0013712022919207811
iteration3,AoF06753.jpg,Neither,Neither,0.00012730741582345217,0.9998726844787598,1,0.9998726844787598,9.11601455300115e-06,0.00011762091162381694,4.818537604478479e-07
iteration3,AoF06754.jpg,Neither,Neither,0.00013422065239865333,0.9998657703399658,1,0.9998657703399658,1.0189791282755323e-05,0.00012367102317512035,3.142273499179282e-07
iteration3,AoF06755.jpg,Neither,Neither,0.00022802136663813144,0.9997720122337341,1,0.9997720122337341,9.223791494150646e-06,0.00021818811364937574,5.111884320285753e-07
iteration3,AoF06756.jpg,Neither,Neither,4.3748852476710454e-05,0.9999562501907349,1,0.9999562501907349,4.749800154968398e-06,3.865751568810083e-05,4.0825838709679374e-07
iteration3,AoF06757.jpg,Neither,Neither,0.00013422065239865333,0.9998657703399658,1,0.9998657703399658,8.483418787363917e-05,4.5245291403261945e-05,4.093057668796973e-06
iteration3,AoF06758.jpg,Neither,Neither,0.00011514954530866817,0.999884843826294,1,0.999884843826294,5.991103535052389e-06,0.00010870427649933845,4.91030846205831e-07
iteration3,AoF06759.jpg,Neither,Neither,0.039347559213638306,0.961416482925415,1,0.961416482925415,0.03831416368484497,0.00013253962970338762,0.00013687841419596225
iteration3,AoF06760.jpg,Neither,Neither,0.27362382411956787,0.7606181502342224,1,0.7606181502342224,0.00013778229185845703,0.23921222984790802,3.1825275073060766e-05
iteration3,AoF06761.jpg,Neither,Neither,0.00035124807618558407,0.9996488094329834,1,0.9996488094329834,3.182558066328056e-05,0.0003151550190523267,4.2099304664589e-06
iteration3,AoF06762.jpg,Neither,Neither,0.070142962038517,0.9322605133056641,1,0.9322605133056641,0.00019499548943713307,0.06749541312456131,4.901229840470478e-05
iteration3,AoF06763.jpg,Neither,Neither,0.05462115257978439,0.9468438029289246,1,0.9468438029289246,0.000166830446687527,0.05291403830051422,7.541779632447287e-05
iteration3,AoF06764.jpg,Neither,Neither,0.3665786683559418,0.6931015849113464,1,0.6931015849113464,0.0010485071688890457,0.3052116334438324,0.0006382950232364237
iteration3,AoF06765.jpg,Neither,Neither,0.012297757901251316,0.9877775311470032,1,0.9877775311470032,7.666532474104315e-05,0.012114962562918663,3.0821629479760304e-05
iteration3,AoF06766.jpg,Neither,Neither,0.00020251607929822057,0.999797523021698,1,0.999797523021698,4.51449268439319e-05,0.00015291859745047987,4.452542725630337e-06
iteration3,AoF06767.jpg,Neither,Neither,0.00021705655672121793,0.9997829794883728,1,0.9997829794883728,7.268215267686173e-05,0.00013658101670444012,7.723111593804788e-06
iteration3,AoF06768.jpg,Neither,Neither,0.04896710067987442,0.9522124528884888,1,0.9522124528884888,0.00015156467270571738,0.04756329953670502,7.258834375534207e-05
iteration3,AoF06769.jpg,Neither,Neither,0.00016842853801790625,0.9998315572738647,1,0.9998315572738647,4.137139330850914e-05,0.00012202676589367911,4.992382400814677e-06
iteration3,AoF06770.jpg,Neither,Neither,0.002066264161840081,0.9979358911514282,1,0.9979358911514282,3.142259083688259e-05,0.0020041342359036207,2.8475824365159497e-05
iteration3,AoF06771.jpg,Neither,Neither,0.002642237115651369,0.9973612427711487,1,0.9973612427711487,4.34863795817364e-05,0.002551483456045389,4.3817213736474514e-05
iteration3,AoF06772.jpg,Neither,Neither,0.021090874448418617,0.9791299700737,1,0.9791299700737,0.0010948184644803405,0.01943608559668064,0.00033912499202415347
iteration3,AoF06773.jpg,Neither,Only_Smoke,2.8649728298187256,0.9425171613693237,0,0.05698468163609505,0.00040546045056544244,0.9425171613693237,9.276586206397042e-05
iteration3,AoF06774.jpg,Neither,Neither,0.6408990621566772,0.526818573474884,1,0.526818573474884,0.0005944182630628347,0.4723883271217346,0.00019863405032083392
iteration3,AoF06775.jpg,Neither,Neither,0.049785759299993515,0.9514332413673401,1,0.9514332413673401,5.495141158462502e-05,0.04849637299776077,1.5429674022016115e-05
iteration3,AoF06776.jpg,Neither,Neither,0.00044204952428117394,0.9995580315589905,1,0.9995580315589905,1.9404793420108035e-05,0.0004210305050946772,1.508941977590439e-06
iteration3,AoF06777.jpg,Neither,Neither,5.07818695041351e-05,0.9999492168426514,1,0.9999492168426514,2.894008730436326e-06,4.75135057058651e-05,2.9554209390880715e-07
iteration3,AoF06778.jpg,Neither,Neither,1.5020257706055418e-05,0.9999849796295166,1,0.9999849796295166,2.6847587832889985e-06,1.1912367881450336e-05,3.697961403759109e-07
iteration3,AoF06779.jpg,Neither,Neither,4.3987260141875595e-05,0.9999560117721558,1,0.9999560117721558,3.2118098260980332e-06,4.034395897178911e-05,4.887735940428684e-07
iteration3,AoF06780.jpg,Neither,Neither,5.2927523938706145e-05,0.9999470710754395,1,0.9999470710754395,5.532686827791622e-06,4.719987919088453e-05,2.3484929556616407e-07
iteration3,AoF06781.jpg,Neither,Neither,0.00013636612857226282,0.9998636245727539,1,0.9998636245727539,1.2759509445459116e-05,0.00012294837506487966,5.388228601077572e-07
iteration3,AoF06782.jpg,Neither,Neither,0.00010513706365600228,0.9998948574066162,1,0.9998948574066162,5.2251721172069665e-06,9.614940790925175e-05,3.660906941149733e-06
iteration3,AoF06783.jpg,Neither,Neither,7.724463648628443e-05,0.9999227523803711,1,0.9999227523803711,8.3245986388647e-06,6.756472430424765e-05,1.2718476227746578e-06
iteration3,AoF06784.jpg,Neither,Neither,0.03295625001192093,0.9675809144973755,1,0.9675809144973755,0.0001859297917690128,0.03212621808052063,0.00010695669334381819
iteration3,AoF06785.jpg,Neither,Neither,2.992108420585282e-05,0.9999700784683228,1,0.9999700784683228,2.81751886177517e-06,2.6836578399525024e-05,2.839802277776471e-07
iteration3,AoF06786.jpg,Neither,Neither,0.0013296105898916721,0.998671293258667,1,0.998671293258667,9.431286343897227e-06,0.0013147469144314528,4.552337486529723e-06
iteration3,AoF06787.jpg,Neither,Neither,0.0019036282319575548,0.9980981945991516,1,0.9980981945991516,1.5829658877919428e-05,0.0018744571134448051,1.1525957233970985e-05
iteration3,AoF06788.jpg,Neither,Neither,0.05327152833342552,0.9481225609779358,1,0.9481225609779358,0.0165747981518507,0.024715356528759003,0.010587274096906185
iteration3,AoF06789.jpg,Neither,Neither,0.0022527810651808977,0.9977497458457947,1,0.9977497458457947,1.6667057934682816e-05,0.002220035530626774,1.355137283098884e-05
iteration3,AoF06790.jpg,Neither,Neither,5.149708886165172e-05,0.9999485015869141,1,0.9999485015869141,6.334887530101696e-06,4.4769960368284956e-05,3.1062475613907736e-07
iteration3,AoF06791.jpg,Neither,Neither,0.017979850992560387,0.9821808338165283,1,0.9821808338165283,1.3338644748728257e-05,0.017779959365725517,2.5906732844305225e-05
iteration3,AoF06792.jpg,Neither,Neither,0.03666484355926514,0.9639991521835327,1,0.9639991521835327,1.0109017239301465e-05,0.035940349102020264,5.0330079830018803e-05
iteration3,AoF06793.jpg,Neither,Neither,0.034474875777959824,0.9661126136779785,1,0.9661126136779785,2.5115836251643486e-05,0.033664505928754807,0.000197730609215796
iteration3,AoF06794.jpg,Neither,Neither,0.015885818749666214,0.9842396974563599,1,0.9842396974563599,7.825567990948912e-06,0.015729611739516258,2.2859792807139456e-05
iteration3,AoF06795.jpg,Neither,Neither,0.014492134563624859,0.9856123924255371,1,0.9856123924255371,0.0004974121111445129,0.013470645062625408,0.00041967150173150003
iteration3,AoF06796.jpg,Neither,Neither,0.013493640348315239,0.9865970015525818,1,0.9865970015525818,0.0010645403526723385,0.011939731426537037,0.0003987278323620558
iteration3,AoF06797.jpg,Neither,Neither,0.005701351445168257,0.9943148493766785,1,0.9943148493766785,0.00015398823597934097,0.0054847770370543,4.632458512787707e-05
iteration3,AoF06798.jpg,Neither,Neither,0.009205280803143978,0.9908369779586792,1,0.9908369779586792,0.0012450981885194778,0.007673962507396936,0.00024405578733421862
iteration3,AoF06799.jpg,Neither,Neither,0.008517012931406498,0.9915191531181335,1,0.9915191531181335,0.00020303209021221846,0.008150582201778889,0.00012719038932118565
iteration3,AoF06800.jpg,Neither,Neither,0.007788054645061493,0.9922422170639038,1,0.9922422170639038,0.000457210757303983,0.0069551123306155205,0.0003455232363194227
iteration3,AoF06801.jpg,Neither,Neither,0.0008237544680014253,0.999176561832428,1,0.999176561832428,6.943531479919329e-05,0.0007020567427389324,5.188961586100049e-05
iteration3,AoF06802.jpg,Neither,Neither,0.3721427023410797,0.6892558932304382,1,0.6892558932304382,0.000257520325249061,0.3103029429912567,0.00018365577852819115
iteration3,AoF06803.jpg,Neither,Only_Smoke,3.9011008739471436,0.8016306161880493,0,0.02021964266896248,0.08658088743686676,0.8016306161880493,0.09156886488199234
iteration3,AoF06804.jpg,Neither,Neither,0.008013597689568996,0.9920184016227722,1,0.9920184016227722,0.0002690871770028025,0.007454239297658205,0.0002582510351203382
iteration3,AoF06805.jpg,Neither,Neither,0.07422368973493576,0.9284639954566956,1,0.9284639954566956,5.6660297559574246e-05,0.07141153514385223,6.780366675229743e-05
iteration3,AoF06806.jpg,Neither,Neither,0.6008310914039612,0.5483556985855103,1,0.5483556985855103,0.00010784615733427927,0.45139604806900024,0.00014034262858331203
iteration3,AoF06807.jpg,Neither,Neither,0.16150973737239838,0.8508582711219788,1,0.8508582711219788,0.0023452029563486576,0.1462806761264801,0.0005158531130291522
iteration3,AoF06808.jpg,Neither,Neither,0.01605898328125477,0.984069287776947,1,0.984069287776947,8.32714285934344e-05,0.015792883932590485,5.462443732540123e-05
iteration3,AoF06809.jpg,Neither,Neither,0.014223858714103699,0.9858767986297607,1,0.9858767986297607,0.0006942730396986008,0.009579893201589584,0.0038490709848701954
iteration3,AoF06810.jpg,Neither,Neither,0.06881558150053024,0.9334987998008728,1,0.9334987998008728,9.43744380492717e-05,0.06622735410928726,0.00017952949565369636
iteration3,AoF06811.jpg,Neither,Neither,0.007837614975869656,0.9921930432319641,1,0.9921930432319641,0.00019151665037497878,0.0074339816346764565,0.0001814812421798706
iteration3,AoF06812.jpg,Neither,Neither,0.002181057119742036,0.9978213310241699,1,0.9978213310241699,6.441441655624658e-05,0.002027658047154546,8.661337051307783e-05
iteration3,AoF06813.jpg,Neither,Only_Smoke,1.1425349712371826,0.35543107986450195,0,0.31900927424430847,0.20529428124427795,0.35543107986450195,0.12026532739400864
iteration3,AoF06814.jpg,Neither,Neither,0.26874735951423645,0.764336347579956,1,0.764336347579956,0.000974574766587466,0.23399049043655396,0.0006985563086345792
iteration3,AoF06815.jpg,Neither,Neither,0.27083447575569153,0.7627427577972412,1,0.7627427577972412,0.0006082234322093427,0.23627135157585144,0.0003776586090680212
iteration3,AoF06816.jpg,Neither,Neither,0.2339625209569931,0.7913914918899536,1,0.7913914918899536,0.0007814157870598137,0.20741333067417145,0.0004138164222240448
iteration3,AoF06817.jpg,Neither,Neither,0.005691394675523043,0.9943247437477112,1,0.9943247437477112,0.0001343594049103558,0.005509512964636087,3.1360403227154166e-05
iteration3,AoF06818.jpg,Neither,Neither,0.016280675306916237,0.9838511347770691,1,0.9838511347770691,0.0001344935444649309,0.015959247946739197,5.5182936193887144e-05
iteration3,AoF06819.jpg,Neither,Neither,0.01741393655538559,0.9827368259429932,1,0.9827368259429932,0.00020900189701933414,0.016984848305583,6.932018732186407e-05
iteration3,AoF06820.jpg,Neither,Neither,0.046560920774936676,0.9545063972473145,1,0.9545063972473145,0.00014266333892010152,0.04526180773973465,8.914575300877914e-05
iteration3,AoF06821.jpg,Neither,Neither,0.020983368158340454,0.9792352318763733,1,0.9792352318763733,7.454183651134372e-05,0.020656276494264603,3.389963603694923e-05
iteration3,AoF06822.jpg,Neither,Neither,0.023063387721776962,0.9772005677223206,1,0.9772005677223206,0.0002983581798616797,0.02237442135810852,0.0001266801409656182
iteration3,AoF06823.jpg,Neither,Neither,0.009978883899748325,0.9900707602500916,1,0.9900707602500916,9.987726662075147e-05,0.009797238744795322,3.2153588108485565e-05
iteration3,AoF06824.jpg,Neither,Neither,0.0036582706961780787,0.9963484406471252,1,0.9963484406471252,4.930593422614038e-05,0.0035817455500364304,2.04910829779692e-05
iteration3,AoF06825.jpg,Neither,Neither,0.0048011732287704945,0.9952103495597839,1,0.9952103495597839,6.106954242568463e-05,0.004698741249740124,2.9859722417313606e-05
iteration3,AoF06826.jpg,Neither,Neither,0.011096787638962269,0.9889645576477051,1,0.9889645576477051,0.0001524192775832489,0.010809754021465778,7.326706690946594e-05
iteration3,AoF06827.jpg,Neither,Neither,0.010408168658614159,0.989645779132843,1,0.989645779132843,6.748102168785408e-05,0.010267924517393112,1.8773862393572927e-05
iteration3,AoF06828.jpg,Neither,Neither,0.008885368704795837,0.9911540150642395,1,0.9911540150642395,6.323048000922427e-05,0.00875548180192709,2.7251922801951878e-05
iteration3,AoF06829.jpg,Neither,Neither,0.010035417042672634,0.9900147914886475,1,0.9900147914886475,0.00010167159052798524,0.00984658021479845,3.7012425309512764e-05
iteration3,AoF06830.jpg,Neither,Neither,0.0040281834080815315,0.995979905128479,1,0.995979905128479,0.00011128561163786799,0.003817089134827256,9.176428284263238e-05
iteration3,AoF06831.jpg,Neither,Neither,0.008711548522114754,0.9913262724876404,1,0.9913262724876404,0.0003687637799885124,0.007934077642858028,0.00037087005330249667
iteration3,AoF06832.jpg,Neither,Neither,0.007919460535049438,0.9921118021011353,1,0.9921118021011353,9.420271089766175e-05,0.007762583903968334,3.141610068269074e-05
iteration3,AoF06833.jpg,Neither,Neither,0.012632235884666443,0.987447202205658,1,0.987447202205658,6.490990926977247e-05,0.012454487383365631,3.342473792145029e-05
iteration3,AoF06834.jpg,Neither,Neither,0.002647944027557969,0.997355580329895,1,0.997355580329895,1.6580695955781266e-05,0.002618648111820221,9.194051017402671e-06
iteration3,AoF06835.jpg,Neither,Only_Smoke,0.8219707012176514,0.5488200783729553,0,0.4395645260810852,0.004700685851275921,0.5488200783729553,0.006914791185408831
iteration3,AoF06836.jpg,Neither,Neither,0.028218913823366165,0.9721755385398865,1,0.9721755385398865,0.0001514271425548941,0.02762007713317871,5.297546158544719e-05
iteration3,AoF06837.jpg,Neither,Neither,0.00801891926676035,0.992013156414032,1,0.992013156414032,0.00022300187265500426,0.007656177971512079,0.00010763681348180398
iteration3,AoF06838.jpg,Neither,Neither,0.009777984581887722,0.990269660949707,1,0.990269660949707,0.00012697717465925962,0.009542112238705158,6.114684219937772e-05
iteration3,AoF06839.jpg,Neither,Neither,0.0040364945307374,0.9959716200828552,1,0.9959716200828552,3.551845293259248e-05,0.0039751590229570866,1.7647402273723856e-05
iteration3,AoF06840.jpg,Neither,Neither,0.06174618750810623,0.9401214718818665,1,0.9401214718818665,0.0002719148469623178,0.059464577585458755,0.00014211067173164338
iteration3,AoF06841.jpg,Neither,Neither,0.018085340037941933,0.9820772409439087,1,0.9820772409439087,5.221694664214738e-05,0.017856687307357788,1.3971013686386868e-05
iteration3,AoF06842.jpg,Neither,Neither,0.03222562000155449,0.9682880640029907,1,0.9682880640029907,9.453039092477411e-05,0.03159463405609131,2.2761150830774568e-05
iteration3,AoF06843.jpg,Neither,Neither,0.019468065351247787,0.9807202219963074,1,0.9807202219963074,0.00010076115722768009,0.019137408584356308,4.164813435636461e-05
iteration3,AoF06844.jpg,Neither,Neither,0.006050247699022293,0.9939680099487305,1,0.9939680099487305,5.535046147997491e-05,0.005959514994174242,1.719793363008648e-05
iteration3,AoF06845.jpg,Neither,Neither,0.006069205701351166,0.9939491748809814,1,0.9939491748809814,7.700085552642122e-05,0.005945834331214428,2.794510146486573e-05
iteration3,AoF06846.jpg,Neither,Neither,0.004581193905323744,0.995429277420044,1,0.995429277420044,1.3888275134377182e-06,0.0045656682923436165,3.659065896499669e-06
iteration3,AoF06847.jpg,Neither,Only_Smoke,1.3126914501190186,0.7308288812637329,0,0.269094854593277,4.8551271902397275e-05,0.7308288812637329,2.7715808755601756e-05
iteration3,AoF06848.jpg,Neither,Only_Smoke,1.380473256111145,0.7484886646270752,0,0.2514595091342926,3.9585625927429646e-05,0.7484886646270752,1.2297555258555803e-05
iteration3,AoF06849.jpg,Neither,Neither,0.011829464696347713,0.9882402420043945,1,0.9882402420043945,0.00012074004916939884,0.01159600354731083,4.302562228986062e-05
iteration3,AoF06850.jpg,Neither,Neither,0.01855281926691532,0.9816182255744934,1,0.9816182255744934,0.00015481552691198885,0.018169889226555824,5.711989069823176e-05
iteration3,AoF06851.jpg,Neither,Neither,0.0056026098318398,0.9944130778312683,1,0.9944130778312683,3.0032178983674385e-05,0.005545139312744141,1.1867884495586623e-05
iteration3,AoF06852.jpg,Neither,Neither,0.00763498293235898,0.9923940896987915,1,0.9923940896987915,0.00010049484990304336,0.007459562737494707,4.5829860027879477e-05
iteration3,AoF06853.jpg,Neither,Neither,0.006749924272298813,0.9932727813720703,1,0.9932727813720703,3.799429032369517e-05,0.006674936972558498,1.4193732567946427e-05
iteration3,AoF06854.jpg,Neither,Neither,0.27059850096702576,0.7629227638244629,1,0.7629227638244629,0.0014208953361958265,0.2352839857339859,0.000372314709238708
iteration3,AoF06855.jpg,Neither,Neither,0.08060004562139511,0.9225625991821289,1,0.9225625991821289,0.0002697911695577204,0.07712650299072266,4.1116531065199524e-05
iteration3,AoF06856.jpg,Neither,Neither,0.00035589560866355896,0.9996441602706909,1,0.9996441602706909,9.018241689773276e-05,0.00024997000582516193,1.5584048014716245e-05
iteration3,AoF06857.jpg,Neither,Neither,0.005562896840274334,0.9944525361061096,1,0.9944525361061096,0.00010139646474272013,0.005398438777774572,4.761012314702384e-05
iteration3,AoF06858.jpg,Neither,Neither,0.06621042639017105,0.9359338879585266,1,0.9359338879585266,0.00028814387042075396,0.06355403363704681,0.00022391625680029392
iteration3,AoF06859.jpg,Neither,Neither,0.016233408823609352,0.9838976263999939,1,0.9838976263999939,0.00016772419621702284,0.015906168147921562,2.8507714887382463e-05
iteration3,AoF06860.jpg,Neither,Neither,0.0023259271401911974,0.9976767897605896,1,0.9976767897605896,3.33621610479895e-05,0.0022816909477114677,8.142670594679657e-06
iteration3,AoF06861.jpg,Neither,Neither,0.007684431970119476,0.9923450350761414,1,0.9923450350761414,0.00011213235120521858,0.0075158970430493355,2.7009056793758646e-05
iteration3,AoF06862.jpg,Neither,Neither,0.019539378583431244,0.9806503057479858,1,0.9806503057479858,0.00014529576583299786,0.019156698137521744,4.768071448779665e-05
iteration3,AoF06863.jpg,Neither,Neither,0.012542887590825558,0.9875354170799255,1,0.9875354170799255,8.451913890894502e-05,0.012351464480161667,2.8563743398990482e-05
iteration3,AoF06864.jpg,Neither,Neither,0.012720751576125622,0.9873598217964172,1,0.9873598217964172,0.00012880594294983894,0.012471510097384453,3.990153345512226e-05
iteration3,AoF06865.jpg,Neither,Neither,0.2422475814819336,0.7848618626594543,1,0.7848618626594543,0.01334958616644144,0.17845168709754944,0.02333681657910347
iteration3,AoF06866.jpg,Neither,Neither,0.1703687608242035,0.8433537483215332,1,0.8433537483215332,0.01681157387793064,0.09327705949544907,0.04655764251947403
iteration3,AoF06867.jpg,Neither,Neither,0.07284242659807205,0.9297473430633545,1,0.9297473430633545,0.0004148371226619929,0.0695795863866806,0.0002582680608611554
iteration3,AoF06868.jpg,Neither,Neither,0.044952284544706345,0.9560431241989136,1,0.9560431241989136,0.00023805111413821578,0.043678250163793564,4.062562220497057e-05
iteration3,AoF06869.jpg,Neither,Neither,0.012315184809267521,0.9877603650093079,1,0.9877603650093079,6.138385651865974e-05,0.012142304331064224,3.599475894588977e-05
iteration3,AoF06870.jpg,Neither,Neither,0.035332292318344116,0.9652845859527588,1,0.9652845859527588,0.00014213722897693515,0.03452255576848984,5.069939652457833e-05
iteration3,AoF06871.jpg,Neither,Neither,0.005525553598999977,0.9944896697998047,1,0.9944896697998047,0.0010170649038627744,0.004110891837626696,0.00038236225373111665
iteration3,AoF06872.jpg,Neither,Neither,0.007017015945166349,0.9930075407028198,1,0.9930075407028198,2.5451843157497933e-06,0.006975016091018915,1.481456547480775e-05
iteration3,AoF06873.jpg,Neither,Neither,0.005141725763678551,0.9948714971542358,1,0.9948714971542358,2.888531980715925e-06,0.005111639387905598,1.3944343663752079e-05
iteration3,AoF06874.jpg,Neither,Neither,0.00842528697103262,0.9916101098060608,1,0.9916101098060608,5.067853635409847e-06,0.008355817757546902,2.894475983339362e-05
iteration3,AoF06875.jpg,Neither,Neither,0.06495814025402069,0.9371066689491272,1,0.9371066689491272,9.822366700973362e-05,0.06275113672018051,4.3970423575956374e-05
iteration3,AoF06876.jpg,Neither,Neither,0.004908890929073095,0.995103120803833,1,0.995103120803833,6.420310819521546e-05,0.004810771904885769,2.1881976863369346e-05
iteration3,AoF06877.jpg,Neither,Neither,8.582700684200972e-05,0.9999141693115234,1,0.9999141693115234,5.356685960578034e-06,7.632480992469937e-05,4.2080896491825115e-06
iteration3,AoF06878.jpg,Neither,Neither,0.04631442949175835,0.9547417163848877,1,0.9547417163848877,0.00019340941798873246,0.044888686388731,0.00017616007244214416
iteration3,AoF06879.jpg,Neither,Neither,0.01589309237897396,0.9842325448989868,1,0.9842325448989868,7.392426778096706e-05,0.015640949830412865,5.254648931440897e-05
iteration3,AoF06880.jpg,Neither,Neither,0.005652515217661858,0.9943634271621704,1,0.9943634271621704,0.00013641068653669208,0.005428824573755264,7.139932131394744e-05
iteration3,AoF06881.jpg,Neither,Neither,0.023550551384687424,0.9767246246337891,1,0.9767246246337891,3.980371548095718e-05,0.022887637838721275,0.0003479014849290252
iteration3,AoF06882.jpg,Neither,Neither,0.05547387897968292,0.9460367560386658,1,0.9460367560386658,3.934850246878341e-05,0.05361763760447502,0.00030626339139416814
iteration3,AoF06883.jpg,Neither,Neither,0.03297527879476547,0.9675624966621399,1,0.9675624966621399,0.00018233063747175038,0.03221467137336731,4.055624594911933e-05
iteration3,AoF06884.jpg,Neither,Neither,0.017849644646048546,0.9823087453842163,1,0.9823087453842163,0.0001092167804017663,0.0175471194088459,3.4943284845212474e-05
iteration3,AoF06885.jpg,Neither,Neither,0.23697331547737122,0.7890123128890991,1,0.7890123128890991,0.0003696124185808003,0.21047638356685638,0.00014169291534926742
iteration3,AoF06886.jpg,Neither,Neither,0.17477215826511383,0.8396483063697815,1,0.8396483063697815,0.013424619100987911,0.12183515727519989,0.025091879069805145
iteration3,AoF06887.jpg,Neither,Neither,0.005492714233696461,0.9945223331451416,1,0.9945223331451416,4.1921910451492295e-05,0.005427404306828976,8.29334203444887e-06
iteration3,AoF06888.jpg,Neither,Neither,0.003432099474593997,0.996573805809021,1,0.996573805809021,5.03812734677922e-05,0.0033615862485021353,1.4218077922123484e-05
iteration3,AoF06889.jpg,Neither,Neither,0.023421067744493484,0.9768511056900024,1,0.9768511056900024,0.0002081837155856192,0.022812193259596825,0.00012853620864916593
iteration3,AoF06890.jpg,Neither,Neither,0.010019130073487759,0.9900308847427368,1,0.9900308847427368,3.894399924320169e-05,0.009914353489875793,1.585332393005956e-05
iteration3,AoF06891.jpg,Neither,Neither,0.019390316680073738,0.9807964563369751,1,0.9807964563369751,7.299601566046476e-05,0.019107883796095848,2.270237382617779e-05
iteration3,AoF06892.jpg,Neither,Neither,0.024406446143984795,0.9758889675140381,1,0.9758889675140381,0.00015186326345428824,0.023888710886240005,7.04623234923929e-05
iteration3,AoF06893.jpg,Neither,Neither,0.01494473684579134,0.9851663708686829,1,0.9851663708686829,2.8660731913987547e-05,0.014799511060118675,5.361640432965942e-06
iteration3,AoF06894.jpg,Neither,Neither,0.03147158399224281,0.9690185189247131,1,0.9690185189247131,9.237940685125068e-05,0.030852383002638817,3.6718949559144676e-05
iteration3,AoF06895.jpg,Neither,Neither,0.022045666351914406,0.9781955480575562,1,0.9781955480575562,6.799984839744866e-05,0.021705811843276024,3.059952723560855e-05
iteration3,AoF06896.jpg,Neither,Neither,0.02094227820634842,0.9792754650115967,1,0.9792754650115967,0.00012413033982738853,0.02054731361567974,5.3095282055437565e-05
iteration3,AoF06897.jpg,Neither,Neither,0.01263247150927782,0.9874469637870789,1,0.9874469637870789,9.721601963974535e-05,0.012433242052793503,2.266624869662337e-05
iteration3,AoF06898.jpg,Neither,Neither,0.01466765534132719,0.9854394197463989,1,0.9854394197463989,0.00014697446022182703,0.014365452341735363,4.809403617400676e-05
iteration3,AoF06899.jpg,Neither,Neither,0.019040547311306,0.981139600276947,1,0.981139600276947,0.00010509980347706005,0.018720492720603943,3.4801283618435264e-05
iteration3,AoF06900.jpg,Neither,Neither,0.05223602056503296,0.9491048455238342,1,0.9491048455238342,0.00021874430240131915,0.050598688423633575,7.770532101858407e-05
iteration3,AoF06901.jpg,Neither,Neither,0.022680174559354782,0.9775750637054443,1,0.9775750637054443,0.00015984098718035966,0.022221961989998817,4.3129402911290526e-05
iteration3,AoF06902.jpg,Neither,Neither,0.037035729736089706,0.9636417031288147,1,0.9636417031288147,0.00025991987786255777,0.03600557893514633,9.279215737478808e-05
iteration3,AoF06903.jpg,Neither,Neither,0.01367192342877388,0.9864211082458496,1,0.9864211082458496,5.298534233588725e-05,0.013511153869330883,1.4757903954887297e-05
iteration3,AoF06904.jpg,Neither,Neither,0.017945894971489906,0.9822141528129578,1,0.9822141528129578,0.0006307373405434191,0.016863534227013588,0.00029155155061744153
iteration3,AoF06905.jpg,Neither,Neither,0.008737782947719097,0.9913002848625183,1,0.9913002848625183,4.9866717745317146e-05,0.00863408762961626,1.5776065993122756e-05
iteration3,AoF06906.jpg,Neither,Neither,0.023098915815353394,0.9771658182144165,1,0.9771658182144165,6.824370939284563e-05,0.02273978851735592,2.6117349989362992e-05
iteration3,AoF06907.jpg,Neither,Neither,0.01517160702496767,0.9849429130554199,1,0.9849429130554199,2.770084211078938e-05,0.015019021928310394,1.0291732905898243e-05
iteration3,AoF06908.jpg,Neither,Neither,0.2675728499889374,0.7652345895767212,1,0.7652345895767212,0.0010316012194380164,0.23353776335716248,0.00019601422536652535
iteration3,AoF06909.jpg,Neither,Neither,0.0386522077023983,0.9620852470397949,1,0.9620852470397949,0.00017982501594815403,0.037653710693120956,8.115813398035243e-05
iteration3,AoF06910.jpg,Neither,Neither,0.01385875791311264,0.9862368106842041,1,0.9862368106842041,5.3920903155812994e-05,0.013687391765415668,2.1913643649895675e-05
iteration3,AoF06911.jpg,Neither,Neither,0.019225679337978363,0.9809579253196716,1,0.9809579253196716,0.00012667787086684257,0.01886509358882904,5.019448872189969e-05
iteration3,AoF06912.jpg,Neither,Neither,0.013369317166507244,0.9867196679115295,1,0.9867196679115295,4.499026545090601e-05,0.01321995910257101,1.53503060573712e-05
iteration3,AoF06913.jpg,Neither,Neither,0.017085975036025047,0.9830591678619385,1,0.9830591678619385,9.697935456642881e-05,0.016813378781080246,3.0511802833643742e-05
iteration3,AoF06914.jpg,Neither,Neither,0.0190782081335783,0.9811026453971863,1,0.9811026453971863,0.000169519946211949,0.01866731233894825,6.051832315279171e-05
iteration3,AoF06915.jpg,Neither,Neither,0.03973131254315376,0.9610476493835449,1,0.9610476493835449,0.00040563609218224883,0.03844369947910309,0.00010301708243787289
iteration3,AoF06916.jpg,Neither,Neither,0.009913849644362926,0.990135133266449,1,0.990135133266449,3.5802328056888655e-05,0.00982040073722601,8.719043762539513e-06
iteration3,AoF06917.jpg,Neither,Neither,0.03528464958071709,0.9653306007385254,1,0.9653306007385254,0.00015169351536314934,0.03447806090116501,3.96630130126141e-05
iteration3,AoF06918.jpg,Neither,Neither,0.016985539346933365,0.9831578731536865,1,0.9831578731536865,6.406626926036552e-05,0.016756806522607803,2.128617779817432e-05
iteration3,AoF06919.jpg,Neither,Neither,0.3356564939022064,0.7148686051368713,1,0.7148686051368713,0.0006325308349914849,0.28363195061683655,0.0008668776717968285
iteration3,AoF06920.jpg,Neither,Neither,0.020992590114474297,0.9792262315750122,1,0.9792262315750122,5.423914626589976e-05,0.020708797499537468,1.0781050150399096e-05
iteration3,AoF06921.jpg,Neither,Neither,0.009143858216702938,0.9908978343009949,1,0.9908978343009949,8.357869228348136e-05,0.008983522653579712,3.514670970616862e-05
iteration3,AoF06922.jpg,Neither,Neither,0.011569076217710972,0.9884976148605347,1,0.9884976148605347,9.39231103984639e-05,0.011367212049663067,4.123996404814534e-05
iteration3,AoF06923.jpg,Neither,Neither,0.01629943959414959,0.9838326573371887,1,0.9838326573371887,7.946474215714261e-05,0.016063712537288666,2.406253588560503e-05
iteration3,AoF06924.jpg,Neither,Neither,0.012322367168962955,0.9877532124519348,1,0.9877532124519348,6.195867172209546e-05,0.012162717990577221,2.2105174139142036e-05
iteration3,AoF06925.jpg,Neither,Neither,0.033796872943639755,0.9667678475379944,1,0.9667678475379944,0.0011567611945793033,0.03149855136871338,0.0005768442642875016
iteration3,AoF06926.jpg,Neither,Neither,0.017250964418053627,0.9828969836235046,1,0.9828969836235046,0.0012966044014319777,0.014340084046125412,0.001466294634155929
iteration3,AoF06927.jpg,Neither,Neither,0.5678876638412476,0.5667213201522827,1,0.5667213201522827,0.0009623383521102369,0.43151047825813293,0.0008058747625909746
iteration3,AoF06928.jpg,Neither,Neither,0.10294021666049957,0.9021809101104736,1,0.9021809101104736,0.004087016452103853,0.09257730841636658,0.0011547307949513197
iteration3,AoF06929.jpg,Neither,Neither,0.3360777199268341,0.7145675420761108,1,0.7145675420761108,0.0025865831412374973,0.28125256299972534,0.0015932993264868855
iteration3,AoF06930.jpg,Neither,Neither,0.6129195690155029,0.5417668223381042,1,0.5417668223381042,0.0021995913702994585,0.45357710123062134,0.002456472022458911
iteration3,AoF06931.jpg,Neither,Neither,0.21174605190753937,0.8091701865196228,1,0.8091701865196228,0.0006353184580802917,0.18963268399238586,0.0005618875147774816
iteration3,AoF06932.jpg,Neither,Neither,0.38615113496780396,0.6796677708625793,1,0.6796677708625793,0.00044180051190778613,0.31965842843055725,0.00023199644056148827
iteration3,AoF06933.jpg,Neither,Neither,0.5501794815063477,0.5768462419509888,1,0.5768462419509888,0.0005513425567187369,0.422186940908432,0.0004154857888352126
iteration3,AoF06934.jpg,Neither,Neither,0.5583486557006836,0.5721530914306641,1,0.5721530914306641,0.0004395874566398561,0.42713746428489685,0.00026980091934092343
iteration3,AoF06935.jpg,Neither,Neither,0.38951531052589417,0.677385151386261,1,0.677385151386261,0.0007053444278426468,0.3214312791824341,0.00047824200009927154
iteration3,AoF06936.jpg,Neither,Only_Smoke,0.8746017813682556,0.581068217754364,0,0.4170280694961548,0.0006191703723743558,0.581068217754364,0.001284565543755889
iteration3,AoF06937.jpg,Neither,Only_Smoke,0.8729075193405151,0.5811144709587097,0,0.4177352488040924,0.000397635594708845,0.5811144709587097,0.0007526740664616227
iteration3,AoF06938.jpg,Neither,Only_Smoke,1.1201359033584595,0.6719090938568115,0,0.32623544335365295,0.0006601685890927911,0.6719090938568115,0.0011953157372772694
iteration3,AoF06939.jpg,Neither,Neither,0.026716863736510277,0.9736368656158447,1,0.9736368656158447,0.0004834511782974005,0.025695813819766045,0.00018384015129413456
iteration3,AoF06940.jpg,Neither,Neither,0.06680626422166824,0.9353764057159424,1,0.9353764057159424,0.00014486507279798388,0.06442047655582428,5.8255962358089164e-05
iteration3,AoF06941.jpg,Neither,Neither,0.11514753103256226,0.8912346363067627,1,0.8912346363067627,0.00060189951909706,0.10741226375102997,0.0007511775474995375
iteration3,AoF06942.jpg,Neither,Neither,0.01444172766059637,0.985662043094635,1,0.985662043094635,0.000886202440597117,0.012630004435777664,0.0008217814611271024
iteration3,AoF06943.jpg,Neither,Only_Smoke,0.810492753982544,0.554410457611084,0,0.4446389377117157,0.0004315651021897793,0.554410457611084,0.0005190386436879635
iteration3,AoF06944.jpg,Neither,Only_Smoke,0.9813970923423767,0.621372640132904,0,0.3747871220111847,0.0016879965551197529,0.621372640132904,0.002152234548702836
iteration3,AoF06945.jpg,Neither,Only_Smoke,0.7708819508552551,0.5362187623977661,0,0.4626048803329468,0.000706439430359751,0.5362187623977661,0.0004700141726061702
iteration3,AoF06946.jpg,Neither,Neither,0.5440998077392578,0.5803639888763428,1,0.5803639888763428,0.0008437407086603343,0.4182576835155487,0.0005345620447769761
iteration3,AoF06947.jpg,Neither,Neither,0.28787297010421753,0.7498568296432495,1,0.7498568296432495,0.0007046164246276021,0.24895493686199188,0.00048352769226767123
iteration3,AoF06948.jpg,Neither,Neither,0.40138134360313416,0.6693947315216064,1,0.6693947315216064,0.000674726499710232,0.32957884669303894,0.0003517530276440084
iteration3,AoF06949.jpg,Neither,Neither,0.018284928053617477,0.9818812012672424,1,0.9818812012672424,0.0013792143436148763,0.015636088326573372,0.0011035108473151922
iteration3,AoF06950.jpg,Neither,Neither,0.0174577496945858,0.9826937317848206,1,0.9826937317848206,0.0015867359470576048,0.014342241920530796,0.001377252978272736
iteration3,AoF06951.jpg,Neither,Neither,0.013887208886444569,0.9862087965011597,1,0.9862087965011597,0.0008639452862553298,0.012095052748918533,0.0008322326466441154
iteration3,AoF06952.jpg,Neither,Only_Smoke,1.2925701141357422,0.7212014198303223,0,0.2745642066001892,0.0037913722917437553,0.7212014198303223,0.0004430553235579282
iteration3,AoF06953.jpg,Neither,Neither,0.14697320759296417,0.8633171319961548,1,0.8633171319961548,6.159993790788576e-05,0.13659293949604034,2.8313159418758005e-05
iteration3,AoF06954.jpg,Neither,Neither,0.25005069375038147,0.7787613272666931,1,0.7787613272666931,9.051103552337736e-05,0.2210759073495865,7.228897447930649e-05
iteration3,AoF06955.jpg,Neither,Neither,0.30192023515701294,0.7393970489501953,1,0.7393970489501953,0.00011222129978705198,0.2604050636291504,8.5652936832048e-05
iteration3,AoF06956.jpg,Neither,Neither,0.19575142860412598,0.8222165703773499,1,0.8222165703773499,6.886805931571871e-05,0.1775280386209488,0.00018650728452485055
iteration3,AoF06957.jpg,Neither,Neither,0.18077366054058075,0.8346242308616638,1,0.8346242308616638,6.753554043825716e-05,0.16520088911056519,0.00010741773439804092
iteration3,AoF06958.jpg,Neither,Neither,0.2996833026409149,0.7410528659820557,1,0.7410528659820557,0.0005842059617862105,0.2581927180290222,0.00017020133964251727
iteration3,AoF06959.jpg,Neither,Neither,0.23944303393363953,0.7870661020278931,1,0.7870661020278931,0.00010715342068579048,0.21260423958301544,0.00022243543935474008
iteration3,AoF06960.jpg,Neither,Neither,0.22355563938617706,0.799670398235321,1,0.799670398235321,9.069958468899131e-05,0.20006163418293,0.000177220135810785
iteration3,AoF06961.jpg,Neither,Neither,0.0597696527838707,0.9419814944267273,1,0.9419814944267273,0.0004040393978357315,0.05712883174419403,0.0004857033782172948
iteration3,AoF06962.jpg,Neither,Neither,0.19841255247592926,0.820031464099884,1,0.820031464099884,0.00011217867722734809,0.17962948977947235,0.0002268748648930341
iteration3,AoF06963.jpg,Neither,Neither,0.16838794946670532,0.8450259566307068,1,0.8450259566307068,0.00012291676830500364,0.15476474165916443,8.638243161840364e-05
iteration3,AoF06964.jpg,Neither,Neither,0.19250518083572388,0.8248900771141052,1,0.8248900771141052,0.00012247145059518516,0.17488445341587067,0.00010296493564965203
iteration3,AoF06965.jpg,Neither,Neither,0.11845726519823074,0.888289749622345,1,0.888289749622345,0.003919798415154219,0.10673066973686218,0.0010597630171105266
iteration3,AoF06966.jpg,Neither,Neither,0.052490558475255966,0.9488632678985596,1,0.9488632678985596,0.0003854292444884777,0.05071227252483368,3.8956161006353796e-05
iteration3,AoF06967.jpg,Neither,Neither,0.6237756609916687,0.5359171628952026,1,0.5359171628952026,0.0012414393713697791,0.4624965786933899,0.00034477506414987147
iteration3,AoF06968.jpg,Neither,Neither,0.0016694430960342288,0.9983319640159607,1,0.9983319640159607,0.0016151813324540854,3.439288411755115e-05,1.849999898695387e-05
iteration3,AoF06969.jpg,Neither,Neither,0.012365344911813736,0.9877107739448547,1,0.9877107739448547,0.0008040533284656703,0.011147296987473965,0.0003378653491381556
iteration3,AoF06970.jpg,Neither,Neither,0.00096703483723104,0.9990334510803223,1,0.9990334510803223,0.0001449034025426954,0.0005448737065307796,0.00027686715475283563
iteration3,AoF06971.jpg,Neither,Neither,0.031213603913784027,0.9692685008049011,1,0.9692685008049011,0.00011147745681228116,0.030605416744947433,1.461242663935991e-05
iteration3,AoF06972.jpg,Neither,Neither,0.004814935382455587,0.9951966404914856,1,0.9951966404914856,2.7994026822852902e-05,0.004727482795715332,4.795477434527129e-05
iteration3,AoF06973.jpg,Neither,Neither,0.006769461557269096,0.9932534098625183,1,0.9932534098625183,3.78247132175602e-05,0.0066467588767409325,6.194577144924551e-05
iteration3,AoF06974.jpg,Neither,Neither,0.028007272630929947,0.9723812937736511,1,0.9723812937736511,0.00033850062754936516,0.027042770758271217,0.00023747430532239377
iteration3,AoF06975.jpg,Neither,Neither,0.03439344838261604,0.966191291809082,1,0.966191291809082,0.0032089166343212128,0.029707353562116623,0.0008924519061110914
iteration3,AoF06976.jpg,Neither,Only_Smoke,0.786072313785553,0.5436484217643738,0,0.4556308388710022,0.0003721976245287806,0.5436484217643738,0.00034862698521465063
iteration3,AoF06977.jpg,Neither,Neither,2.109982233378105e-05,0.9999788999557495,1,0.9999788999557495,2.648786676218151e-06,1.4539014955516905e-05,3.861570348817622e-06
iteration3,AoF06978.jpg,Only_Smoke,Only_Smoke,0.009666657075285912,0.9903799295425415,1,0.009380346164107323,0.00020671998208854347,0.9903799295425415,3.307784572825767e-05
iteration3,AoF06979.jpg,Neither,Neither,0.015328225679695606,0.9847886562347412,1,0.9847886562347412,0.00010498126357560977,0.014858255162835121,0.0002481618139427155
iteration3,AoF06980.jpg,Neither,Neither,0.021506434306502342,0.9787231683731079,1,0.9787231683731079,0.0017867449205368757,0.019133638590574265,0.00035644750460051
iteration3,AoF06981.jpg,Neither,Neither,0.027325447648763657,0.9730445146560669,1,0.9730445146560669,0.002127383602783084,0.024294108152389526,0.0005340232164599001
iteration3,AoF06982.jpg,Neither,Neither,0.017867209389805794,0.9822914600372314,1,0.9822914600372314,0.0022601676173508167,0.014915556646883488,0.0005328911356627941
iteration3,AoF06983.jpg,Neither,Only_Smoke,1.6112685203552246,0.7982463240623474,0,0.19963420927524567,0.001609361614100635,0.7982463240623474,0.0005101163988001645
iteration3,AoF06984.jpg,Neither,Neither,0.15189330279827118,0.8590799570083618,1,0.8590799570083618,6.33119634585455e-05,0.14074420928955078,0.0001124868867918849
iteration3,AoF06985.jpg,Neither,Neither,0.36362066864967346,0.6951548457145691,1,0.6951548457145691,0.00011365618411218747,0.3045400083065033,0.00019149389117956161
iteration3,AoF06986.jpg,Neither,Neither,0.18981269001960754,0.8271140456199646,1,0.8271140456199646,4.6593409933848307e-05,0.17281843721866608,2.0970073819626123e-05
iteration3,AoF06987.jpg,Neither,Neither,0.23018741607666016,0.7943847179412842,1,0.7943847179412842,5.0816517614293844e-05,0.20553545653820038,2.902396590798162e-05
iteration3,AoF06988.jpg,Neither,Neither,0.13979250192642212,0.8695386648178101,1,0.8695386648178101,0.00018923422612715513,0.130005344748497,0.0002667273802217096
iteration3,AoF06989.jpg,Neither,Neither,0.1575402170419693,0.8542424440383911,1,0.8542424440383911,0.0001578561932547018,0.14542755484580994,0.00017207706696353853
iteration3,AoF06990.jpg,Neither,Neither,0.17055021226406097,0.8432007431983948,1,0.8432007431983948,7.045439997455105e-05,0.15656016767024994,0.00016857942682690918
iteration3,AoF06991.jpg,Neither,Neither,0.2533586323261261,0.7761895060539246,1,0.7761895060539246,0.00020661699818447232,0.22336208820343018,0.0002418412041151896
iteration3,AoF06992.jpg,Neither,Neither,0.19073230028152466,0.8263537883758545,1,0.8263537883758545,0.0001914197055157274,0.17326238751411438,0.00019239683751948178
iteration3,AoF06993.jpg,Neither,Neither,0.014624306000769138,0.9854820966720581,1,0.9854820966720581,0.00019382884784135967,0.01427551917731762,4.853064820053987e-05
iteration3,AoF06994.jpg,Neither,Neither,0.34150463342666626,0.7107001543045044,1,0.7107001543045044,0.0010477059986442327,0.2879835069179535,0.00026860283105634153
iteration3,AoF06995.jpg,Neither,Neither,0.06383513659238815,0.9381596446037292,1,0.9381596446037292,0.0011324180522933602,0.05945863202214241,0.0012492641108110547
iteration3,AoF06996.jpg,Neither,Neither,0.10068582743406296,0.9042170643806458,1,0.9042170643806458,0.0033390673343092203,0.09210052341222763,0.00034324510488659143
iteration3,AoF06997.jpg,Neither,Neither,0.11702585220336914,0.88956218957901,1,0.88956218957901,0.0027842940762639046,0.10730914771556854,0.0003443704918026924
iteration3,AoF06998.jpg,Neither,Neither,0.11734403669834137,0.8892791867256165,1,0.8892791867256165,0.001527730142697692,0.10880710184574127,0.00038595529622398317
iteration3,AoF06999.jpg,Neither,Neither,0.11150610446929932,0.8944859504699707,1,0.8944859504699707,0.0015145083889365196,0.10370047390460968,0.00029903044924139977
iteration3,AoF07000.jpg,Neither,Neither,0.2336467057466507,0.7916414737701416,1,0.7916414737701416,0.005464703775942326,0.1939985305070877,0.008895313367247581
iteration3,AoF07001.jpg,Neither,Neither,0.1996365785598755,0.819028377532959,1,0.819028377532959,0.003275875700637698,0.17276522517204285,0.0049305083230137825
iteration3,AoF07002.jpg,Neither,Neither,0.23903894424438477,0.7873842120170593,1,0.7873842120170593,0.00424176175147295,0.20286646485328674,0.005507573485374451
iteration3,AoF07003.jpg,Neither,Neither,0.00900765135884285,0.9910327792167664,1,0.9910327792167664,0.0001609473256394267,0.008482073433697224,0.00032412412110716105
iteration3,AoF07004.jpg,Neither,Neither,0.2728404700756073,0.7612141966819763,1,0.7612141966819763,0.007906476967036724,0.22498314082622528,0.005896231159567833
iteration3,AoF07005.jpg,Neither,Neither,0.04791826009750366,0.9532117247581482,1,0.9532117247581482,0.001589121762663126,0.044182680547237396,0.0010164730483666062
iteration3,AoF07006.jpg,Neither,Neither,0.048005640506744385,0.9531283974647522,1,0.9531283974647522,0.001438115374185145,0.04432279244065285,0.0011106495512649417
iteration3,AoF07007.jpg,Neither,Neither,0.052692558616399765,0.9486716389656067,1,0.9486716389656067,0.001175082172267139,0.04934151470661163,0.0008118477999232709
iteration3,AoF07008.jpg,Neither,Neither,0.04537969082593918,0.955634593963623,1,0.955634593963623,0.0034246600698679686,0.03790196031332016,0.0030388266313821077
iteration3,AoF07009.jpg,Neither,Neither,0.03682491183280945,0.963844895362854,1,0.963844895362854,0.003583756973966956,0.025419829413294792,0.007151519414037466
iteration3,AoF07010.jpg,Neither,Neither,0.4123779535293579,0.6620739698410034,1,0.6620739698410034,0.003552987240254879,0.3270339071750641,0.007339142728596926
iteration3,AoF07011.jpg,Neither,Neither,0.4092276692390442,0.6641629934310913,1,0.6641629934310913,0.00226734671741724,0.32757097482681274,0.0059987022541463375
iteration3,AoF07012.jpg,Neither,Neither,0.04124712944030762,0.9595919847488403,1,0.9595919847488403,0.0022497300524264574,0.035634513944387436,0.0025237302761524916
iteration3,AoF07013.jpg,Neither,Neither,0.08255694806575775,0.9207590222358704,1,0.9207590222358704,0.0018963189795613289,0.07592007517814636,0.0014245626516640186
iteration3,AoF07014.jpg,Neither,Neither,0.020767737179994583,0.9794464111328125,1,0.9794464111328125,0.0015942741883918643,0.017998838797211647,0.000960370700340718
iteration3,AoF07015.jpg,Neither,Neither,0.1510239839553833,0.8598271012306213,1,0.8598271012306213,0.003302985802292824,0.1322277933359146,0.00464213639497757
iteration3,AoF07016.jpg,Neither,Neither,0.044462211430072784,0.9565117359161377,1,0.9565117359161377,0.0012928878422826529,0.04081633314490318,0.0013790650991722941
iteration3,AoF07017.jpg,Neither,Neither,0.018492083996534348,0.9816778302192688,1,0.9816778302192688,0.001026773708872497,0.01673763059079647,0.0005577937699854374
iteration3,AoF07018.jpg,Neither,Neither,0.39998605847358704,0.6703293919563293,1,0.6703293919563293,0.004982279147952795,0.32204192876815796,0.002646324923262
iteration3,AoF07019.jpg,Neither,Neither,0.18079335987567902,0.8346077799797058,1,0.8346077799797058,0.0027751135639846325,0.15836794674396515,0.004249044694006443
iteration3,AoF07020.jpg,Neither,Neither,0.11023777723312378,0.895621120929718,1,0.895621120929718,0.001722442451864481,0.09838692843914032,0.004269512370228767
iteration3,AoF07021.jpg,Neither,Neither,0.1755007803440094,0.839036762714386,1,0.839036762714386,0.0028792722150683403,0.153450608253479,0.004633428528904915
iteration3,AoF07022.jpg,Neither,Neither,0.04517153650522232,0.9558334946632385,1,0.9558334946632385,0.0015671787550672889,0.04108955338597298,0.0015097628347575665
iteration3,AoF07023.jpg,Neither,Neither,0.06150968745350838,0.9403438568115234,1,0.9403438568115234,0.000723287754226476,0.058499082922935486,0.0004338086291681975
iteration3,AoF07024.jpg,Neither,Neither,0.03499622642993927,0.965609073638916,1,0.965609073638916,0.0010042364010587335,0.03255255147814751,0.0008341780048795044
iteration3,AoF07025.jpg,Neither,Neither,0.1795702427625656,0.8356292247772217,1,0.8356292247772217,0.0038213112857192755,0.1579042375087738,0.00264514097943902
iteration3,AoF07026.jpg,Neither,Neither,0.02498702146112919,0.9753225445747375,1,0.9753225445747375,0.0030754576437175274,0.02053484134376049,0.001067141885869205
iteration3,AoF07027.jpg,Neither,Neither,0.03561774268746376,0.9650090932846069,1,0.9650090932846069,0.00012294651241973042,0.03480922430753708,5.8700130466604605e-05
iteration3,AoF07028.jpg,Neither,Neither,0.35853251814842224,0.6987009048461914,1,0.6987009048461914,0.006742577999830246,0.29154151678085327,0.003014961024746299
iteration3,AoF07029.jpg,Neither,Neither,0.29721468687057495,0.7428845167160034,1,0.7428845167160034,0.009178671054542065,0.24581173062324524,0.002125064143911004
iteration3,AoF07030.jpg,Neither,Neither,0.03447199612855911,0.966115415096283,1,0.966115415096283,0.00599276227876544,0.02557620406150818,0.002315644873306155
iteration3,AoF07031.jpg,Neither,Neither,0.12263815104961395,0.8845837116241455,1,0.8845837116241455,0.00034447593498043716,0.11494622379541397,0.00012566127406898886
iteration3,AoF07032.jpg,Neither,Neither,0.0008002892718650401,0.9992000460624695,1,0.9992000460624695,5.55790938960854e-06,0.000784665928222239,9.72571342572337e-06
iteration3,AoF07033.jpg,Neither,Neither,0.05687853693962097,0.9447088241577148,1,0.9447088241577148,0.005050008650869131,0.04660383611917496,0.0036373445764184
iteration3,AoF07034.jpg,Neither,Neither,0.12172442674636841,0.8853923082351685,1,0.8853923082351685,0.010401222854852676,0.09239235520362854,0.011814132332801819
iteration3,AoF07035.jpg,Neither,Neither,0.12668432295322418,0.8810117244720459,1,0.8810117244720459,0.018706640228629112,0.08806780725717545,0.01221381314098835
iteration3,AoF07036.jpg,Neither,Neither,0.0020267677027732134,0.9979752898216248,1,0.9979752898216248,1.1410561455704737e-05,0.0019743735902011395,3.893172834068537e-05
iteration3,AoF07037.jpg,Neither,Neither,0.001960857305675745,0.9980410933494568,1,0.9980410933494568,1.4769477274967358e-05,0.0018990891985595226,4.5111406507203355e-05
iteration3,AoF07038.jpg,Neither,Neither,0.01524087879806757,0.9848746657371521,1,0.9848746657371521,0.0019481166964396834,0.003099938156083226,0.010077198036015034
iteration3,AoF07039.jpg,Neither,Neither,0.012241823598742485,0.98783278465271,1,0.98783278465271,0.0014031280297785997,0.000784830714110285,0.009979226626455784
iteration3,AoF07040.jpg,Neither,Neither,0.29572996497154236,0.7439882755279541,1,0.7439882755279541,0.0002393428876530379,0.2557050287723541,6.738163210684434e-05
iteration3,AoF07041.jpg,Neither,Neither,0.002907693851739168,0.9970965385437012,1,0.9970965385437012,8.164120663423091e-05,0.002722026314586401,9.978498565033078e-05
iteration3,AoF07042.jpg,Neither,Neither,0.003881540847942233,0.9961259961128235,1,0.9961259961128235,0.0002127219777321443,0.0034031234681606293,0.000258199026575312
iteration3,AoF07043.jpg,Neither,Neither,0.1624116599559784,0.8500911593437195,1,0.8500911593437195,0.0006555796135216951,0.14917102456092834,8.214165427489206e-05
iteration3,AoF07044.jpg,Neither,Neither,0.03477277606725693,0.9658248424530029,1,0.9658248424530029,0.0017476914217695594,0.031664296984672546,0.0007631364278495312
iteration3,AoF07045.jpg,Neither,Neither,0.0469990149140358,0.9540883302688599,1,0.9540883302688599,0.0011849459260702133,0.04441005736589432,0.00031670797034166753
iteration3,AoF07046.jpg,Neither,Neither,0.00013767725613433868,0.9998623132705688,1,0.9998623132705688,2.8528629627544433e-06,0.00012178323231637478,1.3004302672925405e-05
iteration3,AoF07047.jpg,Neither,Neither,0.0002996472467202693,0.9997004270553589,1,0.9997004270553589,1.836598130466882e-05,0.00022577028721570969,5.5534190323669463e-05
iteration3,AoF07048.jpg,Neither,Neither,0.12642024457454681,0.881244421005249,1,0.881244421005249,0.0005135188694112003,0.11812185496091843,0.00012019454879919067
iteration3,AoF07049.jpg,Neither,Neither,0.09947600215673447,0.905311644077301,1,0.905311644077301,0.0009811618365347385,0.09356649965047836,0.00014072390331421047
iteration3,AoF07050.jpg,Neither,Neither,0.022790176793932915,0.9774675369262695,1,0.9774675369262695,0.0002980969729833305,0.022030731663107872,0.00020370421407278627
iteration3,AoF07051.jpg,Neither,Neither,0.38879159092903137,0.6778755187988281,1,0.6778755187988281,0.0005597510025836527,0.32143643498420715,0.00012822171265725046
iteration3,AoF07052.jpg,Neither,Neither,0.0019292091019451618,0.998072624206543,1,0.998072624206543,1.5971078028087504e-05,0.0018424626905471087,6.881765875732526e-05
iteration3,AoF07053.jpg,Neither,Neither,0.28037938475608826,0.7554970383644104,1,0.7554970383644104,0.011173116974532604,0.22852545976638794,0.004804365802556276
iteration3,AoF07054.jpg,Neither,Neither,0.17550767958164215,0.8390309810638428,1,0.8390309810638428,0.00011152388469781727,0.1608259230852127,3.161386484862305e-05
iteration3,AoF07055.jpg,Neither,Neither,0.07099666446447372,0.9314650297164917,1,0.9314650297164917,0.0005270228139124811,0.06772405654191971,0.00028389508952386677
iteration3,AoF07056.jpg,Neither,Neither,0.06951429694890976,0.9328467845916748,1,0.9328467845916748,0.010324722155928612,0.043750979006290436,0.013077468611299992
iteration3,AoF07057.jpg,Neither,Neither,0.015726471319794655,0.9843965172767639,1,0.9843965172767639,9.974987733585294e-06,0.015570610761642456,2.2870872271596454e-05
iteration3,AoF07058.jpg,Neither,Neither,0.026444535702466965,0.9739020466804504,1,0.9739020466804504,0.003633641405031085,0.021584119647741318,0.000880190753377974
iteration3,AoF07059.jpg,Neither,Neither,0.014161450788378716,0.9859383702278137,1,0.9859383702278137,0.013663721270859241,0.000207095654332079,0.0001908355188788846
iteration3,AoF07060.jpg,Neither,Only_Smoke,0.8178524971008301,0.5564219355583191,0,0.44137856364250183,0.0017389280255883932,0.5564219355583191,0.0004605407302733511
iteration3,AoF07061.jpg,Neither,Neither,0.4445269703865051,0.6411274671554565,1,0.6411274671554565,0.35778293013572693,0.000234769526286982,0.0008548120385967195
iteration3,AoF07062.jpg,Neither,Neither,0.0019675197545439005,0.9980344176292419,1,0.9980344176292419,2.7743817554437555e-05,0.0018944250186905265,4.337328937253915e-05
iteration3,AoF07063.jpg,Neither,Neither,0.012187534943223,0.9878864288330078,1,0.9878864288330078,0.0029818641487509012,0.007726722862571478,0.001404998591169715
iteration3,AoF07064.jpg,Neither,Neither,0.07287224382162094,0.9297196269035339,1,0.9297196269035339,0.0011472715996205807,0.06606273353099823,0.003070391248911619
iteration3,AoF07065.jpg,Neither,Neither,0.08219796419143677,0.9210895895957947,1,0.9210895895957947,0.0024214941076934338,0.06878898292779922,0.007699890062212944
iteration3,AoF07066.jpg,Neither,Neither,0.018433336168527603,0.9817355275154114,1,0.9817355275154114,0.00026305444771423936,0.0172396432608366,0.0007618232630193233
iteration3,AoF07067.jpg,Neither,Neither,0.0004941195948049426,0.9995059967041016,1,0.9995059967041016,4.0227128920378163e-05,0.000390028057154268,6.380290142260492e-05
iteration3,AoF07068.jpg,Neither,Neither,0.002342934487387538,0.9976598024368286,1,0.9976598024368286,0.00022885514772497118,0.0007961269002407789,0.001315230387263
iteration3,AoF07069.jpg,Neither,Neither,0.0005054388311691582,0.9994946718215942,1,0.9994946718215942,6.801506970077753e-05,0.00027790310559794307,0.00015947327483445406
iteration3,AoF07070.jpg,Neither,Neither,0.242630273103714,0.7845615148544312,1,0.7845615148544312,0.002844993956387043,0.21098987758159637,0.0016035876469686627
iteration3,AoF07071.jpg,Neither,Neither,0.15694665908813477,0.8547496795654297,1,0.8547496795654297,0.0015511495294049382,0.14299693703651428,0.0007022478384897113
iteration3,AoF07072.jpg,Neither,Only_Smoke,1.1875590085983276,0.6948814392089844,0,0.30496475100517273,8.119903941405937e-05,0.6948814392089844,7.260186976054683e-05
iteration3,AoF07073.jpg,Neither,Neither,0.343476802110672,0.7092999219894409,1,0.7092999219894409,0.000502312439493835,0.2899118959903717,0.00028594324248842895
iteration3,AoF07074.jpg,Neither,Neither,0.0045008547604084015,0.9955092668533325,1,0.9955092668533325,0.0009530020761303604,0.0032478761859238148,0.00028981760260649025
iteration3,AoF07075.jpg,Neither,Neither,0.14709793031215668,0.8632094264030457,1,0.8632094264030457,0.0015020749997347593,0.1350291222333908,0.0002593687386251986
iteration3,AoF07076.jpg,Neither,Neither,0.06858832389116287,0.9337109923362732,1,0.9337109923362732,0.00025902772904373705,0.06575444340705872,0.00027563495677895844
iteration3,AoF07077.jpg,Neither,Neither,9.536288416711614e-05,0.9999046325683594,1,0.9999046325683594,1.533615250082221e-05,5.4508400353370234e-05,2.5556586479069665e-05
iteration3,AoF07078.jpg,Neither,Neither,0.13565143942832947,0.8731469511985779,1,0.8731469511985779,0.015134835615754128,0.08241679519414902,0.02930147759616375
iteration3,AoF07079.jpg,Neither,Neither,0.15428133308887482,0.8570308685302734,1,0.8570308685302734,0.0007068209233693779,0.14208769798278809,0.00017454606131650507
iteration3,AoF07080.jpg,Neither,Neither,0.0031443224288523197,0.9968606233596802,1,0.9968606233596802,0.00031784569728188217,0.0010492699220776558,0.0017722436459735036
iteration3,AoF07081.jpg,Neither,Neither,3.6238969187252223e-05,0.9999637603759766,1,0.9999637603759766,2.5063114662771113e-05,4.053013526572613e-06,7.096651643223595e-06
iteration3,AoF07082.jpg,Neither,Neither,0.000105375460407231,0.9998946189880371,1,0.9998946189880371,6.254125764826313e-05,1.9480705304886214e-05,2.3395046810037456e-05
iteration3,AoF07083.jpg,Neither,Neither,2.145764938177308e-06,0.9999978542327881,1,0.9999978542327881,1.4979636944190133e-06,6.534096996801964e-07,7.20319661695612e-08
iteration3,AoF07084.jpg,Neither,Neither,3.814689989667386e-06,0.9999961853027344,1,0.9999961853027344,1.8474698890713626e-06,1.936761464094161e-06,9.333605532901856e-08
iteration3,AoF07085.jpg,Neither,Neither,0.00042846560245379806,0.9995716214179993,1,0.9995716214179993,1.1547608664841391e-05,0.000405093131121248,1.1697140507749282e-05
iteration3,AoF07086.jpg,Neither,Neither,1.0728830375228426e-06,0.999998927116394,1,0.999998927116394,7.80044842940697e-07,1.8665508605408831e-07,4.284534682597041e-08
iteration3,AoF07087.jpg,Neither,Neither,0.0001954841281985864,0.9998045563697815,1,0.9998045563697815,6.602479516004678e-06,0.00018619615002535284,2.72377747023711e-06
iteration3,AoF07088.jpg,Neither,Neither,4.768370445162873e-07,0.9999995231628418,1,0.9999995231628418,2.621117971557396e-07,1.9025988251542003e-07,3.410201898645937e-08
iteration3,AoF07089.jpg,Neither,Neither,2.777537883957848e-05,0.9999722242355347,1,0.9999722242355347,1.5379770047729835e-05,6.318649866443593e-06,6.043084795237519e-06
iteration3,AoF07090.jpg,Neither,Neither,0.0009423820883966982,0.9990580677986145,1,0.9990580677986145,0.0006428390624932945,0.0001386850926792249,0.00016050544218160212
iteration3,AoF07091.jpg,Neither,Neither,6.19869097135961e-05,0.9999380111694336,1,0.9999380111694336,1.1996822649962269e-05,4.529937359620817e-05,4.695402822108008e-06
iteration3,AoF07092.jpg,Neither,Neither,5.960462772236497e-07,0.9999994039535522,1,0.9999994039535522,5.080539722257527e-07,1.0224280089232707e-07,1.1071642269655513e-08
iteration3,AoF07093.jpg,Neither,Neither,0.00017212340026162565,0.9998278617858887,1,0.9998278617858887,9.816692909225821e-05,4.0282204281538725e-05,3.3622971386648715e-05
iteration3,AoF07094.jpg,Neither,Neither,0.02305837906897068,0.9772054553031921,1,0.9772054553031921,0.0007523572421632707,0.021734146401286125,0.00030805147252976894
iteration3,AoF07095.jpg,Neither,Neither,0.00030322244856506586,0.9996968507766724,1,0.9996968507766724,8.23420486995019e-05,0.00021906090842094272,1.8283579947819817e-06
iteration3,AoF07096.jpg,Neither,Neither,0.06908707320690155,0.9332454204559326,1,0.9332454204559326,0.02968243509531021,0.004139664117246866,0.032932523638010025
iteration3,AoF07097.jpg,Neither,Neither,0.01716378703713417,0.9829826951026917,1,0.9829826951026917,0.005730138625949621,0.0023315686266869307,0.008955669589340687
iteration3,AoF07098.jpg,Neither,Neither,1.1920928244535389e-07,0.9999998807907104,1,0.9999998807907104,6.01207261752279e-08,1.3838779899799647e-08,3.2069382704946747e-09
iteration3,AoF07099.jpg,Neither,Neither,-0.0,1.0,1,1.0,5.286705118123791e-08,5.6599809283852665e-09,1.121390980074466e-09
iteration3,AoF07100.jpg,Neither,Neither,2.3841855067985307e-07,0.9999997615814209,1,0.9999997615814209,2.6438613076607e-07,3.476428744875193e-08,1.5221932159192875e-08
iteration3,AoF07101.jpg,Neither,Neither,6.437280717364047e-06,0.9999935626983643,1,0.9999935626983643,1.1990997563771089e-06,5.155201051820768e-06,1.7102830440762773e-07
iteration3,AoF07102.jpg,Neither,Neither,8.34461570775602e-06,0.9999916553497314,1,0.9999916553497314,1.0770352218969492e-06,7.004436156421434e-06,1.8865736706175085e-07
iteration3,AoF07103.jpg,Neither,Neither,0.0012386515736579895,0.9987621307373047,1,0.9987621307373047,0.00031034726998768747,0.0001925301767187193,0.0007350036757998168
iteration3,AoF07104.jpg,Neither,Neither,0.0025612665340304375,0.9974420070648193,1,0.9974420070648193,0.00040691261528991163,0.0005840163212269545,0.0015670467400923371
iteration3,AoF07105.jpg,Neither,Neither,0.0022195959463715553,0.9977828860282898,1,0.9977828860282898,0.0005068063037469983,0.0006120659527368844,0.0010982112726196647
iteration3,AoF07106.jpg,Neither,Neither,0.05284612253308296,0.9485259652137756,1,0.9485259652137756,0.0001304632460232824,0.05127726495265961,6.622914224863052e-05
iteration3,AoF07107.jpg,Neither,Neither,0.002390980953350663,0.9976118803024292,1,0.9976118803024292,0.0011235491838306189,0.0005663320771418512,0.0006982925115153193
iteration3,AoF07108.jpg,Neither,Neither,0.0014560346025973558,0.9985450506210327,1,0.9985450506210327,0.0002760988718364388,0.00022665208962280303,0.0009522041655145586
iteration3,AoF07109.jpg,Neither,Neither,1.3828182090946939e-05,0.9999861717224121,1,0.9999861717224121,6.130034307716414e-06,6.320841748674866e-06,1.409067749591486e-06
iteration3,AoF07110.jpg,Neither,Neither,0.00011038171214750037,0.999889612197876,1,0.999889612197876,1.8661192370927893e-05,8.4982457337901e-05,6.730051609338261e-06
iteration3,AoF07111.jpg,Neither,Neither,4.410734163684538e-06,0.9999955892562866,1,0.9999955892562866,2.0384579784149537e-06,1.5767359400342684e-06,7.826659498277877e-07
iteration3,AoF07112.jpg,Neither,Neither,0.0012279358925297856,0.9987727999687195,1,0.9987727999687195,4.4097327190684155e-05,0.0009821124840527773,0.0002009750751312822
iteration3,AoF07113.jpg,Neither,Neither,0.0015405465383082628,0.9984606504440308,1,0.9984606504440308,0.0006392849609255791,0.00033199056633748114,0.0005681035690940917
iteration3,AoF07114.jpg,Neither,Neither,0.0003234816831536591,0.9996765851974487,1,0.9996765851974487,1.8992092009284534e-05,0.0002831985766533762,2.1272344383760355e-05
iteration3,AoF07115.jpg,Neither,Neither,2.264974000354414e-06,0.9999977350234985,1,0.9999977350234985,3.3097498430834094e-07,1.768891365827585e-06,1.4985828045155358e-07
iteration3,AoF07116.jpg,Neither,Neither,1.5497195136049413e-06,0.9999984502792358,1,0.9999984502792358,1.525420998405025e-07,1.2680162626566016e-06,7.384971212331948e-08
iteration3,AoF07117.jpg,Neither,Neither,0.00027021096320822835,0.9997298121452332,1,0.9997298121452332,0.0001562134420964867,8.574774255976081e-05,2.8238662707735784e-05
iteration3,AoF07118.jpg,Neither,Neither,1.0728830375228426e-06,0.999998927116394,1,0.999998927116394,1.4094032962930214e-07,8.494984626850055e-07,9.348988783131063e-08
iteration3,AoF07119.jpg,Neither,Neither,7.30726242181845e-05,0.9999269247055054,1,0.9999269247055054,3.7709928619733546e-06,5.7463206758257e-05,1.180193794425577e-05
iteration3,AoF07120.jpg,Neither,Neither,3.576278118089249e-07,0.9999996423721313,1,0.9999996423721313,2.527577578348428e-07,1.6550698944683973e-07,1.7346133418527643e-08
iteration3,AoF07121.jpg,Neither,Neither,1.5497195136049413e-06,0.9999984502792358,1,0.9999984502792358,1.022396304506401e-06,4.3493426460372575e-07,4.1256637217657044e-08
iteration3,AoF07122.jpg,Neither,Neither,0.008215916343033314,0.9918177127838135,1,0.9918177127838135,0.0023732304107397795,0.001632282161153853,0.004176706075668335
iteration3,AoF07123.jpg,Neither,Neither,0.0008973624208010733,0.9991030693054199,1,0.9991030693054199,0.000327035115333274,0.00022902125783730298,0.0003408963675610721
iteration3,AoF07124.jpg,Neither,Neither,0.0004538459761533886,0.999546229839325,1,0.999546229839325,0.00030381910619325936,9.251460869563743e-05,5.743321526097134e-05
iteration3,AoF07125.jpg,Neither,Neither,4.768370445162873e-07,0.9999995231628418,1,0.9999995231628418,3.04876124346265e-07,1.3725956193866296e-07,1.9648769722380166e-08
iteration3,AoF07126.jpg,Neither,Neither,3.2186455882765586e-06,0.9999967813491821,1,0.9999967813491821,7.27358326457761e-07,2.254971832371666e-06,1.888466130139932e-07
iteration3,AoF07127.jpg,Neither,Neither,2.3841855067985307e-07,0.9999997615814209,1,0.9999997615814209,7.53274704834439e-08,9.846166904026177e-08,5.134671354767306e-09
iteration3,AoF07128.jpg,Neither,Neither,3.099436753473128e-06,0.9999969005584717,1,0.9999969005584717,8.566747737859259e-07,1.786756456567673e-06,4.567611995298648e-07
iteration3,AoF07129.jpg,Neither,Neither,0.0021190824918448925,0.997883141040802,1,0.997883141040802,0.0003754927311092615,0.00022010039538145065,0.001521302736364305
iteration3,AoF07130.jpg,Neither,Neither,0.07222278416156769,0.930323600769043,1,0.930323600769043,0.00037496170261874795,0.06908562034368515,0.00021577284496743232
iteration3,AoF07131.jpg,Neither,Neither,0.00965898297727108,0.990387499332428,1,0.990387499332428,1.2402205356920604e-05,0.009596053510904312,4.057676960655954e-06
iteration3,AoF07132.jpg,Neither,Neither,0.0004409771354403347,0.9995591044425964,1,0.9995591044425964,0.00040930259274318814,1.5580881154164672e-05,1.5983350749593228e-05
iteration3,AoF07133.jpg,Neither,Neither,0.00010215714428341016,0.999897837638855,1,0.999897837638855,7.525622640969232e-05,1.6641552065266296e-05,1.0246102647215594e-05
iteration3,AoF07134.jpg,Neither,Neither,0.0002307625545654446,0.9997692704200745,1,0.9997692704200745,0.0001870194246293977,1.8466640540282242e-05,2.5264867872465402e-05
iteration3,AoF07135.jpg,Neither,Neither,0.0012485336046665907,0.998752236366272,1,0.998752236366272,1.667608921707142e-05,0.001229260116815567,1.8306290030523087e-06
iteration3,AoF07136.jpg,Neither,Neither,0.0008089845650829375,0.9991913437843323,1,0.9991913437843323,7.749977157800458e-06,0.0007997278007678688,1.227710527018644e-06
iteration3,AoF07137.jpg,Neither,Neither,0.007156097795814276,0.9928694367408752,1,0.9928694367408752,3.329526225570589e-05,0.007089913822710514,7.289007044164464e-06
iteration3,AoF07138.jpg,Neither,Neither,0.0013874676078557968,0.9986134767532349,1,0.9986134767532349,9.852069524640683e-06,0.0013733482919633389,3.3198975870618597e-06
iteration3,AoF07139.jpg,Neither,Neither,0.005768556613475084,0.9942480325698853,1,0.9942480325698853,0.00020739600586239249,0.005479170009493828,6.535870488733053e-05
iteration3,AoF07140.jpg,Neither,Neither,0.007417519111186266,0.9926099181175232,1,0.9926099181175232,0.0002747843973338604,0.007029809523373842,8.546913886675611e-05
iteration3,AoF07141.jpg,Neither,Neither,0.02503713220357895,0.9752736687660217,1,0.9752736687660217,0.0008527406607754529,0.02352767251431942,0.0003458691935520619
iteration3,AoF07142.jpg,Neither,Neither,0.011733093298971653,0.9883354902267456,1,0.9883354902267456,0.00037681928370147943,0.011211388744413853,7.634417124791071e-05
iteration3,AoF07143.jpg,Neither,Neither,0.037536803632974625,0.9631589651107788,1,0.9631589651107788,0.0008396876510232687,0.035804904997348785,0.00019647013687063009
iteration3,AoF07144.jpg,Neither,Neither,0.008915852755308151,0.9911237955093384,1,0.9911237955093384,0.000191040089703165,0.008645130321383476,4.006923336419277e-05
iteration3,AoF07145.jpg,Neither,Neither,0.005800794344395399,0.9942160248756409,1,0.9942160248756409,0.0001158988889073953,0.005642942618578672,2.509730438760016e-05
iteration3,AoF07146.jpg,Neither,Neither,0.003917877096682787,0.9960898160934448,1,0.9960898160934448,9.689501894172281e-05,0.0037854257971048355,2.7926076654694043e-05
iteration3,AoF07147.jpg,Neither,Neither,0.0017968951724469662,0.9982047080993652,1,0.9982047080993652,0.0001861148193711415,0.0011891575995832682,0.00042004004353657365
iteration3,AoF07148.jpg,Neither,Neither,0.00587996281683445,0.9941372871398926,1,0.9941372871398926,0.0003104618808720261,0.005447201896458864,0.00010499500058358535
iteration3,AoF07149.jpg,Neither,Neither,0.01139124296605587,0.9886733889579773,1,0.9886733889579773,0.0005247147637419403,0.010583166033029556,0.00021877621475141495
iteration3,AoF07150.jpg,Neither,Neither,0.010433061048388481,0.9896211624145508,1,0.9896211624145508,0.0005340548232197762,0.00958363525569439,0.00026115274522453547
iteration3,AoF07151.jpg,Neither,Neither,0.005248932633548975,0.9947648048400879,1,0.9947648048400879,0.00027860712725669146,0.004752731882035732,0.00020375791063997895
iteration3,AoF07152.jpg,Neither,Neither,0.005657849367707968,0.9943581223487854,1,0.9943581223487854,0.0001442593929823488,0.005422871094197035,7.474826998077333e-05
iteration3,AoF07153.jpg,Neither,Neither,0.0015562577173113823,0.9984449744224548,1,0.9984449744224548,5.403441537055187e-05,0.0014464593259617686,5.453164339996874e-05
iteration3,AoF07154.jpg,Neither,Neither,0.010624983347952366,0.9894312620162964,1,0.9894312620162964,0.00014347632532007992,0.010226056911051273,0.00019915649318136275
iteration3,AoF07155.jpg,Neither,Neither,0.007607299834489822,0.992421567440033,1,0.992421567440033,0.00014381705841515213,0.007283319719135761,0.0001513068564236164
iteration3,AoF07156.jpg,Neither,Neither,0.0046243867836892605,0.9953863024711609,1,0.9953863024711609,0.0004017976170871407,0.004106251988559961,0.00010571989696472883
iteration3,AoF07157.jpg,Neither,Neither,0.18661680817604065,0.8297616243362427,1,0.8297616243362427,0.0012142836349084973,0.16887407004833221,0.00015006681496743113
iteration3,AoF07158.jpg,Neither,Neither,0.344657838344574,0.7084627151489258,1,0.7084627151489258,0.0023664117325097322,0.28899356722831726,0.00017732397827785462
iteration3,AoF07159.jpg,Neither,Neither,0.110737644135952,0.8951735496520996,1,0.8951735496520996,0.0014271977124735713,0.103248231112957,0.0001509655558038503
iteration3,AoF07160.jpg,Neither,Neither,0.2196277678012848,0.8028175830841064,1,0.8028175830841064,3.521138205542229e-05,0.19713634252548218,1.0818569535331335e-05
iteration3,AoF07161.jpg,Neither,Neither,0.4519716799259186,0.6363722085952759,1,0.6363722085952759,0.0007060178904794157,0.3621048927307129,0.0008169247885234654
iteration3,AoF07162.jpg,Neither,Neither,0.4949588179588318,0.6095960140228271,1,0.6095960140228271,0.0018967987271025777,0.38667982816696167,0.0018273976165801287
iteration3,AoF07163.jpg,Neither,Neither,0.3353888690471649,0.7150599360466003,1,0.7150599360466003,0.002505026524886489,0.279181569814682,0.0032534494530409575
iteration3,AoF07164.jpg,Neither,Neither,0.09318124502897263,0.9110283851623535,1,0.9110283851623535,4.1058952774619684e-05,0.08891114592552185,1.9417213479755446e-05
iteration3,AoF07165.jpg,Neither,Neither,0.5715572834014893,0.5646454095840454,1,0.5646454095840454,0.00213954271748662,0.43182089924812317,0.0013940969947725534
iteration3,AoF07166.jpg,Neither,Neither,0.24056494235992432,0.7861835956573486,1,0.7861835956573486,0.001538171200081706,0.21089716255664825,0.0013811530079692602
iteration3,AoF07167.jpg,Neither,Only_Smoke,0.6966934204101562,0.49966132640838623,0,0.4982300102710724,0.001222205813974142,0.49966132640838623,0.0008864591363817453
iteration3,AoF07168.jpg,Neither,Neither,0.0745096504688263,0.928198516368866,1,0.928198516368866,0.0003380787093192339,0.07131382077932358,0.00014956231461837888
iteration3,AoF07169.jpg,Neither,Neither,0.054683003574609756,0.9467852115631104,1,0.9467852115631104,0.00028867178480140865,0.052801258862018585,0.00012489271466620266
iteration3,AoF07170.jpg,Neither,Neither,0.05693214386701584,0.9446581602096558,1,0.9446581602096558,0.0002457110385876149,0.05498496815562248,0.0001111152014345862
iteration3,AoF07171.jpg,Neither,Neither,0.04103708267211914,0.9597935676574707,1,0.9597935676574707,0.0003567799867596477,0.03968631103634834,0.00016341278387699276
iteration3,AoF07172.jpg,Neither,Neither,0.058722756803035736,0.9429681897163391,1,0.9429681897163391,0.00021809506870340556,0.056679919362068176,0.00013383591431193054
iteration3,AoF07173.jpg,Neither,Neither,0.11114893853664398,0.8948054909706116,1,0.8948054909706116,0.0005820002988912165,0.10430876165628433,0.00030380889074876904
iteration3,AoF07174.jpg,Neither,Neither,0.08077336102724075,0.9224027395248413,1,0.9224027395248413,0.0005739447078667581,0.07678771764039993,0.00023553163919132203
iteration3,AoF07175.jpg,Neither,Neither,0.08377315104007721,0.9196398258209229,1,0.9196398258209229,0.0004392178379930556,0.07972344756126404,0.00019750031060539186
iteration3,AoF07176.jpg,Neither,Neither,0.004200920462608337,0.9958078861236572,1,0.9958078861236572,5.23535163665656e-05,0.004106908570975065,3.283787737018429e-05
iteration3,AoF07177.jpg,Neither,Neither,0.00563426036387682,0.9943816065788269,1,0.9943816065788269,6.567184027517214e-05,0.005506641697138548,4.613264536601491e-05
iteration3,AoF07178.jpg,Neither,Neither,0.005678474437445402,0.9943376183509827,1,0.9943376183509827,0.0006768425810150802,0.004770881496369839,0.0002147090999642387
iteration3,AoF07179.jpg,Neither,Neither,0.008265691809356213,0.9917683601379395,1,0.9917683601379395,0.000712860026396811,0.007320879492908716,0.00019783893367275596
iteration3,AoF07180.jpg,Neither,Neither,0.006623102352023125,0.9933987855911255,1,0.9933987855911255,0.0008893217891454697,0.00445207254961133,0.00125981611199677
iteration3,AoF07181.jpg,Neither,Neither,0.006201548036187887,0.9938176274299622,1,0.9938176274299622,0.000841203611344099,0.004026456270366907,0.001314700348302722
iteration3,AoF07182.jpg,Neither,Neither,0.0074901701882481575,0.992537796497345,1,0.992537796497345,0.0008508161408826709,0.0051547870971262455,0.0014565149322152138
iteration3,AoF07183.jpg,Neither,Neither,0.0027056061662733555,0.9972980618476868,1,0.9972980618476868,3.762289634323679e-05,0.0026005678810179234,6.379024853231385e-05
iteration3,AoF07184.jpg,Neither,Neither,0.054194629192352295,0.9472477436065674,1,0.9472477436065674,0.0005085556767880917,0.05172485113143921,0.0005188931827433407
iteration3,AoF07185.jpg,Neither,Neither,0.02496260590851307,0.9753463864326477,1,0.9753463864326477,0.0005338855553418398,0.023910770192742348,0.00020896834030281752
iteration3,AoF07186.jpg,Neither,Only_Smoke,1.7540842294692993,0.8237949013710022,0,0.1730656623840332,0.002175257308408618,0.8237949013710022,0.0009641705546528101
iteration3,AoF07187.jpg,Neither,Neither,4.172316494077677e-06,0.9999958276748657,1,0.9999958276748657,3.3884145977935987e-06,4.347601816334645e-07,2.9541300250457425e-07
iteration3,AoF07188.jpg,Neither,Neither,0.17481890320777893,0.8396090865135193,1,0.8396090865135193,0.001758585567586124,0.1539197564125061,0.004712596535682678
iteration3,AoF07189.jpg,Neither,Neither,8.583032467868179e-06,0.9999914169311523,1,0.9999914169311523,5.293379672366427e-06,7.062802183099848e-07,2.519411509638303e-06
iteration3,AoF07190.jpg,Neither,Neither,7.986990567587782e-06,0.9999920129776001,1,0.9999920129776001,5.737945684813894e-06,9.782692131921067e-07,1.308253899878764e-06
iteration3,AoF07191.jpg,Neither,Neither,0.09404046833515167,0.910245954990387,1,0.910245954990387,0.0012938732979819179,0.08727388083934784,0.0011863100808113813
iteration3,AoF07192.jpg,Neither,Neither,1.2993727978027891e-05,0.999987006187439,1,0.999987006187439,7.892006578913424e-06,4.943252861266956e-06,1.7250373218757886e-07
iteration3,AoF07193.jpg,Neither,Neither,1.823885577323381e-05,0.9999817609786987,1,0.9999817609786987,1.1592132068471983e-05,6.571941412403248e-06,1.4471135045823758e-07
iteration3,AoF07194.jpg,Neither,Neither,7.986990567587782e-06,0.9999920129776001,1,0.9999920129776001,5.9876442719541956e-06,1.5533071291429223e-06,4.433130413872277e-07
iteration3,AoF07195.jpg,Neither,Neither,0.05368443578481674,0.9477311372756958,1,0.9477311372756958,0.0006410556379705667,0.05105375871062279,0.000573988480027765
iteration3,AoF07196.jpg,Neither,Neither,1.4305104514278355e-06,0.9999985694885254,1,0.9999985694885254,7.223458169391961e-07,7.406621875816199e-07,4.220551907962999e-09
iteration3,AoF07197.jpg,Neither,Neither,1.3947389561508317e-05,0.9999860525131226,1,0.9999860525131226,6.2161602727428544e-06,7.723509042989463e-06,2.4879048154957673e-08
iteration3,AoF07198.jpg,Neither,Neither,3.671578815556131e-05,0.9999632835388184,1,0.9999632835388184,9.1598494691425e-06,2.751244574028533e-05,7.784011302192084e-08
iteration3,AoF07199.jpg,Neither,Neither,8.83301836438477e-05,0.9999116659164429,1,0.9999116659164429,7.617531809955835e-05,1.1172572158102412e-05,9.50099774854607e-07
iteration3,AoF07200.jpg,Neither,Neither,1.0490362910786644e-05,0.9999895095825195,1,0.9999895095825195,7.884686965553556e-07,9.516750651528127e-06,1.4171709494803508e-07
iteration3,AoF07201.jpg,Neither,Neither,2.3841855067985307e-07,0.9999997615814209,1,0.9999997615814209,4.199752723366146e-08,1.7627623094540468e-07,6.375923788937143e-08
iteration3,AoF07202.jpg,Neither,Neither,1.0728830375228426e-06,0.999998927116394,1,0.999998927116394,1.1069319327816629e-07,5.64472543373995e-07,3.4447745633769955e-07
iteration3,AoF07203.jpg,Neither,Neither,1.0728830375228426e-06,0.999998927116394,1,0.999998927116394,9.4347591073074e-08,6.442791686822602e-07,3.8437374882960285e-07
iteration3,AoF07204.jpg,Neither,Neither,4.768370445162873e-07,0.9999995231628418,1,0.9999995231628418,1.7012190767218272e-07,2.1222876966930926e-07,6.348606973460846e-08
iteration3,AoF07205.jpg,Neither,Neither,2.3841855067985307e-07,0.9999997615814209,1,0.9999997615814209,8.568002840547706e-08,1.317985010018674e-07,3.662468017751053e-08
iteration3,AoF07206.jpg,Neither,Neither,4.768370445162873e-07,0.9999995231628418,1,0.9999995231628418,2.0078473994544765e-07,2.9028046810708474e-07,5.6047099405986955e-08
iteration3,AoF07207.jpg,Neither,Neither,2.3841855067985307e-07,0.9999997615814209,1,0.9999997615814209,8.073708812617042e-08,1.3169119483791292e-07,2.4075053062233565e-08
iteration3,AoF07208.jpg,Neither,Neither,2.3841855067985307e-07,0.9999997615814209,1,0.9999997615814209,1.1425893120531327e-07,1.4149870253277186e-07,2.3370642310283074e-08
iteration3,AoF07209.jpg,Neither,Neither,3.576278118089249e-07,0.9999996423721313,1,0.9999996423721313,1.808225675858921e-07,1.3674846854883072e-07,2.3040543695174165e-08
iteration3,AoF07210.jpg,Neither,Neither,2.586808113846928e-05,0.9999741315841675,1,0.9999741315841675,4.789794161297323e-07,2.5164350518025458e-05,2.622548720410123e-07
iteration3,AoF07211.jpg,Neither,Neither,0.0013067525578662753,0.998694121837616,1,0.998694121837616,0.00018568418454378843,0.000728439714293927,0.00039171456592157483
iteration3,AoF07212.jpg,Neither,Neither,0.013817960396409035,0.9862770438194275,1,0.9862770438194275,0.0008311730925925076,0.011965816840529442,0.0009259459911845624
iteration3,AoF07213.jpg,Neither,Neither,1.2040065485052764e-05,0.9999879598617554,1,0.9999879598617554,6.826660865044687e-06,2.4166208731912775e-06,2.81871143670287e-06
iteration3,AoF07214.jpg,Neither,Neither,0.04171556979417801,0.9591425657272339,1,0.9591425657272339,0.0010835519060492516,0.03886014223098755,0.0009137728484347463
iteration3,AoF07215.jpg,Neither,Neither,4.887569048150908e-06,0.9999951124191284,1,0.9999951124191284,2.6128143417736283e-06,1.080017682397738e-06,1.1960499932683888e-06
iteration3,AoF07216.jpg,Neither,Neither,1.1086402082582936e-05,0.9999889135360718,1,0.9999889135360718,4.704279035649961e-06,3.0156409138726303e-06,3.460022071521962e-06
iteration3,AoF07217.jpg,Neither,Neither,0.0003713871701620519,0.9996286630630493,1,0.9996286630630493,0.00019934549345634878,3.356511297170073e-05,0.00013842000043950975
iteration3,AoF07218.jpg,Neither,Neither,0.00011657988943625242,0.9998834133148193,1,0.9998834133148193,6.850823410786688e-05,2.8235215722816065e-05,1.97658173419768e-05
iteration3,AoF07219.jpg,Neither,Neither,9.142934868577868e-05,0.9999085664749146,1,0.9999085664749146,4.7136440116446465e-05,2.5046823793672957e-05,1.9227190932724625e-05
iteration3,AoF07220.jpg,Neither,Neither,0.00015186110977083445,0.9998481273651123,1,0.9998481273651123,9.498954023001716e-05,2.189406586694531e-05,3.497784200590104e-05
iteration3,AoF07221.jpg,Neither,Neither,0.00017510310863144696,0.9998249411582947,1,0.9998249411582947,0.00010639821994118392,2.556322760938201e-05,4.319399522501044e-05
iteration3,AoF07222.jpg,Neither,Neither,0.00016175392374861985,0.9998382329940796,1,0.9998382329940796,0.0001134972189902328,1.5681409422541037e-05,3.245860352762975e-05
iteration3,AoF07223.jpg,Neither,Neither,1.4662635294371285e-05,0.9999853372573853,1,0.9999853372573853,9.912446330417879e-06,1.9793701540038455e-06,2.705055521801114e-06
iteration3,AoF07224.jpg,Neither,Neither,0.022377250716090202,0.9778712391853333,1,0.9778712391853333,0.0008197787683457136,0.01825602725148201,0.0030529929790645838
iteration3,AoF07225.jpg,Neither,Neither,6.425174069590867e-05,0.9999357461929321,1,0.9999357461929321,4.3814587115775794e-05,6.55749636280234e-06,1.3877575838705525e-05
iteration3,AoF07226.jpg,Neither,Neither,0.00014935807848814875,0.9998506307601929,1,0.9998506307601929,8.155516843544319e-05,1.9139746655127965e-05,4.855986844631843e-05
iteration3,AoF07227.jpg,Neither,Neither,0.00011419598013162613,0.9998857975006104,1,0.9998857975006104,7.962848030729219e-05,1.2922444511787035e-05,2.1658201148966327e-05
iteration3,AoF07228.jpg,Neither,Neither,9.190614218823612e-05,0.9999080896377563,1,0.9999080896377563,6.801717972848564e-05,1.0549611943133641e-05,1.3247455171949696e-05
iteration3,AoF07229.jpg,Neither,Neither,0.00013159839727450162,0.9998683929443359,1,0.9998683929443359,0.00010528253187658265,1.119673834182322e-05,1.5078041542437859e-05
iteration3,AoF07230.jpg,Neither,Neither,0.00011145447206217796,0.99988853931427,1,0.99988853931427,7.823628402547911e-05,1.4622714843426365e-05,1.85777844308177e-05
iteration3,AoF07231.jpg,Neither,Neither,0.00024077377747744322,0.9997592568397522,1,0.9997592568397522,0.00021462349104695022,1.4430901501327753e-05,1.1655947673716582e-05
iteration3,AoF07232.jpg,Neither,Neither,0.00018249277491122484,0.9998175501823425,1,0.9998175501823425,0.0001599871611688286,1.1456389074737672e-05,1.099722067010589e-05
iteration3,AoF07233.jpg,Neither,Neither,0.5151148438453674,0.5974319577217102,1,0.5974319577217102,0.000614731281530112,0.40144118666648865,0.0005120953428559005
iteration3,AoF07234.jpg,Neither,Neither,4.660974445869215e-05,0.9999533891677856,1,0.9999533891677856,3.7205227272352204e-05,5.281898665998597e-06,4.183772034593858e-06
iteration3,AoF07235.jpg,Neither,Neither,0.00012468514614738524,0.9998753070831299,1,0.9998753070831299,9.454169048694894e-05,1.2022550436086021e-05,1.810492540244013e-05
iteration3,AoF07236.jpg,Neither,Neither,0.00013255194062367082,0.9998674392700195,1,0.9998674392700195,8.479081589030102e-05,3.6367808206705377e-05,1.1378062481526285e-05
iteration3,AoF07237.jpg,Neither,Neither,0.0002090712368953973,0.9997909665107727,1,0.9997909665107727,0.00013275412493385375,4.200692637823522e-05,3.430457945796661e-05
iteration3,AoF07238.jpg,Neither,Neither,0.00018487652414478362,0.9998151659965515,1,0.9998151659965515,9.657225018600002e-05,4.8500660341233015e-05,3.9746992115397006e-05
iteration3,AoF07239.jpg,Neither,Neither,0.11523039638996124,0.891160786151886,1,0.891160786151886,0.0005414577899500728,0.1076008602976799,0.0006969420937821269
iteration3,AoF07240.jpg,Neither,Neither,0.0001102625101339072,0.9998897314071655,1,0.9998897314071655,4.688158878707327e-05,3.633603046182543e-05,2.7066947950515896e-05
iteration3,AoF07241.jpg,Neither,Neither,0.00012611546844709665,0.9998738765716553,1,0.9998738765716553,4.79858172184322e-05,5.116249303682707e-05,2.6933086701319553e-05
iteration3,AoF07242.jpg,Neither,Neither,3.576278118089249e-07,0.9999996423721313,1,0.9999996423721313,1.8878989749282482e-07,1.0756298962633082e-07,7.752156960805223e-08
iteration3,AoF07243.jpg,Neither,Neither,2.3841855067985307e-07,0.9999997615814209,1,0.9999997615814209,1.0934108729543368e-07,6.038250432993664e-08,5.843192596444169e-08
iteration3,AoF07244.jpg,Neither,Neither,7.152555099310121e-07,0.9999992847442627,1,0.9999992847442627,3.9590787537235883e-07,1.6546020731311728e-07,1.7332145318960102e-07
iteration3,AoF07245.jpg,Neither,Neither,7.152555099310121e-07,0.9999992847442627,1,0.9999992847442627,4.796424377673247e-07,1.1648265285657544e-07,1.511840395096442e-07
iteration3,AoF07246.jpg,Neither,Neither,4.291525328881107e-06,0.9999957084655762,1,0.9999957084655762,7.573332254651177e-07,2.860182576114312e-06,6.472682230196369e-07
iteration3,AoF07247.jpg,Neither,Neither,1.2397689715726301e-05,0.9999876022338867,1,0.9999876022338867,1.493855506851105e-06,9.6104085969273e-06,1.21384755402687e-06
iteration3,AoF07248.jpg,Neither,Neither,0.00014959646796341985,0.9998503923416138,1,0.9998503923416138,0.0001250859786523506,9.894440154312178e-06,1.4656977327831555e-05
iteration3,AoF07249.jpg,Neither,Neither,1.0251946150674485e-05,0.9999897480010986,1,0.9999897480010986,7.563135568489088e-06,1.853991989264614e-06,7.446501513186377e-07
iteration3,AoF07250.jpg,Neither,Neither,5.602820692729438e-06,0.9999943971633911,1,0.9999943971633911,4.202571290079504e-06,9.089312698051799e-07,4.7447497308894526e-07
iteration3,AoF07251.jpg,Neither,Neither,7.271740287251305e-06,0.9999927282333374,1,0.9999927282333374,5.029196927353041e-06,1.8375636727796518e-06,4.619566027486144e-07
iteration3,AoF07252.jpg,Neither,Neither,0.00536051532253623,0.9946538209915161,1,0.9946538209915161,0.0007822378538548946,0.003106368239969015,0.0014575808309018612
iteration3,AoF07253.jpg,Neither,Neither,0.05208892747759819,0.9492444396018982,1,0.9492444396018982,0.0005405444535426795,0.050170283764600754,4.465656456886791e-05
iteration3,AoF07254.jpg,Neither,Neither,0.4408430755138397,0.64349365234375,1,0.64349365234375,0.006879125721752644,0.3490801453590393,0.0005470191244967282
iteration3,AoF07255.jpg,Neither,Neither,0.028646234422922134,0.9717601537704468,1,0.9717601537704468,0.0005914809298701584,0.027560392394661903,8.788251579971984e-05
iteration3,AoF07256.jpg,Neither,Neither,0.1970546841621399,0.8211457133293152,1,0.8211457133293152,0.001230650581419468,0.17749950289726257,0.000124090671306476
iteration3,AoF07257.jpg,Neither,Neither,0.12302159518003464,0.8842445611953735,1,0.8842445611953735,0.0011417710920795798,0.11452371627092361,8.998531120596454e-05
iteration3,AoF07258.jpg,Neither,Only_Smoke,0.7382369637489319,0.5177424550056458,0,0.47795581817626953,0.004036518279463053,0.5177424550056458,0.0002651679387781769
iteration3,AoF07259.jpg,Neither,Neither,0.00011407678539399058,0.9998859167098999,1,0.9998859167098999,4.219388938508928e-05,6.670948641840369e-05,5.075926310382783e-06
iteration3,AoF07260.jpg,Neither,Neither,0.026315657421946526,0.9740275740623474,1,0.9740275740623474,0.002755259396508336,0.021879520267248154,0.0013376004062592983
iteration3,AoF07261.jpg,Neither,Neither,0.004667340312153101,0.9953435063362122,1,0.9953435063362122,8.467388397548348e-05,0.004393835086375475,0.0001778545556589961
iteration3,AoF07262.jpg,Neither,Neither,0.012078831903636456,0.9879938364028931,1,0.9879938364028931,0.0008503042627125978,0.010539771057665348,0.0006161049823276699
iteration3,AoF07263.jpg,Neither,Neither,0.011313688941299915,0.9887500405311584,1,0.9887500405311584,0.0004076571494806558,0.010659243911504745,0.00018298139912076294
iteration3,AoF07264.jpg,Neither,Neither,0.0023479294031858444,0.9976547956466675,1,0.9976547956466675,0.00010826568905031309,0.002131375716999173,0.00010562225361354649
iteration3,AoF07265.jpg,Neither,Neither,0.003215264528989792,0.9967898726463318,1,0.9967898726463318,0.00010554779146332294,0.0029855354223400354,0.00011901000834768638
iteration3,AoF07266.jpg,Neither,Neither,0.0017903504194691777,0.9982112646102905,1,0.9982112646102905,0.0001655031373957172,0.0014516339870169759,0.0001716389087960124
iteration3,AoF07267.jpg,Neither,Neither,0.005091676488518715,0.9949212670326233,1,0.9949212670326233,0.0003093242412433028,0.004544783849269152,0.00022462586639449
iteration3,AoF07268.jpg,Neither,Neither,0.0002101439022226259,0.9997898936271667,1,0.9997898936271667,7.5335165092838e-06,0.00018381269183009863,1.8793574781739153e-05
iteration3,AoF07269.jpg,Neither,Neither,0.004250302445143461,0.9957587122917175,1,0.9957587122917175,0.0002506593009456992,0.0037612183950841427,0.00022936447930987924
iteration3,AoF07270.jpg,Neither,Neither,0.009067192673683167,0.9909737706184387,1,0.9909737706184387,0.00039847177686169744,0.008332143537700176,0.0002955689560621977
iteration3,AoF07271.jpg,Neither,Neither,0.005161057226359844,0.9948522448539734,1,0.9948522448539734,0.00010625329741742462,0.0049396357499063015,0.00010184920392930508
iteration3,AoF07272.jpg,Neither,Neither,0.018773840740323067,0.981401264667511,1,0.981401264667511,0.0030272325966507196,0.013212778605520725,0.0023587883915752172
iteration3,AoF07273.jpg,Neither,Neither,0.0201050266623497,0.9800957441329956,1,0.9800957441329956,0.00010361067688791081,0.019727662205696106,7.302808808162808e-05
iteration3,AoF07274.jpg,Neither,Neither,0.04902907460927963,0.9521534442901611,1,0.9521534442901611,0.000399566168198362,0.04710982367396355,0.00033715972676873207
iteration3,AoF07275.jpg,Neither,Neither,0.030790038406848907,0.9696791768074036,1,0.9696791768074036,0.00012002427683910355,0.03013618476688862,6.472885434050113e-05
iteration3,AoF07276.jpg,Neither,Neither,0.016934437677264214,0.9832081198692322,1,0.9832081198692322,6.982855120440945e-05,0.016691606491804123,3.039884722966235e-05
iteration3,AoF07277.jpg,Neither,Neither,0.019066395238041878,0.9811142086982727,1,0.9811142086982727,8.82831373019144e-05,0.01876150071620941,3.605841993703507e-05
iteration3,AoF07278.jpg,Neither,Neither,0.009846450760960579,0.9902018904685974,1,0.9902018904685974,2.778828638838604e-05,0.00975084025412798,1.957835047505796e-05
iteration3,AoF07279.jpg,Neither,Neither,0.004898570477962494,0.9951134324073792,1,0.9951134324073792,2.1981804820825346e-05,0.004829477984458208,3.5067947464995086e-05
iteration3,AoF07280.jpg,Neither,Neither,3.0397906812140718e-05,0.9999696016311646,1,0.9999696016311646,2.5279501642216928e-05,4.726587576442398e-06,3.319569827908708e-07
iteration3,AoF07281.jpg,Neither,Neither,1.966933996300213e-05,0.9999803304672241,1,0.9999803304672241,1.0736916919995565e-05,8.499093382852152e-06,4.370456565538916e-07
iteration3,AoF07282.jpg,Neither,Neither,0.00010847456724150106,0.9998915195465088,1,0.9998915195465088,7.1171766649058554e-06,9.052972018253058e-05,1.0803338227560744e-05
iteration3,AoF07283.jpg,Neither,Neither,3.313963316031732e-05,0.9999668598175049,1,0.9999668598175049,1.1892130714841187e-05,2.1108120563440025e-05,1.2179694408587238e-07
iteration3,AoF07284.jpg,Neither,Neither,0.00011812942830147222,0.9998818635940552,1,0.9998818635940552,9.716190106701106e-05,2.0736264559673145e-05,1.903044477558069e-07
iteration3,AoF07285.jpg,Neither,Neither,8.868777513271198e-05,0.9999113082885742,1,0.9999113082885742,8.459168384433724e-06,7.56636363803409e-05,4.489816546993097e-06
iteration3,AoF07286.jpg,Neither,Neither,0.00017212340026162565,0.9998278617858887,1,0.9998278617858887,0.00012655433965846896,3.8593581848545e-05,6.9237717070791405e-06
iteration3,AoF07287.jpg,Neither,Neither,0.2566007673740387,0.7736770510673523,1,0.7736770510673523,0.00023065721325110644,0.22583472728729248,0.00025756441755220294
iteration3,AoF07288.jpg,Neither,Only_Smoke,1.4481093883514404,0.7645990252494812,0,0.2350142002105713,0.00018496776465326548,0.7645990252494812,0.00020175914687570184
iteration3,AoF07289.jpg,Neither,Neither,2.074220174108632e-05,0.9999792575836182,1,0.9999792575836182,1.5955674825818278e-05,4.6005307012819685e-06,1.522925145991394e-07
iteration3,AoF07290.jpg,Neither,Neither,3.6238969187252223e-05,0.9999637603759766,1,0.9999637603759766,2.8926726372446865e-05,7.002270649536513e-06,2.3237600998982089e-07
iteration3,AoF07291.jpg,Neither,Neither,0.5407666563987732,0.582301676273346,1,0.582301676273346,0.0004626734007615596,0.41682320833206177,0.0004124333499930799
iteration3,AoF07292.jpg,Neither,Neither,9.059495641849935e-05,0.9999094009399414,1,0.9999094009399414,1.0679372053346015e-06,8.779227937338874e-05,1.6431926042059786e-06
iteration3,AoF07293.jpg,Neither,Only_Smoke,1.1392254829406738,0.6790803670883179,0,0.3200668692588806,0.0006718380027450621,0.6790803670883179,0.00018092477694153786
iteration3,AoF07294.jpg,Neither,Neither,0.04928148165345192,0.9519131183624268,1,0.9519131183624268,4.734790127258748e-05,0.048023711889982224,1.5760078895254992e-05
iteration3,AoF07295.jpg,Neither,Neither,0.05780855566263199,0.9438306093215942,1,0.9438306093215942,0.0010965131223201752,0.0532996766269207,0.0017731522675603628
iteration3,AoF07296.jpg,Neither,Neither,0.0051589226350188255,0.9948543906211853,1,0.9948543906211853,6.7421824496705085e-06,0.0051353564485907555,3.565693987184204e-06
iteration3,AoF07297.jpg,Neither,Neither,0.0063074566423892975,0.9937123656272888,1,0.9937123656272888,4.621241714630742e-06,0.0062804757617414,2.510669219191186e-06
iteration3,AoF07298.jpg,Neither,Neither,0.010882080532610416,0.9891769289970398,1,0.9891769289970398,8.88425529410597e-06,0.01080829557031393,5.896392394788563e-06
iteration3,AoF07299.jpg,Neither,Neither,0.013022848404943943,0.9870615601539612,1,0.9870615601539612,1.3582733117800672e-05,0.01291669625788927,8.131166396196932e-06
iteration3,AoF07300.jpg,Neither,Neither,0.004884335212409496,0.9951275587081909,1,0.9951275587081909,5.357811915018829e-06,0.004862521309405565,4.481471933104331e-06
iteration3,AoF07301.jpg,Neither,Neither,0.6079434752464294,0.54446941614151,1,0.54446941614151,0.0103083411231637,0.44223302602767944,0.0029891449958086014
iteration3,AoF07302.jpg,Neither,Only_Smoke,0.7681673169136047,0.5270196199417114,0,0.46386241912841797,0.00757179269567132,0.5270196199417114,0.0015462026931345463
iteration3,AoF07303.jpg,Neither,Neither,0.03707754239439964,0.9636014103889465,1,0.9636014103889465,0.00019096089818049222,0.036056481301784515,0.00015112965775188059
iteration3,AoF07304.jpg,Neither,Neither,0.04149681702256203,0.9593523740768433,1,0.9593523740768433,0.0001984367409022525,0.04027475416660309,0.00017439466319046915
iteration3,AoF07305.jpg,Neither,Neither,0.10636502504348755,0.8990963697433472,1,0.8990963697433472,0.0003404787858016789,0.10027151554822922,0.0002915395307354629
iteration3,AoF07306.jpg,Neither,Neither,0.09803129732608795,0.9066205024719238,1,0.9066205024719238,0.0001759968145051971,0.09300705790519714,0.0001964684488484636
iteration3,AoF07307.jpg,Neither,Neither,0.1324913650751114,0.8759105205535889,1,0.8759105205535889,0.0002260488545289263,0.12367384135723114,0.00018967340292874724
iteration3,AoF07308.jpg,Neither,Neither,0.22089989483356476,0.8017969131469727,1,0.8017969131469727,0.0006427770131267607,0.1970216929912567,0.0005386031116358936
iteration3,AoF07309.jpg,Neither,Neither,0.13790903985500336,0.8711779117584229,1,0.8711779117584229,0.0003534525749273598,0.1281508356332779,0.0003177266917191446
iteration3,AoF07310.jpg,Neither,Neither,0.0016897936584427953,0.9983116388320923,1,0.9983116388320923,0.000182857082108967,0.0014498118543997407,5.5809599871281534e-05
iteration3,AoF07311.jpg,Neither,Neither,2.8967437174287625e-05,0.9999710321426392,1,0.9999710321426392,1.336605009782943e-06,2.649628913786728e-05,1.1936612054341822e-06
iteration3,AoF07312.jpg,Neither,Neither,0.005907812155783176,0.9941096305847168,1,0.9941096305847168,0.0003292482579126954,0.00537512032315135,0.00018600895418785512
iteration3,AoF07313.jpg,Neither,Neither,0.09489765018224716,0.909466028213501,1,0.909466028213501,0.0004303941677790135,0.08971786499023438,0.00038576716906391084
iteration3,AoF07314.jpg,Neither,Neither,0.11466357856988907,0.891666054725647,1,0.891666054725647,0.0005201624589972198,0.1076672151684761,0.00014653369726147503
iteration3,AoF07315.jpg,Neither,Neither,0.00016044282529037446,0.9998395442962646,1,0.9998395442962646,9.667804988566786e-06,0.00014526602171827108,5.426685675047338e-06
iteration3,AoF07316.jpg,Neither,Neither,4.2676016164477915e-05,0.9999573230743408,1,0.9999573230743408,2.6176387564191828e-06,3.683811883092858e-05,3.1792392292118166e-06
iteration3,AoF07317.jpg,Neither,Neither,8.082063141046092e-05,0.9999191761016846,1,0.9999191761016846,3.6166431982564973e-06,7.092516898410395e-05,6.2194803831516765e-06
iteration3,AoF07318.jpg,Neither,Neither,0.011869754642248154,0.9882004261016846,1,0.9882004261016846,2.9543782147811726e-05,0.011767294257879257,2.699084689083975e-06
iteration3,AoF07319.jpg,Neither,Neither,0.0002356490003876388,0.9997643828392029,1,0.9997643828392029,1.0756200026662555e-05,0.00022107796394266188,3.75155332221766e-06
iteration3,AoF07320.jpg,Neither,Neither,2.992108420585282e-05,0.9999700784683228,1,0.9999700784683228,5.752763740929367e-07,2.8574799216585234e-05,7.22509184925002e-07
iteration3,AoF07321.jpg,Neither,Neither,9.202533692587167e-05,0.9999079704284668,1,0.9999079704284668,9.029442935570842e-07,8.900534157874063e-05,2.0607626538549084e-06
iteration3,AoF07322.jpg,Neither,Neither,2.6464111215318553e-05,0.9999735355377197,1,0.9999735355377197,3.949183735585393e-07,2.5938339604181238e-05,1.2154050921253656e-07
iteration3,AoF07323.jpg,Neither,Neither,2.5748875486897305e-05,0.999974250793457,1,0.999974250793457,1.6138001228682697e-06,2.3844449970056303e-05,2.922748194578162e-07
iteration3,AoF07324.jpg,Neither,Neither,1.6212332411669195e-05,0.9999837875366211,1,0.9999837875366211,7.173812832661497e-07,1.5323257684940472e-05,1.4772886913760885e-07
iteration3,AoF07325.jpg,Neither,Neither,6.83045873302035e-05,0.9999316930770874,1,0.9999316930770874,4.0638494169797923e-07,6.770922482246533e-05,2.324490253613476e-07
iteration3,AoF07326.jpg,Neither,Neither,6.758938252460212e-05,0.9999324083328247,1,0.9999324083328247,3.827106809239922e-07,6.696175114484504e-05,2.1293136853728356e-07
iteration3,AoF07327.jpg,Neither,Neither,6.961580220377073e-05,0.9999303817749023,1,0.9999303817749023,5.734668206969218e-07,6.87506835674867e-05,3.138325723739399e-07
iteration3,AoF07328.jpg,Neither,Neither,0.00798970926553011,0.9920421242713928,1,0.9920421242713928,0.0002593189128674567,0.007409248501062393,0.0002892922784667462
iteration3,AoF07329.jpg,Neither,Neither,0.005847608670592308,0.9941694736480713,1,0.9941694736480713,0.00020469125593081117,0.005381044931709766,0.0002448264276608825
iteration3,AoF07330.jpg,Neither,Neither,0.0015434031374752522,0.9984577894210815,1,0.9984577894210815,5.218983642407693e-05,0.0014044762356206775,8.551589417038485e-05
iteration3,AoF07331.jpg,Neither,Neither,0.00047672350774519145,0.999523401260376,1,0.999523401260376,5.903018973185681e-06,0.00046374069643206894,7.002357961027883e-06
iteration3,AoF07332.jpg,Neither,Neither,0.0013344916515052319,0.9986664056777954,1,0.9986664056777954,6.428288179449737e-05,0.0012479573488235474,2.1318750441423617e-05
iteration3,AoF07333.jpg,Neither,Neither,0.00014399446081370115,0.9998559951782227,1,0.9998559951782227,8.808520419734123e-07,0.00014236332208383828,7.938089652270719e-07
iteration3,AoF07334.jpg,Neither,Neither,0.0001908358681248501,0.999809205532074,1,0.999809205532074,1.176676278191735e-06,0.00018825822917278856,1.2675585594479344e-06
iteration3,AoF07335.jpg,Neither,Neither,0.0017044316045939922,0.9982970356941223,1,0.9982970356941223,2.5765844839042984e-05,0.0016389071242883801,3.825981912086718e-05
iteration3,AoF07336.jpg,Neither,Neither,0.003853991162031889,0.9961534142494202,1,0.9961534142494202,3.441018270677887e-05,0.003423740155994892,0.00038843631045892835
iteration3,AoF07337.jpg,Neither,Neither,0.0017560789128765464,0.9982454776763916,1,0.9982454776763916,7.653024658793584e-05,0.0016543803503736854,2.368446257605683e-05
iteration3,AoF07338.jpg,Neither,Neither,0.008847322314977646,0.9911916851997375,1,0.9911916851997375,0.00035629424382932484,0.00829265359789133,0.0001593455672264099
iteration3,AoF07339.jpg,Neither,Neither,0.010057840496301651,0.9899925589561462,1,0.9899925589561462,0.0005218866863287985,0.009286253713071346,0.00019932555733248591
iteration3,AoF07340.jpg,Neither,Neither,0.01858382858335972,0.9815877676010132,1,0.9815877676010132,0.0004894211306236684,0.017828183248639107,9.465077164350078e-05
iteration3,AoF07341.jpg,Neither,Neither,4.911301948595792e-05,0.9999508857727051,1,0.9999508857727051,7.182831609497953e-07,4.7984201955841854e-05,3.329980415855971e-07
iteration3,AoF07342.jpg,Neither,Neither,0.00011979816190432757,0.9998801946640015,1,0.9998801946640015,2.188648750234279e-06,0.00011665515921777114,9.234943263436435e-07
iteration3,AoF07343.jpg,Neither,Neither,8.21318244561553e-05,0.9999178647994995,1,0.9999178647994995,1.5969117157510482e-06,7.981457019923255e-05,6.837267960690951e-07
iteration3,AoF07344.jpg,Neither,Neither,4.7801782784517854e-05,0.9999521970748901,1,0.9999521970748901,1.4235962453312823e-06,4.597601946443319e-05,3.6610035181183775e-07
iteration3,AoF07345.jpg,Neither,Neither,0.00010823617776622996,0.9998917579650879,1,0.9998917579650879,2.340983201065683e-06,0.00010499501513550058,8.66524885623221e-07
iteration3,AoF07346.jpg,Neither,Neither,0.00010561384988250211,0.999894380569458,1,0.999894380569458,2.987630523421103e-06,0.00010167935397475958,9.434407388653199e-07
iteration3,AoF07347.jpg,Neither,Neither,9.023735765367746e-05,0.9999097585678101,1,0.9999097585678101,1.5796828165548504e-06,8.801798685453832e-05,7.052183832456649e-07
iteration3,AoF07348.jpg,Neither,Neither,3.659658250398934e-05,0.9999634027481079,1,0.9999634027481079,1.743630946293706e-06,3.3930340578081086e-05,8.755444582675409e-07
iteration3,AoF07349.jpg,Neither,Neither,4.2199197196168825e-05,0.999957799911499,1,0.999957799911499,1.4538549066855921e-06,4.00050739699509e-05,6.8655327822853e-07
iteration3,AoF07350.jpg,Neither,Neither,0.008692639879882336,0.9913450479507446,1,0.9913450479507446,0.00015415315283462405,0.008232478983700275,0.00026832506409846246
iteration3,AoF07351.jpg,Neither,Neither,6.472854875028133e-05,0.9999352693557739,1,0.9999352693557739,2.5836998247541487e-06,5.917152520851232e-05,3.0310368401842425e-06
iteration3,AoF07352.jpg,Neither,Neither,4.60137271147687e-05,0.9999539852142334,1,0.9999539852142334,1.2900920864922227e-06,4.099190846318379e-05,3.6965195704397047e-06
iteration3,AoF07353.jpg,Neither,Neither,1.585470999998506e-05,0.9999841451644897,1,0.9999841451644897,5.870596169188502e-07,1.3553409189626109e-05,1.6397490298913908e-06
iteration3,AoF07354.jpg,Neither,Neither,3.540453326422721e-05,0.9999645948410034,1,0.9999645948410034,1.0898990012719878e-06,2.9539758543251082e-05,4.794316737388726e-06
iteration3,AoF07355.jpg,Neither,Neither,0.00924768391996622,0.9907949566841125,1,0.9907949566841125,0.00013674037472810596,0.008709080517292023,0.00035917575587518513
iteration3,AoF07356.jpg,Neither,Neither,5.1616290875244886e-05,0.9999483823776245,1,0.9999483823776245,1.4659145790574257e-06,4.802189505426213e-05,2.165993691960466e-06
iteration3,AoF07357.jpg,Neither,Neither,0.02819446101784706,0.9721993207931519,1,0.9721993207931519,0.000860673317220062,0.025584377348423004,0.001355729647912085
iteration3,AoF07358.jpg,Neither,Neither,7.1403817855753e-05,0.9999285936355591,1,0.9999285936355591,2.189585529777105e-06,6.746646977262571e-05,1.7555968270244193e-06
iteration3,AoF07359.jpg,Neither,Neither,0.0001532914029667154,0.9998466968536377,1,0.9998466968536377,3.6074357012694236e-06,0.00014507047308143228,4.652714778785594e-06
iteration3,AoF07360.jpg,Neither,Neither,0.00015937011630740017,0.9998406171798706,1,0.9998406171798706,4.063675987708848e-06,0.00015070657536853105,4.613134024111787e-06
iteration3,AoF07361.jpg,Neither,Neither,0.0001299296854995191,0.9998700618743896,1,0.9998700618743896,4.5630208660440985e-06,0.00011806520342361182,7.1781332735554315e-06
iteration3,AoF07362.jpg,Neither,Neither,0.0002985746832564473,0.9997014403343201,1,0.9997014403343201,4.674265710491454e-06,0.0002783236850518733,1.5625242667738348e-05
iteration3,AoF07363.jpg,Neither,Neither,0.00026353701832704246,0.999736487865448,1,0.999736487865448,6.233365638763644e-06,0.00023979753314051777,1.744907785905525e-05
iteration3,AoF07364.jpg,Neither,Neither,0.017476726323366165,0.9826750755310059,1,0.9826750755310059,0.00023935147328302264,0.016174130141735077,0.0009114206186495721
iteration3,AoF07365.jpg,Neither,Neither,0.0001911934232339263,0.9998088479042053,1,0.9998088479042053,4.708821961685317e-06,0.00015930751396808773,2.711622255446855e-05
iteration3,AoF07366.jpg,Neither,Neither,0.00015054999676067382,0.9998494386672974,1,0.9998494386672974,2.422367742838105e-06,0.00013595330528914928,1.2113237971789204e-05
iteration3,AoF07367.jpg,Neither,Neither,0.0011836434714496136,0.9988170862197876,1,0.9988170862197876,3.537220254656859e-05,0.0011133759981021285,3.4137327020289376e-05
iteration3,AoF07368.jpg,Neither,Neither,0.0011973362416028976,0.9988033771514893,1,0.9988033771514893,2.1444397134473547e-05,0.0011543621076270938,2.0874986148555763e-05
iteration3,AoF07369.jpg,Neither,Neither,0.0005472592893056571,0.9994528889656067,1,0.9994528889656067,1.9479064576444216e-05,0.0005046715959906578,2.292088720423635e-05
iteration3,AoF07370.jpg,Neither,Neither,0.001178285456262529,0.9988223910331726,1,0.9988223910331726,3.445585025474429e-05,0.0010941080981865525,4.904660818283446e-05
iteration3,AoF07371.jpg,Neither,Neither,0.0006447143969126046,0.9993554949760437,1,0.9993554949760437,1.5156583685893565e-05,0.000597767939325422,3.1578521884512156e-05
iteration3,AoF07372.jpg,Neither,Neither,0.0006636562757194042,0.9993365406990051,1,0.9993365406990051,1.0847719750017859e-05,0.0006238647038117051,2.87475049844943e-05
iteration3,AoF07373.jpg,Neither,Neither,0.008259189315140247,0.9917747974395752,1,0.9917747974395752,0.000261653185589239,0.007758637424558401,0.0002048643509624526
iteration3,AoF07374.jpg,Neither,Neither,0.011517344042658806,0.988548755645752,1,0.988548755645752,0.0002095713425660506,0.011117737740278244,0.00012388444156385958
iteration3,AoF07375.jpg,Neither,Neither,0.009875960648059845,0.9901726245880127,1,0.9901726245880127,0.0005314008449204266,0.008480277843773365,0.0008156099356710911
iteration3,AoF07376.jpg,Neither,Neither,0.009914558380842209,0.9901344180107117,1,0.9901344180107117,0.0004308429197408259,0.008803636766970158,0.0006311597535386682
iteration3,AoF07377.jpg,Neither,Neither,0.008772406727075577,0.9912659525871277,1,0.9912659525871277,0.0001329332444583997,0.008522787131369114,7.8344572102651e-05
iteration3,AoF07378.jpg,Neither,Neither,0.02516257017850876,0.9751513600349426,1,0.9751513600349426,0.00028119608759880066,0.024370240047574043,0.00019711263303179294
iteration3,AoF07379.jpg,Neither,Neither,0.012057749554514885,0.9880146384239197,1,0.9880146384239197,0.0002948237815871835,0.0111057935282588,0.0005847395514138043
iteration3,AoF07380.jpg,Neither,Neither,0.009303785860538483,0.9907393455505371,1,0.9907393455505371,0.00027791695902124047,0.008207907900214195,0.0007748356438241899
iteration3,AoF07381.jpg,Neither,Neither,0.13453207910060883,0.8741248250007629,1,0.8741248250007629,0.00011739233741536736,0.1257263422012329,3.1459214369533584e-05
iteration3,AoF07382.jpg,Neither,Neither,0.12735037505626678,0.8804251551628113,1,0.8804251551628113,0.0001233459624927491,0.11939845234155655,5.309664993546903e-05
iteration3,AoF07383.jpg,Neither,Neither,0.17093230783939362,0.8428786396980286,1,0.8428786396980286,0.00014975077647250146,0.15692880749702454,4.2732768633868545e-05
iteration3,AoF07384.jpg,Neither,Neither,0.355906218290329,0.7005383372306824,1,0.7005383372306824,0.00021000529523007572,0.2992044687271118,4.722319863503799e-05
iteration3,AoF07385.jpg,Neither,Neither,0.413051575422287,0.6616281270980835,1,0.6616281270980835,0.0006242750096134841,0.3376595675945282,8.801870717434213e-05
iteration3,AoF07386.jpg,Neither,Neither,0.005345575045794249,0.9946686625480652,1,0.9946686625480652,9.315494389738888e-05,0.005219661630690098,1.8526257917983457e-05
iteration3,AoF07387.jpg,Neither,Neither,0.5717331767082214,0.5645461082458496,1,0.5645461082458496,0.001990749267861247,0.43308162689208984,0.00038150479667820036
iteration3,AoF07388.jpg,Neither,Neither,0.0007190502947196364,0.9992812275886536,1,0.9992812275886536,8.059026185947005e-06,0.0007052172441035509,5.56308577870368e-06
iteration3,AoF07389.jpg,Neither,Neither,6.818538531661034e-05,0.999931812286377,1,0.999931812286377,2.5113959054579027e-06,6.493612454505637e-05,7.162079214140249e-07
iteration3,AoF07390.jpg,Neither,Neither,1.4066597032069694e-05,0.999985933303833,1,0.999985933303833,7.983948080436676e-07,1.3107417544233613e-05,1.0856072663045779e-07
iteration3,AoF07391.jpg,Neither,Neither,9.202533692587167e-05,0.9999079704284668,1,0.9999079704284668,3.2030116017267574e-06,8.833232277538627e-05,5.139525569575198e-07
iteration3,AoF07392.jpg,Neither,Neither,5.2569914259947836e-05,0.9999474287033081,1,0.9999474287033081,3.5261036828160286e-06,4.831400656257756e-05,7.336786325140565e-07
iteration3,AoF07393.jpg,Neither,Neither,5.1973900554003194e-05,0.9999480247497559,1,0.9999480247497559,2.6382301712146727e-06,4.8575715482002124e-05,7.440362992383598e-07
iteration3,AoF07394.jpg,Neither,Neither,0.00015829740732442588,0.9998416900634766,1,0.9998416900634766,6.9310690378188156e-06,0.0001501475489931181,1.1387110134819523e-06
iteration3,AoF07395.jpg,Neither,Neither,0.00011395759065635502,0.9998860359191895,1,0.9998860359191895,1.08521526271943e-05,0.00010164496779907495,1.3936014511273243e-06
iteration3,AoF07396.jpg,Neither,Neither,0.09000423550605774,0.9139273166656494,1,0.9139273166656494,0.0033953713718801737,0.08226335048675537,0.00041391633567400277
iteration3,AoF07397.jpg,Neither,Neither,0.00027581225731410086,0.9997242093086243,1,0.9997242093086243,1.5683241144870408e-05,0.0002522488357499242,7.761457709420938e-06
iteration3,AoF07398.jpg,Neither,Neither,4.362964682513848e-05,0.9999563694000244,1,0.9999563694000244,3.7588781651720637e-06,3.813488729065284e-05,1.7215094203493209e-06
iteration3,AoF07399.jpg,Neither,Neither,2.0265373677830212e-05,0.9999797344207764,1,0.9999797344207764,1.8481091501598712e-06,1.8078502762364224e-05,3.281028853052703e-07
iteration3,AoF07400.jpg,Neither,Neither,6.532455881824717e-05,0.9999346733093262,1,0.9999346733093262,3.1100953492568806e-06,6.14522650721483e-05,6.64012645756884e-07
iteration3,AoF07401.jpg,Neither,Neither,0.00032085992279462516,0.9996792078018188,1,0.9996792078018188,1.168031849374529e-05,0.0003027158963959664,6.421911621146137e-06
iteration3,AoF07402.jpg,Neither,Neither,0.00012146688823122531,0.9998785257339478,1,0.9998785257339478,7.4564709393598605e-06,0.0001108822543756105,3.126946694465005e-06
iteration3,AoF07403.jpg,Neither,Neither,5.960446742392378e-06,0.9999940395355225,1,0.9999940395355225,5.272377165965736e-07,5.081938979856204e-06,2.7736825813917676e-07
iteration3,AoF07404.jpg,Neither,Neither,1.2159273865108844e-05,0.9999878406524658,1,0.9999878406524658,1.7266658005610225e-06,9.72237921814667e-06,6.077448801988794e-07
iteration3,AoF07405.jpg,Neither,Neither,5.006777428206988e-06,0.9999949932098389,1,0.9999949932098389,1.025203914650774e-06,3.7626602988893865e-06,1.6091685495212005e-07
iteration3,AoF07406.jpg,Neither,Neither,3.933898824470816e-06,0.9999960660934448,1,0.9999960660934448,1.3711146493733395e-06,2.5526171612000326e-06,1.0178462872545424e-07
iteration3,AoF07407.jpg,Neither,Neither,5.960446742392378e-06,0.9999940395355225,1,0.9999940395355225,9.010676080833946e-07,4.981326583219925e-06,1.0285819485034153e-07
iteration3,AoF07408.jpg,Neither,Neither,5.483612312673358e-06,0.9999945163726807,1,0.9999945163726807,2.1813052626384888e-06,3.203294681952684e-06,1.4231792988539382e-07
iteration3,AoF07409.jpg,Neither,Neither,5.960446742392378e-06,0.9999940395355225,1,0.9999940395355225,1.8119849301001523e-06,3.891103006026242e-06,1.7312478917119734e-07
iteration3,AoF07410.jpg,Neither,Neither,2.264974000354414e-06,0.9999977350234985,1,0.9999977350234985,5.245539114184794e-07,1.654158722885768e-06,5.5443923230313885e-08
iteration3,AoF07411.jpg,Neither,Neither,2.9802276912960224e-06,0.9999970197677612,1,0.9999970197677612,3.7362195826062816e-07,2.4718033273529727e-06,5.853651074971822e-08
iteration3,AoF07412.jpg,Neither,Neither,0.003020726377144456,0.9969838261604309,1,0.9969838261604309,2.0589093765011057e-05,0.0029734645504504442,2.2064683435019106e-05
iteration3,AoF07413.jpg,Neither,Neither,6.079655122448457e-06,0.9999939203262329,1,0.9999939203262329,4.357082161732251e-07,5.436091669253074e-06,1.3807542131871742e-07
iteration3,AoF07414.jpg,Neither,Neither,3.3378546504536644e-06,0.9999966621398926,1,0.9999966621398926,5.911525704505038e-07,2.7931619115406647e-06,6.118737161386889e-08
iteration3,AoF07415.jpg,Neither,Neither,4.410734163684538e-06,0.9999955892562866,1,0.9999955892562866,1.474356963626633e-06,2.9147061013645725e-06,7.783401656524802e-08
iteration3,AoF07416.jpg,Neither,Neither,2.861018856492592e-06,0.9999971389770508,1,0.9999971389770508,7.775656740705017e-07,2.0498205230978783e-06,5.541840764067274e-08
iteration3,AoF07417.jpg,Neither,Neither,5.8412379075889476e-06,0.999994158744812,1,0.999994158744812,4.562444928524201e-07,5.247460194368614e-06,1.8131267154331e-07
iteration3,AoF07418.jpg,Neither,Neither,0.00020489977032411844,0.999795138835907,1,0.999795138835907,0.0001062915034708567,6.511587707791477e-05,3.349762482685037e-05
iteration3,AoF07419.jpg,Neither,Neither,0.00032908268622122705,0.9996709823608398,1,0.9996709823608398,0.00015656724281143397,9.963158663595095e-05,7.287638436537236e-05
iteration3,AoF07420.jpg,Neither,Neither,0.00035565727739594877,0.99964439868927,1,0.99964439868927,0.00022120875655673444,6.553601997438818e-05,6.879457214381546e-05
iteration3,AoF07421.jpg,Neither,Neither,0.010366405360400677,0.9896871447563171,1,0.9896871447563171,0.00011517768871271983,0.0101309260353446,6.67297572363168e-05
iteration3,AoF07422.jpg,Neither,Neither,0.00041929035796783864,0.9995808005332947,1,0.9995808005332947,0.00018342021212447435,0.0001209827241837047,0.00011480552348075435
iteration3,AoF07423.jpg,Neither,Neither,0.000573351513594389,0.9994268417358398,1,0.9994268417358398,0.0004179053648840636,9.208572737406939e-05,6.323288107523695e-05
iteration3,AoF07424.jpg,Neither,Neither,0.0008507922757416964,0.9991495609283447,1,0.9991495609283447,0.0004372022522147745,0.00023771394626237452,0.00017546408344060183
iteration3,AoF07425.jpg,Neither,Neither,0.0004297763225622475,0.9995703101158142,1,0.9995703101158142,0.00028830714290961623,6.21627623331733e-05,7.912289584055543e-05
iteration3,AoF07426.jpg,Neither,Neither,0.0010912423022091389,0.9989093542098999,1,0.9989093542098999,0.0009180706110782921,5.6310524087166414e-05,0.00011630350491032004
iteration3,AoF07427.jpg,Neither,Neither,0.006399969570338726,0.9936204552650452,1,0.9936204552650452,0.005190607160329819,0.000361605838406831,0.0008273270796053112
iteration3,AoF07428.jpg,Neither,Neither,0.004850644152611494,0.9951611161231995,1,0.9951611161231995,0.004231601022183895,0.00027266747201792896,0.00033467038883827627
iteration3,AoF07429.jpg,Neither,Neither,0.002951553324237466,0.997052788734436,1,0.997052788734436,0.002711469540372491,0.00013780849985778332,9.797122038435191e-05
iteration3,AoF07430.jpg,Neither,Neither,0.003980927634984255,0.9960269927978516,1,0.9960269927978516,0.00364335672929883,0.00015143626660574228,0.00017827430565375835
iteration3,AoF07431.jpg,Neither,Neither,0.24099436402320862,0.7858460545539856,1,0.7858460545539856,0.0013714177766814828,0.2122969925403595,0.000485523312818259
iteration3,AoF07432.jpg,Neither,Neither,0.5377979278564453,0.5840329527854919,1,0.5840329527854919,0.0017020178493112326,0.41379514336586,0.00046993454452604055
iteration3,AoF07433.jpg,Neither,Neither,0.0013659204123541713,0.9986349940299988,1,0.9986349940299988,0.0003628699341788888,0.0009237844496965408,7.828864909242839e-05
iteration3,AoF07434.jpg,Neither,Neither,0.0006093314150348306,0.9993908405303955,1,0.9993908405303955,0.0001685977476881817,0.0003563284408301115,8.416950004175305e-05
iteration3,AoF07435.jpg,Neither,Neither,0.0033694894518703222,0.996636152267456,1,0.996636152267456,8.855089254211634e-05,0.0032450288999825716,3.02722146443557e-05
iteration3,AoF07436.jpg,Neither,Neither,0.12645050883293152,0.8812177777290344,1,0.8812177777290344,0.0024694136809557676,0.11431445926427841,0.001998338382691145
iteration3,AoF07437.jpg,Neither,Neither,0.022184189409017563,0.9780600666999817,1,0.9780600666999817,0.0009331356268376112,0.020399387925863266,0.0006074112025089562
iteration3,AoF07438.jpg,Neither,Neither,0.012057985179126263,0.9880144000053406,1,0.9880144000053406,0.0006410761270672083,0.011079772375524044,0.00026477198116481304
iteration3,AoF07439.jpg,Neither,Neither,0.018631920218467712,0.9815405607223511,1,0.9815405607223511,0.000381341902539134,0.017602290958166122,0.0004757565911859274
iteration3,AoF07440.jpg,Neither,Neither,0.011516165919601917,0.9885498881340027,1,0.9885498881340027,0.0003015770635101944,0.010750370100140572,0.0003982214839197695
iteration3,AoF07441.jpg,Neither,Neither,0.011039135977625847,0.9890215992927551,1,0.9890215992927551,0.00019468423852231354,0.010588383302092552,0.00019527386757545173
iteration3,AoF07442.jpg,Neither,Neither,0.00035291642416268587,0.9996471405029297,1,0.9996471405029297,4.571706995193381e-06,0.0003326003788970411,1.573764529894106e-05
iteration3,AoF07443.jpg,Neither,Neither,0.00016962042718660086,0.9998303651809692,1,0.9998303651809692,1.559515112603549e-06,0.0001633898209547624,4.584133421303704e-06
iteration3,AoF07444.jpg,Neither,Neither,0.052207283675670624,0.9491320848464966,1,0.9491320848464966,0.01383284293115139,0.013840272091329098,0.023194756358861923
iteration3,AoF07445.jpg,Neither,Neither,0.009101214818656445,0.9909400939941406,1,0.9909400939941406,0.00033297305344603956,0.00832577608525753,0.0004011458659078926
iteration3,AoF07446.jpg,Neither,Neither,0.37381649017333984,0.688103199005127,1,0.688103199005127,0.00033039532718248665,0.3113892674446106,0.00017722186748869717
iteration3,AoF07447.jpg,Neither,Neither,0.0025572238955646753,0.9974460601806641,1,0.9974460601806641,3.524985004332848e-05,0.0024627498351037502,5.600033182417974e-05
iteration3,AoF07448.jpg,Neither,Neither,0.004464777186512947,0.9955451488494873,1,0.9955451488494873,2.5987241315306164e-05,0.004374845884740353,5.404339390224777e-05
iteration3,AoF07449.jpg,Neither,Neither,0.0018762619001790881,0.9981254935264587,1,0.9981254935264587,1.787465953384526e-05,0.001790860085748136,6.580541958101094e-05
iteration3,AoF07450.jpg,Neither,Neither,0.0068996986374258995,0.9931240677833557,1,0.9931240677833557,5.3151197789702564e-05,0.006685758475214243,0.00013703764125239104
iteration3,AoF07451.jpg,Neither,Neither,0.0017120479606091976,0.9982894062995911,1,0.9982894062995911,2.4085080440272577e-05,0.001633430365473032,5.307667379383929e-05
iteration3,AoF07452.jpg,Neither,Neither,0.0024252308066934347,0.9975777268409729,1,0.9975777268409729,2.1749518055003136e-05,0.0023531720507889986,4.7393725253641605e-05
iteration3,AoF07453.jpg,Neither,Neither,0.001176023157313466,0.9988246560096741,1,0.9988246560096741,4.9243146349908784e-05,0.0010466742096468806,7.952623127494007e-05
iteration3,AoF07454.jpg,Neither,Neither,0.0006781900301575661,0.9993220567703247,1,0.9993220567703247,4.848266326007433e-05,0.000565118680242449,6.433489761548117e-05
iteration3,AoF07455.jpg,Neither,Neither,0.04273974895477295,0.9581606984138489,1,0.9581606984138489,0.0010151517344638705,0.040345389395952225,0.0004788007936440408
iteration3,AoF07456.jpg,Neither,Neither,0.00824192725121975,0.9917919635772705,1,0.9917919635772705,0.0028229295276105404,0.004595359321683645,0.0007896918104961514
iteration3,AoF07457.jpg,Neither,Neither,0.019462570548057556,0.9807255864143372,1,0.9807255864143372,0.000343110179528594,0.018771344795823097,0.00015991828695405275
iteration3,AoF07458.jpg,Neither,Neither,0.013017788529396057,0.9870665669441223,1,0.9870665669441223,0.00012820576375816017,0.012696177698671818,0.00010899116023210809
iteration3,AoF07459.jpg,Neither,Neither,0.01602390594780445,0.984103798866272,1,0.984103798866272,0.00020881810632999986,0.015601690858602524,8.561628055758774e-05
iteration3,AoF07460.jpg,Neither,Neither,0.019049670547246933,0.9811305999755859,1,0.9811305999755859,0.00026363300275988877,0.018496299162507057,0.00010946836118819192
iteration3,AoF07461.jpg,Neither,Neither,0.01098725851625204,0.989072859287262,1,0.989072859287262,0.00013352221867535263,0.010719177313148975,7.445804658345878e-05
iteration3,AoF07462.jpg,Neither,Neither,0.2212148904800415,0.8015444278717041,1,0.8015444278717041,0.00814270880073309,0.18957588076591492,0.000736971152946353
iteration3,AoF07463.jpg,Neither,Neither,0.009970622137188911,0.9900789260864258,1,0.9900789260864258,0.00019702014105860144,0.0095661710947752,0.0001578750234330073
iteration3,AoF07464.jpg,Neither,Neither,0.08895690739154816,0.9148849844932556,1,0.9148849844932556,0.00011835990153485909,0.08494573831558228,5.0898001063615084e-05
iteration3,AoF07465.jpg,Neither,Neither,0.05318064987659454,0.9482086896896362,1,0.9482086896896362,0.0012020242866128683,0.05040434002876282,0.00018491179798729718
iteration3,AoF07466.jpg,Neither,Neither,0.006687877234071493,0.9933344125747681,1,0.9933344125747681,6.236660556169227e-05,0.006569927092641592,3.328535603941418e-05
iteration3,AoF07467.jpg,Neither,Neither,0.21134227514266968,0.8094969391822815,1,0.8094969391822815,0.0056697772815823555,0.18439963459968567,0.0004335828125476837
iteration3,AoF07468.jpg,Neither,Neither,0.011877411045134068,0.9881928563117981,1,0.9881928563117981,1.7122321878559887e-05,0.01176409050822258,2.6040637749247253e-05
iteration3,AoF07469.jpg,Neither,Neither,0.014435970224440098,0.9856677055358887,1,0.9856677055358887,6.441512960009277e-05,0.014219403266906738,4.8556412366451696e-05
iteration3,AoF07470.jpg,Neither,Neither,0.010616373270750046,0.9894397854804993,1,0.9894397854804993,4.453022120287642e-05,0.010457620024681091,5.811237497255206e-05
iteration3,AoF07471.jpg,Neither,Neither,0.015294062905013561,0.9848222732543945,1,0.9848222732543945,2.707845123950392e-05,0.015100758522748947,4.98704393976368e-05
iteration3,AoF07472.jpg,Neither,Neither,0.0029643899761140347,0.9970399737358093,1,0.9970399737358093,0.001312208827584982,0.0003028484061360359,0.0013449761318042874
iteration3,AoF07473.jpg,Neither,Neither,0.09129215776920319,0.9127510190010071,1,0.9127510190010071,0.03772245720028877,0.005327939987182617,0.044198617339134216
iteration3,AoF07474.jpg,Neither,Neither,0.003263982245698571,0.9967413544654846,1,0.9967413544654846,0.0028241511899977922,0.00016620570386294276,0.00026826889370568097
iteration3,AoF07475.jpg,Neither,Neither,0.049725983291864395,0.9514901041984558,1,0.9514901041984558,0.02471141517162323,0.0030453591607511044,0.02075311169028282
iteration3,AoF07476.jpg,Neither,Neither,0.022373637184500694,0.9778748154640198,1,0.9778748154640198,0.011336947791278362,0.0009908023057505488,0.009797342121601105
iteration3,AoF07477.jpg,Neither,Neither,0.6887781620025635,0.5021892786026001,1,0.5021892786026001,0.0006555956788361073,0.4965879023075104,0.00056724768364802
iteration3,AoF07478.jpg,Neither,Neither,0.08345243334770203,0.919934868812561,1,0.919934868812561,0.010038676671683788,0.06674604117870331,0.0032804820220917463
iteration3,AoF07479.jpg,Neither,Neither,0.37871453166007996,0.6847410798072815,1,0.6847410798072815,0.0006021737353876233,0.3136894404888153,0.000967326806858182
iteration3,AoF07480.jpg,Neither,Neither,0.2661004960536957,0.7663621306419373,1,0.7663621306419373,0.00024329630832653493,0.2330973744392395,0.0002973078517243266
iteration3,AoF07481.jpg,Neither,Neither,0.6462289094924927,0.5240181684494019,1,0.5240181684494019,0.00043804256711155176,0.4745875298976898,0.0009563067578710616
iteration3,AoF07482.jpg,Neither,Neither,0.4682912826538086,0.6260710954666138,1,0.6260710954666138,0.000891030125785619,0.371919721364975,0.0011181180598214269
iteration3,AoF07483.jpg,Neither,Neither,0.11590667068958282,0.8905583620071411,1,0.8905583620071411,0.00017461960669606924,0.10889346897602081,0.00037355776294134557
iteration3,AoF07484.jpg,Neither,Neither,0.5111620426177979,0.5997981429100037,1,0.5997981429100037,0.0006907206843607128,0.3987804651260376,0.0007306234911084175
iteration3,AoF07485.jpg,Neither,Neither,0.3129104673862457,0.7313153743743896,1,0.7313153743743896,0.0008392415475100279,0.2664105296134949,0.001434870297089219
iteration3,AoF07486.jpg,Neither,Neither,0.4668043255805969,0.6270027756690979,1,0.6270027756690979,0.0013496866449713707,0.3699064254760742,0.0017411087173968554
iteration3,AoF07487.jpg,Neither,Only_Smoke,0.9182653427124023,0.5995452404022217,0,0.3992109000682831,0.0007788820075802505,0.5995452404022217,0.0004650058690458536
iteration3,AoF07488.jpg,Neither,Neither,9.536738616588991e-07,0.9999990463256836,1,0.9999990463256836,7.388613880721095e-07,1.2351499378837616e-07,5.9457885726033055e-08
iteration3,AoF07489.jpg,Neither,Neither,0.03765023872256279,0.9630497097969055,1,0.9630497097969055,0.0009502036846242845,0.035839200019836426,0.00016082904767245054
iteration3,AoF07490.jpg,Neither,Neither,0.0017841625958681107,0.9982174038887024,1,0.9982174038887024,4.0809685742715374e-05,0.0014719123719260097,0.0002698906173463911
iteration3,AoF07491.jpg,Neither,Neither,0.006924678571522236,0.9930992126464844,1,0.9930992126464844,6.365490844473243e-05,0.006718062330037355,0.00011902662663487718
iteration3,AoF07492.jpg,Neither,Neither,0.011256638914346695,0.9888064861297607,1,0.9888064861297607,0.00011617711425060406,0.010896576568484306,0.00018075783737003803
iteration3,AoF07493.jpg,Neither,Neither,0.00546295614913106,0.994551956653595,1,0.994551956653595,5.606547711067833e-05,0.005237612407654524,0.0001543830439914018
iteration3,AoF07494.jpg,Neither,Neither,0.008884306065738201,0.9911550283432007,1,0.9911550283432007,2.1513951651286334e-05,0.00876638200134039,5.708842218155041e-05
iteration3,AoF07495.jpg,Neither,Neither,0.003242237726226449,0.9967629909515381,1,0.9967629909515381,9.8944510682486e-06,0.0031975889578461647,2.9518874725908972e-05
iteration3,AoF07496.jpg,Neither,Neither,0.0020259348675608635,0.9979761242866516,1,0.9979761242866516,1.539772711112164e-05,0.0019384397892281413,7.00634773238562e-05
iteration3,AoF07497.jpg,Neither,Neither,0.11107714474201202,0.8948696851730347,1,0.8948696851730347,0.0022602686658501625,0.1025194600224495,0.00035058491630479693
iteration3,AoF07498.jpg,Neither,Neither,0.0647808387875557,0.937272846698761,1,0.937272846698761,0.0004864872607868165,0.06219526752829552,4.53251923318021e-05
iteration3,AoF07499.jpg,Neither,Neither,0.004185844212770462,0.9958229064941406,1,0.9958229064941406,7.641546108061448e-05,0.003864994738250971,0.00023570821213070303
iteration3,AoF07500.jpg,Neither,Neither,0.005707989446818829,0.9943082928657532,1,0.9943082928657532,0.00026879317010752857,0.005388577934354544,3.445756738074124e-05
iteration3,AoF07501.jpg,Neither,Neither,0.010015235282480717,0.9900347590446472,1,0.9900347590446472,0.0005704481154680252,0.009313264861702919,8.15313687780872e-05
iteration3,AoF07502.jpg,Neither,Neither,0.023777922615408897,0.976502537727356,1,0.976502537727356,0.0014170529320836067,0.021985294297337532,9.51203764998354e-05
iteration3,AoF07503.jpg,Neither,Neither,0.015650073066353798,0.9844717383384705,1,0.9844717383384705,0.00028253518394194543,0.015215171501040459,3.054104672628455e-05
iteration3,AoF07504.jpg,Neither,Neither,0.04178931564092636,0.9590718150138855,1,0.9590718150138855,0.000923806568607688,0.03988726809620857,0.00011710874969139695
iteration3,AoF07505.jpg,Neither,Neither,0.19694994390010834,0.8212317228317261,1,0.8212317228317261,0.004364865832030773,0.1736675500869751,0.0007358381408266723
iteration3,AoF07506.jpg,Neither,Neither,1.0728830375228426e-06,0.999998927116394,1,0.999998927116394,8.699307727511041e-07,1.3858348779649532e-07,4.8704009714128915e-08
iteration3,AoF07507.jpg,Neither,Neither,0.0017135950038209558,0.9982878565788269,1,0.9982878565788269,0.00023622722073923796,0.0014569979393854737,1.896943649626337e-05
iteration3,AoF07508.jpg,Neither,Neither,0.0024996723514050245,0.9975034594535828,1,0.9975034594535828,0.00039376167114824057,0.00207103812135756,3.165326779708266e-05
iteration3,AoF07509.jpg,Neither,Neither,0.00573691027238965,0.9942795038223267,1,0.9942795038223267,0.0005890054162591696,0.005080636590719223,5.081983545096591e-05
iteration3,AoF07510.jpg,Neither,Neither,0.005191417410969734,0.9948220252990723,1,0.9948220252990723,0.0005637147114612162,0.004567199386656284,4.698139673564583e-05
iteration3,AoF07511.jpg,Neither,Neither,0.013677685521543026,0.986415445804596,1,0.986415445804596,0.0002991059154737741,0.013243577443063259,4.1895029426086694e-05
iteration3,AoF07512.jpg,Neither,Neither,0.02148333191871643,0.9787458181381226,1,0.9787458181381226,4.263632217771374e-05,0.021195145323872566,1.642419556446839e-05
iteration3,AoF07513.jpg,Neither,Neither,0.08888950198888779,0.9149466753005981,1,0.9149466753005981,0.00018402333080302924,0.08480478078126907,6.453841342590749e-05
iteration3,AoF07514.jpg,Neither,Neither,0.043646711856126785,0.9572920799255371,1,0.9572920799255371,4.609997267834842e-05,0.042644623667001724,1.7239482986042276e-05
iteration3,AoF07515.jpg,Neither,Neither,0.02203832007944584,0.978202760219574,1,0.978202760219574,3.5381286579649895e-05,0.021745333448052406,1.6525820683455095e-05
iteration3,AoF07516.jpg,Neither,Neither,0.035365890711545944,0.965252161026001,1,0.965252161026001,0.0010372588876634836,0.03358965367078781,0.00012086174683645368
iteration3,AoF07517.jpg,Neither,Neither,0.0018435402307659388,0.9981581568717957,1,0.9981581568717957,0.0010761109879240394,0.00019446790975052863,0.0005713026621378958
iteration3,AoF07518.jpg,Neither,Neither,0.024999579414725304,0.9753103256225586,1,0.9753103256225586,0.0007751621888019145,0.023798517882823944,0.00011603609891608357
iteration3,AoF07519.jpg,Neither,Neither,0.037577446550130844,0.9631198048591614,1,0.9631198048591614,0.01901824213564396,9.899089491227642e-05,0.017763014882802963
iteration3,AoF07520.jpg,Neither,Neither,0.00741172069683671,0.9926156997680664,1,0.9926156997680664,0.006057379301637411,5.481646894622827e-06,0.0013215477811172605
iteration3,AoF07521.jpg,Neither,Neither,0.016389859840273857,0.9837437272071838,1,0.9837437272071838,0.0004606175934895873,0.015707658603787422,8.800183422863483e-05
iteration3,AoF07522.jpg,Neither,Neither,0.006733820773661137,0.9932888150215149,1,0.9932888150215149,0.0017098253592848778,0.00016862251504790038,0.004832800477743149
iteration3,AoF07523.jpg,Neither,Neither,0.0006750926841050386,0.999325156211853,1,0.999325156211853,9.586093801772222e-05,0.0005600984441116452,1.8901375369750895e-05
iteration3,AoF07524.jpg,Neither,Neither,0.0010876698652282357,0.9989129304885864,1,0.9989129304885864,8.021171379368752e-05,0.0009535666322335601,5.321943899616599e-05
iteration3,AoF07525.jpg,Neither,Neither,0.0006244616815820336,0.9993757605552673,1,0.9993757605552673,0.00010044693772215396,0.0005065898294560611,1.7298623788519762e-05
iteration3,AoF07526.jpg,Neither,Neither,0.0020410437136888504,0.9979610443115234,1,0.9979610443115234,0.00024964837939478457,0.001751860254444182,3.739991370821372e-05
iteration3,AoF07527.jpg,Neither,Neither,0.10138794779777527,0.9035823941230774,1,0.9035823941230774,0.00041138430242426693,0.09592245519161224,8.381113002542406e-05
iteration3,AoF07528.jpg,Neither,Neither,0.10821197181940079,0.897437334060669,1,0.897437334060669,0.0005796868936158717,0.10187672078609467,0.00010623529669828713
iteration3,AoF07529.jpg,Neither,Neither,0.0182094294577837,0.981955349445343,1,0.981955349445343,0.00011840213846880943,0.017901675775647163,2.456450238241814e-05
iteration3,AoF07530.jpg,Neither,Neither,0.0006250573205761611,0.9993751645088196,1,0.9993751645088196,2.978938391606789e-05,0.0005784319946542382,1.670712481427472e-05
iteration3,AoF07531.jpg,Neither,Neither,0.0012409137561917305,0.9987598657608032,1,0.9987598657608032,8.267794328276068e-05,0.0011057174997404218,5.173962563276291e-05
iteration3,AoF07532.jpg,Neither,Neither,0.0007607426377944648,0.9992395639419556,1,0.9992395639419556,5.069102917332202e-05,0.0006782170967198908,3.155204467475414e-05
iteration3,AoF07533.jpg,Neither,Neither,0.0010550415609031916,0.9989455342292786,1,0.9989455342292786,6.95057024131529e-05,0.0009269509464502335,5.8086599892703816e-05
iteration3,AoF07534.jpg,Neither,Neither,0.0006198153714649379,0.999380350112915,1,0.999380350112915,3.931953324354254e-05,0.000555500213522464,2.475811015756335e-05
iteration3,AoF07535.jpg,Neither,Neither,0.0005620330339297652,0.9994381070137024,1,0.9994381070137024,3.90323948522564e-05,0.0005048405728302896,1.8063816241919994e-05
iteration3,AoF07536.jpg,Neither,Neither,0.0002805792901199311,0.9997194409370422,1,0.9997194409370422,3.273953188909218e-05,0.00023854078608565032,9.22738945519086e-06
iteration3,AoF07537.jpg,Neither,Neither,0.0009170140838250518,0.999083399772644,1,0.999083399772644,6.287507130764425e-05,0.0008183498866856098,3.5391320125199854e-05
iteration3,AoF07538.jpg,Neither,Neither,0.00044169207103550434,0.9995583891868591,1,0.9995583891868591,4.521909067989327e-05,0.00038157921517267823,1.4857744645269122e-05
iteration3,AoF07539.jpg,Neither,Neither,0.0013449679827317595,0.9986559152603149,1,0.9986559152603149,5.490248076966964e-05,0.0012555676512420177,3.357683453941718e-05
iteration3,AoF07540.jpg,Neither,Neither,0.0010013333521783352,0.9989991784095764,1,0.9989991784095764,6.867729098303244e-05,0.0008907238952815533,4.146068022237159e-05
iteration3,AoF07541.jpg,Neither,Neither,0.0009951406391337514,0.9990053772926331,1,0.9990053772926331,8.211584645323455e-05,0.0008694884600117803,4.3059142626589164e-05
iteration3,AoF07542.jpg,Neither,Neither,0.0003634030872490257,0.9996366500854492,1,0.9996366500854492,2.9261174859129824e-05,0.00031402314198203385,2.006307477131486e-05
iteration3,AoF07543.jpg,Neither,Neither,0.0005990855861455202,0.9994010925292969,1,0.9994010925292969,3.8269270589808e-05,0.0005314393783919513,2.911425326601602e-05
iteration3,AoF07544.jpg,Neither,Neither,0.06633002310991287,0.9358219504356384,1,0.9358219504356384,0.0008685034117661417,0.06323762983083725,7.197207742137834e-05
iteration3,AoF07545.jpg,Neither,Neither,0.0008590107318013906,0.9991413354873657,1,0.9991413354873657,5.01664326293394e-05,0.0007676687673665583,4.083281601197086e-05
iteration3,AoF07546.jpg,Neither,Neither,0.0010130041046068072,0.9989874958992004,1,0.9989874958992004,4.7280493163270876e-05,0.0009117922163568437,5.351316576707177e-05
iteration3,AoF07547.jpg,Neither,Neither,0.007976937107741833,0.99205482006073,1,0.99205482006073,0.007096470333635807,0.0008205623598769307,2.8079037292627618e-05
iteration3,AoF07548.jpg,Neither,Neither,0.02531147189438343,0.9750061631202698,1,0.9750061631202698,0.012938017956912518,0.011277751997113228,0.0007779845036566257
iteration3,AoF07549.jpg,Neither,Neither,0.008998909033834934,0.9910414814949036,1,0.9910414814949036,0.007299439981579781,0.0010858592577278614,0.0005733178113587201
iteration3,AoF07550.jpg,Neither,Neither,0.5540589690208435,0.5746127367019653,1,0.5746127367019653,0.001353663858026266,0.4236128628253937,0.00042071708594448864
iteration3,AoF07551.jpg,Neither,Neither,0.6025798320770264,0.5473976135253906,1,0.5473976135253906,0.0011157585540786386,0.45125433802604675,0.00023230374790728092
iteration3,AoF07552.jpg,Neither,Neither,0.00921213161200285,0.9908301830291748,1,0.9908301830291748,0.0001704924798104912,0.008419875055551529,0.0005793800228275359
iteration3,AoF07553.jpg,Neither,Neither,0.4769086241722107,0.6206992268562317,1,0.6206992268562317,0.0028379762079566717,0.37204280495643616,0.004419939126819372
iteration3,AoF07554.jpg,Neither,Neither,0.009701012633740902,0.9903458952903748,1,0.9903458952903748,1.873318433354143e-05,0.009515401907265186,0.0001199501784867607
iteration3,AoF07555.jpg,Neither,Neither,0.00125698687043041,0.9987438321113586,1,0.9987438321113586,7.51890183892101e-05,0.0011370806023478508,4.3832736992044374e-05
iteration3,AoF07556.jpg,Neither,Neither,0.0159074068069458,0.984218418598175,1,0.984218418598175,3.0944767786422744e-05,0.015550535172224045,0.00020006166596431285
iteration3,AoF07557.jpg,Neither,Neither,0.031568266451358795,0.9689248204231262,1,0.9689248204231262,0.0005058586830273271,0.030299337580800056,0.0002700260665733367
iteration3,AoF07558.jpg,Neither,Neither,0.03303583338856697,0.9675039052963257,1,0.9675039052963257,0.00023280945606529713,0.032070860266685486,0.00019241549307480454
iteration3,AoF07559.jpg,Neither,Neither,0.13663916289806366,0.8722849488258362,1,0.8722849488258362,0.000952559057623148,0.12565448880195618,0.001107959309592843
iteration3,AoF07560.jpg,Neither,Neither,0.037847451865673065,0.9628598093986511,1,0.9628598093986511,0.0007518085767515004,0.03597528859972954,0.000413102941820398
iteration3,AoF07561.jpg,Neither,Neither,0.005439125467091799,0.9945756196975708,1,0.9945756196975708,0.00033282654476352036,0.005036832764744759,5.4726417147321627e-05
iteration3,AoF07562.jpg,Neither,Neither,0.005812172312289476,0.9942046999931335,1,0.9942046999931335,2.5202623874065466e-05,0.005748625844717026,2.1533767721848562e-05
iteration3,AoF07563.jpg,Neither,Neither,0.0078522814437747,0.9921784400939941,1,0.9921784400939941,5.063850403530523e-05,0.007727144751697779,4.378186713438481e-05
iteration3,AoF07564.jpg,Neither,Neither,0.008073197677731514,0.991959273815155,1,0.991959273815155,0.0001897691108752042,0.007690480910241604,0.0001605369325261563
iteration3,AoF07565.jpg,Neither,Neither,0.010746818035840988,0.9893107414245605,1,0.9893107414245605,0.00014656648272648454,0.010376809164881706,0.00016590031736996025
iteration3,AoF07566.jpg,Neither,Neither,0.01523630041629076,0.984879195690155,1,0.984879195690155,0.00013993294851388782,0.014837296679615974,0.00014360454224515706
iteration3,AoF07567.jpg,Neither,Neither,0.04597281292080879,0.9550679326057434,1,0.9550679326057434,0.000979193253442645,0.043847545981407166,0.00010542288509896025
iteration3,AoF07568.jpg,Neither,Only_Smoke,0.8399052619934082,0.5679827332496643,0,0.43175143003463745,0.0001951820740941912,0.5679827332496643,7.066204852890223e-05
iteration3,AoF07569.jpg,Neither,Neither,0.11429296433925629,0.8919965624809265,1,0.8919965624809265,5.75106059841346e-05,0.10780443996191025,0.00014144863234832883
iteration3,AoF07570.jpg,Neither,Neither,0.05440080165863037,0.9470524787902832,1,0.9470524787902832,1.1999518392258324e-05,0.05290466919541359,3.094195562880486e-05
iteration3,AoF07571.jpg,Neither,Neither,0.0021871235221624374,0.9978152513504028,1,0.9978152513504028,0.00036520964931696653,0.0012994386488571763,0.0005201778840273619
iteration3,AoF07572.jpg,Neither,Neither,0.0019633558113127947,0.9980385899543762,1,0.9980385899543762,0.00027713694726116955,0.0013044823426753283,0.0003798397083301097
iteration3,AoF07573.jpg,Neither,Neither,3.576278118089249e-07,0.9999996423721313,1,0.9999996423721313,2.3771490020862984e-07,8.612846613686997e-08,1.5167561429052512e-08
iteration3,AoF07574.jpg,Neither,Neither,3.576278118089249e-07,0.9999996423721313,1,0.9999996423721313,2.8414305575097387e-07,1.1574916669587765e-07,1.2784332703574819e-08
iteration3,AoF07575.jpg,Neither,Neither,8.344646857949556e-07,0.9999991655349731,1,0.9999991655349731,5.419304898168775e-07,1.926316315348231e-07,2.4232688744518782e-08
iteration3,AoF07576.jpg,Neither,Neither,0.5299519300460815,0.5886332392692566,1,0.5886332392692566,0.06016598269343376,0.025255216285586357,0.32594549655914307
iteration3,AoF07577.jpg,Neither,Neither,0.03816385567188263,0.9625552296638489,1,0.9625552296638489,0.03706630319356918,3.65950763807632e-05,0.0003419069107621908
iteration3,AoF07578.jpg,Neither,Neither,0.05571677163243294,0.9458069801330566,1,0.9458069801330566,0.05022232607007027,0.0003452719247434288,0.0036254667211323977
iteration3,AoF07579.jpg,Neither,Neither,0.009183783084154129,0.990858256816864,1,0.990858256816864,0.00855566468089819,0.00010811485117301345,0.00047804295900277793
iteration3,AoF07580.jpg,Neither,Neither,0.00883846078068018,0.9912005066871643,1,0.9912005066871643,0.007939804345369339,0.0005960073904134333,0.00026373087894171476
iteration3,AoF07581.jpg,Neither,Neither,0.012217682786285877,0.9878566265106201,1,0.9878566265106201,0.010713298805058002,0.0009997155284509063,0.0004303417226765305
iteration3,AoF07582.jpg,Neither,Neither,0.01670069806277752,0.9834379553794861,1,0.9834379553794861,0.015030930750072002,0.0007795810815878212,0.0007514261524192989
iteration3,AoF07583.jpg,Neither,Neither,0.009953154250979424,0.9900962114334106,1,0.9900962114334106,0.008986408822238445,0.0004894798621535301,0.00042794327600859106
iteration3,AoF07584.jpg,Neither,Neither,0.02610744535923004,0.9742304086685181,1,0.9742304086685181,0.023634592071175575,0.0009406271274201572,0.0011944582220166922
iteration3,AoF07585.jpg,Neither,Neither,0.002079825848340988,0.9979223608970642,1,0.9979223608970642,0.0015570127870887518,0.00012663543748203665,0.00039395783096551895
iteration3,AoF07586.jpg,Neither,Neither,0.0001397035230183974,0.9998602867126465,1,0.9998602867126465,8.68039351189509e-05,1.848603096732404e-05,3.439180363784544e-05
iteration3,AoF07587.jpg,Neither,Neither,0.001347229932434857,0.9986536502838135,1,0.9986536502838135,0.0005311576533131301,0.00034243622212670743,0.0004728191706817597
iteration3,AoF07588.jpg,Neither,Neither,0.1085284873843193,0.8971533179283142,1,0.8971533179283142,0.0020211173687130213,0.10043133050203323,0.0003942233743146062
iteration3,AoF07589.jpg,Neither,Neither,0.0008117241668514907,0.9991886019706726,1,0.9991886019706726,0.0005387948476709425,0.0001789478410501033,9.368191967951134e-05
iteration3,AoF07590.jpg,Neither,Neither,0.0008382858941331506,0.9991620779037476,1,0.9991620779037476,0.0005377643974497914,0.000118442447273992,0.00018174803699366748
iteration3,AoF07591.jpg,Neither,Neither,0.0018611506093293428,0.9981405735015869,1,0.9981405735015869,0.0017641076119616628,8.29491182230413e-05,1.2390012670948636e-05
iteration3,AoF07592.jpg,Neither,Neither,0.00019333878299221396,0.9998067021369934,1,0.9998067021369934,0.0001637956447666511,2.737981230893638e-05,2.1178461793169845e-06
iteration3,AoF07593.jpg,Neither,Neither,0.00019131260341964662,0.9998087286949158,1,0.9998087286949158,0.00018020186689682305,9.897350537357852e-06,1.2357743344182381e-06
iteration3,AoF07594.jpg,Neither,Neither,0.0008652042597532272,0.9991351962089539,1,0.9991351962089539,0.0008167618652805686,4.359231752459891e-05,4.431569777807454e-06
iteration3,AoF07595.jpg,Neither,Neither,0.001482579275034368,0.9985185265541077,1,0.9985185265541077,0.001398312277160585,7.552783790742978e-05,7.536647899542004e-06
iteration3,AoF07596.jpg,Neither,Neither,0.0012356749502941966,0.9987651109695435,1,0.9987651109695435,1.8114391423296183e-05,0.0011957305250689387,2.1007850591558963e-05
iteration3,AoF07597.jpg,Neither,Neither,0.00039414744242094457,0.9996059536933899,1,0.9996059536933899,0.0003813108487520367,1.1688219274219591e-05,1.0500133384994115e-06
iteration3,AoF07598.jpg,Neither,Neither,0.0005914607318118215,0.9994087219238281,1,0.9994087219238281,0.0005545071326196194,3.3996679121628404e-05,2.8833035230491078e-06
iteration3,AoF07599.jpg,Neither,Neither,0.0011074369540438056,0.9988932013511658,1,0.9988932013511658,0.0010716277174651623,3.171073331031948e-05,3.514873014864861e-06
iteration3,AoF07600.jpg,Neither,Neither,0.00010907054820563644,0.999890923500061,1,0.999890923500061,0.00010290896170772612,5.779982529929839e-06,4.857863586948952e-07
iteration3,AoF07601.jpg,Neither,Neither,0.00015066919149830937,0.9998493194580078,1,0.9998493194580078,0.0001381104375468567,1.1588320376176853e-05,9.818306807574118e-07
iteration3,AoF07602.jpg,Neither,Neither,0.0005610798834823072,0.9994390606880188,1,0.9994390606880188,0.000519968569278717,3.765939254662953e-05,3.322686779938522e-06
iteration3,AoF07603.jpg,Neither,Neither,0.0007123793475329876,0.9992879033088684,1,0.9992879033088684,0.0006641352665610611,4.503760646912269e-05,2.9655786875082413e-06
iteration3,AoF07604.jpg,Neither,Neither,0.0009515525307506323,0.9990488886833191,1,0.9990488886833191,1.4840034054941498e-05,0.0009157856111414731,2.0481667888816446e-05
iteration3,AoF07605.jpg,Neither,Neither,8.248942322097719e-05,0.9999175071716309,1,0.9999175071716309,7.256292519741692e-06,7.342076423810795e-05,1.815788323256129e-06
iteration3,AoF07606.jpg,Neither,Neither,7.10462118149735e-05,0.9999289512634277,1,0.9999289512634277,6.498788025055546e-06,6.276579370023683e-05,1.7367833606840577e-06
iteration3,AoF07607.jpg,Neither,Neither,3.0517112463712692e-05,0.999969482421875,1,0.999969482421875,3.4393801797705237e-06,2.6171579520450905e-05,8.229752097577148e-07
iteration3,AoF07608.jpg,Neither,Neither,2.8967437174287625e-05,0.9999710321426392,1,0.9999710321426392,2.530632173147751e-06,2.572601442807354e-05,7.08437994489941e-07
iteration3,AoF07609.jpg,Neither,Neither,0.2279060035943985,0.7961990833282471,1,0.7961990833282471,0.12136916071176529,0.07754253596067429,0.004889211151748896
iteration3,AoF07610.jpg,Neither,Neither,0.02860962599515915,0.9717957377433777,1,0.9717957377433777,0.027015946805477142,0.00046104571083560586,0.0007272203802131116
iteration3,AoF07611.jpg,Neither,Neither,0.08412028849124908,0.9193206429481506,1,0.9193206429481506,0.08052364736795425,6.1100407037884e-05,9.454260725760832e-05
iteration3,AoF07612.jpg,Neither,Neither,0.019525116309523582,0.9806642532348633,1,0.9806642532348633,0.0007893181755207479,0.018418489024043083,0.000127949082525447
iteration3,AoF07613.jpg,Neither,Neither,0.011629761196672916,0.9884375929832458,1,0.9884375929832458,0.00019568469724617898,0.011335361748933792,3.13703712890856e-05
iteration3,AoF07614.jpg,Neither,Neither,0.01467857975512743,0.9854286313056946,1,0.9854286313056946,0.00020368841069284827,0.01433833222836256,2.9349164833547547e-05
iteration3,AoF07615.jpg,Neither,Neither,0.02124376781284809,0.978980302810669,1,0.978980302810669,0.0003176263999193907,0.020639892667531967,6.225187098607421e-05
iteration3,AoF07616.jpg,Neither,Neither,0.06947604566812515,0.9328824877738953,1,0.9328824877738953,0.06701129674911499,5.691213300451636e-05,4.93097904836759e-05
iteration3,AoF07617.jpg,Neither,Only_Smoke,2.0922768115997314,0.8764637112617493,0,0.12340584397315979,6.31938164588064e-05,0.8764637112617493,6.71832385705784e-05
iteration3,AoF07618.jpg,Only_Smoke,Only_Smoke,0.00024041623692028224,0.9997596144676208,1,0.00022788156638853252,1.0089358511322644e-05,0.9997596144676208,2.4303412828885484e-06
iteration3,AoF07619.jpg,Neither,Neither,0.003079555230215192,0.9969251751899719,1,0.9969251751899719,0.00026604323647916317,0.0018397548701614141,0.0009689553407952189
iteration3,AoF07620.jpg,Neither,Neither,0.07972600311040878,0.923369288444519,1,0.923369288444519,0.0009169531404040754,0.07382846623659134,0.001885357080027461
iteration3,AoF07621.jpg,Neither,Neither,0.11964139342308044,0.8872385621070862,1,0.8872385621070862,0.0012304179836064577,0.10814603418111801,0.0033850388135761023
iteration3,AoF07622.jpg,Neither,Only_Smoke,1.109500527381897,0.6702623963356018,0,0.32972362637519836,1.0082398148369975e-05,0.6702623963356018,3.923045369447209e-06
iteration3,AoF07623.jpg,Neither,Only_Smoke,0.8816131949424744,0.5858682990074158,0,0.4141143262386322,1.208578578371089e-05,0.5858682990074158,5.295006303640548e-06
iteration3,AoF07624.jpg,Neither,Neither,0.043299850076436996,0.9576241970062256,1,0.9576241970062256,0.007931086234748363,0.032371848821640015,0.002072876552119851
iteration3,AoF07625.jpg,Neither,Neither,0.15210650861263275,0.858896791934967,1,0.858896791934967,0.06758835911750793,0.0708920955657959,0.0026226951740682125
iteration3,AoF07626.jpg,Neither,Only_Fire,1.1451205015182495,0.4224490821361542,0,0.31818559765815735,0.4224490821361542,0.19377480447292328,0.06559049338102341
iteration3,AoF07627.jpg,Neither,Neither,0.03163560479879379,0.9688595533370972,1,0.9688595533370972,0.006275620311498642,0.0022716301027685404,0.022593172267079353
iteration3,AoF07628.jpg,Neither,Neither,0.06226068362593651,0.9396378993988037,1,0.9396378993988037,0.012904179282486439,0.0036198014859110117,0.043838102370500565
iteration3,AoF07629.jpg,Neither,Neither,0.0016041041817516088,0.998397171497345,1,0.998397171497345,4.541551970760338e-05,0.0015383019344881177,1.9086422980763018e-05
iteration3,AoF07630.jpg,Neither,Neither,0.0038608787581324577,0.996146559715271,1,0.996146559715271,8.075514779193327e-05,0.00373279326595366,3.993527570855804e-05
iteration3,AoF07631.jpg,Neither,Neither,0.0244156364351511,0.9758800268173218,1,0.9758800268173218,0.0239936001598835,3.093126724706963e-05,9.539484744891524e-05
iteration3,AoF07632.jpg,Neither,Neither,0.033798255026340485,0.9667665362358093,1,0.9667665362358093,0.03306422382593155,4.621327025233768e-05,0.00012300442904233932
iteration3,AoF07633.jpg,Neither,Neither,0.02880793623626232,0.9716030359268188,1,0.9716030359268188,0.028189485892653465,7.465903036063537e-05,0.00013276551908347756
iteration3,AoF07634.jpg,Neither,Neither,0.0006191005813889205,0.9993810653686523,1,0.9993810653686523,0.0002857443760149181,0.00023490528110414743,9.820880950428545e-05
iteration3,AoF07635.jpg,Neither,Neither,0.05297615006566048,0.9484026432037354,1,0.9484026432037354,0.026128645986318588,0.007531271781772375,0.017937399446964264
iteration3,AoF07636.jpg,Neither,Neither,0.3784087002277374,0.6849505305290222,1,0.6849505305290222,0.001273049390874803,0.313740074634552,3.6320139770396054e-05
iteration3,AoF07637.jpg,Neither,Neither,0.6977806091308594,0.4976886510848999,1,0.4976886510848999,0.009946472942829132,0.4885915219783783,0.0037733681965619326
iteration3,AoF07638.jpg,Neither,Neither,0.12576335668563843,0.8818234801292419,1,0.8818234801292419,0.004367437679320574,0.10369706153869629,0.010112026706337929
iteration3,AoF07639.jpg,Neither,Neither,0.44764772057533264,0.6391298174858093,1,0.6391298174858093,0.0005485595902428031,0.3601312041282654,0.0001904834498418495
iteration3,AoF07640.jpg,Neither,Neither,0.0003748429589904845,0.9996252059936523,1,0.9996252059936523,2.320365274499636e-05,0.00034679213422350585,4.835565505345585e-06
iteration3,AoF07641.jpg,Neither,Neither,0.14266599714756012,0.8670436143875122,1,0.8670436143875122,0.0006626325775869191,0.13224007189273834,5.3657786338590086e-05
iteration3,AoF07642.jpg,Neither,Neither,0.00431178929284215,0.9956974983215332,1,0.9956974983215332,1.3659492651640903e-05,0.004281732719391584,7.146576535888016e-06
iteration3,AoF07643.jpg,Neither,Neither,0.0477166585624218,0.953403890132904,1,0.953403890132904,0.0010196014773100615,0.04473158344626427,0.0008448457811027765
iteration3,AoF07644.jpg,Neither,Neither,0.005589925684034824,0.9944256544113159,1,0.9944256544113159,0.0030164457857608795,0.0017169446218758821,0.0008408261346630752
iteration3,AoF07645.jpg,Neither,Neither,0.024884818121790886,0.9754222631454468,1,0.9754222631454468,6.964011117815971e-05,0.024424714967608452,8.340148633578792e-05
iteration3,AoF07646.jpg,Neither,Neither,0.11071982234716415,0.8951895236968994,1,0.8951895236968994,0.00014333681610878557,0.10463584959506989,3.120055771432817e-05
iteration3,AoF07647.jpg,Neither,Neither,0.08923923224210739,0.9146267175674438,1,0.9146267175674438,0.001516037154942751,0.08288949728012085,0.0009677025955170393
iteration3,AoF07648.jpg,Neither,Neither,0.0005769256968051195,0.9994232654571533,1,0.9994232654571533,0.00014004463446326554,0.000415435410104692,2.1325366105884314e-05
iteration3,AoF07649.jpg,Neither,Neither,0.011703167110681534,0.9883650541305542,1,0.9883650541305542,0.00519179180264473,0.0047029247507452965,0.0017402374651283026
iteration3,AoF07650.jpg,Neither,Neither,0.4537517726421356,0.635240375995636,1,0.635240375995636,0.3632344603538513,0.000995058100670576,0.0005300861084833741
iteration3,AoF07651.jpg,Neither,Neither,0.0029476310592144728,0.9970567226409912,1,0.9970567226409912,0.002393916016444564,0.00036965563776902854,0.00017974509682971984
iteration3,AoF07652.jpg,Neither,Neither,0.015921251848340034,0.9842048287391663,1,0.9842048287391663,0.0003999123291578144,0.012005921453237534,0.0033893997315317392
iteration3,AoF07653.jpg,Neither,Neither,0.04466595500707626,0.9563168883323669,1,0.9563168883323669,0.0010434520663693547,0.037191811949014664,0.005447770468890667
iteration3,AoF07654.jpg,Neither,Neither,0.05208496376872063,0.949248194694519,1,0.949248194694519,0.0005449007730931044,0.04982083663344383,0.00038602304994128644
iteration3,AoF07655.jpg,Neither,Neither,0.021447978913784027,0.9787803888320923,1,0.9787803888320923,0.00048570067156106234,0.018923472613096237,0.0018103938782587647
iteration3,AoF07656.jpg,Neither,Neither,0.04708920419216156,0.954002320766449,1,0.954002320766449,0.0014989845221862197,0.039877597242593765,0.00462119048461318
iteration3,AoF07657.jpg,Neither,Neither,0.0402609221637249,0.9605388045310974,1,0.9605388045310974,0.0010861273622140288,0.03701522573828697,0.0013597920769825578
iteration3,AoF07658.jpg,Neither,Neither,0.017248153686523438,0.9828997254371643,1,0.9828997254371643,0.01676047593355179,0.0002559145214036107,8.387837442569435e-05
iteration3,AoF07659.jpg,Neither,Neither,0.5058332681655884,0.6030029058456421,1,0.6030029058456421,0.0010525803081691265,0.3952443301677704,0.000700137868989259
iteration3,AoF07660.jpg,Neither,Neither,0.0086794039234519,0.9913581609725952,1,0.9913581609725952,0.008361103013157845,0.00026308049564249814,1.772038194758352e-05
iteration3,AoF07661.jpg,Neither,Only_Smoke,3.957491159439087,0.980707585811615,0,0.01911100000143051,0.00011894228373421356,0.980707585811615,6.249303260119632e-05
iteration3,AoF07662.jpg,Neither,Only_Smoke,2.8435773849487305,0.9415310025215149,0,0.058217037469148636,0.00011956764501519501,0.9415310025215149,0.00013237596431281418
iteration3,AoF07663.jpg,Neither,Neither,0.20401531457901,0.8154498934745789,1,0.8154498934745789,0.18007013201713562,0.0011470523895695806,0.0033329594880342484
iteration3,AoF07664.jpg,Neither,Neither,0.0175936296582222,0.9825602173805237,1,0.9825602173805237,0.016971038654446602,0.0002818903303705156,0.00018675594765227288
iteration3,AoF07665.jpg,Neither,Only_Smoke,1.9523811340332031,0.857160210609436,0,0.14193570613861084,0.000678828451782465,0.857160210609436,0.0002252585836686194
iteration3,AoF07666.jpg,Neither,Only_Smoke,1.692823052406311,0.8150333166122437,0,0.18399935960769653,0.0007683527073822916,0.8150333166122437,0.00019900417828466743
iteration3,AoF07667.jpg,Neither,Neither,0.04128922522068024,0.9595515727996826,1,0.9595515727996826,0.0002157856652047485,0.0401739664375782,5.866459832759574e-05
iteration3,AoF07668.jpg,Neither,Neither,0.05334115028381348,0.9480565190315247,1,0.9480565190315247,0.00028498153551481664,0.05162259191274643,3.5849137930199504e-05
iteration3,AoF07669.jpg,Neither,Neither,0.06681407243013382,0.935369074344635,1,0.935369074344635,0.0005040939431637526,0.06405692547559738,6.987647793721408e-05
iteration3,AoF07670.jpg,Neither,Neither,0.05140283703804016,0.9498959183692932,1,0.9498959183692932,0.0003433676902204752,0.049546632915735245,0.00021409477631095797
iteration3,AoF07671.jpg,Neither,Only_Smoke,2.973656415939331,0.9486624002456665,0,0.051116060465574265,0.0001845553342718631,0.9486624002456665,3.703369657159783e-05
iteration3,AoF07672.jpg,Neither,Neither,0.02591370977461338,0.9744191765785217,1,0.9744191765785217,0.00017443975957576185,0.025377659127116203,2.8679003662546165e-05
iteration3,AoF07673.jpg,Only_Smoke,Only_Smoke,0.059100497514009476,0.9426120519638062,1,0.05671590939164162,0.000639012607280165,0.9426120519638062,3.311717591714114e-05
iteration3,AoF07674.jpg,Neither,Neither,0.06753256916999817,0.9346972703933716,1,0.9346972703933716,0.0001421706547262147,0.06486166268587112,0.0002988219785038382
iteration3,AoF07675.jpg,Neither,Only_Smoke,1.5988701581954956,0.7964678406715393,0,0.20212474465370178,0.0012975248973816633,0.7964678406715393,0.00010986811685143039
iteration3,AoF07676.jpg,Neither,Neither,0.5797954797744751,0.5600128769874573,1,0.5600128769874573,0.0018537184223532677,0.43787533044815063,0.00025804556207731366
iteration3,AoF07677.jpg,Neither,Neither,0.10102057456970215,0.9039144515991211,1,0.9039144515991211,0.00017666637722868472,0.09589067101478577,1.8314705812372267e-05
iteration3,AoF07678.jpg,Neither,Neither,0.0008322112844325602,0.9991681575775146,1,0.9991681575775146,1.5375640941783786e-05,0.0006651855073869228,0.00015122091281227767
iteration3,AoF07679.jpg,Neither,Neither,0.0019315887475386262,0.9980702996253967,1,0.9980702996253967,1.1754023034882266e-05,0.0017931560287252069,0.00012478732969611883
iteration3,AoF07680.jpg,Neither,Neither,0.0021354984492063522,0.9978668093681335,1,0.9978668093681335,5.5582935601705685e-05,0.0015319434460252523,0.000545692048035562
iteration3,AoF07681.jpg,Neither,Neither,0.0047768522053956985,0.9952345490455627,1,0.9952345490455627,0.0006347151938825846,0.0013154703192412853,0.0028152777813374996
iteration3,AoF07682.jpg,Neither,Only_Smoke,1.3407514095306396,0.7377505898475647,0,0.2616489827632904,0.0005551422364078462,0.7377505898475647,4.526980410446413e-05
iteration3,AoF07683.jpg,Neither,Only_Smoke,1.2591116428375244,0.7154719233512878,0,0.28390613198280334,0.0005604389007203281,0.7154719233512878,6.149293039925396e-05
iteration3,AoF07684.jpg,Neither,Neither,0.0482100248336792,0.9529336094856262,1,0.9529336094856262,0.00026754193822853267,0.04600256681442261,0.0007963314419612288
iteration3,AoF07685.jpg,Neither,Neither,0.011291882954537868,0.9887716174125671,1,0.9887716174125671,0.0003511033137328923,0.009185259230434895,0.0016918936744332314
iteration3,AoF07686.jpg,Neither,Neither,0.13460387289524078,0.8740620613098145,1,0.8740620613098145,0.0005503356223925948,0.1239943727850914,0.0013932788278907537
iteration3,AoF07687.jpg,Neither,Only_Smoke,1.3667367696762085,0.7437182068824768,0,0.2549374997615814,0.0012803592253476381,0.7437182068824768,6.393922376446426e-05
iteration3,AoF07688.jpg,Neither,Neither,0.6392289996147156,0.5276991128921509,1,0.5276991128921509,0.0019742599688470364,0.4700610041618347,0.0002656200958881527
iteration3,AoF07689.jpg,Neither,Neither,0.01892603561282158,0.9812519550323486,1,0.9812519550323486,0.0014517218805849552,0.016949491575360298,0.0003468848008196801
iteration3,AoF07690.jpg,Neither,Neither,0.038986243307590485,0.9617639183998108,1,0.9617639183998108,0.0011930715991184115,0.03680127486586571,0.0002417004870949313
iteration3,AoF07691.jpg,Neither,Only_Smoke,3.4391400814056396,0.967521071434021,0,0.032092269510030746,0.00036798240034841,0.967521071434021,1.865061858552508e-05
iteration3,AoF07692.jpg,Neither,Neither,0.3485356867313385,0.7057207226753235,1,0.7057207226753235,0.0012308885343372822,0.2929495871067047,9.876247349893674e-05
iteration3,AoF07693.jpg,Neither,Only_Smoke,1.663287878036499,0.8091327548027039,0,0.18951484560966492,0.001261425786651671,0.8091327548027039,9.099735325435176e-05
iteration3,AoF07694.jpg,Neither,Neither,0.007471711840480566,0.9925561547279358,1,0.9925561547279358,4.148323569097556e-05,0.007094422355294228,0.0003079306916333735
iteration3,AoF07695.jpg,Neither,Only_Smoke,1.132775902748108,0.6767720580101013,0,0.32213783264160156,0.0010209542233496904,0.6767720580101013,6.913427205290645e-05
iteration3,AoF07696.jpg,Neither,Neither,0.2798919379711151,0.7558653950691223,1,0.7558653950691223,0.003935683984309435,0.23782789707183838,0.002371043898165226
iteration3,AoF07697.jpg,Neither,Neither,0.021953774616122246,0.9782854318618774,1,0.9782854318618774,0.021140167489647865,0.0003577596799004823,0.0002165900805266574
iteration3,AoF07698.jpg,Neither,Neither,0.6027294397354126,0.5473157167434692,1,0.5473157167434692,0.00038032131851650774,0.45215171575546265,0.0001522695238236338
iteration3,AoF07699.jpg,Neither,Neither,0.541817307472229,0.5816901922225952,1,0.5816901922225952,0.0007637700182385743,0.4171883761882782,0.00035768531961366534
iteration3,AoF07700.jpg,Neither,Neither,0.22082380950450897,0.8018579483032227,1,0.8018579483032227,0.0013605471467599273,0.19591306149959564,0.0008684752392582595
iteration3,AoF07701.jpg,Neither,Neither,0.1813904345035553,0.8341096043586731,1,0.8341096043586731,0.0001441984495613724,0.16573859751224518,7.581508270959603e-06
iteration3,AoF07702.jpg,Neither,Only_Smoke,0.7343748807907104,0.5157296061515808,0,0.4798052906990051,0.004011698067188263,0.5157296061515808,0.0004534251638688147
iteration3,AoF07703.jpg,Neither,Neither,0.08257900923490524,0.920738697052002,1,0.920738697052002,0.010511189699172974,0.04877450689673424,0.019975611940026283
iteration3,AoF07704.jpg,Neither,Neither,0.0360405296087265,0.9646012187004089,1,0.9646012187004089,0.005821282044053078,0.021086445078253746,0.008491061627864838
iteration3,AoF07705.jpg,Neither,Neither,0.42190706729888916,0.6557949781417847,1,0.6557949781417847,0.0014786863466724753,0.34217405319213867,0.0005522328428924084
iteration3,AoF07706.jpg,Neither,Neither,0.07796645909547806,0.9249954223632812,1,0.9249954223632812,0.00046965532237663865,0.074477419257164,5.743272777181119e-05
iteration3,AoF07707.jpg,Neither,Only_Smoke,0.7945048809051514,0.5437067747116089,0,0.45180487632751465,0.0033231275156140327,0.5437067747116089,0.0011652266839519143
iteration3,AoF07708.jpg,Neither,Neither,0.2406156361103058,0.7861437201499939,1,0.7861437201499939,0.003111947327852249,0.20862963795661926,0.002114628441631794
iteration3,AoF07709.jpg,Neither,Only_Smoke,0.8805657029151917,0.5836269855499268,0,0.4145483672618866,0.0014737197197973728,0.5836269855499268,0.00035092970938421786
iteration3,AoF07710.jpg,Neither,Only_Smoke,1.1809848546981812,0.691952109336853,0,0.3069762587547302,0.0008751624845899642,0.691952109336853,0.0001963978575076908
iteration3,AoF07711.jpg,Neither,Neither,0.3768002390861511,0.6860530972480774,1,0.6860530972480774,0.0020875839982181787,0.31079381704330444,0.0010654955403879285
iteration3,AoF07712.jpg,Neither,Neither,0.32194873690605164,0.7247353196144104,1,0.7247353196144104,0.0010463788639754057,0.2739693820476532,0.0002489103644620627
iteration3,AoF07713.jpg,Neither,Neither,0.6285000443458557,0.5333912372589111,1,0.5333912372589111,0.001530671026557684,0.46423667669296265,0.0008414529147557914
iteration3,AoF07714.jpg,Neither,Neither,0.5103948712348938,0.6002585291862488,1,0.6002585291862488,0.0014086152659729123,0.3982365131378174,9.63842830969952e-05
iteration3,AoF07715.jpg,Neither,Neither,0.08737587928771973,0.9163326025009155,1,0.9163326025009155,0.0005257949233055115,0.08243140578269958,0.0007102253730408847
iteration3,AoF07716.jpg,Neither,Neither,0.42141881585121155,0.6561152338981628,1,0.6561152338981628,0.07378657162189484,0.140682190656662,0.12941598892211914
iteration3,AoF07717.jpg,Neither,Neither,0.6717650294303894,0.5108062028884888,1,0.5108062028884888,0.006436586380004883,0.47971707582473755,0.003040103241801262
iteration3,AoF07718.jpg,Both,Both,0.015105970203876495,0.9850075244903564,1,3.423988164286129e-05,0.002154580084607005,0.01280360296368599,0.9850075244903564
iteration3,AoF07719.jpg,Both,Both,0.002964271232485771,0.9970400929450989,1,8.0173686001217e-06,0.0014484507264569402,0.0015033771051093936,0.9970400929450989
iteration3,AoF07720.jpg,Both,Both,0.015204952098429203,0.9849100708961487,1,5.061292904429138e-05,0.004124999977648258,0.010914402082562447,0.9849100708961487
iteration3,AoF07721.jpg,Both,Both,0.023960433900356293,0.9763243198394775,1,1.1249693670833949e-05,0.001026144833303988,0.022638188675045967,0.9763243198394775
iteration3,AoF07722.jpg,Both,Both,0.05030474439263344,0.9509395956993103,1,0.00034898921148851514,0.04528592526912689,0.003425423288717866,0.9509395956993103
iteration3,AoF07723.jpg,Both,Both,0.009676693007349968,0.990369975566864,1,2.0430110453162342e-05,0.008423174731433392,0.001186400419101119,0.990369975566864
iteration3,AoF07724.jpg,Both,Both,0.0019666869193315506,0.9980352520942688,1,5.9557864915404934e-06,0.001813232316635549,0.0001456133322790265,0.9980352520942688
iteration3,AoF07725.jpg,Both,Both,0.01601499132812023,0.984112560749054,1,0.00010027665121015161,0.0044208732433617115,0.011366220191121101,0.984112560749054
iteration3,AoF07726.jpg,Both,Both,0.0005355831235647202,0.9994645714759827,1,4.503536274569342e-06,0.0003835570241790265,0.00014734883734490722,0.9994645714759827
iteration3,AoF07727.jpg,Both,Both,0.002268005395308137,0.997734546661377,1,3.604395999445842e-07,0.0019273256184533238,0.0003377929388079792,0.997734546661377
iteration3,AoF07728.jpg,Both,Both,0.003538658143952489,0.9964675903320312,1,1.297055041504791e-05,0.0014864351833239198,0.002033050637692213,0.9964675903320312
iteration3,AoF07729.jpg,Both,Both,0.0046292515471577644,0.9953814744949341,1,6.195815331011545e-06,0.003152607474476099,0.0014596580294892192,0.9953814744949341
iteration3,AoF07730.jpg,Both,Both,0.01001653354614973,0.9900334477424622,1,5.36555889993906e-05,0.001459237071685493,0.00845368392765522,0.9900334477424622
iteration3,AoF07731.jpg,Both,Both,0.0015485212206840515,0.9984526634216309,1,2.0437289549590787e-06,0.0008204166078940034,0.0007248448673635721,0.9984526634216309
iteration3,AoF07732.jpg,Both,Both,0.003360341303050518,0.9966452717781067,1,1.5111669426914887e-06,0.0027791725005954504,0.0005739896441809833,0.9966452717781067
iteration3,AoF07733.jpg,Both,Both,0.004634710028767586,0.9953759908676147,1,4.759864680181636e-07,0.004449192434549332,0.0001743129687383771,0.9953759908676147
iteration3,AoF07734.jpg,Both,Both,0.009470772929489613,0.9905739426612854,1,4.154144789936254e-06,0.008893179707229137,0.0005287192761898041,0.9905739426612854
iteration3,AoF07735.jpg,Both,Both,0.023272234946489334,0.9769964814186096,1,5.2941770263714716e-05,0.020895877853035927,0.00205479864962399,0.9769964814186096
iteration3,AoF07736.jpg,Both,Both,0.1638830304145813,0.8488413095474243,1,0.0008060188847593963,0.14914749562740326,0.0012052323436364532,0.8488413095474243
iteration3,AoF07737.jpg,Both,Both,0.06143401935696602,0.9404149651527405,1,0.00026293168775737286,0.05493812635540962,0.004384015221148729,0.9404149651527405
iteration3,AoF07738.jpg,Only_Fire,Both,0.7434435486793518,0.5230316519737244,0,0.0004263405571691692,0.4754737913608551,0.0010682311840355396,0.5230316519737244
iteration3,AoF07739.jpg,Only_Fire,Only_Fire,0.013833245262503624,0.9862620234489441,1,0.00016034736472647637,0.9862620234489441,0.00043025839840993285,0.013147462159395218
iteration3,AoF07740.jpg,Only_Fire,Only_Fire,0.009612937457859516,0.9904330968856812,1,2.4297543859574944e-05,0.9904330968856812,3.552498310455121e-05,0.009506996721029282
iteration3,AoF07741.jpg,Both,Both,0.02783268503844738,0.9725510478019714,1,2.4069556729955366e-06,0.020794691517949104,0.0066518583334982395,0.9725510478019714
iteration3,AoF07742.jpg,Both,Both,0.02899462729692459,0.9714216589927673,1,2.1761993593827356e-06,0.02255379967391491,0.006022302433848381,0.9714216589927673
iteration3,AoF07743.jpg,Both,Both,0.09308968484401703,0.9111117720603943,1,1.0365139360146713e-06,0.08801016211509705,0.00087694451212883,0.9111117720603943
iteration3,AoF07744.jpg,Both,Both,0.03859245404601097,0.9621427655220032,1,8.078088740148814e-07,0.031984202563762665,0.005872220732271671,0.9621427655220032
iteration3,AoF07745.jpg,Only_Fire,Only_Fire,0.004664374049752951,0.9953464865684509,1,2.1962232494843192e-06,0.9953464865684509,3.1837807910051197e-06,0.004648223984986544
iteration3,AoF07746.jpg,Both,Both,0.028683070093393326,0.9717243909835815,1,3.411071020309464e-06,0.021518347784876823,0.006753745023161173,0.9717243909835815
iteration3,AoF07747.jpg,Both,Both,0.08709631115198135,0.9165888428688049,1,5.42559928362607e-06,0.0675930455327034,0.015812702476978302,0.9165888428688049
iteration3,AoF07748.jpg,Both,Both,0.06422459334135056,0.9377943277359009,1,2.807348209898919e-06,0.039045002311468124,0.023157794028520584,0.9377943277359009
iteration3,AoF07749.jpg,Both,Both,0.2664521634578705,0.7660926580429077,1,7.262586677825311e-06,0.21452845633029938,0.019371643662452698,0.7660926580429077
iteration3,AoF07750.jpg,Both,Both,0.3849850296974182,0.6804608106613159,1,8.856951353664044e-06,0.30707716941833496,0.012453189119696617,0.6804608106613159
iteration3,AoF07751.jpg,Both,Both,0.0854853093624115,0.9180666208267212,1,2.0834636416111607e-06,0.07852595299482346,0.0034052683040499687,0.9180666208267212
iteration3,AoF07752.jpg,Both,Both,0.0284089595079422,0.9719907641410828,1,1.4213284202924115e-06,0.025433382019400597,0.0025744286831468344,0.9719907641410828
iteration3,AoF07753.jpg,Both,Both,0.015799693763256073,0.9843244552612305,1,3.511503905428981e-07,0.009085684083402157,0.006589542608708143,0.9843244552612305
iteration3,AoF07754.jpg,Both,Both,0.054875873029232025,0.9466026425361633,1,6.775952442694688e-06,0.031049642711877823,0.022340940311551094,0.9466026425361633
iteration3,AoF07755.jpg,Both,Both,0.07850221544504166,0.9244999885559082,1,3.3786272979341447e-06,0.06656140834093094,0.008935208432376385,0.9244999885559082
iteration3,AoF07756.jpg,Both,Both,0.05668459087610245,0.9448920488357544,1,9.197238796332385e-06,0.028451159596443176,0.026647545397281647,0.9448920488357544
iteration3,AoF07757.jpg,Both,Both,0.02910764515399933,0.9713119268417358,1,3.0408587008423638e-06,0.01931697130203247,0.009368139319121838,0.9713119268417358
iteration3,AoF07758.jpg,Only_Fire,Only_Fire,0.010056305676698685,0.9899941086769104,1,4.6548066734430904e-07,0.9899941086769104,9.988114015868632e-07,0.010004512965679169
iteration3,AoF07759.jpg,Both,Both,0.029614442959427834,0.9708197712898254,1,1.916639803312137e-06,0.021845366805791855,0.007332958281040192,0.9708197712898254
iteration3,AoF07760.jpg,Both,Both,0.04236137494444847,0.9585233330726624,1,1.6187765140784904e-05,0.02245059609413147,0.019009819254279137,0.9585233330726624
iteration3,AoF07761.jpg,Both,Both,0.07687211036682129,0.9260082840919495,1,0.00014498381642624736,0.05155673995614052,0.0222899429500103,0.9260082840919495
iteration3,AoF07762.jpg,Only_Fire,Only_Fire,0.00336307380348444,0.9966425895690918,1,2.3211712232296122e-06,0.9966425895690918,3.809670943155652e-06,0.0033512976951897144
iteration3,AoF07763.jpg,Both,Both,0.08982652425765991,0.9140897393226624,1,7.977303175721318e-05,0.05917033925652504,0.026660088449716568,0.9140897393226624
iteration3,AoF07764.jpg,Both,Both,0.04915562644600868,0.9520329833030701,1,1.3770667464996222e-05,0.026942679658532143,0.02101053297519684,0.9520329833030701
iteration3,AoF07765.jpg,Both,Both,0.07155414670705795,0.930945873260498,1,0.0010391592513769865,0.013487408868968487,0.054527509957551956,0.930945873260498
iteration3,AoF07766.jpg,Both,Both,0.15622813999652863,0.8553640246391296,1,0.001102360081858933,0.010795040987432003,0.13273848593235016,0.8553640246391296
iteration3,AoF07767.jpg,Both,Both,0.01563211716711521,0.9844894409179688,1,2.1606558675557608e-06,0.004430373199284077,0.011078041978180408,0.9844894409179688
iteration3,AoF07768.jpg,Both,Both,0.013564910739660263,0.9865266680717468,1,2.678382998055895e-06,0.004757845774292946,0.008712799288332462,0.9865266680717468
iteration3,AoF07769.jpg,Both,Both,0.0025854038540273905,0.9974179267883301,1,5.534130309570173e-08,0.0009236755431629717,0.0016584225231781602,0.9974179267883301
iteration3,AoF07770.jpg,Only_Fire,Both,3.6318697929382324,0.9571232199668884,0,2.9794227884849533e-05,0.026466654613614082,0.016380351036787033,0.9571232199668884
iteration3,AoF07771.jpg,Both,Both,0.03621299937367439,0.9644348621368408,1,1.9418325791775715e-06,0.026097120717167854,0.009466070681810379,0.9644348621368408
iteration3,AoF07772.jpg,Both,Both,0.06293130666017532,0.9390079975128174,1,0.0003735020582098514,0.028279561549425125,0.0323389507830143,0.9390079975128174
iteration3,AoF07773.jpg,Both,Both,0.053590547293424606,0.9478201270103455,1,0.00013016712910030037,0.02828388474881649,0.0237659253180027,0.9478201270103455
iteration3,AoF07774.jpg,Both,Both,0.10963927954435349,0.8961573243141174,1,7.687241122766864e-06,0.09681124985218048,0.007023786194622517,0.8961573243141174
iteration3,AoF07775.jpg,Both,Both,0.029863232746720314,0.9705782532691956,1,2.3286645500775194e-06,0.021781738847494125,0.007637720555067062,0.9705782532691956
iteration3,AoF07776.jpg,Both,Only_Fire,0.7142843008041382,0.5103216171264648,0,6.539158675877843e-06,0.5103216171264648,0.00012945996422786266,0.4895423650741577
iteration3,AoF07777.jpg,Both,Both,0.011213849298655987,0.9888488054275513,1,9.605606692275614e-07,0.0032982672564685345,0.007852016016840935,0.9888488054275513
iteration3,AoF07778.jpg,Both,Only_Fire,0.8380386829376221,0.5673704147338867,0,1.6196900105569512e-06,0.5673704147338867,6.985873187659308e-05,0.4325580894947052
iteration3,AoF07779.jpg,Both,Both,0.01570476032793522,0.9844179153442383,1,2.0694178601843305e-06,0.005227151792496443,0.010352757759392262,0.9844179153442383
iteration3,AoF07780.jpg,Only_Fire,Only_Fire,0.08696725964546204,0.9167070984840393,1,4.5361375100583246e-07,0.9167070984840393,6.127419510448817e-06,0.08328637480735779
iteration3,AoF07781.jpg,Both,Both,0.0017041935352608562,0.9982972741127014,1,9.410264567577542e-08,0.0009446186595596373,0.0007579999510198832,0.9982972741127014
iteration3,AoF07782.jpg,Both,Both,0.0032544764690101147,0.9967508316040039,1,6.877070859445666e-07,0.002576652681455016,0.0006718378863297403,0.9967508316040039
iteration3,AoF07783.jpg,Both,Both,0.0020667400676757097,0.99793541431427,1,2.2496838170127376e-08,0.002019100822508335,4.550721132545732e-05,0.99793541431427
iteration3,AoF07784.jpg,Only_Fire,Only_Fire,0.029683763161301613,0.970752477645874,1,5.755374559157644e-07,0.970752477645874,1.9326071196701378e-06,0.029245033860206604
iteration3,AoF07785.jpg,Both,Both,0.0020316452719271183,0.9979704022407532,1,9.505318132596585e-08,0.0010902788490056992,0.0009391664061695337,0.9979704022407532
iteration3,AoF07786.jpg,Both,Both,0.022479012608528137,0.9777717590332031,1,9.492758181295358e-06,0.014301120303571224,0.007917556911706924,0.9777717590332031
iteration3,AoF07787.jpg,Both,Both,0.011612676084041595,0.9884545207023621,1,4.315423666412244e-06,0.00804142840206623,0.003499749582260847,0.9884545207023621
iteration3,AoF07788.jpg,Both,Both,0.21338357031345367,0.807846188545227,1,0.007015918847173452,0.09483674168586731,0.09030110388994217,0.807846188545227
iteration3,AoF07789.jpg,Only_Fire,Only_Fire,0.029030874371528625,0.9713864922523499,1,1.0194059996138094e-06,0.9713864922523499,4.014831120002782e-06,0.028608497232198715
iteration3,AoF07790.jpg,Both,Both,0.06476753950119019,0.937285304069519,1,0.00023412687005475163,0.02721383236348629,0.035266678780317307,0.937285304069519
iteration3,AoF07791.jpg,Both,Both,0.008959448896348476,0.9910805821418762,1,7.178787654993357e-06,0.006325822323560715,0.0025864385534077883,0.9910805821418762
iteration3,AoF07792.jpg,Both,Both,0.07196123898029327,0.9305669665336609,1,5.124846211401746e-05,0.02098451927304268,0.04839729517698288,0.9305669665336609
iteration3,AoF07793.jpg,Only_Fire,Only_Fire,0.03702906519174576,0.9636481404304504,1,1.141827851824928e-06,0.9636481404304504,6.751445653208066e-06,0.036343906074762344
iteration3,AoF07794.jpg,Both,Both,0.11677979677915573,0.88978111743927,1,3.7694313505198807e-05,0.08941960334777832,0.02076161466538906,0.88978111743927
iteration3,AoF07795.jpg,Both,Both,0.13203004002571106,0.876314640045166,1,9.44131716096308e-06,0.10427898168563843,0.019396914169192314,0.876314640045166
iteration3,AoF07796.jpg,Both,Both,0.09745074808597565,0.9071469902992249,1,2.983277681778418e-06,0.0778040960431099,0.015045896172523499,0.9071469902992249
iteration3,AoF07797.jpg,Both,Both,0.027809498831629753,0.9725736379623413,1,8.087972673820332e-06,0.01938757300376892,0.008030707016587257,0.9725736379623413
iteration3,AoF07798.jpg,Only_Fire,Only_Fire,0.22888267040252686,0.795421838760376,1,4.696912583312951e-06,0.795421838760376,0.00031003987533040345,0.20426344871520996
iteration3,AoF07799.jpg,Both,Both,0.0588187538087368,0.9428776502609253,1,0.00016994032193906605,0.03173935040831566,0.025213072076439857,0.9428776502609253
iteration3,AoF07800.jpg,Both,Both,0.12090324610471725,0.8861196637153625,1,9.099423186853528e-05,0.07026606053113937,0.04352321848273277,0.8861196637153625
iteration3,AoF07801.jpg,Both,Both,0.07189623266458511,0.9306274652481079,1,9.008293272927403e-05,0.03709699958562851,0.032185398042201996,0.9306274652481079
iteration3,AoF07802.jpg,Both,Both,0.09172098338603973,0.9123596549034119,1,9.662121010478586e-05,0.05451487377285957,0.03302886709570885,0.9123596549034119
iteration3,AoF07803.jpg,Both,Both,0.21812476217746735,0.8040251135826111,1,2.9617774998769164e-05,0.15219099819660187,0.04375430569052696,0.8040251135826111
iteration3,AoF07804.jpg,Both,Both,0.1712757796049118,0.8425891995429993,1,2.871454671549145e-05,0.13169407844543457,0.025687936693429947,0.8425891995429993
iteration3,AoF07805.jpg,Both,Both,0.0888909175992012,0.9149453639984131,1,4.6104898501653224e-05,0.04322754219174385,0.04178102687001228,0.9149453639984131
iteration3,AoF07806.jpg,Only_Fire,Only_Fire,0.47963452339172363,0.6190095543861389,1,0.0005592687521129847,0.6190095543861389,0.029607616364955902,0.35082361102104187
iteration3,AoF07807.jpg,Only_Fire,Only_Fire,0.36759328842163086,0.692398726940155,1,0.0002137508854502812,0.692398726940155,0.0222393237054348,0.28514817357063293
iteration3,AoF07808.jpg,Only_Fire,Both,1.552358627319336,0.7627966403961182,0,0.0001439798652427271,0.211747944355011,0.02531144581735134,0.7627966403961182
iteration3,AoF07809.jpg,Only_Fire,Only_Fire,0.07160763442516327,0.9308961033821106,1,0.001644143252633512,0.9308961033821106,0.009056579321622849,0.05840316414833069
iteration3,AoF07810.jpg,Only_Fire,Only_Fire,0.11629632115364075,0.8902114033699036,1,0.0005342429503798485,0.8902114033699036,0.0007940403884276748,0.10846023261547089
iteration3,AoF07811.jpg,Both,Only_Fire,0.7742903232574463,0.5380352139472961,0,1.6149229850270785e-05,0.5380352139472961,0.0009177716565318406,0.46103087067604065
iteration3,AoF07812.jpg,Both,Only_Fire,4.1341352462768555,0.9825069308280945,0,0.0010384403867647052,0.9825069308280945,0.00043814556556753814,0.016016507521271706
iteration3,AoF07813.jpg,Only_Fire,Only_Fire,0.0248710960149765,0.9754356145858765,1,0.00696265883743763,0.9754356145858765,0.0015162300551310182,0.01608545146882534
iteration3,AoF07814.jpg,Only_Fire,Both,0.857233464717865,0.5719616413116455,0,5.595041329797823e-06,0.4243343770503998,0.0036984090693295,0.5719616413116455
iteration3,AoF07815.jpg,Both,Both,0.446946918964386,0.6395778656005859,1,7.822397310519591e-05,0.3433852791786194,0.01695864647626877,0.6395778656005859
iteration3,AoF07816.jpg,Both,Both,0.11207642406225204,0.8939759135246277,1,6.257936888687254e-07,0.0015704899560660124,0.1044529527425766,0.8939759135246277
iteration3,AoF07817.jpg,Both,Both,0.050738029181957245,0.9505276679992676,1,1.827134724408097e-06,0.00476854620501399,0.044702015817165375,0.9505276679992676
iteration3,AoF07818.jpg,Both,Both,0.05972350016236305,0.9420249462127686,1,3.99256322225483e-07,0.0003755012876354158,0.057599104940891266,0.9420249462127686
iteration3,AoF07819.jpg,Both,Both,0.041570693254470825,0.9592815041542053,1,5.356815790946712e-07,0.000961791374720633,0.03975607082247734,0.9592815041542053
iteration3,AoF07820.jpg,Both,Both,0.36525142192840576,0.6940221190452576,1,3.0371479624591302e-06,0.0005842911195941269,0.3053905665874481,0.6940221190452576
iteration3,AoF07821.jpg,Both,Both,0.0868813619017601,0.9167858362197876,1,2.83735431594323e-07,0.0009102669428102672,0.08230360597372055,0.9167858362197876
iteration3,AoF07822.jpg,Both,Both,0.10478994995355606,0.9005136489868164,1,1.370213169593626e-07,0.0013905690284445882,0.09809556603431702,0.9005136489868164
iteration3,AoF07823.jpg,Both,Both,0.23143219947814941,0.7933964729309082,1,1.242464463757642e-06,0.0018169357208535075,0.2047852873802185,0.7933964729309082
iteration3,AoF07824.jpg,Both,Both,0.06156618520617485,0.9402906894683838,1,8.719426887182635e-07,0.000339004211127758,0.05936940014362335,0.9402906894683838
iteration3,AoF07825.jpg,Both,Both,0.04892907291650772,0.9522486925125122,1,1.5442433323187288e-06,0.0008858516812324524,0.04686390981078148,0.9522486925125122
iteration3,AoF07826.jpg,Both,Both,0.09131424129009247,0.912730872631073,1,9.056468002199836e-07,0.0007824855856597424,0.08648577332496643,0.912730872631073
iteration3,AoF07827.jpg,Both,Both,0.22171813249588013,0.8011411428451538,1,1.6850131942192093e-05,0.0005951114580966532,0.19824689626693726,0.8011411428451538
iteration3,AoF07828.jpg,Both,Both,0.19541077315807343,0.8224967122077942,1,1.0880915397137869e-05,0.002011437201872468,0.1754809319972992,0.8224967122077942
iteration3,AoF07829.jpg,Only_Fire,Only_Fire,0.24536602199077606,0.7824180722236633,1,0.0008624835172668099,0.7824180722236633,0.008076497353613377,0.20864298939704895
iteration3,AoF07830.jpg,Only_Smoke,Both,3.5676448345184326,0.9478633999824524,0,7.520602957811207e-05,0.023839140310883522,0.02822224609553814,0.9478633999824524
iteration3,AoF07831.jpg,Both,Both,0.004888013005256653,0.9951239228248596,1,0.0002086638123728335,0.0006520958850160241,0.0040152668952941895,0.9951239228248596
iteration3,AoF07832.jpg,Both,Both,0.001627312507480383,0.9983739852905273,1,4.9779686150941416e-08,0.0015869720373302698,3.90241330023855e-05,0.9983739852905273
iteration3,AoF07833.jpg,Both,Both,0.0012666305992752314,0.998734176158905,1,8.976361277746037e-05,0.0006052752141840756,0.0005708244862034917,0.998734176158905
iteration3,AoF07834.jpg,Only_Fire,Both,2.590327739715576,0.9240682125091553,0,7.748376810923219e-05,0.07499546557664871,0.0008589010685682297,0.9240682125091553
iteration3,AoF07835.jpg,Both,Both,0.003944118972867727,0.9960636496543884,1,4.879436346527655e-06,0.0023600601125508547,0.0015714112669229507,0.9960636496543884
iteration3,AoF07836.jpg,Both,Both,0.02292766608297825,0.9773331880569458,1,5.301206329022534e-05,0.006531673017889261,0.01608217880129814,0.9773331880569458
iteration3,AoF07837.jpg,Both,Both,0.004112003371119499,0.9958964586257935,1,6.697995900140086e-07,0.0024407992605119944,0.0016621550312265754,0.9958964586257935
iteration3,AoF07838.jpg,Both,Both,0.0017780937487259507,0.9982234835624695,1,7.343192720554725e-08,0.0016403384506702423,0.00013607917935587466,0.9982234835624695
iteration3,AoF07839.jpg,Both,Both,0.05186156556010246,0.9494602680206299,1,0.01914946734905243,0.02252657525241375,0.008863726630806923,0.9494602680206299
iteration3,AoF07840.jpg,Only_Fire,Both,3.1288235187530518,0.9561858773231506,0,5.718492957385024e-06,0.04376925900578499,3.919592927559279e-05,0.9561858773231506
iteration3,AoF07841.jpg,Both,Both,0.31427738070487976,0.7303164005279541,1,0.00022554701718036085,0.26336926221847534,0.006088762544095516,0.7303164005279541
iteration3,AoF07842.jpg,Only_Fire,Only_Fire,0.06766828149557114,0.9345704317092896,1,4.537217319011688e-05,0.9345704317092896,8.221803727792576e-05,0.06530202925205231
iteration3,AoF07843.jpg,Both,Only_Fire,0.8739957809448242,0.4960733950138092,0,0.05239159241318703,0.4960733950138092,0.034254059195518494,0.4172808825969696
iteration3,AoF07844.jpg,Both,Both,0.5225790739059448,0.5929892063140869,1,0.010400497354567051,0.3818153738975525,0.014794879592955112,0.5929892063140869
iteration3,AoF07845.jpg,Only_Fire,Both,0.973667323589325,0.6127743124961853,0,0.0008818343048915267,0.37769538164138794,0.008648436516523361,0.6127743124961853
iteration3,AoF07846.jpg,Only_Fire,Only_Fire,0.016046548262238503,0.984081506729126,1,0.003940986935049295,0.984081506729126,0.00055858981795609,0.01141887716948986
iteration3,AoF07847.jpg,Only_Fire,Only_Fire,0.011857384815812111,0.9882126450538635,1,0.0002600947627797723,0.9882126450538635,4.34309768024832e-05,0.011483840644359589
iteration3,AoF07848.jpg,Only_Fire,Only_Fire,0.003652807092294097,0.9963538646697998,1,0.0034249708987772465,0.9963538646697998,3.0377976145246066e-05,0.00019080023048445582
iteration3,AoF07849.jpg,Only_Fire,Only_Fire,0.00022456508304458112,0.9997754693031311,1,1.7659297100180993e-06,0.9997754693031311,1.6409726413257886e-06,0.00022107134282123297
iteration3,AoF07850.jpg,Only_Fire,Only_Fire,0.02258903905749321,0.9776641726493835,1,0.00019277591491118073,0.9776641726493835,0.00011841384548461065,0.022024601697921753
iteration3,AoF07851.jpg,Only_Fire,Both,0.6978892087936401,0.4977170526981354,0,2.814352046698332e-05,0.4976345896720886,0.004620157182216644,0.4977170526981354
iteration3,AoF07852.jpg,Only_Fire,Both,1.660213828086853,0.7645826935768127,0,0.0027805613353848457,0.1900983303785324,0.042538419365882874,0.7645826935768127
iteration3,AoF07853.jpg,Only_Fire,Only_Fire,0.11530391126871109,0.8910952806472778,1,0.0007486437098123133,0.8910952806472778,0.0006088014342822134,0.10754720866680145
iteration3,AoF07854.jpg,Only_Fire,Only_Fire,0.07867225259542465,0.9243428111076355,1,4.259693741914816e-05,0.9243428111076355,0.0002515366650186479,0.07536306977272034
iteration3,AoF07855.jpg,Only_Fire,Only_Fire,0.00034314466756768525,0.9996569156646729,1,6.960128303035162e-06,0.9996569156646729,9.732610124046914e-06,0.000326351000694558
iteration3,AoF07856.jpg,Only_Fire,Only_Fire,0.004197122063487768,0.9958117008209229,1,1.7919726815307513e-05,0.9958117008209229,3.261752499383874e-05,0.004137710202485323
iteration3,AoF07857.jpg,Only_Fire,Only_Fire,0.2829222083091736,0.7535784244537354,1,0.0001043969314196147,0.7535784244537354,0.0037200527731329203,0.2425970584154129
iteration3,AoF07858.jpg,Only_Fire,Only_Fire,0.05867487192153931,0.9430133104324341,1,9.248143032891676e-05,0.9430133104324341,0.0003392491489648819,0.056554969400167465
iteration3,AoF07859.jpg,Only_Fire,Only_Fire,0.01739530824124813,0.9827551245689392,1,2.1132744222995825e-05,0.9827551245689392,0.00020605293684639037,0.01701773703098297
iteration3,AoF07860.jpg,Only_Fire,Only_Fire,0.25929152965545654,0.7715980410575867,1,0.0022639422677457333,0.7715980410575867,0.016706857830286026,0.20943114161491394
iteration3,AoF07861.jpg,Only_Fire,Only_Fire,0.06717405468225479,0.9350324273109436,1,0.0010431467089802027,0.9350324273109436,0.00470854202285409,0.059215862303972244
iteration3,AoF07862.jpg,Only_Fire,Only_Fire,0.001529477071017027,0.9984716773033142,1,0.0006401187274605036,0.9984716773033142,4.8280951887136325e-05,0.0008398176869377494
iteration3,AoF07863.jpg,Both,Only_Fire,4.999330520629883,0.992327868938446,0,0.0006909577641636133,0.992327868938446,0.00023873569443821907,0.006742460653185844
iteration3,AoF07864.jpg,Only_Fire,Only_Fire,0.0024358145892620087,0.9975671768188477,1,0.00013849581591784954,0.9975671768188477,5.6496806791983545e-05,0.002237776294350624
iteration3,AoF07865.jpg,Only_Fire,Only_Fire,0.02884569577872753,0.971566379070282,1,0.024429788812994957,0.971566379070282,0.00020592237706296146,0.0037979509215801954
iteration3,AoF07866.jpg,Only_Fire,Only_Fire,0.08101886510848999,0.9221763014793396,1,0.010496128350496292,0.9221763014793396,0.007791317533701658,0.05953628197312355
iteration3,AoF07867.jpg,Only_Fire,Only_Fire,0.37234604358673096,0.6891157627105713,1,0.0018133362755179405,0.6891157627105713,0.003851355751976371,0.3052195608615875
iteration3,AoF07868.jpg,Both,Both,0.06912222504615784,0.9332125782966614,1,0.0003470407973509282,0.0615953765809536,0.00484499940648675,0.9332125782966614
iteration3,AoF07869.jpg,Only_Fire,Only_Fire,0.027821555733680725,0.9725618958473206,1,0.013748610392212868,0.9725618958473206,0.00036119105061516166,0.013328304514288902
iteration3,AoF07870.jpg,Both,Only_Fire,1.031275987625122,0.6395440697669983,0,0.001406980911269784,0.6395440697669983,0.0024972576647996902,0.3565517067909241
iteration3,AoF07871.jpg,Only_Fire,Only_Fire,0.07116775959730148,0.9313056468963623,1,0.05387543514370918,0.9313056468963623,0.0024722698144614697,0.012346728704869747
iteration3,AoF07872.jpg,Only_Fire,Only_Fire,0.11899209022521973,0.8878148198127747,1,0.017961762845516205,0.8878148198127747,0.0012553277192637324,0.09296802431344986
iteration3,AoF07873.jpg,Both,Only_Fire,1.3869502544403076,0.7478537559509277,0,0.0009484033798798919,0.7478537559509277,0.0013617492513731122,0.24983607232570648
iteration3,AoF07874.jpg,Only_Fire,Only_Fire,0.029035737738013268,0.9713817238807678,1,0.02411937341094017,0.9713817238807678,0.0008189271320588887,0.0036799516528844833
iteration3,AoF07875.jpg,Only_Fire,Only_Fire,0.1970507651567459,0.8211489319801331,1,0.000684749276842922,0.8211489319801331,0.006047016475349665,0.17211928963661194
iteration3,AoF07876.jpg,Only_Fire,Only_Fire,0.07683037966489792,0.9260469079017639,1,0.06830903887748718,0.9260469079017639,0.0023249962832778692,0.0033190648537129164
iteration3,AoF07877.jpg,Only_Fire,Only_Fire,0.04866567999124527,0.952499508857727,1,0.04465556889772415,0.952499508857727,0.0008349293493665755,0.0020099873654544353
iteration3,AoF07878.jpg,Only_Fire,Only_Fire,0.0020632902160286903,0.9979388117790222,1,0.00022512672876473516,0.9979388117790222,1.7987144019571133e-05,0.0018180558690801263
iteration3,AoF07879.jpg,Only_Fire,Only_Fire,0.00670409994199872,0.9933183193206787,1,0.006102958228439093,0.9933183193206787,4.618508683051914e-05,0.0005325570236891508
iteration3,AoF07880.jpg,Both,Both,0.017004290595650673,0.9831394553184509,1,2.3956405129865743e-05,0.015926560387015343,0.0009100073948502541,0.9831394553184509
iteration3,AoF07881.jpg,Both,Both,0.029856521636247635,0.9705848097801208,1,1.3763999504590174e-06,0.02874893508851528,0.0006649228162132204,0.9705848097801208
iteration3,AoF07882.jpg,Only_Fire,Only_Fire,0.002429274143651128,0.9975736737251282,1,0.00013185212446842343,0.9975736737251282,2.1876407117815688e-05,0.0022725898306816816
iteration3,AoF07883.jpg,Only_Fire,Only_Fire,0.0009066523634828627,0.999093770980835,1,0.0002122347359545529,0.999093770980835,2.9262047974043526e-05,0.0006647101836279035
iteration3,AoF07884.jpg,Only_Fire,Only_Fire,0.005683097522705793,0.994333028793335,1,0.00017931700858753175,0.994333028793335,6.540151662193239e-05,0.005422149784862995
iteration3,AoF07885.jpg,Only_Fire,Only_Fire,0.0020729261450469494,0.9979292154312134,1,0.00026278494624421,0.9979292154312134,2.1818561435793526e-05,0.0017862491076812148
iteration3,AoF07886.jpg,Only_Fire,Only_Fire,0.002086844528093934,0.9979153275489807,1,0.00031413394026458263,0.9979153275489807,3.273440961493179e-05,0.0017377970507368445
iteration3,AoF07887.jpg,Only_Fire,Only_Fire,0.001725257490761578,0.9982762336730957,1,0.0002458593517076224,0.9982762336730957,3.677214772324078e-05,0.0014411811716854572
iteration3,AoF07888.jpg,Both,Only_Fire,0.9548643827438354,0.6082774996757507,0,0.0005922821583226323,0.6082774996757507,0.0062658158130943775,0.3848643898963928
iteration3,AoF07889.jpg,Both,Only_Fire,2.40073561668396,0.9076847434043884,0,0.0002771638100966811,0.9076847434043884,0.0013867570087313652,0.0906512513756752
iteration3,AoF07890.jpg,Only_Fire,Only_Fire,0.0023086818400770426,0.9976939558982849,1,0.00019389443332329392,0.9976939558982849,4.6476878196699545e-05,0.002065707929432392
iteration3,AoF07891.jpg,Only_Fire,Only_Fire,0.001329015358351171,0.9986718893051147,1,0.00010661324631655589,0.9986718893051147,2.126842264260631e-05,0.0012002275325357914
iteration3,AoF07892.jpg,Only_Fire,Only_Fire,0.02269369177520275,0.977561891078949,1,2.1154000933165662e-05,0.977561891078949,0.00017829968419391662,0.022238651290535927
iteration3,AoF07893.jpg,Only_Fire,Only_Fire,0.015008505433797836,0.9851035475730896,1,2.9426686523947865e-05,0.9851035475730896,0.00011900137178599834,0.014747967012226582
iteration3,AoF07894.jpg,Only_Fire,Only_Fire,0.0024318902287632227,0.9975710511207581,1,4.685939711635001e-05,0.9975710511207581,2.7741041776607744e-05,0.002354430267587304
iteration3,AoF07895.jpg,Both,Both,0.024891911074519157,0.9754153490066528,1,4.258277385815745e-06,0.024000102654099464,0.0005803140811622143,0.9754153490066528
iteration3,AoF07896.jpg,Only_Fire,Only_Fire,0.010516582056879997,0.9895385503768921,1,0.001378083135932684,0.9895385503768921,9.337096707895398e-05,0.008990023285150528
iteration3,AoF07897.jpg,Only_Fire,Only_Fire,0.0050884741358459,0.9949244260787964,1,0.00015876027464400977,0.9949244260787964,3.2741449103923514e-05,0.004883990157395601
iteration3,AoF07898.jpg,Both,Only_Fire,5.177849769592285,0.9942958950996399,0,3.326302612549625e-05,0.9942958950996399,3.075365020777099e-05,0.005640122108161449
iteration3,AoF07899.jpg,Only_Fire,Only_Fire,0.0018789985915645957,0.9981227517127991,1,0.000471729610580951,0.9981227517127991,3.90337772842031e-05,0.001366404234431684
iteration3,AoF07900.jpg,Only_Fire,Only_Fire,0.005864911712706089,0.9941522479057312,1,0.00047128016012720764,0.9941522479057312,9.966791549231857e-05,0.0052767591550946236
iteration3,AoF07901.jpg,Only_Fire,Only_Fire,0.0035772635601460934,0.9964291453361511,1,0.0013172270264476538,0.9964291453361511,6.787257007090375e-05,0.0021857174579054117
iteration3,AoF07902.jpg,Both,Both,0.020767271518707275,0.9794468879699707,1,7.951641237013973e-06,0.020054403692483902,0.0004907159018330276,0.9794468879699707
iteration3,AoF07903.jpg,Only_Fire,Only_Fire,0.00249396450817585,0.9975091218948364,1,0.0004052518052048981,0.9975091218948364,5.500253246282227e-05,0.0020304955542087555
iteration3,AoF07904.jpg,Both,Both,0.0249294675886631,0.975378692150116,1,2.443457105982816e-06,0.022854652255773544,0.0017642783932387829,0.975378692150116
iteration3,AoF07905.jpg,Only_Fire,Only_Fire,0.0037939015310257673,0.9962132573127747,1,0.0027752232272177935,0.9962132573127747,3.5220622521592304e-05,0.0009763620910234749
iteration3,AoF07906.jpg,Only_Fire,Only_Fire,0.027518099173903465,0.9728570580482483,1,0.000768797006458044,0.9728570580482483,0.00037358596455305815,0.026000533252954483
iteration3,AoF07907.jpg,Only_Fire,Only_Fire,0.0010563514661043882,0.9989442229270935,1,0.00019092884031124413,0.9989442229270935,1.4032735634827986e-05,0.0008508241735398769
iteration3,AoF07908.jpg,Only_Fire,Only_Fire,0.0049047390930354595,0.9951072931289673,1,0.00011708087549777701,0.9951072931289673,5.836759373778477e-05,0.004717259202152491
iteration3,AoF07909.jpg,Only_Fire,Only_Fire,0.1757839024066925,0.838799238204956,1,0.0001520814112154767,0.838799238204956,0.001221984624862671,0.15982666611671448
iteration3,AoF07910.jpg,Only_Fire,Only_Fire,0.0010945764370262623,0.9989060163497925,1,0.00010074126475956291,0.9989060163497925,1.8797260054270737e-05,0.0009744722628965974
iteration3,AoF07911.jpg,Only_Fire,Only_Fire,0.007028261199593544,0.9929963946342468,1,4.38009956269525e-05,0.9929963946342468,6.199380004545674e-05,0.0068977875635027885
iteration3,AoF07912.jpg,Only_Fire,Only_Fire,0.006477787159383297,0.9935431480407715,1,0.001957886153832078,0.9935431480407715,0.00014356141036842018,0.00435543293133378
iteration3,AoF07913.jpg,Only_Fire,Only_Fire,0.0052936384454369545,0.9947203397750854,1,0.0027333346661180258,0.9947203397750854,0.00013061155914328992,0.0024157415609806776
iteration3,AoF07914.jpg,Only_Fire,Only_Fire,0.007088038604706526,0.9929370284080505,1,0.002638972131535411,0.9929370284080505,0.0001136656865128316,0.004310389049351215
iteration3,AoF07915.jpg,Both,Both,0.024820396676659584,0.97548508644104,1,2.9141185677872272e-06,0.02112961746752262,0.003382452530786395,0.97548508644104
iteration3,AoF07916.jpg,Both,Both,0.023775478824973106,0.976504921913147,1,2.2507532776216976e-05,0.014450391754508018,0.009022214449942112,0.976504921913147
iteration3,AoF07917.jpg,Both,Both,0.006412998773157597,0.9936075210571289,1,2.4936632598837605e-06,0.0041403211653232574,0.002249708166345954,0.9936075210571289
iteration3,AoF07918.jpg,Both,Both,0.00431843614205718,0.9956908822059631,1,3.313514866931655e-07,0.004203015472739935,0.00010577423381619155,0.9956908822059631
iteration3,AoF07919.jpg,Both,Both,0.010346820577979088,0.9897065162658691,1,2.750009002738807e-07,0.010101250372827053,0.0001919364440254867,0.9897065162658691
iteration3,AoF07920.jpg,Both,Both,0.004601959604769945,0.9954085946083069,1,7.419494636451418e-07,0.0035224242601543665,0.0010681735584512353,0.9954085946083069
iteration3,AoF07921.jpg,Both,Both,0.0007999319350346923,0.9992004036903381,1,1.071411929842725e-06,0.00034845012123696506,0.0004501492076087743,0.9992004036903381
iteration3,AoF07922.jpg,Both,Both,0.001928495243191719,0.9980733394622803,1,2.100098072332912e-06,0.0013873714487999678,0.0005370939034037292,0.9980733394622803
iteration3,AoF07923.jpg,Both,Both,0.000726316764485091,0.999273955821991,1,1.356974479449491e-07,0.00044595860526897013,0.00027988708461634815,0.999273955821991
iteration3,AoF07924.jpg,Both,Both,0.00048780461656861007,0.9995123147964478,1,2.5939405645658553e-07,0.000315015233354643,0.00017244956688955426,0.9995123147964478
iteration3,AoF07925.jpg,Both,Both,0.01618391089141369,0.9839463233947754,1,1.587518028145496e-07,0.016035612672567368,1.796166179701686e-05,0.9839463233947754
iteration3,AoF07926.jpg,Only_Fire,Only_Fire,0.033138591796159744,0.9674044847488403,1,6.34384150544065e-07,0.9674044847488403,3.6676843592431396e-05,0.032558128237724304
iteration3,AoF07927.jpg,Only_Fire,Only_Fire,0.02752714417874813,0.9728482961654663,1,3.8369395838344644e-07,0.9728482961654663,4.136959250899963e-05,0.027109947055578232
iteration3,AoF07928.jpg,Only_Fire,Only_Fire,0.007709155790507793,0.9923204779624939,1,2.606276723327028e-07,0.9923204779624939,1.5564821296720766e-05,0.007663664408028126
iteration3,AoF07929.jpg,Only_Fire,Only_Fire,0.0058202315121889114,0.9941966533660889,1,1.4572610780305695e-05,0.9941966533660889,3.751169424504042e-05,0.005751351360231638
iteration3,AoF07930.jpg,Only_Fire,Only_Fire,0.010275792330503464,0.9897768497467041,1,4.3840791477123275e-06,0.9897768497467041,0.00010831391409737989,0.010110507719218731
iteration3,AoF07931.jpg,Only_Fire,Only_Fire,0.022174863144755363,0.9780691862106323,1,2.6158888886129716e-06,0.9780691862106323,0.00014993689546827227,0.021778298541903496
iteration3,AoF07932.jpg,Only_Fire,Only_Fire,0.005004498641937971,0.9950079917907715,1,2.3773468456056435e-06,0.9950079917907715,4.904010347672738e-05,0.0049406420439481735
iteration3,AoF07933.jpg,Only_Fire,Only_Fire,0.00347213470377028,0.9965338706970215,1,7.98645373834006e-07,0.9965338706970215,3.1193845643429086e-05,0.0034341798163950443
iteration3,AoF07934.jpg,Only_Fire,Only_Fire,0.008831370621919632,0.9912075400352478,1,1.9530496047082124e-06,0.9912075400352478,8.291908307000995e-05,0.008707607164978981
iteration3,AoF07935.jpg,Only_Fire,Only_Fire,0.021766813471913338,0.9784683585166931,1,9.205029527947772e-06,0.9784683585166931,0.0005764570669271052,0.020945992320775986
iteration3,AoF07936.jpg,Both,Only_Fire,3.4342832565307617,0.9668925404548645,0,2.042756568698678e-05,0.9668925404548645,0.0008384768152609468,0.03224851191043854
iteration3,AoF07937.jpg,Both,Both,0.18150418996810913,0.8340147733688354,1,0.0001882377837318927,0.14120878279209137,0.024588201195001602,0.8340147733688354
iteration3,AoF07938.jpg,Only_Fire,Only_Fire,0.02349279820919037,0.9767810106277466,1,0.0005387877463363111,0.9767810106277466,0.0027256563771516085,0.01995454728603363
iteration3,AoF07939.jpg,Both,Both,0.6242703199386597,0.5356521010398865,1,5.147156480234116e-05,0.4469926655292511,0.01730375364422798,0.5356521010398865
iteration3,AoF07940.jpg,Both,Both,0.08571839332580566,0.9178526401519775,1,4.8576515837339684e-05,0.06734009087085724,0.014758656732738018,0.9178526401519775
iteration3,AoF07941.jpg,Only_Fire,Only_Fire,0.022381214424967766,0.9778673648834229,1,6.066518108127639e-05,0.9778673648834229,0.000563338806387037,0.021508563309907913
iteration3,AoF07942.jpg,Only_Fire,Only_Fire,0.008142017759382725,0.9918910264968872,1,3.7058086945762625e-06,0.9918910264968872,0.00013452112034428865,0.007970706559717655
iteration3,AoF07943.jpg,Only_Fire,Only_Fire,0.03668805584311485,0.9639768004417419,1,3.4176606277469546e-05,0.9639768004417419,0.0005816872580908239,0.035407375544309616
iteration3,AoF07944.jpg,Only_Fire,Only_Fire,0.02098243497312069,0.9792361855506897,1,7.068218565109419e-06,0.9792361855506897,0.00020420322834979743,0.02055259980261326
iteration3,AoF07945.jpg,Both,Only_Fire,3.69805908203125,0.9748908281326294,0,8.959782462625299e-06,0.9748908281326294,0.00032867517438717186,0.02477155812084675
iteration3,AoF07946.jpg,Only_Fire,Only_Fire,0.01353409793227911,0.9865570664405823,1,1.3396390386333223e-05,0.9865570664405823,0.00036859718966297805,0.013060959987342358
iteration3,AoF07947.jpg,Both,Both,0.23099353909492493,0.7937446236610413,1,3.480527448118664e-05,0.18163682520389557,0.024583755061030388,0.7937446236610413
iteration3,AoF07948.jpg,Only_Fire,Only_Fire,0.15355956554412842,0.8576496839523315,1,4.494057975534815e-06,0.8576496839523315,0.0004256796382833272,0.14192019402980804
iteration3,AoF07949.jpg,Both,Only_Fire,1.4351890087127686,0.7572745680809021,0,0.00013579170627053827,0.7572745680809021,0.004519288428127766,0.23807035386562347
iteration3,AoF07950.jpg,Both,Both,0.22167009115219116,0.8011796474456787,1,4.030658965348266e-05,0.17254619300365448,0.026233866810798645,0.8011796474456787
iteration3,AoF07951.jpg,Both,Both,0.16332663595676422,0.8493137359619141,1,3.76675816369243e-05,0.11238618195056915,0.03826242312788963,0.8493137359619141
iteration3,AoF07952.jpg,Both,Both,0.05648891627788544,0.9450769424438477,1,5.055391011410393e-05,0.04024440050125122,0.014628015458583832,0.9450769424438477
iteration3,AoF07953.jpg,Only_Fire,Only_Fire,0.03708604350686073,0.9635932445526123,1,7.257060133269988e-06,0.9635932445526123,0.0004915072349831462,0.03590798377990723
iteration3,AoF07954.jpg,Only_Fire,Only_Fire,0.24921956658363342,0.7794088125228882,1,8.601886293035932e-06,0.7794088125228882,0.002728294348344207,0.21785424649715424
iteration3,AoF07955.jpg,Only_Fire,Only_Fire,0.132009357213974,0.8763328194618225,1,3.08238850266207e-06,0.8763328194618225,0.0006821229471825063,0.1229819729924202
iteration3,AoF07956.jpg,Only_Fire,Only_Fire,0.07972478866577148,0.9233704209327698,1,3.6121634821029147e-06,0.9233704209327698,0.00034448690712451935,0.07628156989812851
iteration3,AoF07957.jpg,Both,Both,0.10037102550268173,0.904501736164093,1,7.666305464226753e-06,0.08241203427314758,0.013078545220196247,0.904501736164093
iteration3,AoF07958.jpg,Only_Fire,Both,1.9578808546066284,0.8284496068954468,0,7.773079232720193e-06,0.14115723967552185,0.030385399237275124,0.8284496068954468
iteration3,AoF07959.jpg,Both,Both,0.15149547159671783,0.8594217896461487,1,0.0003389804041944444,0.09276440739631653,0.04747482389211655,0.8594217896461487
iteration3,AoF07960.jpg,Both,Both,0.03112301230430603,0.9693562984466553,1,9.198209909300203e-07,0.02746031992137432,0.0031824063044041395,0.9693562984466553
iteration3,AoF07961.jpg,Both,Both,0.1914042979478836,0.8257986307144165,1,1.4115356862021144e-05,0.1642148345708847,0.009972390718758106,0.8257986307144165
iteration3,AoF07962.jpg,Both,Both,0.06099727004766464,0.9408258199691772,1,3.084262971242424e-06,0.05539420619606972,0.003776931669563055,0.9408258199691772
iteration3,AoF07963.jpg,Both,Both,0.06419966369867325,0.9378177523612976,1,8.520672417944297e-05,0.030879711732268333,0.031217407435178757,0.9378177523612976
iteration3,AoF07964.jpg,Only_Smoke,Only_Smoke,0.10945284366607666,0.8963244557380676,1,0.1027739942073822,0.0004920906503684819,0.8963244557380676,0.0004094741016160697
iteration3,AoF07965.jpg,Only_Smoke,Only_Smoke,0.09189075231552124,0.9122048020362854,1,0.08673373609781265,0.0006174620357342064,0.9122048020362854,0.00044401315972208977
iteration3,AoF07966.jpg,Only_Smoke,Only_Smoke,0.21713502705097198,0.8048213124275208,1,0.10517776012420654,0.008971171453595161,0.8048213124275208,0.08102981001138687
iteration3,AoF07967.jpg,Both,Both,0.10312797874212265,0.902011513710022,1,2.1328629372874275e-05,0.003486684523522854,0.09448042511940002,0.902011513710022
iteration3,AoF07968.jpg,Both,Both,0.005486786365509033,0.9945282340049744,1,5.844349288963713e-07,0.00098363496363163,0.004487480502575636,0.9945282340049744
iteration3,AoF07969.jpg,Only_Smoke,Neither,5.99383020401001,0.9974943399429321,0,0.9974943399429321,5.280871391732944e-06,0.0024940925650298595,6.245192253118148e-06
iteration3,AoF07970.jpg,Only_Smoke,Neither,0.833222508430481,0.5447418689727783,0,0.5447418689727783,0.003115873085334897,0.4346463680267334,0.017495866864919662
iteration3,AoF07971.jpg,Only_Smoke,Neither,1.3704180717468262,0.6894616484642029,0,0.6894616484642029,0.008681590668857098,0.25400078296661377,0.047856032848358154
iteration3,AoF07972.jpg,Only_Smoke,Neither,3.0703608989715576,0.9445955157279968,0,0.9445955157279968,0.0017354601295664907,0.0464044064283371,0.007264559157192707
iteration3,AoF07973.jpg,Only_Smoke,Neither,1.9347156286239624,0.843701183795929,0,0.843701183795929,0.002719494514167309,0.1444653570652008,0.009113997220993042
iteration3,AoF07974.jpg,Only_Smoke,Only_Smoke,0.035631775856018066,0.9649955630302429,1,0.006544947624206543,0.008656159043312073,0.9649955630302429,0.019803253933787346
iteration3,AoF07975.jpg,Only_Smoke,Only_Smoke,0.016437236219644547,0.9836971163749695,1,0.0015687699196860194,0.0009428233606740832,0.9836971163749695,0.013791253790259361
iteration3,AoF07976.jpg,Only_Smoke,Only_Smoke,0.17144732177257538,0.842444658279419,1,0.14967356622219086,0.0008390637813135982,0.842444658279419,0.007042745593935251
iteration3,AoF07977.jpg,Only_Smoke,Only_Smoke,0.018207672983407974,0.9819570779800415,1,0.003603616263717413,0.0009399509290233254,0.9819570779800415,0.01349927019327879
iteration3,AoF07978.jpg,Only_Smoke,Only_Smoke,0.3737986981868744,0.6881154179573059,1,0.25927144289016724,0.0056731123477220535,0.6881154179573059,0.046940017491579056
iteration3,AoF07979.jpg,Only_Smoke,Only_Smoke,0.6009485721588135,0.5482913255691528,1,0.43004584312438965,0.01573103293776512,0.5482913255691528,0.005931824445724487
iteration3,AoF07980.jpg,Only_Smoke,Only_Smoke,0.014892004430294037,0.985218346118927,1,0.0029006467666476965,0.0017802717629820108,0.985218346118927,0.010100793093442917
iteration3,AoF07981.jpg,Only_Smoke,Only_Smoke,0.0017108578467741609,0.9982905983924866,1,0.0002855820639524609,0.0006908638752065599,0.9982905983924866,0.0007329421350732446
iteration3,AoF07982.jpg,Only_Smoke,Neither,0.9233174324035645,0.6018369793891907,0,0.6018369793891907,0.00017910919268615544,0.39719918370246887,0.0007847027154639363
iteration3,AoF07983.jpg,Only_Smoke,Only_Smoke,0.4583919048309326,0.6322996616363525,1,0.36450132727622986,0.0008327043033204973,0.6322996616363525,0.002366298343986273
iteration3,AoF07984.jpg,Only_Smoke,Neither,4.961256504058838,0.9927961230278015,0,0.9927961230278015,6.642827793257311e-05,0.0070041208527982235,0.00013339199358597398
iteration3,AoF07985.jpg,Only_Smoke,Neither,2.055083751678467,0.8685984015464783,0,0.8685984015464783,0.0005623706965707242,0.12808211147785187,0.002757220296189189
iteration3,AoF07986.jpg,Only_Smoke,Only_Smoke,0.06011321023106575,0.9416579008102417,1,0.008912335149943829,0.004119730554521084,0.9416579008102417,0.045310065150260925
iteration3,AoF07987.jpg,Only_Smoke,Only_Smoke,0.06563175469636917,0.9364756345748901,1,0.011349687352776527,0.005323173012584448,0.9364756345748901,0.04685152322053909
iteration3,AoF07988.jpg,Only_Smoke,Only_Smoke,0.06732206791639328,0.9348940253257751,1,0.008619885891675949,0.005194464698433876,0.9348940253257751,0.05129163712263107
iteration3,AoF07989.jpg,Only_Smoke,Only_Smoke,0.010189183987677097,0.9898625612258911,1,0.010093029588460922,3.150109478156082e-05,0.9898625612258911,1.2816595699405298e-05
iteration3,AoF07990.jpg,Only_Smoke,Only_Smoke,0.032534804195165634,0.9679887294769287,1,0.03192899003624916,5.881672404939309e-05,0.9679887294769287,2.3454476831830107e-05
iteration3,AoF07991.jpg,Only_Smoke,Only_Smoke,0.003232850693166256,0.9967723488807678,1,0.0032141669653356075,7.546448614448309e-06,0.9967723488807678,5.8578079915605485e-06
iteration3,AoF07992.jpg,Only_Smoke,Only_Smoke,0.03145691379904747,0.9690327048301697,1,0.030902763828635216,3.302282129880041e-05,0.9690327048301697,3.153665966237895e-05
iteration3,AoF07993.jpg,Only_Smoke,Only_Smoke,0.055781371891498566,0.9457458853721619,1,0.05408091098070145,8.635126141598448e-05,0.9457458853721619,8.684007480042055e-05
iteration3,AoF07994.jpg,Only_Smoke,Only_Smoke,0.01898370310664177,0.981195330619812,1,0.018542837351560593,0.00018269951397087425,0.981195330619812,7.906412793090567e-05
iteration3,AoF07995.jpg,Only_Smoke,Only_Smoke,0.29860684275627136,0.7418510317802429,1,0.2553088963031769,0.002011686796322465,0.7418510317802429,0.0008284067152999341
iteration3,AoF07996.jpg,Only_Smoke,Only_Smoke,0.26281702518463135,0.7688825726509094,1,0.22676385939121246,0.0028750584460794926,0.7688825726509094,0.0014785085804760456
iteration3,AoF07997.jpg,Only_Smoke,Only_Smoke,0.30006346106529236,0.7407712340354919,1,0.25377148389816284,0.003653618972748518,0.7407712340354919,0.0018036325927823782
iteration3,AoF07998.jpg,Only_Smoke,Neither,1.894018292427063,0.8492775559425354,0,0.8492775559425354,0.00019025205983780324,0.15046599507331848,6.6152642830275e-05
iteration3,AoF07999.jpg,Only_Smoke,Only_Smoke,0.26445168256759644,0.7676267027854919,1,0.22780844569206238,0.003240861464291811,0.7676267027854919,0.0013239621184766293
iteration3,AoF08000.jpg,Only_Smoke,Only_Smoke,0.10591777414083481,0.8994985818862915,1,0.10036636888980865,9.620676428312436e-05,0.8994985818862915,3.880726217175834e-05
iteration3,AoF08001.jpg,Only_Smoke,Only_Smoke,0.1557806134223938,0.8557469248771667,1,0.14134544134140015,0.002265856135636568,0.8557469248771667,0.0006418511620722711
iteration3,AoF08002.jpg,Only_Smoke,Neither,3.631134271621704,0.9734166860580444,0,0.9734166860580444,6.005940304021351e-05,0.026486122980713844,3.72386712115258e-05
iteration3,AoF08003.jpg,Only_Smoke,Neither,3.245436429977417,0.9609786868095398,0,0.9609786868095398,5.018486990593374e-05,0.038951560854911804,1.9565588445402682e-05
iteration3,AoF08004.jpg,Only_Smoke,Neither,3.842635154724121,0.9783021211624146,0,0.9783021211624146,0.00019490902195684612,0.021437034010887146,6.594444857910275e-05
iteration3,AoF08005.jpg,Only_Smoke,Only_Smoke,0.19573134183883667,0.8222330808639526,1,0.17161209881305695,0.0040206303820014,0.8222330808639526,0.0021341925021260977
iteration3,AoF08006.jpg,Only_Smoke,Neither,2.628608226776123,0.9273208975791931,0,0.9273208975791931,0.0002576434053480625,0.07217885553836823,0.00024252943694591522
iteration3,AoF08007.jpg,Only_Smoke,Neither,3.876370668411255,0.9791007041931152,0,0.9791007041931152,0.000134966365294531,0.020725909620523453,3.830689820460975e-05
iteration3,AoF08008.jpg,Only_Smoke,Neither,3.695711851119995,0.9750168323516846,0,0.9750168323516846,0.00010150391608476639,0.024829771369695663,5.188497016206384e-05
iteration3,AoF08009.jpg,Only_Smoke,Neither,4.0577850341796875,0.9825854301452637,0,0.9825854301452637,9.086769568966702e-05,0.017287269234657288,3.6507037293631583e-05
iteration3,AoF08010.jpg,Only_Smoke,Neither,3.998084783554077,0.9814462065696716,0,0.9814462065696716,0.0001578800001880154,0.018350750207901,4.526367047219537e-05
iteration3,AoF08011.jpg,Only_Smoke,Only_Smoke,0.10085989534854889,0.9040597081184387,1,0.09252627938985825,0.000790683610830456,0.9040597081184387,0.0026232993695884943
iteration3,AoF08012.jpg,Only_Smoke,Only_Smoke,0.17715436220169067,0.8376504778862,1,0.009446455165743828,0.008156736381351948,0.8376504778862,0.14474636316299438
iteration3,AoF08013.jpg,Only_Smoke,Only_Smoke,0.04824603721499443,0.9528993368148804,1,0.04658178612589836,0.0003863043966703117,0.9528993368148804,0.00013254245277494192
iteration3,AoF08014.jpg,Only_Smoke,Only_Smoke,0.2163466513156891,0.8054560422897339,1,0.1924494206905365,0.0014070583274587989,0.8054560422897339,0.0006874636746942997
iteration3,AoF08015.jpg,Only_Smoke,Only_Smoke,0.6484232544898987,0.5228695273399353,1,0.47513675689697266,0.0015308739384636283,0.5228695273399353,0.00046280372771434486
iteration3,AoF08016.jpg,Only_Smoke,Only_Smoke,0.19226472079753876,0.8250884413719177,1,0.007231794763356447,0.007820317521691322,0.8250884413719177,0.1598595231771469
iteration3,AoF08017.jpg,Only_Smoke,Only_Smoke,0.0597141794860363,0.9420337677001953,1,0.05719293653964996,0.0006222004303708673,0.9420337677001953,0.00015103741316124797
iteration3,AoF08018.jpg,Only_Smoke,Only_Smoke,0.15887893736362457,0.8530996441841125,1,0.1447177529335022,0.001308309263549745,0.8530996441841125,0.0008742897771298885
iteration3,AoF08019.jpg,Only_Smoke,Only_Smoke,0.004676002077758312,0.9953349232673645,1,0.0045159379951655865,0.00013117161870468408,0.9953349232673645,1.7990771084441803e-05
iteration3,AoF08020.jpg,Only_Smoke,Only_Smoke,0.6059483289718628,0.5455567836761475,1,0.4531797766685486,0.000978245516307652,0.5455567836761475,0.0002851613098755479
iteration3,AoF08021.jpg,Only_Smoke,Only_Smoke,0.3857406973838806,0.6799468398094177,1,0.31820666790008545,0.0015813253121450543,0.6799468398094177,0.00026524439454078674
iteration3,AoF08022.jpg,Only_Smoke,Only_Smoke,0.1279560923576355,0.8798919916152954,1,0.11906138062477112,0.000900943938177079,0.8798919916152954,0.00014564617595169693
iteration3,AoF08023.jpg,Only_Smoke,Only_Smoke,0.031970374286174774,0.968535304069519,1,0.030851267278194427,0.0005153758102096617,0.968535304069519,9.800006228033453e-05
iteration3,AoF08024.jpg,Only_Smoke,Only_Smoke,0.030233873054385185,0.9702185988426208,1,0.028440115973353386,0.0010021229973062873,0.9702185988426208,0.00033920613350346684
iteration3,AoF08025.jpg,Only_Smoke,Only_Smoke,0.21829478442668915,0.8038884401321411,1,0.1940937638282776,0.0014599935384467244,0.8038884401321411,0.0005578641430474818
iteration3,AoF08026.jpg,Only_Smoke,Only_Smoke,0.09169020503759384,0.9123877286911011,1,0.08451079577207565,0.0022328016348183155,0.9123877286911011,0.0008686553919687867
iteration3,AoF08027.jpg,Only_Smoke,Only_Smoke,0.27177247405052185,0.7620276212692261,1,0.23515595495700836,0.001612059772014618,0.7620276212692261,0.0012043247697874904
iteration3,AoF08028.jpg,Only_Smoke,Only_Smoke,0.39761608839035034,0.6719199419021606,1,0.3247842490673065,0.0019496558234095573,0.6719199419021606,0.001346154953353107
iteration3,AoF08029.jpg,Only_Smoke,Only_Smoke,0.08243631571531296,0.9208700656890869,1,0.07810088247060776,0.0007227422902360559,0.9208700656890869,0.00030631243134848773
iteration3,AoF08030.jpg,Only_Smoke,Only_Smoke,0.1697371006011963,0.84388667345047,1,0.15471073985099792,0.0010377176804468036,0.84388667345047,0.00036483496660366654
iteration3,AoF08031.jpg,Only_Smoke,Only_Smoke,0.09325617551803589,0.9109600782394409,1,0.08779238909482956,0.0009148852550424635,0.9109600782394409,0.0003327056474518031
iteration3,AoF08032.jpg,Only_Smoke,Only_Smoke,0.2401241660118103,0.7865301966667175,1,0.010808227583765984,0.012797576375305653,0.7865301966667175,0.18986405432224274
iteration3,AoF08033.jpg,Only_Smoke,Only_Smoke,0.03193792700767517,0.9685667157173157,1,0.031050387769937515,0.00032984616700559855,0.9685667157173157,5.304478690959513e-05
iteration3,AoF08034.jpg,Only_Smoke,Only_Smoke,0.2327718883752823,0.7923343181610107,1,0.009918110445141792,0.012313960120081902,0.7923343181610107,0.18543362617492676
iteration3,AoF08035.jpg,Only_Smoke,Only_Smoke,0.04669950157403946,0.9543741345405579,1,0.04497632011771202,0.0005478711100295186,0.9543741345405579,0.0001016085734590888
iteration3,AoF08036.jpg,Only_Smoke,Only_Smoke,0.009569723159074783,0.9904758930206299,1,0.009162960574030876,0.00021893484517931938,0.9904758930206299,0.0001421215129084885
iteration3,AoF08037.jpg,Only_Smoke,Only_Smoke,0.4381406903266907,0.645235002040863,1,0.3473033308982849,0.006283693481236696,0.645235002040863,0.0011779909254983068
iteration3,AoF08038.jpg,Only_Smoke,Only_Smoke,0.006175247021019459,0.9938437938690186,1,0.0059103211387991905,0.0001450816198484972,0.9938437938690186,0.00010083090455736965
iteration3,AoF08039.jpg,Only_Smoke,Only_Smoke,0.04131907969713211,0.9595229029655457,1,0.03964928910136223,0.0006357855163514614,0.9595229029655457,0.00019199764938093722
iteration3,AoF08040.jpg,Only_Smoke,Only_Smoke,0.04567151516675949,0.955355703830719,1,0.04364246502518654,0.000755795743316412,0.955355703830719,0.0002459057723172009
iteration3,AoF08041.jpg,Only_Smoke,Only_Smoke,0.010341511107981205,0.9897117614746094,1,0.009888220578432083,0.0002498120884411037,0.9897117614746094,0.00015010073548182845
iteration3,AoF08042.jpg,Only_Smoke,Only_Smoke,0.003682737937197089,0.9963240623474121,1,0.003457251936197281,0.00014491795445792377,0.9963240623474121,7.37720329198055e-05
iteration3,AoF08043.jpg,Only_Smoke,Only_Smoke,0.007402491290122271,0.992624819278717,1,0.006980201695114374,0.0002612704993225634,0.992624819278717,0.00013370685337577015
iteration3,AoF08044.jpg,Only_Smoke,Only_Smoke,0.08519589900970459,0.9183323383331299,1,0.08060792088508606,0.0008347037946805358,0.9183323383331299,0.00022499068290926516
iteration3,AoF08045.jpg,Only_Smoke,Only_Smoke,0.005486312322318554,0.9945287108421326,1,0.0052088480442762375,0.00023505573335569352,0.9945287108421326,2.7421228878665715e-05
iteration3,AoF08046.jpg,Only_Smoke,Only_Smoke,0.08449830859899521,0.9189732074737549,1,0.08026832342147827,0.0006480382871814072,0.9189732074737549,0.00011049183376599103
iteration3,AoF08047.jpg,Only_Smoke,Only_Smoke,0.1104661300778389,0.8954166769981384,1,0.10223755985498428,0.0018313198816031218,0.8954166769981384,0.0005143930902704597
iteration3,AoF08048.jpg,Only_Smoke,Only_Smoke,0.05369268357753754,0.9477233290672302,1,0.05127207562327385,0.0008005712879821658,0.9477233290672302,0.00020402527297846973
iteration3,AoF08049.jpg,Only_Smoke,Only_Smoke,0.004540016409009695,0.9954702854156494,1,0.004280100576579571,0.0001781714236130938,0.9954702854156494,7.14736816007644e-05
iteration3,AoF08050.jpg,Only_Smoke,Only_Smoke,0.005141963250935078,0.9948712587356567,1,0.004352707881480455,0.0005176755948923528,0.9948712587356567,0.0002584538597147912
iteration3,AoF08051.jpg,Only_Smoke,Only_Smoke,0.04363096505403519,0.9573071599006653,1,0.042083293199539185,0.0004893422592431307,0.9573071599006653,0.00012011831859126687
iteration3,AoF08052.jpg,Only_Smoke,Only_Smoke,0.001459605642594397,0.9985414743423462,1,0.0013621707912534475,7.502947119064629e-05,0.9985414743423462,2.1376890799729154e-05
iteration3,AoF08053.jpg,Only_Smoke,Only_Smoke,0.06550448387861252,0.9365948438644409,1,0.06311182677745819,0.00024638784816488624,0.9365948438644409,4.6880879381205887e-05
iteration3,AoF08054.jpg,Only_Smoke,Only_Smoke,0.007133017294108868,0.9928923845291138,1,0.006560414098203182,0.0003819107369054109,0.9928923845291138,0.000165251869475469
iteration3,AoF08055.jpg,Only_Smoke,Only_Smoke,0.006613628473132849,0.993408203125,1,0.005708353128284216,0.0005598407587967813,0.993408203125,0.0003236004267819226
iteration3,AoF08056.jpg,Only_Smoke,Only_Smoke,0.03967666253447533,0.961100161075592,1,0.036930814385414124,0.0016417179722338915,0.961100161075592,0.00032733244006522
iteration3,AoF08057.jpg,Only_Smoke,Only_Smoke,0.05654839798808098,0.9450207352638245,1,0.05400760844349861,0.0007410619873553514,0.9450207352638245,0.00023054155462887138
iteration3,AoF08058.jpg,Only_Smoke,Only_Smoke,0.10360614955425262,0.9015803337097168,1,0.09748377650976181,0.0007032611756585538,0.9015803337097168,0.0002325985551578924
iteration3,AoF08059.jpg,Only_Smoke,Only_Smoke,0.003698059357702732,0.9963087439537048,1,0.0032025452237576246,0.0003398799162823707,0.9963087439537048,0.00014881626702845097
iteration3,AoF08060.jpg,Only_Smoke,Only_Smoke,0.17562969028949738,0.8389285802841187,1,0.010584731586277485,0.009053526446223259,0.8389285802841187,0.14143307507038116
iteration3,AoF08061.jpg,Only_Smoke,Only_Smoke,0.00452399579808116,0.9954861998558044,1,0.003876314265653491,0.00045351131120696664,0.9954861998558044,0.0001839502656366676
iteration3,AoF08062.jpg,Only_Smoke,Only_Smoke,0.019369270652532578,0.9808170795440674,1,0.01886596530675888,0.0002679912722669542,0.9808170795440674,4.8987723857862875e-05
iteration3,AoF08063.jpg,Only_Smoke,Only_Smoke,0.1966841071844101,0.8214500546455383,1,0.006146142724901438,0.008022872731089592,0.8214500546455383,0.16438092291355133
iteration3,AoF08064.jpg,Only_Smoke,Only_Smoke,0.46099334955215454,0.630656898021698,1,0.36707228422164917,0.0019339496502652764,0.630656898021698,0.0003369792248122394
iteration3,AoF08065.jpg,Only_Smoke,Both,1.5816177129745483,0.6353334188461304,0,0.0007872515707276762,0.15823718905448914,0.20564216375350952,0.6353334188461304
iteration3,AoF08066.jpg,Only_Smoke,Only_Smoke,0.645946204662323,0.5241663455963135,1,0.0018219157354906201,0.02303898148238659,0.5241663455963135,0.4509727656841278
iteration3,AoF08067.jpg,Both,Both,0.1696486622095108,0.8439612984657288,1,4.1936509660445154e-05,0.09786354750394821,0.05813323333859444,0.8439612984657288
iteration3,AoF08068.jpg,Only_Smoke,Both,2.862795114517212,0.9043322801589966,0,0.00018205487867817283,0.038376808166503906,0.05710891634225845,0.9043322801589966
iteration3,AoF08069.jpg,Only_Smoke,Only_Smoke,0.10321807861328125,0.9019302725791931,1,0.09337666630744934,0.0037422566674649715,0.9019302725791931,0.00095077243167907
iteration3,AoF08070.jpg,Only_Smoke,Only_Smoke,0.19498023390769958,0.8228509426116943,1,0.17046011984348297,0.0028559998609125614,0.8228509426116943,0.0038329469971358776
iteration3,AoF08071.jpg,Only_Smoke,Neither,4.288541793823242,0.984745442867279,0,0.984745442867279,0.0006303123664110899,0.013724926859140396,0.000899266975466162
iteration3,AoF08072.jpg,Only_Smoke,Neither,4.308718204498291,0.9847783446311951,0,0.9847783446311951,0.0008521436247974634,0.013450782746076584,0.0009187774267047644
iteration3,AoF08073.jpg,Only_Smoke,Neither,3.9517815113067627,0.9784114360809326,0,0.9784114360809326,0.0009067117352969944,0.01922043040394783,0.0014614332467317581
iteration3,AoF08074.jpg,Only_Smoke,Only_Smoke,0.028689788654446602,0.9717178344726562,1,0.028160791844129562,9.409341146238148e-05,0.9717178344726562,2.733275505306665e-05
iteration3,AoF08075.jpg,Only_Smoke,Only_Smoke,0.07321642339229584,0.9293996691703796,1,0.07033052295446396,0.00019822783360723406,0.9293996691703796,7.157365325838327e-05
iteration3,AoF08076.jpg,Both,Only_Smoke,2.3090920448303223,0.8830685615539551,0,0.012919356115162373,0.004660696256905794,0.8830685615539551,0.0993514135479927
iteration3,AoF08077.jpg,Only_Smoke,Only_Smoke,0.3869130313396454,0.6791501641273499,1,0.31874939799308777,0.0019242152338847518,0.6791501641273499,0.00017622584709897637
iteration3,AoF08078.jpg,Only_Smoke,Only_Smoke,0.018277671188116074,0.9818883538246155,1,0.018052974715828896,3.176986865582876e-05,0.9818883538246155,2.6831967261387035e-05
iteration3,AoF08079.jpg,Only_Smoke,Only_Smoke,0.01361712533980608,0.9864751696586609,1,0.013345830142498016,0.000138067698571831,0.9864751696586609,4.0907692891778424e-05
iteration3,AoF08080.jpg,Only_Smoke,Only_Smoke,0.5428535342216492,0.5810877084732056,1,0.41668084263801575,0.0019531704019755125,0.5810877084732056,0.00027826501172967255
iteration3,AoF08081.jpg,Only_Smoke,Only_Smoke,0.04458022117614746,0.9563988447189331,1,0.042744409292936325,0.0004189194878563285,0.9563988447189331,0.0004377933801151812
iteration3,AoF08082.jpg,Only_Smoke,Only_Smoke,0.02970910631120205,0.9707278609275818,1,0.029106570407748222,0.00011713086860254407,0.9707278609275818,4.842641646973789e-05
iteration3,AoF08083.jpg,Only_Smoke,Only_Smoke,0.011062243953347206,0.9889987111091614,1,0.010832041501998901,0.0001433321158401668,0.9889987111091614,2.588647294032853e-05
iteration3,AoF08084.jpg,Only_Smoke,Only_Smoke,0.03809018433094025,0.9626260995864868,1,0.03717867657542229,0.00014029319572728127,0.9626260995864868,5.49542237422429e-05
iteration3,AoF08085.jpg,Only_Smoke,Only_Smoke,0.03785422444343567,0.9628533124923706,1,0.03689712658524513,0.00014890579041093588,0.9628533124923706,0.00010061201464850456
iteration3,AoF08086.jpg,Only_Smoke,Only_Smoke,0.23094935715198517,0.7937796711921692,1,0.2056131213903427,0.0005040363757871091,0.7937796711921692,0.00010319420835003257
iteration3,AoF08087.jpg,Only_Smoke,Only_Smoke,0.009741034358739853,0.9903062582015991,1,0.009162194095551968,0.00015070283552631736,0.9903062582015991,0.000380917452275753
iteration3,AoF08088.jpg,Only_Smoke,Only_Smoke,0.011072855442762375,0.9889882206916809,1,0.010307970456779003,0.00016474610310979187,0.9889882206916809,0.0005390726146288216
iteration3,AoF08089.jpg,Only_Smoke,Only_Smoke,0.060986168682575226,0.9408362507820129,1,0.05889961123466492,0.00016652236809022725,0.9408362507820129,9.758314990904182e-05
iteration3,AoF08090.jpg,Only_Smoke,Only_Smoke,0.06394562870264053,0.9380559921264648,1,0.06157611683011055,0.0002084703737637028,0.9380559921264648,0.0001593923952896148
iteration3,AoF08091.jpg,Only_Smoke,Only_Smoke,0.029172716662287712,0.9712486863136292,1,0.028659911826252937,6.53580209473148e-05,0.9712486863136292,2.5978788471547887e-05
iteration3,AoF08092.jpg,Only_Smoke,Only_Smoke,0.01489458791911602,0.9852157831192017,1,0.014711344614624977,6.017370105837472e-05,0.9852157831192017,1.2616629646799993e-05
iteration3,AoF08093.jpg,Only_Smoke,Only_Smoke,0.02581113576889038,0.9745191335678101,1,0.025309117510914803,0.00011158528650412336,0.9745191335678101,6.008110722177662e-05
iteration3,AoF08094.jpg,Only_Smoke,Only_Smoke,0.021637214347720146,0.9785951972007751,1,0.021304555237293243,7.262638973770663e-05,0.9785951972007751,2.753029730229173e-05
iteration3,AoF08095.jpg,Only_Smoke,Only_Smoke,0.29534241557121277,0.7442767024040222,1,0.2546590566635132,0.0009429233614355326,0.7442767024040222,0.00012136959412600845
iteration3,AoF08096.jpg,Only_Smoke,Only_Smoke,0.06475524604320526,0.9372968673706055,1,0.06223607435822487,0.00020880087686236948,0.9372968673706055,0.00025824244949035347
iteration3,AoF08097.jpg,Only_Smoke,Only_Smoke,0.03993212431669235,0.9608546495437622,1,0.03865751996636391,0.0002489753533154726,0.9608546495437622,0.00023890647571533918
iteration3,AoF08098.jpg,Only_Smoke,Only_Smoke,0.019984211772680283,0.9802141785621643,1,0.01965120993554592,0.0001226696331286803,0.9802141785621643,1.1910593457287177e-05
iteration3,AoF08099.jpg,Only_Smoke,Only_Smoke,0.022828396409749985,0.9774302244186401,1,0.022494280710816383,5.0573278713272884e-05,0.9774302244186401,2.490254701115191e-05
iteration3,AoF08100.jpg,Only_Smoke,Only_Smoke,0.014643454924225807,0.9854632616043091,1,0.014452585019171238,5.575374962063506e-05,0.9854632616043091,2.8498070605564862e-05
iteration3,AoF08101.jpg,Only_Smoke,Only_Smoke,0.04550100862979889,0.9555186629295349,1,0.04422402381896973,0.00017817759362515062,0.9555186629295349,7.909788109827787e-05
iteration3,AoF08102.jpg,Only_Smoke,Only_Smoke,0.20114196836948395,0.8177963495254517,1,0.007070842199027538,0.005523474421352148,0.8177963495254517,0.16960935294628143
iteration3,AoF08103.jpg,Only_Smoke,Only_Smoke,0.3985990583896637,0.6712597608566284,1,0.3279038369655609,0.0006875171093270183,0.6712597608566284,0.00014884256233926862
iteration3,AoF08104.jpg,Only_Smoke,Neither,0.8558558821678162,0.5737082958221436,0,0.5737082958221436,0.0011751718120649457,0.42491933703422546,0.00019717722898349166
iteration3,AoF08105.jpg,Only_Smoke,Only_Smoke,0.5275825262069702,0.5900295972824097,1,0.40897080302238464,0.0008810727740637958,0.5900295972824097,0.00011855384218506515
iteration3,AoF08106.jpg,Only_Smoke,Only_Smoke,0.6093366742134094,0.5437114238739014,1,0.45506951212882996,0.001006599166430533,0.5437114238739014,0.00021244426898192614
iteration3,AoF08107.jpg,Only_Smoke,Only_Smoke,0.0069470531307160854,0.9930770397186279,1,0.006832475308328867,4.941455335938372e-05,0.9930770397186279,4.108524080947973e-05
iteration3,AoF08108.jpg,Only_Smoke,Only_Smoke,0.030023351311683655,0.9704228639602661,1,0.029381493106484413,0.00015006196917966008,0.9704228639602661,4.553761755232699e-05
iteration3,AoF08109.jpg,Only_Smoke,Only_Smoke,0.21916329860687256,0.8031905293464661,1,0.19610370695590973,0.00038247043266892433,0.8031905293464661,0.0003233032184652984
iteration3,AoF08110.jpg,Only_Smoke,Only_Smoke,0.17681029438972473,0.8379387259483337,1,0.16167795658111572,0.0002874969504773617,0.8379387259483337,9.580279584042728e-05
iteration3,AoF08111.jpg,Only_Smoke,Only_Smoke,0.05739543214440346,0.9442206025123596,1,0.05558905377984047,0.00012525553756859154,0.9442206025123596,6.512770050903782e-05
iteration3,AoF08112.jpg,Only_Smoke,Only_Smoke,0.05055592209100723,0.9507007598876953,1,0.04908570274710655,0.00015804391296114773,0.9507007598876953,5.546609463635832e-05
iteration3,AoF08113.jpg,Only_Smoke,Only_Smoke,0.20207995176315308,0.817029595375061,1,0.18166285753250122,0.0009100318420678377,0.817029595375061,0.00039754886529408395
iteration3,AoF08114.jpg,Only_Smoke,Only_Smoke,0.14047598838806152,0.868944525718689,1,0.007897174917161465,0.004815344233065844,0.868944525718689,0.11834292858839035
iteration3,AoF08115.jpg,Only_Smoke,Only_Smoke,0.02521476335823536,0.9751004576683044,1,0.02467411197721958,0.0001686109899310395,0.9751004576683044,5.6829983805073425e-05
iteration3,AoF08116.jpg,Only_Smoke,Only_Smoke,0.03459786996245384,0.9659938216209412,1,0.033455271273851395,0.00038066948764026165,0.9659938216209412,0.000170193103258498
iteration3,AoF08117.jpg,Only_Smoke,Neither,0.753895103931427,0.5293310880661011,0,0.5293310880661011,0.00010032989666797221,0.4705302119255066,3.834382368950173e-05
iteration3,AoF08118.jpg,Only_Smoke,Only_Smoke,0.16108272969722748,0.8512216210365295,1,0.013665529899299145,0.006397793535143137,0.8512216210365295,0.12871502339839935
iteration3,AoF08119.jpg,Only_Smoke,Neither,0.6969267129898071,0.501786470413208,0,0.501786470413208,7.204943540273234e-05,0.4981137812137604,2.769569073279854e-05
iteration3,AoF08120.jpg,Only_Smoke,Only_Smoke,0.2039860486984253,0.815473735332489,1,0.18446868658065796,5.405023694038391e-05,0.815473735332489,3.461047526798211e-06
iteration3,AoF08121.jpg,Only_Smoke,Only_Smoke,0.2354615181684494,0.7902060747146606,1,0.20968879759311676,9.46598156588152e-05,0.7902060747146606,1.0485109669389203e-05
iteration3,AoF08122.jpg,Only_Smoke,Only_Smoke,0.2207787036895752,0.8018941283226013,1,0.19665274024009705,0.001206618151627481,0.8018941283226013,0.0002464783610776067
iteration3,AoF08123.jpg,Only_Smoke,Only_Smoke,0.2394973635673523,0.7870233654975891,1,0.21165461838245392,0.0010658284882083535,0.7870233654975891,0.00025621335953474045
iteration3,AoF08124.jpg,Only_Smoke,Only_Smoke,0.09940066933631897,0.9053798913955688,1,0.09363726526498795,0.000853759644087404,0.9053798913955688,0.00012919488654006273
iteration3,AoF08125.jpg,Only_Smoke,Only_Smoke,0.13803303241729736,0.8710699081420898,1,0.12781812250614166,0.0009340737597085536,0.8710699081420898,0.00017788134573493153
iteration3,AoF08126.jpg,Only_Smoke,Only_Smoke,0.19932828843593597,0.8192808628082275,1,0.011028803884983063,0.00732625974342227,0.8192808628082275,0.16236402094364166
iteration3,AoF08127.jpg,Only_Smoke,Only_Smoke,0.0788126289844513,0.9242130517959595,1,0.07458188384771347,0.000983846839517355,0.9242130517959595,0.00022110328427515924
iteration3,AoF08128.jpg,Only_Smoke,Neither,1.8610248565673828,0.8351185321807861,0,0.8351185321807861,0.008089778013527393,0.15551316738128662,0.001278496696613729
iteration3,AoF08129.jpg,Only_Smoke,Only_Smoke,0.14657504856586456,0.8636609315872192,1,0.13631480932235718,2.1910276700509712e-05,0.8636609315872192,2.340182618354447e-06
iteration3,AoF08130.jpg,Only_Smoke,Only_Smoke,0.14357979595661163,0.8662517070770264,1,0.1337314397096634,1.4743916835868731e-05,0.8662517070770264,2.1771186311525526e-06
iteration3,AoF08131.jpg,Only_Smoke,Only_Smoke,0.6718693375587463,0.5107529163360596,1,0.4702266454696655,0.0012541336473077536,0.5107529163360596,0.017766330391168594
iteration3,AoF08132.jpg,Only_Smoke,Only_Smoke,0.2759677767753601,0.7588374018669128,1,0.21669167280197144,0.003283334895968437,0.7588374018669128,0.021187566220760345
iteration3,AoF08133.jpg,Only_Smoke,Only_Smoke,0.2543472647666931,0.7754224538803101,1,0.13834713399410248,0.007476055528968573,0.7754224538803101,0.07875432819128036
iteration3,AoF08134.jpg,Only_Smoke,Only_Smoke,0.06325050443410873,0.9387083053588867,1,0.06108381599187851,0.00010245804878650233,0.9387083053588867,0.00010548775753704831
iteration3,AoF08135.jpg,Only_Smoke,Only_Smoke,0.08385493606328964,0.9195646643638611,1,0.08031078428030014,6.422283331630751e-05,0.9195646643638611,6.0329177358653396e-05
iteration3,AoF08136.jpg,Only_Smoke,Only_Smoke,0.1065104603767395,0.8989656567573547,1,0.10093042999505997,4.6311557525768876e-05,0.8989656567573547,5.761197826359421e-05
iteration3,AoF08137.jpg,Only_Smoke,Only_Smoke,0.0820443332195282,0.9212310910224915,1,0.07870244234800339,3.568052488844842e-05,0.9212310910224915,3.080033275182359e-05
iteration3,AoF08138.jpg,Only_Smoke,Only_Smoke,0.036410730332136154,0.9642441868782043,1,0.03571071848273277,2.3499116650782526e-05,0.9642441868782043,2.1513018509722315e-05
iteration3,AoF08139.jpg,Only_Smoke,Only_Smoke,0.018354687839746475,0.9818127155303955,1,0.018150124698877335,1.788421104720328e-05,0.9818127155303955,1.9192979380022734e-05
iteration3,AoF08140.jpg,Only_Smoke,Only_Smoke,0.012243472039699554,0.987831175327301,1,0.012133901938796043,2.143550773325842e-05,0.987831175327301,1.3481379028235096e-05
iteration3,AoF08141.jpg,Only_Smoke,Only_Smoke,0.0153967821970582,0.9847211241722107,1,0.015232137404382229,3.351002305862494e-05,0.9847211241722107,1.3226924238551874e-05
iteration3,AoF08142.jpg,Only_Smoke,Only_Smoke,0.23585030436515808,0.7898989319801331,1,0.2098126858472824,0.00021139453747309744,0.7898989319801331,7.698749686824158e-05
iteration3,AoF08143.jpg,Only_Smoke,Only_Smoke,0.039587635546922684,0.9611856937408447,1,0.038630254566669464,0.00011767217074520886,0.9611856937408447,6.631544238189235e-05
iteration3,AoF08144.jpg,Only_Smoke,Only_Smoke,0.017136717215180397,0.9830092787742615,1,0.016919899731874466,4.753921166411601e-05,0.9830092787742615,2.3256112399394624e-05
iteration3,AoF08145.jpg,Only_Smoke,Only_Smoke,0.01991281285881996,0.9802841544151306,1,0.019683044403791428,2.5476549126324244e-05,0.9802841544151306,7.320024451473728e-06
iteration3,AoF08146.jpg,Only_Smoke,Only_Smoke,0.0022430280223488808,0.9977594614028931,1,0.0022295338567346334,9.170184966933448e-06,0.9977594614028931,1.744606151987682e-06
iteration3,AoF08147.jpg,Only_Smoke,Only_Smoke,0.0029397865291684866,0.9970645308494568,1,0.002928650937974453,4.976035597792361e-06,0.9970645308494568,1.7749168819136685e-06
iteration3,AoF08148.jpg,Only_Smoke,Only_Smoke,0.29191941022872925,0.7468287348747253,1,0.23094654083251953,0.004494264721870422,0.7468287348747253,0.017730457708239555
iteration3,AoF08149.jpg,Only_Smoke,Only_Smoke,0.04585326090455055,0.9551821351051331,1,0.04462387412786484,0.00015549860836472362,0.9551821351051331,3.857554474961944e-05
iteration3,AoF08150.jpg,Only_Smoke,Only_Smoke,0.017762986943125725,0.9823938608169556,1,0.017096534371376038,0.0004522585077211261,0.9823938608169556,5.7365945394849405e-05
iteration3,AoF08151.jpg,Only_Smoke,Only_Smoke,0.02812700718641281,0.9722648859024048,1,0.026568876579403877,0.000873252225574106,0.9722648859024048,0.00029296084539964795
iteration3,AoF08152.jpg,Only_Smoke,Only_Smoke,0.019585320726037025,0.9806052446365356,1,0.018991054967045784,0.00027445549494586885,0.9806052446365356,0.0001293513923883438
iteration3,AoF08153.jpg,Only_Smoke,Only_Smoke,0.06524430215358734,0.9368385672569275,1,0.06116367504000664,0.0012365549337118864,0.9368385672569275,0.0007611733744852245
iteration3,AoF08154.jpg,Only_Smoke,Only_Smoke,0.04935172200202942,0.9518463015556335,1,0.047872621566057205,0.00018350865866523236,0.9518463015556335,9.758348460309207e-05
iteration3,AoF08155.jpg,Only_Smoke,Only_Smoke,0.017326654866337776,0.982822597026825,1,0.01695927605032921,0.00016357637650799006,0.982822597026825,5.456257349578664e-05
iteration3,AoF08156.jpg,Only_Smoke,Only_Smoke,0.042831920087337494,0.9580724239349365,1,0.04078533127903938,0.0006862246082164347,0.9580724239349365,0.0004560061788652092
iteration3,AoF08157.jpg,Only_Smoke,Only_Smoke,0.02418806217610836,0.9761021137237549,1,0.023148754611611366,0.0004280851862858981,0.9761021137237549,0.00032106618164107203
iteration3,AoF08158.jpg,Only_Smoke,Only_Smoke,0.394919753074646,0.6737340688705444,1,0.32345467805862427,0.0020810032729059458,0.6737340688705444,0.000730183208361268
iteration3,AoF08159.jpg,Only_Smoke,Only_Smoke,0.31008726358413696,0.7333829402923584,1,0.2610008418560028,0.004394260700792074,0.7333829402923584,0.0012218636693432927
iteration3,AoF08160.jpg,Only_Smoke,Only_Smoke,0.13537275791168213,0.873390257358551,1,0.12645958364009857,9.999133908422664e-05,0.873390257358551,5.0118338549509645e-05
iteration3,AoF08161.jpg,Only_Smoke,Only_Smoke,0.1606830507516861,0.8515619039535522,1,0.14822432398796082,0.00011794622696470469,0.8515619039535522,9.577307355357334e-05
iteration3,AoF08162.jpg,Only_Smoke,Only_Smoke,0.26176828145980835,0.7696893811225891,1,0.23010651767253876,0.00011495404760353267,0.7696893811225891,8.92399693839252e-05
iteration3,AoF08163.jpg,Only_Smoke,Only_Smoke,0.5329670310020447,0.5868611335754395,1,0.41294994950294495,0.00014447684225160629,0.5868611335754395,4.440277552930638e-05
iteration3,AoF08164.jpg,Only_Smoke,Only_Smoke,0.019990988075733185,0.9802075028419495,1,0.019782785326242447,8.860094567353372e-06,0.9802075028419495,8.046703783293196e-07
iteration3,AoF08165.jpg,Only_Smoke,Only_Smoke,0.005907575134187937,0.9941098690032959,1,0.005884265527129173,5.4117435865919106e-06,0.9941098690032959,5.49438368580013e-07
iteration3,AoF08166.jpg,Only_Smoke,Only_Smoke,0.008330360054969788,0.9917042255401611,1,0.008289902471005917,5.431848876469303e-06,0.9917042255401611,5.266865059638803e-07
iteration3,AoF08167.jpg,Only_Smoke,Only_Smoke,0.014301893301308155,0.9857999086380005,1,0.014196377247571945,3.410738599995966e-06,0.9857999086380005,4.038216729895794e-07
iteration3,AoF08168.jpg,Only_Smoke,Only_Smoke,0.022395435720682144,0.9778534770011902,1,0.02214251458644867,3.5613245472632116e-06,0.9778534770011902,4.491264746775414e-07
iteration3,AoF08169.jpg,Only_Smoke,Only_Smoke,0.29602861404418945,0.7437661290168762,1,0.18257705867290497,0.008938021957874298,0.7437661290168762,0.06471876055002213
iteration3,AoF08170.jpg,Only_Smoke,Only_Smoke,0.027994753792881966,0.9723934531211853,1,0.027601612731814384,4.2221963667543605e-06,0.9723934531211853,6.642241032750462e-07
iteration3,AoF08171.jpg,Only_Smoke,Only_Smoke,0.0015531631652265787,0.9984480142593384,1,0.0014566814061254263,8.706334483576939e-05,0.9984480142593384,8.129165507853031e-06
iteration3,AoF08172.jpg,Only_Smoke,Only_Smoke,0.02184741012752056,0.9783895015716553,1,0.021524803712964058,5.887450242880732e-05,0.9783895015716553,2.688298627617769e-05
iteration3,AoF08173.jpg,Only_Smoke,Only_Smoke,0.050588902086019516,0.9506694078445435,1,0.04927581548690796,3.39404032274615e-05,0.9506694078445435,2.081253296637442e-05
iteration3,AoF08174.jpg,Only_Smoke,Only_Smoke,0.04442252963781357,0.9565497040748596,1,0.043407730758190155,2.5993023882620037e-05,0.9565497040748596,1.6590205632383004e-05
iteration3,AoF08175.jpg,Only_Smoke,Only_Smoke,0.03225897625088692,0.9682558178901672,1,0.03170757740736008,2.018937266257126e-05,0.9682558178901672,1.6374975530197844e-05
iteration3,AoF08176.jpg,Only_Smoke,Neither,1.4976145029067993,0.7718645334243774,0,0.7718645334243774,0.003625044832006097,0.2236630916595459,0.0008473501657135785
iteration3,AoF08177.jpg,Only_Smoke,Neither,1.8066918849945068,0.831213116645813,0,0.831213116645813,0.003719627857208252,0.1641964167356491,0.0008708243258297443
iteration3,AoF08178.jpg,Only_Smoke,Neither,0.8646539449691772,0.5738633275032043,0,0.5738633275032043,0.0010034339502453804,0.4211972951889038,0.003935879562050104
iteration3,AoF08179.jpg,Only_Smoke,Neither,2.7263588905334473,0.9319473505020142,0,0.9319473505020142,0.002001433400437236,0.06545719504356384,0.0005940067349001765
iteration3,AoF08180.jpg,Only_Smoke,Only_Smoke,0.3374456763267517,0.7135907411575317,1,0.2785385251045227,0.006099767982959747,0.7135907411575317,0.0017710477113723755
iteration3,AoF08181.jpg,Only_Smoke,Only_Smoke,0.36245352029800415,0.6959666609764099,1,0.29579195380210876,0.006221834570169449,0.6959666609764099,0.0020195958204567432
iteration3,AoF08182.jpg,Only_Smoke,Only_Smoke,0.36800870299339294,0.6921111345291138,1,0.2992476224899292,0.006123025435954332,0.6921111345291138,0.002518247812986374
iteration3,AoF08183.jpg,Only_Smoke,Only_Smoke,0.30389851331710815,0.7379357814788818,1,0.26198846101760864,6.474152178270742e-05,0.7379357814788818,1.0993735486408696e-05
iteration3,AoF08184.jpg,Only_Smoke,Only_Smoke,0.255982905626297,0.7741551995277405,1,0.22574558854103088,8.348465780727565e-05,0.7741551995277405,1.5684028767282143e-05
iteration3,AoF08185.jpg,Only_Smoke,Only_Smoke,0.03268180415034294,0.9678464531898499,1,0.032149381935596466,2.7365763344278093e-06,0.9678464531898499,1.3770346640740172e-06
iteration3,AoF08186.jpg,Only_Smoke,Only_Smoke,0.029597198590636253,0.9708365201950073,1,0.02916094847023487,1.7577361859366647e-06,0.9708365201950073,7.649247208973975e-07
iteration3,AoF08187.jpg,Only_Smoke,Only_Smoke,0.011189212091267109,0.9888731837272644,1,0.011061380617320538,4.5940665586385876e-05,0.9888731837272644,1.94450458366191e-05
iteration3,AoF08188.jpg,Only_Smoke,Only_Smoke,0.006555480882525444,0.9934659600257874,1,0.006473366171121597,4.5979842980159447e-05,0.9934659600257874,1.465745208406588e-05
iteration3,AoF08189.jpg,Only_Smoke,Only_Smoke,0.004401875659823418,0.9956077933311462,1,0.004374222364276648,1.5470301150344312e-05,0.9956077933311462,2.496989736755495e-06
iteration3,AoF08190.jpg,Only_Smoke,Only_Smoke,0.006646786350756884,0.9933752417564392,1,0.006579626817256212,3.821953941951506e-05,0.9933752417564392,6.937412763363682e-06
iteration3,AoF08191.jpg,Both,Only_Smoke,2.2585175037384033,0.8235781788825989,0,0.008954523131251335,0.06296207010746002,0.8235781788825989,0.10450529307126999
iteration3,AoF08192.jpg,Only_Smoke,Only_Smoke,0.005072699394077063,0.9949401617050171,1,0.005035988986492157,2.0376925021992065e-05,0.9949401617050171,3.519421625242103e-06
iteration3,AoF08193.jpg,Only_Smoke,Only_Smoke,0.006153328809887171,0.9938655495643616,1,0.006104853469878435,2.5480821932433173e-05,0.9938655495643616,4.125791747355834e-06
iteration3,AoF08194.jpg,Only_Smoke,Only_Smoke,0.013229097239673138,0.9868580102920532,1,0.01307307742536068,3.870271029882133e-05,0.9868580102920532,3.0273788070189767e-05
iteration3,AoF08195.jpg,Only_Smoke,Only_Smoke,0.010180569253861904,0.989871084690094,1,0.010092563927173615,2.3785876692272723e-05,0.989871084690094,1.2570510989462491e-05
iteration3,AoF08196.jpg,Only_Smoke,Only_Smoke,0.021183781325817108,0.9790390133857727,1,0.020891891792416573,4.697560507338494e-05,0.9790390133857727,2.214784581155982e-05
iteration3,AoF08197.jpg,Only_Smoke,Only_Smoke,0.00024029705673456192,0.9997597336769104,1,0.0002285866066813469,1.0107020898431074e-05,0.9997597336769104,1.5530337122982019e-06
iteration3,AoF08198.jpg,Only_Smoke,Only_Smoke,0.00011443436960689723,0.9998855590820312,1,0.00011225033085793257,2.0448399027372943e-06,0.9998855590820312,1.05106600756244e-07
iteration3,AoF08199.jpg,Only_Smoke,Only_Smoke,0.0006741396500729024,0.9993261098861694,1,0.0006677611381746829,5.9774629335151985e-06,0.9993261098861694,2.69039020395212e-07
iteration3,AoF08200.jpg,Only_Smoke,Only_Smoke,0.0003071551618631929,0.9996929168701172,1,0.0003035737609025091,3.4988572679139907e-06,0.9996929168701172,1.0405201322782887e-07
iteration3,AoF08201.jpg,Only_Smoke,Only_Smoke,0.0005281960475258529,0.9994719624519348,1,0.0005194744444452226,8.2211290646228e-06,0.9994719624519348,3.8411479863498244e-07
iteration3,AoF08202.jpg,Only_Smoke,Only_Smoke,0.0007347744540311396,0.9992654919624329,1,0.0007252543582580984,8.963633263192605e-06,0.9992654919624329,3.619450978931127e-07
iteration3,AoF08203.jpg,Only_Smoke,Only_Smoke,0.0006256530177779496,0.9993745684623718,1,0.0006158115575090051,9.10744256543694e-06,0.9993745684623718,5.333291142051166e-07
iteration3,AoF08204.jpg,Only_Smoke,Only_Smoke,0.001134824356995523,0.9988658428192139,1,0.0011238815495744348,9.522243999526836e-06,0.9988658428192139,6.946934263396543e-07
iteration3,AoF08205.jpg,Only_Smoke,Only_Smoke,0.0007190502947196364,0.9992812275886536,1,0.0007127271965146065,5.758471615990857e-06,0.9992812275886536,3.488792970074428e-07
iteration3,AoF08206.jpg,Only_Smoke,Only_Smoke,0.30695977807044983,0.7356801629066467,1,0.005326548591256142,0.0072103021666407585,0.7356801629066467,0.25178298354148865
iteration3,AoF08207.jpg,Only_Smoke,Only_Smoke,0.0010756427654996514,0.9989249110221863,1,0.0010563026880845428,1.5772218830534257e-05,0.9989249110221863,2.9946104405098595e-06
iteration3,AoF08208.jpg,Only_Smoke,Only_Smoke,0.517789900302887,0.5958359241485596,1,0.40399643778800964,9.845000022323802e-05,0.5958359241485596,6.918953295098618e-05
iteration3,AoF08209.jpg,Only_Smoke,Only_Smoke,0.5188326835632324,0.5952149629592896,1,0.4045524001121521,9.995217260438949e-05,0.5952149629592896,0.000132685003336519
iteration3,AoF08210.jpg,Only_Smoke,Only_Smoke,0.285267174243927,0.7518133521080017,1,0.24802686274051666,8.212908869609237e-05,0.7518133521080017,7.770414958940819e-05
iteration3,AoF08211.jpg,Only_Smoke,Only_Smoke,0.053249940276145935,0.9481430053710938,1,0.0517834909260273,4.195570727461018e-05,0.9481430053710938,3.1536943424725905e-05
iteration3,AoF08212.jpg,Only_Smoke,Only_Smoke,0.18585170805454254,0.8303967118263245,1,0.16358168423175812,0.00199182890355587,0.8303967118263245,0.004029764328151941
iteration3,AoF08213.jpg,Only_Smoke,Only_Smoke,0.11073753237724304,0.8951736688613892,1,0.1021125316619873,0.001541920006275177,0.8951736688613892,0.0011718898313120008
iteration3,AoF08214.jpg,Only_Smoke,Neither,0.7809587121009827,0.5378662347793579,0,0.5378662347793579,0.0022177398204803467,0.45796671509742737,0.0019493018044158816
iteration3,AoF08215.jpg,Only_Smoke,Neither,0.7004151344299316,0.5001723766326904,0,0.5001723766326904,0.0022718613035976887,0.49637916684150696,0.0011765328235924244
iteration3,AoF08216.jpg,Only_Smoke,Only_Smoke,0.39763155579566956,0.6719095706939697,1,0.3267723619937897,0.0009262704406864941,0.6719095706939697,0.00039185985224321485
iteration3,AoF08217.jpg,Only_Smoke,Only_Smoke,0.19856522977352142,0.8199062943458557,1,0.17957833409309387,0.00018022916628979146,0.8199062943458557,0.00033512458321638405
iteration3,AoF08218.jpg,Only_Smoke,Only_Smoke,0.3853144943714142,0.6802366971969604,1,0.31974297761917114,1.4154996279103216e-05,0.6802366971969604,6.219725037226453e-06
iteration3,AoF08219.jpg,Only_Smoke,Only_Smoke,0.360772967338562,0.6971372365951538,1,0.30283764004707336,1.761845669534523e-05,0.6971372365951538,7.475221536878962e-06
iteration3,AoF08220.jpg,Only_Smoke,Only_Smoke,0.06990599632263184,0.9324814677238464,1,0.06751298904418945,3.5316982121003093e-06,0.9324814677238464,2.0309405499574495e-06
iteration3,AoF08221.jpg,Only_Smoke,Only_Smoke,0.013144743628799915,0.9869412779808044,1,0.013050219044089317,7.213956450868864e-06,0.9869412779808044,1.267239326807612e-06
iteration3,AoF08222.jpg,Only_Smoke,Only_Smoke,0.00801052339375019,0.9920215010643005,1,0.007974439300596714,3.378349902050104e-06,0.9920215010643005,7.170778530962707e-07
iteration3,AoF08223.jpg,Only_Smoke,Only_Smoke,0.2556030750274658,0.7744492888450623,1,0.22506755590438843,0.00015487159544136375,0.7744492888450623,0.00032820511842146516
iteration3,AoF08224.jpg,Only_Smoke,Only_Smoke,0.22616803646087646,0.797584056854248,1,0.20176230370998383,0.00019693514332175255,0.797584056854248,0.00045667384983971715
iteration3,AoF08225.jpg,Only_Smoke,Only_Smoke,0.024595122784376144,0.9757048487663269,1,0.0002823809627443552,0.015965331345796585,0.9757048487663269,0.008047342300415039
iteration3,AoF08226.jpg,Only_Smoke,Neither,1.2314908504486084,0.7035149335861206,0,0.7035149335861206,0.0026214628014713526,0.29185715317726135,0.002006405731663108
iteration3,AoF08227.jpg,Only_Smoke,Neither,1.0065786838531494,0.6303801536560059,0,0.6303801536560059,0.0026043932884931564,0.36546722054481506,0.0015482420567423105
iteration3,AoF08228.jpg,Only_Smoke,Neither,1.1372337341308594,0.6758493185043335,0,0.6758493185043335,0.001973561942577362,0.32070496678352356,0.001472141477279365
iteration3,AoF08229.jpg,Only_Smoke,Neither,1.0957012176513672,0.6599260568618774,0,0.6599260568618774,0.0024563493207097054,0.3343051075935364,0.003312501823529601
iteration3,AoF08230.jpg,Only_Smoke,Neither,0.8352469801902771,0.5623053312301636,0,0.5623053312301636,0.0011207573115825653,0.4337673485279083,0.002806598786264658
iteration3,AoF08231.jpg,Only_Smoke,Only_Smoke,0.6426262855529785,0.525909423828125,1,0.4635319709777832,0.004336951300501823,0.525909423828125,0.006221653427928686
iteration3,AoF08232.jpg,Only_Smoke,Only_Smoke,0.0031876962166279554,0.9968173503875732,1,0.0013243765570223331,9.952973778126761e-05,0.9968173503875732,0.0017587087349966168
iteration3,AoF08233.jpg,Only_Smoke,Only_Smoke,0.2619992792606354,0.7695115804672241,1,0.13867557048797607,0.003445747774094343,0.7695115804672241,0.08836711198091507
iteration3,AoF08234.jpg,Only_Smoke,Only_Smoke,0.11447595059871674,0.8918333649635315,1,0.07828003913164139,0.006291315425187349,0.8918333649635315,0.023595258593559265
iteration3,AoF08235.jpg,Only_Smoke,Only_Smoke,0.26445508003234863,0.7676241397857666,1,0.22588585317134857,0.005678506102412939,0.7676241397857666,0.0008114990196190774
iteration3,AoF08236.jpg,Only_Smoke,Only_Smoke,0.43629178404808044,0.6464290618896484,1,0.34488195180892944,0.007760926149785519,0.6464290618896484,0.0009280639351345599
iteration3,AoF08237.jpg,Only_Smoke,Only_Smoke,0.45428889989852905,0.6348992586135864,1,0.3590925335884094,0.005373712629079819,0.6348992586135864,0.0006344782304950058
iteration3,AoF08238.jpg,Only_Smoke,Only_Smoke,0.25645363330841064,0.7737908959388733,1,0.2251633256673813,0.000931264425162226,0.7737908959388733,0.00011459183588158339
iteration3,AoF08239.jpg,Only_Smoke,Only_Smoke,0.009722381830215454,0.9903247356414795,1,0.009535109624266624,0.00013235157530289143,0.9903247356414795,7.824132808309514e-06
iteration3,AoF08240.jpg,Only_Smoke,Only_Smoke,0.0047214450314641,0.99528968334198,1,0.004512833431363106,0.00018046580953523517,0.99528968334198,1.6996182239381596e-05
iteration3,AoF08241.jpg,Only_Smoke,Only_Smoke,0.05923083797097206,0.9424892067909241,1,0.0551006905734539,0.002114733913913369,0.9424892067909241,0.0002953614457510412
iteration3,AoF08242.jpg,Only_Smoke,Only_Smoke,0.07035620510578156,0.9320617318153381,1,0.06609009206295013,0.0016214384231716394,0.9320617318153381,0.00022667908342555165
iteration3,AoF08243.jpg,Only_Smoke,Only_Smoke,0.07396543771028519,0.928703784942627,1,0.07110752165317535,0.00014329905388876796,0.928703784942627,4.5401604438666254e-05
iteration3,AoF08244.jpg,Only_Smoke,Only_Smoke,0.0749523714184761,0.9277876615524292,1,0.0721164122223854,4.636759331333451e-05,0.9277876615524292,4.953077223035507e-05
iteration3,AoF08245.jpg,Only_Smoke,Only_Smoke,0.016900328919291496,0.9832416772842407,1,0.01626562513411045,0.0003662066301330924,0.9832416772842407,0.00012638611951842904
iteration3,AoF08246.jpg,Only_Smoke,Only_Smoke,0.026720695197582245,0.9736331701278687,1,0.02485995925962925,0.0012603052891790867,0.9736331701278687,0.00024654431035742164
iteration3,AoF08247.jpg,Only_Smoke,Only_Smoke,0.015113367699086666,0.9850002527236938,1,0.014252240769565105,0.0004948140121996403,0.9850002527236938,0.00025273929350078106
iteration3,AoF08248.jpg,Only_Smoke,Only_Smoke,0.014091516844928265,0.9860073328018188,1,0.013589555397629738,0.0002915706136263907,0.9860073328018188,0.00011165031901327893
iteration3,AoF08249.jpg,Only_Smoke,Only_Smoke,0.21380943059921265,0.807502269744873,1,0.19086915254592896,0.0012348043965175748,0.807502269744873,0.0003937476722057909
iteration3,AoF08250.jpg,Only_Smoke,Only_Smoke,0.038460541516542435,0.96226966381073,1,0.03660004958510399,0.0008137525874190032,0.96226966381073,0.000316493067657575
iteration3,AoF08251.jpg,Only_Smoke,Only_Smoke,0.6137035489082336,0.5413422584533691,1,0.4575980603694916,0.0005808310816064477,0.5413422584533691,0.00047889535198919475
iteration3,AoF08252.jpg,Only_Smoke,Only_Smoke,0.023541703820228577,0.9767332673072815,1,0.023068992421030998,0.00016124846297316253,0.9767332673072815,3.655626642284915e-05
iteration3,AoF08253.jpg,Only_Smoke,Only_Smoke,0.11057179421186447,0.8953220248222351,1,0.10400606691837311,0.00046568826655857265,0.8953220248222351,0.00020622953888960183
iteration3,AoF08254.jpg,Only_Smoke,Only_Smoke,0.13155482709407806,0.8767312169075012,1,0.12186217308044434,0.0010909981792792678,0.8767312169075012,0.00031568988924846053
iteration3,AoF08255.jpg,Only_Smoke,Only_Smoke,0.04157869517803192,0.9592738151550293,1,0.04046967625617981,0.00023852981394156814,0.9592738151550293,1.798541416064836e-05
iteration3,AoF08256.jpg,Only_Smoke,Only_Smoke,0.21290965378284454,0.8082291483879089,1,0.19100968539714813,0.0007140045636333525,0.8082291483879089,4.710682333097793e-05
iteration3,AoF08257.jpg,Only_Smoke,Only_Smoke,0.13309815526008606,0.8753791451454163,1,0.1237269937992096,0.0008399724611081183,0.8753791451454163,5.390267324401066e-05
iteration3,AoF08258.jpg,Only_Smoke,Only_Smoke,0.13680405914783478,0.8721411228179932,1,0.12676085531711578,0.0010275366948917508,0.8721411228179932,7.044972880976275e-05
iteration3,AoF08259.jpg,Only_Smoke,Only_Smoke,0.06844806671142578,0.9338419437408447,1,0.06313567608594894,0.0027800872921943665,0.9338419437408447,0.00024233497970271856
iteration3,AoF08260.jpg,Only_Smoke,Only_Smoke,0.3452708125114441,0.7080286145210266,1,0.2915152609348297,0.0003941198519896716,0.7080286145210266,6.196938920766115e-05
iteration3,AoF08261.jpg,Only_Smoke,Only_Smoke,0.22428587079048157,0.7990866899490356,1,0.20059093832969666,0.00029328427626751363,0.7990866899490356,2.9134122087270953e-05
iteration3,AoF08262.jpg,Only_Smoke,Only_Smoke,0.11933610588312149,0.8875094652175903,1,0.11178309470415115,0.0006574231665581465,0.8875094652175903,5.00182832183782e-05
iteration3,AoF08263.jpg,Only_Smoke,Only_Smoke,0.12383956462144852,0.883521556854248,1,0.11620628833770752,0.0002177401474909857,0.883521556854248,5.439149754238315e-05
iteration3,AoF08264.jpg,Only_Smoke,Neither,0.7549719214439392,0.5283291935920715,0,0.5283291935920715,0.001406353316269815,0.4700238108634949,0.00024061014119070023
iteration3,AoF08265.jpg,Only_Smoke,Only_Smoke,0.016717463731765747,0.9834215044975281,1,0.01640716940164566,0.00014296828885562718,0.9834215044975281,2.825641058734618e-05
iteration3,AoF08266.jpg,Only_Smoke,Only_Smoke,0.02285216562449932,0.9774069786071777,1,0.02226729691028595,0.0002785796532407403,0.9774069786071777,4.7251960495486856e-05
iteration3,AoF08267.jpg,Only_Smoke,Only_Smoke,0.04827704653143883,0.9528697729110718,1,0.04664189741015434,0.0004541224625427276,0.9528697729110718,3.414908132981509e-05
iteration3,AoF08268.jpg,Only_Smoke,Only_Smoke,0.1111026406288147,0.8948469161987305,1,0.10479651391506195,0.00027646886883303523,0.8948469161987305,8.011057070689276e-05
iteration3,AoF08269.jpg,Only_Smoke,Only_Smoke,0.02730306051671505,0.9730662703514099,1,0.02672704868018627,0.00018070993246510625,0.9730662703514099,2.598100581963081e-05
iteration3,AoF08270.jpg,Neither,Neither,0.20271506905555725,0.8165108561515808,1,0.8165108561515808,0.0011352612636983395,0.18225832283496857,9.551332186674699e-05
iteration3,AoF08271.jpg,Only_Smoke,Only_Smoke,0.08663181960582733,0.9170146584510803,1,0.07993859797716141,0.002586157526820898,0.9170146584510803,0.0004605565045494586
iteration3,AoF08272.jpg,Only_Smoke,Only_Smoke,0.07051174342632294,0.9319167733192444,1,0.05679691582918167,0.010765735991299152,0.9319167733192444,0.0005205378402024508
iteration3,AoF08273.jpg,Neither,Only_Smoke,3.663520336151123,0.9736626148223877,0,0.025642085820436478,0.0006520305760204792,0.9736626148223877,4.319435538491234e-05
iteration3,AoF08274.jpg,Only_Smoke,Only_Smoke,0.021237816661596298,0.9789861440658569,1,0.020484333857893944,0.0005035590729676187,0.9789861440658569,2.606612724775914e-05
iteration3,AoF08275.jpg,Only_Smoke,Only_Smoke,0.3978870213031769,0.6717379093170166,1,0.3217830955982208,0.005640628281980753,0.6717379093170166,0.0008383845561183989
iteration3,AoF08276.jpg,Only_Smoke,Only_Smoke,0.2833121120929718,0.7532846331596375,1,0.24081803858280182,0.005303310230374336,0.7532846331596375,0.0005940233240835369
iteration3,AoF08277.jpg,Only_Smoke,Only_Smoke,0.013972792774438858,0.9861243963241577,1,0.013416841626167297,0.00042774685425683856,0.9861243963241577,3.106989970547147e-05
iteration3,AoF08278.jpg,Only_Smoke,Only_Smoke,0.2267618179321289,0.7971106171607971,1,0.2020694762468338,0.0007596219656988978,0.7971106171607971,6.0376449255272746e-05
iteration3,AoF08279.jpg,Only_Smoke,Only_Smoke,0.3136301338672638,0.7307892441749573,1,0.26843300461769104,0.0007307679625228047,0.7307892441749573,4.696516043622978e-05
iteration3,AoF08280.jpg,Only_Smoke,Only_Smoke,0.015201547183096409,0.9849134087562561,1,0.014900310896337032,0.00017023489635903388,0.9849134087562561,1.605329271114897e-05
iteration3,AoF08281.jpg,Only_Smoke,Only_Smoke,0.013155685737729073,0.9869304895401001,1,0.012843674048781395,0.0002045706642093137,0.9869304895401001,2.136602415703237e-05
iteration3,AoF08282.jpg,Only_Smoke,Only_Smoke,0.023396264761686325,0.9768753051757812,1,0.023010436445474625,0.00010939700587186962,0.9768753051757812,4.810535756405443e-06
iteration3,AoF08283.jpg,Only_Smoke,Only_Smoke,0.381250262260437,0.6830069422721863,1,0.31572458148002625,0.0011523785069584846,0.6830069422721863,0.00011606299813138321
iteration3,AoF08284.jpg,Only_Smoke,Only_Smoke,0.008918805979192257,0.9911208748817444,1,0.008735518902540207,0.00013411448162514716,0.9911208748817444,9.606028470443562e-06
iteration3,AoF08285.jpg,Only_Smoke,Only_Smoke,0.01103453803807497,0.9890261292457581,1,0.01077578030526638,0.00018560196622274816,0.9890261292457581,1.2472086382331327e-05
iteration3,AoF08286.jpg,Only_Smoke,Only_Smoke,0.022375386208295822,0.9778730869293213,1,0.02182937227189541,0.0002718371688388288,0.9778730869293213,2.568917079770472e-05
iteration3,AoF08287.jpg,Only_Smoke,Only_Smoke,0.011645196937024593,0.9884223341941833,1,0.011422957293689251,0.00014267186634242535,0.9884223341941833,1.2078400686732493e-05
iteration3,AoF08288.jpg,Only_Smoke,Only_Smoke,0.0068298461847007275,0.9931934475898743,1,0.006724318489432335,7.69501639297232e-05,0.9931934475898743,5.368373422243167e-06
iteration3,AoF08289.jpg,Only_Smoke,Only_Smoke,0.07051441073417664,0.9319143295288086,1,0.06698620319366455,0.0010390887036919594,0.9319143295288086,6.037398998159915e-05
iteration3,AoF08290.jpg,Only_Smoke,Only_Smoke,0.04602142795920372,0.9550215005874634,1,0.043902236968278885,0.0009902751771733165,0.9550215005874634,8.599845023127273e-05
iteration3,AoF08291.jpg,Only_Smoke,Only_Smoke,0.021210506558418274,0.9790128469467163,1,0.02077871933579445,0.0001929985883180052,0.9790128469467163,1.5405974409077317e-05
iteration3,AoF08292.jpg,Only_Smoke,Only_Smoke,0.019966566935181618,0.9802314639091492,1,0.019588762894272804,0.00012138699821662158,0.9802314639091492,5.8488429203862324e-05
iteration3,AoF08293.jpg,Only_Smoke,Only_Smoke,0.017859596759080887,0.9822989106178284,1,0.017489425837993622,0.00015795901708770543,0.9822989106178284,5.3658812248613685e-05
iteration3,AoF08294.jpg,Only_Smoke,Only_Smoke,0.024349091574549675,0.9759449362754822,1,0.023928040638566017,0.00012011082435492426,0.9759449362754822,6.90738670527935e-06
iteration3,AoF08295.jpg,Only_Smoke,Only_Smoke,0.07555817067623138,0.9272257685661316,1,0.0724128931760788,0.0003310309839434922,0.9272257685661316,3.02975058730226e-05
iteration3,AoF08296.jpg,Only_Smoke,Only_Smoke,0.07965444773435593,0.923435389995575,1,0.07623771578073502,0.00029517649090848863,0.923435389995575,3.176707468810491e-05
iteration3,AoF08297.jpg,Only_Smoke,Only_Smoke,0.03387247025966644,0.9666947722434998,1,0.03271394222974777,0.0004150537424720824,0.9666947722434998,0.00017628498608246446
iteration3,AoF08298.jpg,Only_Smoke,Only_Smoke,0.022946307435631752,0.9773149490356445,1,0.02250111661851406,0.00016907353710848838,0.9773149490356445,1.4845893019810319e-05
iteration3,AoF08299.jpg,Only_Smoke,Only_Smoke,0.14499229192733765,0.865028977394104,1,0.13434544205665588,0.000490809790790081,0.865028977394104,0.0001348355581285432
iteration3,AoF08300.jpg,Only_Smoke,Only_Smoke,0.039196375757455826,0.9615618586540222,1,0.03803572058677673,0.00026414808235131204,0.9615618586540222,0.00013830559328198433
iteration3,AoF08301.jpg,Only_Smoke,Only_Smoke,0.009207288734614849,0.9908349514007568,1,0.009055500850081444,0.0001028173282975331,0.9908349514007568,6.6779534790839534e-06
iteration3,AoF08302.jpg,Only_Smoke,Only_Smoke,0.03689315915107727,0.963779091835022,1,0.03503058850765228,0.0011251848191022873,0.963779091835022,6.509355443995446e-05
iteration3,AoF08303.jpg,Only_Smoke,Only_Smoke,0.0949615091085434,0.909407913684845,1,0.08914622664451599,0.00044390500988811255,0.909407913684845,0.0010019292822107673
iteration3,AoF08304.jpg,Only_Smoke,Only_Smoke,0.011385232210159302,0.9886793494224548,1,0.011033323593437672,0.00026200752472504973,0.9886793494224548,2.5306770112365484e-05
iteration3,AoF08305.jpg,Only_Smoke,Only_Smoke,0.012792429886758327,0.9872890710830688,1,0.012593692168593407,0.00010933275916613638,0.9872890710830688,7.917425136838574e-06
iteration3,AoF08306.jpg,Only_Smoke,Only_Smoke,0.010583700612187386,0.9894720911979675,1,0.010416470468044281,0.00010292355000274256,0.9894720911979675,8.50991091283504e-06
iteration3,AoF08307.jpg,Only_Smoke,Only_Smoke,0.03969373181462288,0.9610837697982788,1,0.03857222944498062,0.00032071187160909176,0.9610837697982788,2.338995000172872e-05
iteration3,AoF08308.jpg,Only_Smoke,Only_Smoke,0.015802744776010513,0.9843214750289917,1,0.015406087040901184,0.00017078609380405396,0.9843214750289917,0.00010169529559789225
iteration3,AoF08309.jpg,Only_Smoke,Only_Smoke,0.025909410789608955,0.974423348903656,1,0.025116529315710068,0.00024176710576284677,0.974423348903656,0.00021828927856404334
iteration3,AoF08310.jpg,Only_Smoke,Neither,1.1268517971038818,0.6753808856010437,0,0.6753808856010437,0.0004983763210475445,0.3240518271923065,6.886988558107987e-05
iteration3,AoF08311.jpg,Only_Smoke,Only_Smoke,0.016257569193840027,0.9838738441467285,1,0.01585972122848034,0.000244087481405586,0.9838738441467285,2.230115933343768e-05
iteration3,AoF08312.jpg,Only_Smoke,Neither,0.712800920009613,0.5094854235649109,0,0.5094854235649109,0.0002070493355859071,0.49026909470558167,3.8366611988749355e-05
iteration3,AoF08313.jpg,Only_Smoke,Only_Smoke,0.29647770524024963,0.7434322237968445,1,0.2563309073448181,0.0002090287016471848,0.7434322237968445,2.7885591407539323e-05
iteration3,AoF08314.jpg,Only_Smoke,Only_Smoke,0.02438259683549404,0.9759122729301453,1,0.023889081552624702,0.00018867973994929343,0.9759122729301453,1.0032203135779127e-05
iteration3,AoF08315.jpg,Only_Smoke,Only_Smoke,0.006338729523122311,0.9936813116073608,1,0.00613710843026638,0.00016865004727151245,0.9936813116073608,1.2963216249772813e-05
iteration3,AoF08316.jpg,Only_Smoke,Only_Smoke,0.007429351564496756,0.9925981760025024,1,0.007173692807555199,0.00021357284276746213,0.9925981760025024,1.4590141290682368e-05
iteration3,AoF08317.jpg,Only_Smoke,Only_Smoke,0.01062946580350399,0.989426851272583,1,0.010326151736080647,0.00019905137014575303,0.989426851272583,4.7967077989596874e-05
iteration3,AoF08318.jpg,Only_Smoke,Only_Smoke,0.013234037905931473,0.9868531227111816,1,0.012996959500014782,0.00012526492355391383,0.9868531227111816,2.4612176275695674e-05
iteration3,AoF08319.jpg,Only_Smoke,Only_Smoke,0.008286026306450367,0.9917482137680054,1,0.007953200489282608,0.0002507468161638826,0.9917482137680054,4.7847752284724265e-05
iteration3,AoF08320.jpg,Only_Smoke,Only_Smoke,0.008158452808856964,0.9918747544288635,1,0.007823022082448006,0.00026236774283461273,0.9918747544288635,3.9806625864002854e-05
iteration3,AoF08321.jpg,Only_Smoke,Only_Smoke,0.20013877749443054,0.8186171054840088,1,0.17337848246097565,0.0065711140632629395,0.8186171054840088,0.0014332395512610674
iteration3,AoF08322.jpg,Only_Smoke,Only_Smoke,0.012891406193375587,0.9871913194656372,1,0.01231672428548336,0.0002984583843499422,0.9871913194656372,0.00019350674119777977
iteration3,AoF08323.jpg,Only_Smoke,Neither,1.526322603225708,0.7821326851844788,0,0.7821326851844788,0.0004486572288442403,0.21733343601226807,8.526401506969705e-05
iteration3,AoF08324.jpg,Only_Smoke,Neither,0.9368588924407959,0.6070607304573059,0,0.6070607304573059,0.0009264973341487348,0.3918567895889282,0.00015594718570355326
iteration3,AoF08325.jpg,Only_Smoke,Only_Smoke,0.022388791665434837,0.9778599739074707,1,0.021704476326704025,0.0003393532242625952,0.9778599739074707,9.612766007194296e-05
iteration3,AoF08326.jpg,Only_Smoke,Only_Smoke,0.09182506799697876,0.9122647047042847,1,0.08586610108613968,0.00136191351339221,0.9122647047042847,0.0005072733038105071
iteration3,AoF08327.jpg,Only_Smoke,Only_Smoke,0.19815541803836823,0.8202423453330994,1,0.17860399186611176,0.0009525531786493957,0.8202423453330994,0.00020108676108065993
iteration3,AoF08328.jpg,Only_Smoke,Only_Smoke,0.29018548130989075,0.7481247782707214,1,0.25117865204811096,0.0005906947189942002,0.7481247782707214,0.00010584978008409962
iteration3,AoF08329.jpg,Only_Smoke,Only_Smoke,0.3345475196838379,0.7156618237495422,1,0.28346556425094604,0.0007297446136362851,0.7156618237495422,0.00014284823555499315
iteration3,AoF08330.jpg,Only_Smoke,Only_Smoke,0.03189358860254288,0.968609631061554,1,0.030730534344911575,0.0005117024993523955,0.968609631061554,0.00014802796067669988
iteration3,AoF08331.jpg,Only_Smoke,Only_Smoke,0.14625604450702667,0.8639364838600159,1,0.13566885888576508,0.00030979301664046943,0.8639364838600159,8.487620652886108e-05
iteration3,AoF08332.jpg,Only_Smoke,Neither,0.8685306906700134,0.579700231552124,0,0.579700231552124,0.0006104269996285439,0.4195675849914551,0.00012171408161520958
iteration3,AoF08333.jpg,Only_Smoke,Only_Smoke,0.07174001634120941,0.9307728409767151,1,0.06909535080194473,0.00010220004332950339,0.9307728409767151,2.9561524570453912e-05
iteration3,AoF08334.jpg,Only_Smoke,Only_Smoke,0.628912627696991,0.5331712365150452,1,0.4658622145652771,0.0007282746955752373,0.5331712365150452,0.0002382578531978652
iteration3,AoF08335.jpg,Only_Smoke,Only_Smoke,0.06944212317466736,0.932914137840271,1,0.06671660393476486,0.00028869352536275983,0.932914137840271,8.049403550103307e-05
iteration3,AoF08336.jpg,Only_Smoke,Only_Smoke,0.6262938380241394,0.5345693230628967,1,0.4643089175224304,0.0009809414623305202,0.5345693230628967,0.00014082896814215928
iteration3,AoF08337.jpg,Only_Smoke,Only_Smoke,0.5761439204216003,0.5620615482330322,1,0.39922165870666504,0.011304712854325771,0.5620615482330322,0.027412058785557747
iteration3,AoF08338.jpg,Only_Smoke,Only_Smoke,0.05879323557019234,0.9429017305374146,1,0.056704141199588776,0.00032496650237590075,0.9429017305374146,6.919427687535062e-05
iteration3,AoF08339.jpg,Only_Smoke,Only_Smoke,0.07257306575775146,0.9299978017807007,1,0.06963187456130981,0.0003145030059386045,0.9299978017807007,5.580366632784717e-05
iteration3,AoF08340.jpg,Only_Smoke,Only_Smoke,0.01700475998222828,0.9831389784812927,1,0.016672177240252495,0.0001741478336043656,0.9831389784812927,1.4607244338549208e-05
iteration3,AoF08341.jpg,Only_Smoke,Only_Smoke,0.012435871176421642,0.9876411557197571,1,0.012277578935027122,7.638480747118592e-05,0.9876411557197571,4.799092948815087e-06
iteration3,AoF08342.jpg,Only_Smoke,Only_Smoke,0.003585697151720524,0.9964207410812378,1,0.003510119626298547,6.454650429077446e-05,0.9964207410812378,4.634398010239238e-06
iteration3,AoF08343.jpg,Only_Smoke,Only_Smoke,0.007050160318613052,0.9929746389389038,1,0.006959917955100536,6.153153663035482e-05,0.9929746389389038,3.932176696253009e-06
iteration3,AoF08344.jpg,Only_Smoke,Only_Smoke,0.004057746846228838,0.99595046043396,1,0.004007889423519373,3.801868297159672e-05,0.99595046043396,3.699578655869118e-06
iteration3,AoF08345.jpg,Only_Smoke,Only_Smoke,0.13452301919460297,0.8741327524185181,1,0.1253109723329544,0.00038931157905608416,0.8741327524185181,0.00016697877435944974
iteration3,AoF08346.jpg,Only_Smoke,Only_Smoke,0.06084012985229492,0.9409736394882202,1,0.05892082676291466,9.088095248444006e-05,0.9409736394882202,1.4641013876826037e-05
iteration3,AoF08347.jpg,Only_Smoke,Only_Smoke,0.03451472148299217,0.9660741090774536,1,0.0338108129799366,0.00010707526234909892,0.9660741090774536,7.918372830317821e-06
iteration3,AoF08348.jpg,Only_Smoke,Only_Smoke,0.019563693553209305,0.9806264042854309,1,0.01884223334491253,0.00043197692139074206,0.9806264042854309,9.928263898473233e-05
iteration3,AoF08349.jpg,Only_Smoke,Only_Smoke,0.04514658451080322,0.9558573365211487,1,0.043497033417224884,0.0004808064841199666,0.9558573365211487,0.00016487325774505734
iteration3,AoF08350.jpg,Only_Smoke,Only_Smoke,0.0058836364187300205,0.9941336512565613,1,0.0057404907420277596,0.0001163376509794034,0.9941336512565613,9.513570148556028e-06
iteration3,AoF08351.jpg,Neither,Only_Smoke,1.3216617107391357,0.7304696440696716,0,0.26669174432754517,0.0018765126587823033,0.7304696440696716,0.0009620530763641
iteration3,AoF08352.jpg,Only_Smoke,Only_Smoke,0.004669950809329748,0.9953409433364868,1,0.004618596285581589,3.878898496623151e-05,0.9953409433364868,1.619908175598539e-06
iteration3,AoF08353.jpg,Only_Smoke,Only_Smoke,0.015949174761772156,0.9841773509979248,1,0.015730004757642746,8.914461795939133e-05,0.9841773509979248,3.495062401270843e-06
iteration3,AoF08354.jpg,Only_Smoke,Only_Smoke,0.0378137044608593,0.9628922939300537,1,0.035940974950790405,0.000540081353392452,0.9628922939300537,0.0006265825941227376
iteration3,AoF08355.jpg,Only_Smoke,Only_Smoke,0.03167591243982315,0.9688205122947693,1,0.030048580840229988,0.0009151807171292603,0.9688205122947693,0.00021575033315457404
iteration3,AoF08356.jpg,Only_Smoke,Only_Smoke,0.19295082986354828,0.8245224952697754,1,0.1717749536037445,0.0012430804781615734,0.8245224952697754,0.0024594280403107405
iteration3,AoF08357.jpg,Only_Smoke,Only_Smoke,0.4749292731285095,0.6219290494918823,1,0.37576791644096375,0.0016345045296475291,0.6219290494918823,0.0006684708641842008
iteration3,AoF08358.jpg,Only_Smoke,Only_Smoke,0.021640248596668243,0.9785922169685364,1,0.021262481808662415,0.00010997560457326472,0.9785922169685364,3.539814133546315e-05
iteration3,AoF08359.jpg,Only_Smoke,Only_Smoke,0.01430424302816391,0.9857975840568542,1,0.014085296541452408,8.066681039053947e-05,0.9857975840568542,3.6544599424814805e-05
iteration3,AoF08360.jpg,Only_Smoke,Only_Smoke,0.0465843603014946,0.9544840455055237,1,0.045071542263031006,0.0002645318163558841,0.9544840455055237,0.00017986180318985134
iteration3,AoF08361.jpg,Only_Smoke,Only_Smoke,0.008196762762963772,0.9918367266654968,1,0.008070806972682476,7.366852514678612e-05,0.9918367266654968,1.8764892956824042e-05
iteration3,AoF08362.jpg,Only_Smoke,Only_Smoke,0.005356602370738983,0.9946576952934265,1,0.005321006290614605,1.4031756109034177e-05,0.9946576952934265,7.1337026383844204e-06
iteration3,AoF08363.jpg,Only_Smoke,Only_Smoke,0.0181778222322464,0.981986403465271,1,0.01788494735956192,7.542258390458301e-05,0.981986403465271,5.322931974660605e-05
iteration3,AoF08364.jpg,Only_Smoke,Only_Smoke,0.016489418223500252,0.9836457967758179,1,0.016220586374402046,9.594750736141577e-05,0.9836457967758179,3.7707475712522864e-05
iteration3,AoF08365.jpg,Only_Smoke,Only_Smoke,0.01813860610127449,0.9820249080657959,1,0.01774950884282589,0.00014091293269302696,0.9820249080657959,8.465413702651858e-05
iteration3,AoF08366.jpg,Only_Smoke,Only_Smoke,0.020925350487232208,0.979292094707489,1,0.020581498742103577,7.080979412421584e-05,0.979292094707489,5.5673037422820926e-05
iteration3,AoF08367.jpg,Only_Smoke,Only_Smoke,0.03464796021580696,0.9659454226493835,1,0.033774662762880325,0.00024324770492967218,0.9659454226493835,3.673100218293257e-05
iteration3,AoF08368.jpg,Only_Smoke,Only_Smoke,0.11991307884454727,0.8869975209236145,1,0.11263880133628845,0.0003299960517324507,0.8869975209236145,3.3593212720006704e-05
iteration3,AoF08369.jpg,Only_Smoke,Only_Smoke,0.01770630292594433,0.9824495315551758,1,0.017174294218420982,0.0003055504639633,0.9824495315551758,7.058201299514621e-05
iteration3,AoF08370.jpg,Only_Smoke,Only_Smoke,0.006329845637083054,0.9936901330947876,1,0.006225438788533211,5.137767584528774e-05,0.9936901330947876,3.3076739782700315e-05
iteration3,AoF08371.jpg,Only_Smoke,Only_Smoke,0.006018728483468294,0.9939993619918823,1,0.00593668594956398,6.032107557985e-05,0.9939993619918823,3.685017418320058e-06
iteration3,AoF08372.jpg,Only_Smoke,Only_Smoke,0.028286593034863472,0.9721097350120544,1,0.02784785069525242,3.493942494969815e-05,0.9721097350120544,7.497234037145972e-06
iteration3,AoF08373.jpg,Only_Smoke,Only_Smoke,0.084670290350914,0.9188151955604553,1,0.08094070851802826,0.00017223742906935513,0.9188151955604553,7.18918745405972e-05
iteration3,AoF08374.jpg,Only_Smoke,Only_Smoke,0.17953886091709137,0.8356554508209229,1,0.1640002727508545,0.00019397540017962456,0.8356554508209229,0.000150328065501526
iteration3,AoF08375.jpg,Only_Smoke,Only_Smoke,0.07434145361185074,0.9283546805381775,1,0.06980641186237335,0.0008710079127922654,0.9283546805381775,0.0009679443901404738
iteration3,AoF08376.jpg,Only_Smoke,Only_Smoke,0.023976845666766167,0.9763083457946777,1,0.023509060963988304,0.0001391499099554494,0.9763083457946777,4.34425710409414e-05
iteration3,AoF08377.jpg,Only_Smoke,Only_Smoke,0.00490224827080965,0.9951097369194031,1,0.00487546855583787,1.1505440852488391e-05,0.9951097369194031,3.3283761240454623e-06
iteration3,AoF08378.jpg,Only_Smoke,Only_Smoke,0.00776865566149354,0.9922614693641663,1,0.007519701961427927,0.00019146595150232315,0.9922614693641663,2.7352452889317647e-05
iteration3,AoF08379.jpg,Only_Smoke,Only_Smoke,0.25101423263549805,0.7780112624168396,1,0.221735417842865,0.0001588881277712062,0.7780112624168396,9.438062988920137e-05
iteration3,AoF08380.jpg,Only_Smoke,Only_Smoke,0.005606877617537975,0.9944087862968445,1,0.005529774818569422,5.388182034948841e-05,0.9944087862968445,7.464646841981448e-06
iteration3,AoF08381.jpg,Only_Smoke,Only_Smoke,0.1544063687324524,0.8569236993789673,1,0.14303414523601532,2.9258693757583387e-05,0.8569236993789673,1.2832351785618812e-05
iteration3,AoF08382.jpg,Only_Smoke,Only_Smoke,0.11609933525323868,0.8903867602348328,1,0.10695987939834595,0.002550849923864007,0.8903867602348328,0.00010246255260426551
iteration3,AoF08383.jpg,Only_Smoke,Only_Smoke,0.010953772813081741,0.9891059994697571,1,0.010311237536370754,0.0005568978958763182,0.9891059994697571,2.5822480893111788e-05
iteration3,PublicDataset01055.jpg,Only_Fire,Only_Fire,0.03095255233347416,0.9695215821266174,1,1.1166421245434321e-05,0.9695215821266174,9.141138434642926e-05,0.030375823378562927
iteration3,PublicDataset01056.jpg,Only_Fire,Only_Fire,0.009213902987539768,0.9908283948898315,1,9.470219993090723e-06,0.9908283948898315,0.0011003640247508883,0.008061775006353855
iteration3,PublicDataset01057.jpg,Only_Fire,Only_Fire,0.010066690854728222,0.9899837970733643,1,0.0001411181438015774,0.9899837970733643,0.0041917492635548115,0.005683382973074913
iteration3,PublicDataset01058.jpg,Only_Fire,Only_Fire,0.0025499705225229263,0.9974532723426819,1,3.0595896305385395e-07,0.9974532723426819,1.0868026947719045e-05,0.002535509876906872
iteration3,PublicDataset01059.jpg,Only_Fire,Only_Fire,0.010149062611162663,0.9899022579193115,1,3.3098788208008045e-06,0.9899022579193115,6.928712537046522e-05,0.010025211609899998
iteration3,PublicDataset01060.jpg,Only_Fire,Only_Fire,8.451581379631534e-05,0.9999154806137085,1,7.318107719811451e-08,0.9999154806137085,2.362363744623508e-07,8.419184450758621e-05
iteration3,PublicDataset01061.jpg,Only_Fire,Only_Fire,0.0008987916517071426,0.9991016387939453,1,4.7644603000662755e-06,0.9991016387939453,1.592396802152507e-05,0.0008777177426964045
iteration3,PublicDataset01062.jpg,Only_Fire,Only_Fire,0.00018046658078674227,0.9998195767402649,1,1.4155451708575129e-06,0.9998195767402649,1.2717212030111114e-06,0.00017768821271602064
iteration3,PublicDataset01063.jpg,Only_Fire,Only_Fire,0.0002768848498817533,0.9997231364250183,1,1.6015172832339886e-06,0.9997231364250183,6.127801952970913e-06,0.000269136595306918
iteration3,PublicDataset01064.jpg,Only_Fire,Only_Fire,0.0003970073303207755,0.9996030926704407,1,4.3450984321680153e-07,0.9996030926704407,1.3883505744161084e-05,0.0003825910098385066
iteration3,PublicDataset01065.jpg,Only_Fire,Only_Fire,0.0003500564198475331,0.9996500015258789,1,4.343856687683001e-07,0.9996500015258789,7.670149898331147e-06,0.0003419332206249237
iteration3,PublicDataset01066.jpg,Only_Fire,Only_Fire,4.470248313737102e-05,0.9999552965164185,1,2.2369945895661658e-07,0.9999552965164185,2.4763164674368454e-07,4.423989594215527e-05
iteration3,PublicDataset01067.jpg,Only_Fire,Only_Fire,0.0016781308222562075,0.9983232617378235,1,7.804265806043986e-06,0.9983232617378235,3.483119871816598e-05,0.001634169020690024
iteration3,PublicDataset01068.jpg,Only_Fire,Only_Fire,0.0017823775997385383,0.9982191920280457,1,1.9909395632566884e-05,0.9982191920280457,4.399238241603598e-05,0.001716929953545332
iteration3,PublicDataset01069.jpg,Only_Fire,Only_Fire,0.00035339308669790626,0.9996466636657715,1,6.837066393927671e-06,0.9996466636657715,2.1386726984928828e-06,0.0003443910973146558
iteration3,PublicDataset01070.jpg,Only_Fire,Only_Fire,0.013084739446640015,0.9870004653930664,1,2.1043046217528172e-05,0.9870004653930664,3.328415914438665e-05,0.012945116497576237
iteration3,PublicDataset01071.jpg,Only_Fire,Only_Fire,0.0792355015873909,0.9238223433494568,1,0.0015990235842764378,0.9238223433494568,0.01049778051674366,0.0640808641910553
iteration3,PublicDataset01072.jpg,Only_Fire,Only_Fire,0.5674611330032349,0.5669630765914917,1,0.0001335546694463119,0.5669630765914917,0.0035067659337073565,0.4293966293334961
iteration3,PublicDataset01073.jpg,Only_Fire,Only_Fire,0.10585536062717438,0.8995547294616699,1,0.00010135225602425635,0.8995547294616699,0.007315308786928654,0.09302858263254166
iteration3,PublicDataset01074.jpg,Only_Fire,Both,3.32865047454834,0.960356593132019,0,1.774260999809485e-05,0.0358414351940155,0.00378421344794333,0.960356593132019
iteration3,PublicDataset01075.jpg,Both,Both,0.014859823510050774,0.9852500557899475,1,1.729559153318405e-05,0.012068921700119972,0.0026637455448508263,0.9852500557899475
iteration3,PublicDataset01076.jpg,Both,Only_Smoke,1.0717766284942627,0.44173315167427063,0,0.012398457154631615,0.20346885919570923,0.44173315167427063,0.34239962697029114
iteration3,PublicDataset01077.jpg,Both,Only_Fire,1.2033803462982178,0.4692065119743347,0,0.00649656169116497,0.4692065119743347,0.2241191416978836,0.30017778277397156
iteration3,PublicDataset01078.jpg,Only_Smoke,Only_Fire,3.760640859603882,0.8864841461181641,0,0.0015261538792401552,0.8864841461181641,0.023268822580575943,0.08872081339359283
iteration3,PublicDataset01079.jpg,Only_Fire,Only_Fire,0.004785394296050072,0.9952260255813599,1,0.00030122659518383443,0.9952260255813599,0.0006985145155340433,0.0037741297855973244
iteration3,PublicDataset01080.jpg,Only_Fire,Only_Fire,0.011673711240291595,0.9883941411972046,1,0.0002728447434492409,0.9883941411972046,0.004764850251376629,0.006568244192749262
iteration3,PublicDataset01081.jpg,Only_Fire,Only_Fire,0.005237548612058163,0.9947761297225952,1,0.000577924947720021,0.9947761297225952,0.0010754007380455732,0.003570553846657276
iteration3,PublicDataset01082.jpg,Only_Fire,Only_Fire,0.019029904156923294,0.9811500310897827,1,0.00034587501431815326,0.9811500310897827,0.0012971346732228994,0.017207054421305656
iteration3,PublicDataset01083.jpg,Only_Fire,Only_Fire,0.018709611147642136,0.9814643263816833,1,0.0011736841406673193,0.9814643263816833,0.0023854789324104786,0.014976521953940392
iteration3,PublicDataset01084.jpg,Both,Both,0.06946437060832977,0.9328933954238892,1,0.0011853984324261546,0.03579547628760338,0.030125804245471954,0.9328933954238892
iteration3,PublicDataset01085.jpg,Both,Both,0.05194282904267311,0.9493831396102905,1,0.0006509770173579454,0.03703638166189194,0.012929470278322697,0.9493831396102905
iteration3,PublicDataset01086.jpg,Only_Fire,Both,1.775382161140442,0.7704899907112122,0,0.014451351948082447,0.16941869258880615,0.045639894902706146,0.7704899907112122
iteration3,PublicDataset01087.jpg,Both,Both,0.004251014906913042,0.9957579970359802,1,4.5660972318728454e-06,0.0012053877580910921,0.003032031236216426,0.9957579970359802
iteration3,PublicDataset01088.jpg,Both,Both,0.00564777385443449,0.9943681359291077,1,7.830425943211594e-07,0.003513181582093239,0.0021178678143769503,0.9943681359291077
iteration3,PublicDataset01089.jpg,Both,Both,0.05235051363706589,0.9489961862564087,1,0.0002557728730607778,0.03350632265210152,0.017241643741726875,0.9489961862564087
iteration3,PublicDataset01090.jpg,Both,Both,0.053954530507326126,0.9474751949310303,1,0.0019556954503059387,0.022371863946318626,0.028197232633829117,0.9474751949310303
iteration3,PublicDataset01091.jpg,Both,Both,0.09853394329547882,0.9061649441719055,1,0.0024825765285640955,0.08131352812051773,0.010038910433650017,0.9061649441719055
iteration3,PublicDataset01092.jpg,Both,Both,0.4642235040664673,0.6286230683326721,1,6.650966042798245e-06,0.36953476071357727,0.0018355381907895207,0.6286230683326721
iteration3,PublicDataset01093.jpg,Both,Only_Fire,0.8880441784858704,0.5824697613716125,0,4.2486117308726534e-05,0.5824697613716125,0.0060280379839241505,0.411459743976593
iteration3,PublicDataset01094.jpg,Only_Smoke,Only_Smoke,0.028942400589585304,0.971472442150116,1,0.02297661453485489,0.000387142994441092,0.971472442150116,0.005163817200809717
iteration3,PublicDataset01095.jpg,Only_Smoke,Neither,0.7754144072532654,0.4639638662338257,0,0.4639638662338257,0.033882323652505875,0.4605129063129425,0.041640810668468475
iteration3,PublicDataset01096.jpg,Only_Smoke,Only_Smoke,0.008393606171011925,0.9916415214538574,1,5.434847238916518e-08,4.3644813558785245e-05,0.9916415214538574,0.00831486564129591
iteration3,PublicDataset01097.jpg,Only_Smoke,Only_Smoke,0.0064610871486365795,0.993559718132019,1,7.3423075264145155e-06,0.00015347180305980146,0.993559718132019,0.00627939123660326
iteration3,PublicDataset01098.jpg,Only_Smoke,Only_Smoke,0.0032217998523265123,0.9967833757400513,1,0.0008292648126371205,0.00033660532790236175,0.9967833757400513,0.002050700131803751
iteration3,PublicDataset01099.jpg,Only_Smoke,Only_Smoke,0.014688565395772457,0.9854187965393066,1,5.300760363979862e-08,4.947191337123513e-05,0.9854187965393066,0.014531760476529598
iteration3,PublicDataset01100.jpg,Only_Smoke,Neither,1.719160556793213,0.8179567456245422,0,0.8179567456245422,0.001498703844845295,0.17921654880046844,0.0013279635459184647
iteration3,PublicDataset01101.jpg,Only_Smoke,Only_Smoke,0.0006659197388216853,0.9993342757225037,1,0.0005881978431716561,6.322973786154762e-05,0.9993342757225037,1.4302294403023552e-05
iteration3,PublicDataset01102.jpg,Only_Smoke,Only_Smoke,0.0010901705827564,0.9989104270935059,1,0.0008532122592441738,0.0002047901798505336,0.9989104270935059,3.16215846396517e-05
iteration3,PublicDataset01103.jpg,Only_Smoke,Only_Smoke,0.0019402741454541683,0.9980615973472595,1,8.715617695997935e-06,0.00011944879224756733,0.9980615973472595,0.001810202025808394
iteration3,PublicDataset01104.jpg,Only_Smoke,Only_Smoke,0.0005152089870534837,0.9994848966598511,1,7.822969200788066e-05,5.311267159413546e-05,0.9994848966598511,0.0003836257674265653
iteration3,PublicDataset01105.jpg,Only_Smoke,Only_Smoke,0.002030455507338047,0.9979715943336487,1,8.34033198771067e-06,8.36191902635619e-05,0.9979715943336487,0.0019364898325875401
iteration3,PublicDataset01106.jpg,Only_Smoke,Only_Smoke,0.0006398299592547119,0.9993603825569153,1,1.4461937098531052e-05,4.174543937551789e-05,0.9993603825569153,0.0005834155599586666
iteration3,PublicDataset01107.jpg,Only_Smoke,Only_Smoke,0.0004314445541240275,0.9995686411857605,1,7.447555981343612e-05,9.083667828235775e-05,0.9995686411857605,0.00026599422562867403
iteration3,PublicDataset01108.jpg,Only_Smoke,Only_Smoke,0.0039044588338583708,0.9961031675338745,1,1.6178828445845284e-05,0.0002443660923745483,0.9961031675338745,0.003636361099779606
iteration3,PublicDataset01109.jpg,Only_Smoke,Only_Smoke,0.015224911272525787,0.9848904013633728,1,0.01397918350994587,0.0010355256963521242,0.9848904013633728,9.490295633440837e-05
iteration3,PublicDataset01110.jpg,Only_Smoke,Only_Smoke,0.0003916450368706137,0.9996084570884705,1,2.4736978048167657e-06,5.39711290912237e-05,0.9996084570884705,0.00033511643414385617
iteration3,PublicDataset01111.jpg,Only_Smoke,Only_Smoke,0.002418927848339081,0.9975839853286743,1,3.317419032100588e-05,0.00024815931101329625,0.9975839853286743,0.002134714974090457
iteration3,PublicDataset01112.jpg,Only_Smoke,Only_Smoke,0.0015584002248942852,0.9984428286552429,1,3.6561501474352553e-05,0.00019299045379739255,0.9984428286552429,0.0013276131357997656
iteration3,PublicDataset01113.jpg,Only_Smoke,Only_Smoke,0.0008200620068237185,0.999180257320404,1,1.1652230568870436e-05,0.00027414309442974627,0.999180257320404,0.000533879327122122
iteration3,PublicDataset01114.jpg,Only_Smoke,Only_Smoke,0.005936846137046814,0.9940807223320007,1,0.0020116018131375313,0.0020656618289649487,0.9940807223320007,0.0018419806146994233
iteration3,PublicDataset01115.jpg,Only_Smoke,Only_Smoke,0.01790432818233967,0.9822549819946289,1,0.0002107833424815908,0.0038269825745373964,0.9822549819946289,0.013707272708415985
iteration3,PublicDataset01116.jpg,Only_Smoke,Neither,1.7126609086990356,0.8178885579109192,0,0.8178885579109192,0.0008397234487347305,0.18038517236709595,0.0008865146664902568
iteration3,PublicDataset01117.jpg,Only_Smoke,Only_Smoke,0.5292172431945801,0.5890659093856812,1,0.40636610984802246,0.0018136936705559492,0.5890659093856812,0.0027543569449335337
iteration3,PublicDataset01118.jpg,Only_Smoke,Only_Smoke,0.0020957665983587503,0.9979064464569092,1,0.00022206190624274313,0.00025486855884082615,0.9979064464569092,0.0016165628330782056
iteration3,PublicDataset01119.jpg,Only_Smoke,Only_Smoke,0.0014772227732464671,0.9985238909721375,1,0.000313315395032987,0.00031498714815825224,0.9985238909721375,0.0008478674571961164
iteration3,PublicDataset01120.jpg,Only_Smoke,Only_Smoke,0.020424524322152138,0.9797826409339905,1,0.018973179161548615,0.0007511622970923781,0.9797826409339905,0.0004929962451569736
iteration3,PublicDataset01121.jpg,Only_Smoke,Only_Smoke,0.004211010877043009,0.995797872543335,1,0.00304015283472836,0.00037710729520767927,0.995797872543335,0.0007849190151318908
iteration3,PublicDataset01122.jpg,Only_Smoke,Only_Smoke,0.1651563048362732,0.8477612137794495,1,0.1448870152235031,0.002576732775196433,0.8477612137794495,0.004775002598762512
iteration3,PublicDataset01123.jpg,Only_Smoke,Only_Smoke,0.2236519157886505,0.7995933890342712,1,0.19434988498687744,0.0019350124057382345,0.7995933890342712,0.004121716134250164
iteration3,PublicDataset01124.jpg,Only_Smoke,Only_Smoke,0.12514494359493256,0.8823689818382263,1,0.10964515805244446,0.0021788363810628653,0.8823689818382263,0.005807030480355024
iteration3,PublicDataset01125.jpg,Only_Smoke,Only_Smoke,0.18264152109622955,0.8330667614936829,1,0.013767799362540245,0.039269257336854935,0.8330667614936829,0.11389616876840591
iteration3,PublicDataset01126.jpg,Only_Smoke,Only_Smoke,0.0025455711875110865,0.9974576830863953,1,2.1586061848211102e-05,0.00014542527787853032,0.9974576830863953,0.002375282347202301
iteration3,PublicDataset01127.jpg,Only_Smoke,Only_Smoke,0.0009924016194418073,0.9990081191062927,1,2.5130077574431198e-06,6.324196147033945e-05,0.9990081191062927,0.0009261350496672094
iteration3,PublicDataset01128.jpg,Only_Smoke,Only_Smoke,0.0001658063702052459,0.9998341798782349,1,5.732858880946878e-07,9.790579497348517e-06,0.9998341798782349,0.0001554140617372468
iteration3,PublicDataset01129.jpg,Only_Smoke,Only_Smoke,0.004266683477908373,0.9957423806190491,1,0.003431646851822734,0.0002760477364063263,0.9957423806190491,0.0005498937680386007
iteration3,PublicDataset01130.jpg,Only_Smoke,Only_Smoke,0.23382996022701263,0.7914963960647583,1,0.20817930996418,0.0002685307408683002,0.7914963960647583,5.575881004915573e-05
iteration3,PublicDataset01131.jpg,Only_Smoke,Only_Smoke,0.19803504645824432,0.8203411102294922,1,0.1793041080236435,0.0001944642572198063,0.8203411102294922,0.0001603082928340882
iteration3,PublicDataset01132.jpg,Only_Smoke,Only_Smoke,0.22006751596927643,0.8024646043777466,1,0.19575972855091095,0.0007651728228665888,0.8024646043777466,0.0010104882530868053
iteration3,PublicDataset01133.jpg,Only_Smoke,Only_Smoke,0.049386780709028244,0.9518129229545593,1,0.0460803359746933,0.000897651887498796,0.9518129229545593,0.0012090306263417006
iteration3,PublicDataset01134.jpg,Only_Smoke,Only_Smoke,0.0005411829333752394,0.9994589686393738,1,0.0002691088884603232,3.0009596230229363e-05,0.9994589686393738,0.00024183018831536174
iteration3,PublicDataset01135.jpg,Only_Smoke,Only_Smoke,0.00764515670016408,0.9923840165138245,1,0.0071786935441195965,0.0002330124843865633,0.9923840165138245,0.00020431487064342946
iteration3,PublicDataset01136.jpg,Only_Smoke,Only_Smoke,0.3398692011833191,0.7118634581565857,1,0.13043171167373657,0.031847964972257614,0.7118634581565857,0.12585684657096863
iteration3,PublicDataset01137.jpg,Only_Smoke,Only_Smoke,0.21223565936088562,0.8087740540504456,1,0.06412693858146667,0.035364288836717606,0.8087740540504456,0.09173464775085449
iteration3,PublicDataset01138.jpg,Only_Smoke,Only_Smoke,0.00029094755882397294,0.9997090697288513,1,2.3448172214557417e-05,2.089154440909624e-05,0.9997090697288513,0.0002465684665367007
iteration3,PublicDataset01139.jpg,Only_Smoke,Only_Smoke,0.010046392679214478,0.9900038838386536,1,0.007881524041295052,0.000336579600116238,0.9900038838386536,0.0017779768677428365
iteration3,PublicDataset01140.jpg,Only_Smoke,Only_Smoke,0.005232212133705616,0.9947814345359802,1,0.0002105357707478106,0.0016665976727381349,0.9947814345359802,0.003341513220220804
iteration3,PublicDataset01141.jpg,Only_Smoke,Neither,1.0264978408813477,0.5347986221313477,0,0.5347986221313477,0.08719117939472198,0.3582594096660614,0.019750868901610374
iteration3,PublicDataset01142.jpg,Only_Smoke,Only_Smoke,0.0004003438516519964,0.9995997548103333,1,5.1047933084191754e-05,3.241093145334162e-05,0.9995997548103333,0.00031681012478657067
iteration3,PublicDataset01143.jpg,Only_Smoke,Only_Smoke,0.006410155910998583,0.9936103224754333,1,0.005531930364668369,0.0008204993209801614,0.9936103224754333,3.719931555679068e-05
iteration3,PublicDataset01144.jpg,Only_Smoke,Only_Smoke,0.007609547581523657,0.9924193024635315,1,0.005673638079315424,0.0018346901051700115,0.9924193024635315,7.234374061226845e-05
iteration3,PublicDataset01145.jpg,Only_Smoke,Only_Smoke,0.008766734972596169,0.9912715554237366,1,0.005522339139133692,0.003077005734667182,0.9912715554237366,0.00012907834025099874
iteration3,PublicDataset01146.jpg,Only_Smoke,Only_Smoke,0.002150010783225298,0.9978523254394531,1,9.764899004949257e-05,0.0006757084629498422,0.9978523254394531,0.0013742855517193675
iteration3,PublicDataset01147.jpg,Only_Smoke,Only_Smoke,0.002988755237311125,0.9970157146453857,1,0.0017575041856616735,0.0007334644324146211,0.9970157146453857,0.0004933582386001945
iteration3,PublicDataset01148.jpg,Only_Smoke,Only_Smoke,0.32576778531074524,0.7219728231430054,1,0.27557238936424255,0.002238421468064189,0.7219728231430054,0.00021638814359903336
iteration3,PublicDataset01149.jpg,Only_Smoke,Only_Smoke,0.005864911712706089,0.9941522479057312,1,0.0030563734471797943,0.0014104306465014815,0.9941522479057312,0.0013808354269713163
iteration3,PublicDataset01150.jpg,Only_Smoke,Only_Smoke,0.001135300612077117,0.9988653659820557,1,6.874704558867961e-05,0.0005326090031303465,0.9988653659820557,0.0005333386361598969
iteration3,PublicDataset01151.jpg,Only_Smoke,Only_Smoke,0.015239352360367775,0.9848761558532715,1,0.010568330064415932,0.004148094914853573,0.9848761558532715,0.0004073558375239372
iteration3,PublicDataset01152.jpg,Only_Smoke,Only_Smoke,0.07054241001605988,0.931888222694397,1,0.06562914699316025,0.002289955737069249,0.931888222694397,0.00019269122276455164
iteration3,PublicDataset01153.jpg,Only_Smoke,Only_Smoke,0.07440784573554993,0.928292989730835,1,0.06953559815883636,0.0018253459129482508,0.928292989730835,0.0003460983862169087
iteration3,PublicDataset01154.jpg,Only_Smoke,Only_Smoke,0.030059097334742546,0.9703881740570068,1,0.028601713478565216,0.0009351539192721248,0.9703881740570068,7.498470222344622e-05
iteration3,PublicDataset01155.jpg,Only_Smoke,Only_Smoke,0.16344447433948517,0.8492136597633362,1,0.14673474431037903,0.0035219660494476557,0.8492136597633362,0.000529611250385642
iteration3,PublicDataset01156.jpg,Only_Smoke,Only_Smoke,0.038513995707035065,0.9622182250022888,1,0.032800592482089996,0.004421834833920002,0.9622182250022888,0.0005593900568783283
iteration3,PublicDataset01157.jpg,Only_Smoke,Only_Smoke,0.0401621013879776,0.9606336951255798,1,0.03283321484923363,0.005682554095983505,0.9606336951255798,0.0008505472796969116
iteration3,PublicDataset01158.jpg,Only_Smoke,Neither,0.7633451223373413,0.5332751274108887,0,0.5332751274108887,0.0003886406193487346,0.466104656457901,0.0002315818564966321
iteration3,PublicDataset01159.jpg,Only_Smoke,Only_Smoke,0.11090485006570816,0.8950238823890686,1,0.09664405137300491,0.007700195070356131,0.8950238823890686,0.0006318854866549373
iteration3,PublicDataset01160.jpg,Only_Smoke,Only_Smoke,0.08038567751646042,0.9227603673934937,1,0.07360971719026566,0.0035221220459789038,0.9227603673934937,0.00010786967322928831
iteration3,PublicDataset01161.jpg,Only_Smoke,Only_Smoke,0.07459230720996857,0.92812180519104,1,0.06466393917798996,0.006883011665195227,0.92812180519104,0.00033118060673587024
iteration3,PublicDataset01162.jpg,Only_Smoke,Only_Smoke,0.07161729037761688,0.9308871030807495,1,0.06521017104387283,0.001613157568499446,0.9308871030807495,0.0022895843721926212
iteration3,PublicDataset01163.jpg,Only_Smoke,Neither,0.7059762477874756,0.4943701922893524,0,0.4943701922893524,0.005148294847458601,0.4936264455318451,0.006855093874037266
iteration3,PublicDataset01164.jpg,Only_Smoke,Neither,0.7130087018013,0.498986154794693,0,0.498986154794693,0.004127204418182373,0.49016720056533813,0.0067194318398833275
iteration3,PublicDataset01165.jpg,Both,Neither,1.753955364227295,0.37284716963768005,0,0.37284716963768005,0.11110583692789078,0.34295907616615295,0.1730879694223404
iteration3,PublicDataset01166.jpg,Both,Neither,1.5855070352554321,0.6440256237983704,0,0.6440256237983704,0.07650047540664673,0.07462998479604721,0.2048438936471939
iteration3,PublicDataset01167.jpg,Both,Both,0.7379546165466309,0.4780907928943634,1,0.15622317790985107,0.21584543585777283,0.1498405486345291,0.4780907928943634
iteration3,PublicDataset01168.jpg,Only_Smoke,Neither,0.9465210437774658,0.5899102687835693,0,0.5899102687835693,0.020401455461978912,0.3880888521671295,0.001599433016963303
iteration3,PublicDataset01169.jpg,Only_Smoke,Neither,1.4119516611099243,0.7250015139579773,0,0.7250015139579773,0.02658032439649105,0.24366728961467743,0.0047508724965155125
iteration3,PublicDataset01170.jpg,Only_Smoke,Only_Smoke,0.0032801416236907244,0.9967252612113953,1,0.002870153868570924,9.703055548015982e-05,0.9967252612113953,0.00030749497818760574
iteration3,PublicDataset01171.jpg,Only_Smoke,Only_Smoke,0.001680630026385188,0.9983207583427429,1,0.0005380268557928503,9.66665757005103e-05,0.9983207583427429,0.0010445432271808386
iteration3,PublicDataset01172.jpg,Only_Smoke,Only_Smoke,0.0021792729385197163,0.9978231191635132,1,4.796788198291324e-05,4.553221515379846e-05,0.9978231191635132,0.0020833953749388456
iteration3,PublicDataset01173.jpg,Only_Smoke,Only_Smoke,0.0021266955882310867,0.9978755712509155,1,0.0006595487939193845,0.00023928772134240717,0.9978755712509155,0.0012256794143468142
iteration3,PublicDataset01174.jpg,Only_Smoke,Only_Smoke,0.002013562014326453,0.9979884624481201,1,0.0005396169726736844,0.00015590029943268746,0.9979884624481201,0.001315972418524325
iteration3,PublicDataset01175.jpg,Only_Smoke,Only_Smoke,0.004000400193035603,0.9960075616836548,1,6.893051613587886e-05,0.00013917908654548228,0.9960075616836548,0.003784275846555829
iteration3,PublicDataset01176.jpg,Only_Smoke,Only_Smoke,0.003460017265751958,0.9965459704399109,1,0.0010278030531480908,0.0001645911979721859,0.9965459704399109,0.002261604880914092
iteration3,PublicDataset01177.jpg,Only_Smoke,Only_Smoke,0.0019339682767167687,0.9980679154396057,1,0.0013467326061800122,8.822183008305728e-05,0.9980679154396057,0.0004971798625774682
iteration3,PublicDataset01178.jpg,Only_Smoke,Only_Smoke,0.003580946009606123,0.996425449848175,1,0.0008917939849197865,0.0001153353150584735,0.996425449848175,0.0025673911441117525
iteration3,PublicDataset01179.jpg,Only_Smoke,Only_Smoke,0.0007089247228577733,0.9992913007736206,1,0.0004786352801602334,3.52388306055218e-05,0.9992913007736206,0.0001948042045114562
iteration3,PublicDataset01180.jpg,Only_Smoke,Only_Smoke,0.002530351048335433,0.9974728226661682,1,0.000328769936459139,4.909243216388859e-05,0.9974728226661682,0.0021492382511496544
iteration3,PublicDataset01181.jpg,Only_Smoke,Only_Smoke,0.0010324153117835522,0.9989681243896484,1,2.7247569960309193e-05,2.9595295927720144e-05,0.9989681243896484,0.00097497901879251
iteration3,PublicDataset01182.jpg,Only_Smoke,Only_Smoke,0.030030060559511185,0.9704163670539856,1,0.0012135914294049144,0.0008294899016618729,0.9704163670539856,0.027540555223822594
iteration3,PublicDataset01183.jpg,Only_Smoke,Only_Smoke,0.09175807237625122,0.9123258590698242,1,0.002359643578529358,0.0022322330623865128,0.9123258590698242,0.08308231830596924
iteration3,PublicDataset01184.jpg,Only_Smoke,Only_Smoke,0.00139246741309762,0.9986085295677185,1,0.0005517338286153972,3.0147039069561288e-05,0.9986085295677185,0.0008095759549178183
iteration3,PublicDataset01185.jpg,Only_Smoke,Only_Smoke,0.007279183715581894,0.9927472472190857,1,0.0006528557278215885,0.00023106331354938447,0.9927472472190857,0.006368808448314667
iteration3,PublicDataset01186.jpg,Only_Smoke,Only_Smoke,0.04034038633108139,0.9604624509811401,1,0.00852613802999258,0.025044720619916916,0.9604624509811401,0.005966638680547476
iteration3,PublicDataset01187.jpg,Only_Smoke,Only_Smoke,0.12512348592281342,0.8823879361152649,1,0.11147245019674301,0.002995275892317295,0.8823879361152649,0.0031443971674889326
iteration3,PublicDataset01188.jpg,Only_Smoke,Only_Smoke,0.05293171852827072,0.9484447836875916,1,0.02797980234026909,0.012784377671778202,0.9484447836875916,0.010791048407554626
iteration3,PublicDataset01189.jpg,Only_Smoke,Only_Smoke,0.02254370041191578,0.9777085185050964,1,0.00041838607285171747,0.011662894859910011,0.9777085185050964,0.010210171341896057
iteration3,PublicDataset01190.jpg,Only_Smoke,Only_Smoke,0.008096965961158276,0.9919357299804688,1,0.004970078822225332,0.002582223853096366,0.9919357299804688,0.0005120126879774034
iteration3,PublicDataset01191.jpg,Only_Smoke,Only_Smoke,0.008205866441130638,0.9918277263641357,1,0.0017657033167779446,0.005820756312459707,0.9918277263641357,0.0005857787909917533
iteration3,PublicDataset01192.jpg,Only_Smoke,Only_Smoke,0.24994254112243652,0.7788455486297607,1,0.002971684793010354,0.02636241726577282,0.7788455486297607,0.19182030856609344
iteration3,PublicDataset01193.jpg,Only_Smoke,Only_Smoke,0.1267659217119217,0.8809398412704468,1,0.003745108377188444,0.10251834243535995,0.8809398412704468,0.012796706520020962
iteration3,PublicDataset01194.jpg,Only_Smoke,Only_Smoke,0.008297376334667206,0.9917369484901428,1,9.782006600289606e-06,0.0006371100898832083,0.9917369484901428,0.007616080809384584
iteration3,PublicDataset01195.jpg,Only_Smoke,Only_Smoke,0.05051523447036743,0.9507394433021545,1,0.005351164378225803,0.016877204179763794,0.9507394433021545,0.02703218348324299
iteration3,PublicDataset01196.jpg,Only_Smoke,Only_Smoke,0.006506804842501879,0.9935142993927002,1,0.00026634614914655685,0.005671115592122078,0.9935142993927002,0.0005481751286424696
iteration3,PublicDataset01197.jpg,Only_Smoke,Only_Smoke,0.011204065755009651,0.9888584613800049,1,0.0001180201506940648,0.00841100886464119,0.9888584613800049,0.002612521406263113
iteration3,PublicDataset01198.jpg,Only_Smoke,Only_Smoke,0.11933028697967529,0.887514591217041,1,0.10673942416906357,0.003597542643547058,0.887514591217041,0.002148487139493227
iteration3,PublicDataset01199.jpg,Only_Smoke,Only_Smoke,0.28132718801498413,0.7547813057899475,1,0.009340628050267696,0.14532321691513062,0.7547813057899475,0.09055490791797638
iteration3,PublicDataset01200.jpg,Only_Smoke,Only_Smoke,0.04605023190379143,0.9549939632415771,1,0.00048519179108552635,0.006034057587385178,0.9549939632415771,0.038486771285533905
iteration3,PublicDataset01201.jpg,Only_Smoke,Only_Smoke,0.004064158070832491,0.995944082736969,1,0.0017156113171949983,0.0015219192719087005,0.995944082736969,0.0008184325415641069
iteration3,PublicDataset01202.jpg,Only_Smoke,Only_Smoke,0.0636930987238884,0.938292920589447,1,0.06037311255931854,0.00041998521191999316,0.938292920589447,0.0009139361791312695
iteration3,PublicDataset01203.jpg,Only_Smoke,Only_Smoke,0.011733329854905605,0.9883352518081665,1,0.005233116447925568,0.0038562153931707144,0.9883352518081665,0.002575388178229332
iteration3,PublicDataset01204.jpg,Only_Smoke,Only_Smoke,0.10852324217557907,0.8971580266952515,1,0.09062318503856659,0.0038649665657430887,0.8971580266952515,0.00835382379591465
iteration3,PublicDataset01205.jpg,Only_Smoke,Only_Smoke,0.05601990595459938,0.9455203413963318,1,0.001749261748045683,0.0017098927637562156,0.9455203413963318,0.05102056637406349
iteration3,PublicDataset01206.jpg,Only_Smoke,Only_Smoke,0.4552679657936096,0.6342779994010925,1,0.00582744600251317,0.0016428775852546096,0.6342779994010925,0.3582516312599182
iteration3,PublicDataset01207.jpg,Only_Smoke,Only_Smoke,0.08883322030305862,0.9149981737136841,1,4.4405274820746854e-05,0.0007587547297589481,0.9149981737136841,0.0841987356543541
iteration3,PublicDataset01208.jpg,Only_Smoke,Only_Smoke,0.1488308608531952,0.8617148399353027,1,9.715944906929508e-05,0.001661945483647287,0.8617148399353027,0.13652600347995758
iteration3,PublicDataset01209.jpg,Only_Smoke,Only_Smoke,0.09341373294591904,0.9108166098594666,1,2.0530897870685294e-07,0.00018584055942483246,0.9108166098594666,0.08899740129709244
iteration3,PublicDataset01210.jpg,Only_Smoke,Only_Smoke,0.035977743566036224,0.9646617770195007,1,0.002851524855941534,0.0010545884724706411,0.9646617770195007,0.0314321331679821
iteration3,PublicDataset01211.jpg,Only_Smoke,Only_Smoke,0.4836340546607971,0.6165387630462646,1,0.3191402852535248,0.014960900880396366,0.6165387630462646,0.04936007410287857
iteration3,PublicDataset01212.jpg,Only_Smoke,Only_Smoke,0.10902193188667297,0.8967107534408569,1,0.02208162285387516,0.006101375445723534,0.8967107534408569,0.07510621845722198
iteration3,PublicDataset01213.jpg,Only_Smoke,Only_Fire,2.6803853511810303,0.8237846493721008,0,0.1055273711681366,0.8237846493721008,0.06853674352169037,0.002151273190975189
iteration3,PublicDataset01214.jpg,Only_Smoke,Neither,1.4183862209320068,0.7094855904579163,0,0.7094855904579163,0.047841526567935944,0.2421044111251831,0.0005684863426722586
iteration3,PublicDataset01215.jpg,Only_Smoke,Neither,1.2782515287399292,0.7169989943504333,0,0.7169989943504333,0.002306210808455944,0.27852389216423035,0.0021709499415010214
iteration3,PublicDataset01216.jpg,Only_Smoke,Only_Smoke,0.11361943185329437,0.8925975561141968,1,0.0971156656742096,0.004435566253960133,0.8925975561141968,0.005851241294294596
iteration3,PublicDataset01217.jpg,Both,Only_Smoke,2.610248327255249,0.8763738870620728,0,0.037173014134168625,0.012936782091856003,0.8763738870620728,0.07351628690958023
iteration3,PublicDataset01218.jpg,Only_Smoke,Only_Smoke,0.10527011752128601,0.9000813364982605,1,0.07863657176494598,0.002266684314236045,0.9000813364982605,0.019015349447727203
iteration3,PublicDataset01219.jpg,Only_Smoke,Only_Smoke,0.28670448064804077,0.7507335543632507,1,0.24550342559814453,0.0015038801357150078,0.7507335543632507,0.002259206958115101
iteration3,PublicDataset01220.jpg,Only_Smoke,Only_Smoke,0.6129364967346191,0.5417576432228088,1,0.3455292284488678,0.017624976113438606,0.5417576432228088,0.09508810192346573
iteration3,PublicDataset01221.jpg,Only_Smoke,Only_Smoke,0.41262567043304443,0.6619099974632263,1,0.0022703453432768583,0.011856684461236,0.6619099974632263,0.32396289706230164
iteration3,PublicDataset01222.jpg,Only_Smoke,Only_Smoke,0.5071619749069214,0.6022021770477295,1,0.39701592922210693,0.0006536920554935932,0.6022021770477295,0.00012821494601666927
iteration3,PublicDataset01223.jpg,Only_Smoke,Only_Smoke,0.30384182929992676,0.7379775643348694,1,0.2614821493625641,0.0004132415051572025,0.7379775643348694,0.00012698100181296468
iteration3,PublicDataset01224.jpg,Only_Smoke,Only_Smoke,0.5053465366363525,0.6032964587211609,1,0.39599594473838806,0.0006036048871465027,0.6032964587211609,0.00010399948223493993
iteration3,PublicDataset01225.jpg,Both,Only_Smoke,2.3669114112854004,0.8990896344184875,0,0.002073307754471898,0.005067208781838417,0.8990896344184875,0.09376990795135498
iteration3,PublicDataset01226.jpg,Only_Smoke,Only_Smoke,0.011091010645031929,0.9889702796936035,1,0.009718004614114761,0.0005195261910557747,0.9889702796936035,0.0007921371725387871
iteration3,PublicDataset01227.jpg,Only_Smoke,Only_Smoke,0.4605824947357178,0.6309160590171814,1,0.05338578298687935,0.08560457080602646,0.6309160590171814,0.23009364306926727
iteration3,PublicDataset01228.jpg,Only_Smoke,Only_Smoke,0.6747954487800598,0.5092605948448181,1,0.48855268955230713,0.0015332960756495595,0.5092605948448181,0.0006534294225275517
iteration3,PublicDataset01229.jpg,Only_Smoke,Neither,2.082711696624756,0.8654812574386597,0,0.8654812574386597,0.006746191065758467,0.1245918944478035,0.003180624218657613
iteration3,PublicDataset01230.jpg,Only_Smoke,Only_Smoke,0.6024200320243835,0.5474851131439209,1,0.4393426775932312,0.011212306097149849,0.5474851131439209,0.001959857763722539
iteration3,PublicDataset01231.jpg,Only_Smoke,Only_Smoke,0.03127218410372734,0.969211757183075,1,0.026513705030083656,0.0036188638769090176,0.969211757183075,0.0006557698361575603
iteration3,PublicDataset01232.jpg,Only_Smoke,Only_Smoke,0.02541990764439106,0.974900484085083,1,0.025001438334584236,5.946184683125466e-05,0.974900484085083,3.863106030621566e-05
iteration3,PublicDataset01233.jpg,Only_Smoke,Only_Smoke,0.027161069214344025,0.973204493522644,1,0.026746952906250954,3.849400673061609e-05,0.973204493522644,1.0145499800273683e-05
iteration3,PublicDataset01234.jpg,Only_Smoke,Only_Smoke,0.06858598440885544,0.9337131977081299,1,0.06614810228347778,0.00013502906949725002,0.9337131977081299,3.639771193775232e-06
iteration3,PublicDataset01235.jpg,Only_Smoke,Only_Smoke,0.01603727973997593,0.9840906262397766,1,0.01571427658200264,9.267908899346367e-05,0.9840906262397766,0.00010239608673145995
iteration3,PublicDataset01236.jpg,Only_Smoke,Only_Smoke,0.07444458454847336,0.9282588958740234,1,0.0002055409859167412,0.0014009447768330574,0.9282588958740234,0.07013463973999023
iteration3,PublicDataset01237.jpg,Only_Smoke,Only_Smoke,0.026384858414530754,0.9739601612091064,1,0.00013021272025071084,0.001402533263899386,0.9739601612091064,0.024506963789463043
iteration3,PublicDataset01238.jpg,Only_Smoke,Both,2.406096935272217,0.9060070514678955,0,8.72104792506434e-05,0.0037392578087747097,0.09016653150320053,0.9060070514678955
iteration3,PublicDataset01239.jpg,Both,Both,0.026905221864581108,0.9734535217285156,1,3.2819727948663058e-06,0.0012058010324835777,0.025337371975183487,0.9734535217285156
iteration3,PublicDataset01240.jpg,Only_Smoke,Both,1.9603687524795532,0.8578985929489136,0,5.954368020866241e-07,0.001294372952543199,0.14080649614334106,0.8578985929489136
iteration3,PublicDataset01241.jpg,Both,Both,0.04988204687833786,0.9513416290283203,1,1.709772004687693e-05,0.0037868323270231485,0.044854406267404556,0.9513416290283203
iteration3,PublicDataset01242.jpg,Both,Both,0.0067985886707901955,0.9932244420051575,1,4.343586624599993e-06,0.001033588545396924,0.005737571511417627,0.9932244420051575
iteration3,PublicDataset01243.jpg,Only_Smoke,Both,4.629067897796631,0.9885021448135376,0,7.609272074660112e-07,0.0017333115683868527,0.009763853624463081,0.9885021448135376
iteration3,PublicDataset01244.jpg,Only_Smoke,Both,1.186110258102417,0.6887373924255371,0,0.0003371023922227323,0.005518506746739149,0.30540692806243896,0.6887373924255371
iteration3,PublicDataset01245.jpg,Only_Smoke,Only_Smoke,0.1079312115907669,0.8976893424987793,1,0.019750328734517097,0.07857038825750351,0.8976893424987793,0.003989992663264275
iteration3,PublicDataset01246.jpg,Only_Smoke,Only_Smoke,0.06199551373720169,0.9398871064186096,1,0.006348553113639355,0.048249274492263794,0.9398871064186096,0.005514992866665125
iteration3,PublicDataset01247.jpg,Only_Smoke,Only_Smoke,0.05621939152479172,0.9453316926956177,1,0.010457737371325493,0.04082166403532028,0.9453316926956177,0.0033888688776642084
iteration3,PublicDataset01248.jpg,Only_Smoke,Only_Smoke,0.02981533110141754,0.9706247448921204,1,0.0019558274652808905,0.022603774443268776,0.9706247448921204,0.004815617576241493
iteration3,PublicDataset01249.jpg,Only_Smoke,Only_Smoke,0.05949719250202179,0.9422381520271301,1,0.008926155976951122,0.043324679136276245,0.9422381520271301,0.005511047784239054
iteration3,PublicDataset01250.jpg,Only_Smoke,Only_Smoke,0.02239217236638069,0.9778566956520081,1,0.0008415966876782477,0.019144032150506973,0.9778566956520081,0.002157672541216016
iteration3,PublicDataset01251.jpg,Only_Smoke,Only_Smoke,0.019264385104179382,0.9809199571609497,1,0.01543764490634203,0.003321982454508543,0.9809199571609497,0.0003204506647307426
iteration3,PublicDataset01252.jpg,Only_Smoke,Only_Smoke,0.0010040724882856011,0.9989964365959167,1,0.0007347383652813733,0.00024565993226133287,0.9989964365959167,2.3069262169883586e-05
iteration3,PublicDataset01253.jpg,Only_Smoke,Only_Smoke,0.05864294245839119,0.9430434107780457,1,0.05553914234042168,0.00131040730047971,0.9430434107780457,0.00010699397535063326
iteration3,PublicDataset01254.jpg,Only_Smoke,Only_Smoke,0.004418135620653629,0.9955915808677673,1,0.003886949736624956,0.0004837052256334573,0.9955915808677673,3.780338374781422e-05
iteration3,PublicDataset01255.jpg,Only_Smoke,Only_Smoke,0.029938898980617523,0.9705048203468323,1,0.02588314563035965,0.0034337134566158056,0.9705048203468323,0.00017837279301602393
iteration3,PublicDataset01256.jpg,Only_Smoke,Only_Smoke,0.0433218814432621,0.9576030969619751,1,0.011694202199578285,0.02550172433257103,0.9576030969619751,0.005200968123972416
iteration3,PublicDataset01257.jpg,Only_Smoke,Only_Smoke,0.10567336529493332,0.8997184634208679,1,4.628209717338905e-05,0.0034934193827211857,0.8997184634208679,0.09674178808927536
iteration3,PublicDataset01258.jpg,Only_Smoke,Only_Smoke,0.08159584552049637,0.921644389629364,1,2.2223437099455623e-06,0.00023219907598104328,0.921644389629364,0.07812118530273438
iteration3,PublicDataset01259.jpg,Only_Smoke,Only_Smoke,0.10154606401920319,0.9034395813941956,1,1.7695073495360703e-07,0.00026580141275189817,0.9034395813941956,0.09629436582326889
iteration3,PublicDataset01260.jpg,Only_Smoke,Only_Smoke,0.0011962646385654807,0.9988044500350952,1,0.00026199501007795334,0.0002949984627775848,0.9988044500350952,0.0006386470631696284
iteration3,PublicDataset01261.jpg,Only_Smoke,Only_Smoke,0.0007481159991584718,0.9992521405220032,1,0.00017312007548753172,0.00022946168610360473,0.9992521405220032,0.0003453426470514387
iteration3,PublicDataset01262.jpg,Only_Smoke,Only_Smoke,0.0010656398953869939,0.9989349246025085,1,0.00015135497960727662,0.0004945069667883217,0.9989349246025085,0.0004192513588350266
iteration3,PublicDataset01263.jpg,Only_Smoke,Only_Smoke,0.00047636605449952185,0.9995237588882446,1,4.74585140182171e-05,0.0002326501125935465,0.9995237588882446,0.0001961796951945871
iteration3,PublicDataset01264.jpg,Only_Smoke,Only_Smoke,0.0005548844928853214,0.9994452595710754,1,8.605436960351653e-06,0.00018139861640520394,0.9994452595710754,0.00036469491897150874
iteration3,PublicDataset01265.jpg,Only_Smoke,Only_Smoke,0.0005324853118509054,0.999467670917511,1,0.00010044573718914762,0.00028845242923125625,0.999467670917511,0.00014341117639560252
iteration3,PublicDataset01266.jpg,Only_Smoke,Only_Smoke,0.0039288015104830265,0.9960789084434509,1,0.0020163843873888254,0.0010325000621378422,0.9960789084434509,0.0008722203783690929
iteration3,PublicDataset01267.jpg,Only_Smoke,Only_Smoke,0.003916808404028416,0.996090829372406,1,0.002355608157813549,0.0009783466812223196,0.996090829372406,0.0005751932039856911
iteration3,PublicDataset01268.jpg,Only_Smoke,Only_Smoke,0.0037716934457421303,0.9962354302406311,1,0.0018586459336802363,0.0011663137702271342,0.9962354302406311,0.0007396317669190466
iteration3,PublicDataset01269.jpg,Only_Smoke,Only_Smoke,0.002893073484301567,0.9971110820770264,1,0.0010842696065083146,0.00040116067975759506,0.9971110820770264,0.0014034851919859648
iteration3,PublicDataset01270.jpg,Only_Smoke,Only_Smoke,0.004758818540722132,0.9952524900436401,1,0.0019305526511743665,0.000617284735199064,0.9952524900436401,0.00219970615580678
iteration3,PublicDataset01271.jpg,Only_Smoke,Only_Smoke,0.004303124267607927,0.9957061409950256,1,0.0009386346209794283,0.0007968220161274076,0.9957061409950256,0.002558454405516386
iteration3,PublicDataset01272.jpg,Only_Smoke,Only_Smoke,0.00482252798974514,0.9951890707015991,1,0.0010832410771399736,0.0007791109965182841,0.9951890707015991,0.0029485011473298073
iteration3,PublicDataset01273.jpg,Only_Smoke,Only_Smoke,0.003132438752800226,0.9968724846839905,1,0.0014002751559019089,0.00044278299901634455,0.9968724846839905,0.0012845260789617896
iteration3,PublicDataset01274.jpg,Only_Smoke,Only_Smoke,0.03148544579744339,0.9690050482749939,1,0.02607804909348488,0.0012502892641350627,0.9690050482749939,0.003666595323011279
iteration3,PublicDataset01275.jpg,Only_Smoke,Only_Smoke,0.26138338446617126,0.7699856758117676,1,0.1826154887676239,0.014203635975718498,0.7699856758117676,0.03319527581334114
iteration3,PublicDataset01276.jpg,Both,Only_Smoke,2.498612403869629,0.9119235873222351,0,2.0893992314086063e-06,0.005875337403267622,0.9119235873222351,0.08219898492097855
iteration3,PublicDataset01277.jpg,Only_Smoke,Only_Smoke,0.015818702057003975,0.984305739402771,1,0.00031287132878787816,0.000577247585169971,0.984305739402771,0.014804213307797909
iteration3,PublicDataset01278.jpg,Only_Smoke,Only_Smoke,0.10807299613952637,0.8975620865821838,1,0.09644825011491776,0.004318105988204479,0.8975620865821838,0.0016715703532099724
iteration3,PublicDataset01279.jpg,Only_Smoke,Only_Smoke,0.06752143055200577,0.9347077012062073,1,0.06200682744383812,0.0007877094903960824,0.9347077012062073,0.002497762441635132
iteration3,PublicDataset01280.jpg,Both,Only_Smoke,3.640047550201416,0.9409363865852356,0,0.00032814822043292224,0.03248441591858864,0.9409363865852356,0.02625109627842903
iteration3,PublicDataset01281.jpg,Only_Smoke,Only_Smoke,0.040769997984170914,0.9600499272346497,1,0.001830356428399682,0.0020348962862044573,0.9600499272346497,0.03608488291501999
iteration3,PublicDataset01282.jpg,Only_Smoke,Only_Smoke,0.013964680954813957,0.9861323833465576,1,0.010997078381478786,0.0004935307078994811,0.9861323833465576,0.0023770707193762064
iteration3,PublicDataset01283.jpg,Only_Smoke,Only_Smoke,0.20641088485717773,0.8134987354278564,1,0.18566152453422546,0.0004858153115492314,0.8134987354278564,0.0003538904420565814
iteration3,PublicDataset01284.jpg,Only_Smoke,Only_Smoke,0.03533275052905083,0.9652841687202454,1,0.0330248698592186,0.0012255859328433871,0.9652841687202454,0.00046538095921278
iteration3,PublicDataset01285.jpg,Only_Smoke,Only_Smoke,0.1368381679058075,0.8721113801002502,1,0.0009381777490489185,0.003802182152867317,0.8721113801002502,0.12314826250076294
iteration3,PublicDataset01286.jpg,Neither,Both,1.9160044193267822,0.608376681804657,0,0.14719390869140625,0.043753691017627716,0.20067569613456726,0.608376681804657
iteration3,PublicDataset01287.jpg,Neither,Neither,0.040435757488012314,0.9603708386421204,1,0.9603708386421204,0.008050304837524891,0.02147015742957592,0.010108656249940395
iteration3,PublicDataset01288.jpg,Neither,Neither,0.1363193541765213,0.8725639581680298,1,0.8725639581680298,0.01600516214966774,0.09346308559179306,0.01796782948076725
iteration3,PublicDataset01289.jpg,Neither,Neither,0.03737960755825043,0.9633103609085083,1,0.9633103609085083,0.005474510136991739,0.030229004099965096,0.0009861907456070185
iteration3,PublicDataset01290.jpg,Neither,Neither,0.31211671233177185,0.7318961024284363,1,0.7318961024284363,0.0014866470592096448,0.2588879466056824,0.007729227188974619
iteration3,PublicDataset01291.jpg,Neither,Only_Smoke,6.809669494628906,0.7698950171470642,0,0.0011030575260519981,0.049725163727998734,0.7698950171470642,0.1792767196893692
iteration3,PublicDataset01292.jpg,Neither,Neither,0.1561899036169052,0.8553967475891113,1,0.8553967475891113,0.004727947060018778,0.1317090392112732,0.008166293613612652
iteration3,PublicDataset01293.jpg,Neither,Neither,0.027289604768157005,0.9730793833732605,1,0.9730793833732605,0.0046567972749471664,0.022076375782489777,0.00018753661424852908
iteration3,PublicDataset01294.jpg,Neither,Neither,0.024126272648572922,0.9761624336242676,1,0.9761624336242676,0.018872056156396866,0.002131317276507616,0.0028342485893517733
iteration3,PublicDataset01295.jpg,Neither,Neither,0.10766546428203583,0.8979279398918152,1,0.8979279398918152,0.08026202023029327,0.005371458362787962,0.01643860526382923
iteration3,PublicDataset01296.jpg,Neither,Neither,0.14365631341934204,0.8661854267120361,1,0.8661854267120361,0.09273726493120193,0.021230055019259453,0.019847271963953972
iteration3,PublicDataset01297.jpg,Neither,Neither,0.19089266657829285,0.8262212872505188,1,0.8262212872505188,0.024897808209061623,0.12254556268453598,0.02633536234498024
iteration3,PublicDataset01298.jpg,Neither,Only_Smoke,1.086998462677002,0.5062462687492371,0,0.3372271955013275,0.00976952351629734,0.5062462687492371,0.14675705134868622
iteration3,PublicDataset01299.jpg,Neither,Neither,0.3699481189250946,0.690770149230957,1,0.690770149230957,0.20869117975234985,0.011932375840842724,0.08860630542039871
iteration3,PublicDataset01300.jpg,Neither,Neither,0.19566772878170013,0.8222854137420654,1,0.8222854137420654,0.0012384327128529549,0.17276249825954437,0.003713645739480853
iteration3,PublicDataset01301.jpg,Neither,Only_Smoke,0.7893567681312561,0.5435191988945007,0,0.45413681864738464,0.0004721579607576132,0.5435191988945007,0.0018717838684096932
iteration3,PublicDataset01302.jpg,Neither,Neither,0.0004988856380805373,0.9995012283325195,1,0.9995012283325195,4.478226856008405e-06,0.0004883378278464079,5.921217962168157e-06
iteration3,PublicDataset01303.jpg,Neither,Neither,0.0934109091758728,0.9108191728591919,1,0.9108191728591919,0.06654110550880432,0.006167443469166756,0.016472242772579193
iteration3,PublicDataset01304.jpg,Neither,Neither,0.003053528256714344,0.9969511032104492,1,0.9969511032104492,0.0005005706334486604,0.0011464598355814815,0.0014017686480656266
iteration3,PublicDataset01305.jpg,Neither,Neither,0.019517166540026665,0.9806720614433289,1,0.9806720614433289,0.008262540213763714,0.00453489925712347,0.006530578713864088
iteration3,PublicDataset01306.jpg,Neither,Neither,0.014215397648513317,0.9858851432800293,1,0.9858851432800293,0.006394130643457174,0.0075341518968343735,0.00018654899031389505
iteration3,PublicDataset01307.jpg,Neither,Only_Fire,3.0184593200683594,0.8973156213760376,0,0.04887646809220314,0.8973156213760376,0.000689686625264585,0.0531182698905468
iteration3,PublicDataset01308.jpg,Neither,Neither,0.03732069209218025,0.9633671641349792,1,0.9633671641349792,0.013687677681446075,0.019238697364926338,0.003706439631059766
iteration3,PublicDataset01309.jpg,Neither,Neither,0.12529313564300537,0.8822382688522339,1,0.8822382688522339,0.00022424777853302658,0.1172313317656517,0.00030607866938225925
iteration3,PublicDataset01310.jpg,Neither,Only_Smoke,2.5342557430267334,0.9099025130271912,0,0.07932072877883911,0.0024112591054290533,0.9099025130271912,0.008365492336452007
iteration3,PublicDataset01311.jpg,Neither,Both,3.8221733570098877,0.8271942138671875,0,0.021880198270082474,0.08581521362066269,0.06511041522026062,0.8271942138671875
iteration3,PublicDataset01312.jpg,Neither,Neither,0.026049723848700523,0.9742866158485413,1,0.9742866158485413,0.0009714313200674951,0.013714377768337727,0.011027508415281773
iteration3,PublicDataset01313.jpg,Neither,Both,1.0897961854934692,0.3793652653694153,0,0.3362850248813629,0.001460147206671536,0.2828895151615143,0.3793652653694153
iteration3,PublicDataset01314.jpg,Neither,Neither,0.004749564453959465,0.9952616691589355,1,0.9952616691589355,0.00011981744319200516,0.003923465963453054,0.0006950700771994889
iteration3,PublicDataset01315.jpg,Neither,Neither,0.17352060973644257,0.8406998515129089,1,0.8406998515129089,0.11644573509693146,0.01179906539618969,0.031055333092808723
iteration3,PublicDataset01316.jpg,Neither,Neither,0.006991564761847258,0.9930328130722046,1,0.9930328130722046,0.00014528611791320145,0.006707604043185711,0.00011437292414484546
iteration3,PublicDataset01317.jpg,Only_Fire,Only_Fire,0.0006884350441396236,0.9993118047714233,1,4.845925261065531e-08,0.9993118047714233,3.1335157473222353e-06,0.0006849539931863546
iteration3,PublicDataset01318.jpg,Both,Both,0.0370844341814518,0.9635947942733765,1,4.885509383711906e-07,0.03624318167567253,0.00016163266263902187,0.9635947942733765
iteration3,PublicDataset01319.jpg,Only_Fire,Both,0.7660199999809265,0.5346340537071228,0,3.086696960963309e-05,0.4648595452308655,0.00047547955182380974,0.5346340537071228
iteration3,PublicDataset01320.jpg,Both,Both,0.015164092183113098,0.9849503040313721,1,1.1345439787646683e-07,0.0143616097047925,0.0006879150751046836,0.9849503040313721
iteration3,PublicDataset01321.jpg,Both,Both,0.002610372845083475,0.997393012046814,1,1.7500081384014265e-08,0.002094340045005083,0.0005125718889757991,0.997393012046814
iteration3,PublicDataset01322.jpg,Both,Both,0.24165740609169006,0.7853251695632935,1,4.2043720895890146e-05,0.20368623733520508,0.010946596041321754,0.7853251695632935
iteration3,PublicDataset01323.jpg,Both,Both,0.16536052525043488,0.847588062286377,1,4.437484676600434e-05,0.110787533223629,0.041580017656087875,0.847588062286377
iteration3,PublicDataset01324.jpg,Both,Both,0.013493875972926617,0.9865967631340027,1,1.7247268147002615e-07,0.013327626511454582,7.550631562480703e-05,0.9865967631340027
iteration3,PublicDataset01325.jpg,Both,Both,0.0027060816064476967,0.9972975850105286,1,4.943231601828302e-07,0.0023632936645299196,0.0003386713215149939,0.9972975850105286
iteration3,PublicDataset01326.jpg,Only_Fire,Only_Fire,0.09307067841291428,0.9111291170120239,1,0.0005313669098541141,0.9111291170120239,0.0003381460264790803,0.08800148963928223
iteration3,PublicDataset01327.jpg,Only_Fire,Only_Fire,0.052418388426303864,0.9489317536354065,1,2.0640303773689084e-05,0.9489317536354065,3.7492820410989225e-05,0.05101010203361511
iteration3,PublicDataset01328.jpg,Both,Both,0.6009387969970703,0.5482966303825378,1,3.013516334249289e-07,0.45164451003074646,5.856760253664106e-05,0.5482966303825378
iteration3,PublicDataset01329.jpg,Only_Fire,Only_Fire,0.05171690508723259,0.9495976567268372,1,8.946978050516918e-05,0.9495976567268372,0.002689802786335349,0.04762302711606026
iteration3,PublicDataset01330.jpg,Both,Both,0.20476393401622772,0.8148396611213684,1,8.845860429573804e-05,0.17843686044216156,0.006635076366364956,0.8148396611213684
iteration3,PublicDataset01331.jpg,Only_Smoke,Only_Smoke,0.021625082939863205,0.9786070585250854,1,0.02098742127418518,0.000281424232525751,0.9786070585250854,0.00012403851724229753
iteration3,PublicDataset01332.jpg,Only_Smoke,Only_Smoke,0.057015471160411835,0.9445794820785522,1,0.05393414571881294,0.0006495293346233666,0.9445794820785522,0.0008367818663828075
iteration3,PublicDataset01333.jpg,Only_Smoke,Only_Smoke,0.022957375273108482,0.9773041605949402,1,0.021297693252563477,0.0004890464479103684,0.9773041605949402,0.0009091068059206009
iteration3,PublicDataset01334.jpg,Only_Smoke,Only_Smoke,0.01118614710867405,0.9888761639595032,1,0.0104024363681674,0.0004467529652174562,0.9888761639595032,0.00027455424424260855
iteration3,PublicDataset01335.jpg,Only_Smoke,Only_Smoke,0.010860854759812355,0.9891979098320007,1,0.00966960284858942,0.0008083131397143006,0.9891979098320007,0.00032418189221061766
iteration3,WEB09443.jpg,Neither,Neither,0.00022897482267580926,0.9997710585594177,1,0.9997710585594177,2.8418807573871163e-07,0.00022836016432847828,3.058827360291616e-07
iteration3,WEB09444.jpg,Neither,Neither,0.0009673921740613878,0.9990330934524536,1,0.9990330934524536,3.999429281975608e-06,0.0009595505543984473,3.3379631076968508e-06
iteration3,WEB09445.jpg,Neither,Neither,0.0015393561916425824,0.9984618425369263,1,0.9984618425369263,8.666387657285668e-06,0.0015241836663335562,5.325826805346878e-06
iteration3,WEB09446.jpg,Neither,Neither,0.14922966063022614,0.8613712787628174,1,0.8613712787628174,0.00038319031591527164,0.13754616677761078,0.0006994344876147807
iteration3,WEB09447.jpg,Neither,Only_Smoke,1.3712037801742554,0.7459982633590698,0,0.25380125641822815,0.00016403455811087042,0.7459982633590698,3.6379868106450886e-05
iteration3,WEB09448.jpg,Neither,Only_Smoke,2.1394295692443848,0.8810537457466125,0,0.11772198975086212,0.001150317839346826,0.8810537457466125,7.390741666313261e-05
iteration3,WEB09449.jpg,Neither,Only_Smoke,1.9920176267623901,0.8567975759506226,0,0.1364198923110962,0.004553195554763079,0.8567975759506226,0.0022292654030025005
iteration3,WEB09450.jpg,Neither,Only_Smoke,1.3496317863464355,0.7385535836219788,0,0.2593357563018799,0.0019284995505586267,0.7385535836219788,0.00018219590128865093
iteration3,WEB09451.jpg,Neither,Only_Smoke,1.9617522954940796,0.8587120175361633,0,0.14061181247234344,0.0005699091707356274,0.8587120175361633,0.0001062947339960374
iteration3,WEB09452.jpg,Neither,Only_Smoke,2.6231446266174316,0.9213917255401611,0,0.07257428765296936,0.004990541376173496,0.9213917255401611,0.0010434279683977365
iteration3,WEB09453.jpg,Neither,Only_Smoke,0.9738286137580872,0.6126720905303955,0,0.3776344656944275,0.00845680944621563,0.6126720905303955,0.001236714655533433
iteration3,WEB09454.jpg,Neither,Only_Smoke,2.0893471240997314,0.8711747527122498,0,0.1237679272890091,0.004071603529155254,0.8711747527122498,0.0009857018012553453
iteration3,WEB09455.jpg,Neither,Neither,0.1253863126039505,0.8821560740470886,1,0.8821560740470886,0.055428776890039444,0.05737101286649704,0.005044186487793922
iteration3,WEB09456.jpg,Neither,Neither,0.18434302508831024,0.8316504955291748,1,0.8316504955291748,0.00019570652511902153,0.1681118756532669,4.1897841583704576e-05
iteration3,WEB09457.jpg,Neither,Neither,0.2795921862125397,0.7560920119285583,1,0.7560920119285583,0.00028473365819081664,0.2434079498052597,0.00021529998048208654
iteration3,WEB09458.jpg,Neither,Neither,0.2556580901145935,0.7744066715240479,1,0.7744066715240479,0.0002993081579916179,0.22520986199378967,8.407587301917374e-05
iteration3,WEB09459.jpg,Neither,Neither,0.007828389294445515,0.9922021627426147,1,0.9922021627426147,0.00022535931202583015,0.007559867110103369,1.261766919924412e-05
iteration3,WEB09460.jpg,Neither,Neither,0.000521523819770664,0.9994786381721497,1,0.9994786381721497,8.478254130750429e-06,0.0005112646613270044,1.61431455580896e-06
iteration3,WEB09461.jpg,Neither,Neither,0.00028725311858579516,0.9997127652168274,1,0.9997127652168274,1.8014205124927685e-05,0.00026582207647152245,3.371029606569209e-06
iteration3,WEB09462.jpg,Neither,Neither,0.0007614573696628213,0.9992388486862183,1,0.9992388486862183,3.105260111624375e-05,0.0007290086941793561,1.1050452712879633e-06
iteration3,WEB09463.jpg,Neither,Neither,0.0008170842193067074,0.9991832375526428,1,0.9991832375526428,2.675216455827467e-05,0.0007862396887503564,3.777359779633116e-06
iteration3,WEB09464.jpg,Neither,Neither,0.005554242990911007,0.994461178779602,1,0.994461178779602,0.00023497366055380553,0.005213076248764992,9.084078192245215e-05
iteration3,WEB09465.jpg,Neither,Neither,3.790783375734463e-05,0.9999620914459229,1,0.9999620914459229,1.3594994925369974e-06,3.6398007068783045e-05,1.3550926780681039e-07
iteration3,WEB09466.jpg,Neither,Neither,0.002315936842933297,0.9976867437362671,1,0.9976867437362671,1.0681359526643064e-05,0.002301422879099846,1.231561554959626e-06
iteration3,WEB09467.jpg,Neither,Neither,0.0010268182959407568,0.9989737272262573,1,0.9989737272262573,1.6906718883547e-05,0.001008926541544497,4.3296063267916907e-07
iteration3,WEB09468.jpg,Neither,Neither,0.0007130940794013441,0.9992871880531311,1,0.9992871880531311,1.0918787666014396e-05,0.0007013012655079365,5.79295146962977e-07
iteration3,WEB09469.jpg,Neither,Neither,0.0005217621219344437,0.9994783997535706,1,0.9994783997535706,3.3806202281994047e-06,0.000517935142852366,3.684509408685699e-07
iteration3,WEB09470.jpg,Neither,Neither,0.005726835690438747,0.9942895174026489,1,0.9942895174026489,8.859465742716566e-05,0.005619911011308432,1.911207846205798e-06
iteration3,WEB09471.jpg,Neither,Neither,0.00041571559268049896,0.9995843768119812,1,0.9995843768119812,5.901296844967874e-06,0.00040942616760730743,2.60881193980822e-07
iteration3,WEB09472.jpg,Neither,Neither,0.0007178590167313814,0.9992824196815491,1,0.9992824196815491,1.9768409401876852e-05,0.0006895886035636067,8.260551112471148e-06
iteration3,WEB09473.jpg,Neither,Neither,0.2313941866159439,0.7934266328811646,1,0.7934266328811646,0.025910722091794014,0.1756993979215622,0.004963214509189129
iteration3,WEB09474.jpg,Neither,Neither,0.1380443572998047,0.8710600733757019,1,0.8710600733757019,0.03379227966070175,0.09004271030426025,0.00510499207302928
iteration3,WEB09475.jpg,Neither,Neither,0.19996291399002075,0.8187611103057861,1,0.8187611103057861,0.01189775113016367,0.1660027652978897,0.003338292008265853
iteration3,WEB09476.jpg,Neither,Neither,0.12813837826251984,0.8797316551208496,1,0.8797316551208496,0.03908851742744446,0.06453869491815567,0.016641145572066307
iteration3,WEB09477.jpg,Neither,Neither,0.3632669150829315,0.6954007744789124,1,0.6954007744789124,0.017734993249177933,0.2628514766693115,0.024012716487050056
iteration3,WEB09478.jpg,Neither,Neither,0.2227454036474228,0.8003185987472534,1,0.8003185987472534,0.016476137563586235,0.1784854680299759,0.004719808232039213
iteration3,WEB09479.jpg,Neither,Only_Smoke,2.3168394565582275,0.8977281451225281,0,0.09858467429876328,0.0033608104567974806,0.8977281451225281,0.00032637183903716505
iteration3,WEB09480.jpg,Neither,Neither,0.3232828974723816,0.7237690687179565,1,0.7237690687179565,0.007166741881519556,0.26828187704086304,0.0007823577616363764
iteration3,WEB09481.jpg,Neither,Neither,0.05868285149335861,0.9430058002471924,1,0.9430058002471924,0.002354018623009324,0.05434425547719002,0.00029592777718789876
iteration3,WEB09482.jpg,Neither,Neither,0.32703274488449097,0.7210600972175598,1,0.7210600972175598,0.009957605972886086,0.26858261227607727,0.0003995879087597132
iteration3,WEB09483.jpg,Neither,Neither,0.13070392608642578,0.8774775266647339,1,0.8774775266647339,0.0024875011295080185,0.11969634145498276,0.0003386471071280539
iteration3,WEB09484.jpg,Neither,Only_Smoke,1.8783293962478638,0.8213043808937073,0,0.15284521877765656,0.007993903942406178,0.8213043808937073,0.017856506630778313
iteration3,WEB09485.jpg,Neither,Neither,0.5141017436981201,0.5980375409126282,1,0.5980375409126282,0.12619933485984802,0.10103579610586166,0.17472738027572632
iteration3,WEB09486.jpg,Neither,Only_Smoke,1.3670138120651245,0.6875094175338745,0,0.25486689805984497,0.008748752065002918,0.6875094175338745,0.04887497052550316
iteration3,WEB09487.jpg,Neither,Only_Smoke,0.7037613391876221,0.5042219161987305,0,0.494720995426178,0.0008797073387540877,0.5042219161987305,0.00017738489259500057
iteration3,WEB09488.jpg,Neither,Only_Smoke,0.7657405734062195,0.5347676873207092,0,0.46498945355415344,0.00021683881641365588,0.5347676873207092,2.6047531719086692e-05
iteration3,WEB09489.jpg,Neither,Neither,0.5600188970565796,0.5711982846260071,1,0.5711982846260071,0.0007896902970969677,0.42783159017562866,0.00018042235751636326
iteration3,WEB09490.jpg,Neither,Neither,0.04843004047870636,0.9527239799499512,1,0.9527239799499512,0.00031840160954743624,0.0467030368745327,0.0002545736206229776
iteration3,WEB09491.jpg,Neither,Neither,0.20759154856204987,0.8125388622283936,1,0.8125388622283936,0.0012525554047897458,0.18608778715133667,0.00012085750495316461
iteration3,WEB09492.jpg,Neither,Neither,0.10790221393108368,0.8977153897285461,1,0.8977153897285461,0.0009201405919156969,0.1012851819396019,7.931819709483534e-05
iteration3,WEB09493.jpg,Neither,Neither,0.03828192129731178,0.9624415636062622,1,0.9624415636062622,0.0017451612511649728,0.03532449156045914,0.0004887732211500406
iteration3,WEB09494.jpg,Neither,Neither,0.04036019369959831,0.9604434370994568,1,0.9604434370994568,8.339615305885673e-05,0.03941833972930908,5.479992978507653e-05
iteration3,WEB09495.jpg,Neither,Neither,0.0058954874984920025,0.9941218495368958,1,0.9941218495368958,4.639496637537377e-06,0.005870483350008726,3.014751655427972e-06
iteration3,WEB09496.jpg,Neither,Neither,0.0111195407807827,0.98894202709198,1,0.98894202709198,0.008551253005862236,0.002389185130596161,0.00011746933159884065
iteration3,WEB09497.jpg,Neither,Neither,0.05542290210723877,0.9460849761962891,1,0.9460849761962891,0.0004314286634325981,0.05345844104886055,2.512780156394001e-05
iteration3,WEB09498.jpg,Neither,Neither,0.009543156251311302,0.9905022382736206,1,0.9905022382736206,3.576051312847994e-05,0.00945415161550045,7.787491995259188e-06
iteration3,WEB09499.jpg,Neither,Neither,0.016961513087153435,0.9831815361976624,1,0.9831815361976624,0.00011631047527771443,0.016695762053132057,6.364235105138505e-06
iteration3,WEB09500.jpg,Neither,Neither,0.0015180503251031041,0.9984831213951111,1,0.9984831213951111,8.123877705656923e-06,0.0014910107711330056,1.7681661120150238e-05
iteration3,WEB09501.jpg,Neither,Neither,0.015727058053016663,0.9843959808349609,1,0.9843959808349609,1.668605000304524e-05,0.01553491409868002,5.2448816859396175e-05
iteration3,WEB09502.jpg,Neither,Neither,0.00011884459672728553,0.9998811483383179,1,0.9998811483383179,5.713246991945198e-06,0.00011207570059923455,1.0287684517606976e-06
iteration3,WEB09503.jpg,Neither,Neither,0.06702312082052231,0.9351735711097717,1,0.9351735711097717,0.02170698158442974,0.0377889946103096,0.005330473184585571
iteration3,WEB09504.jpg,Neither,Neither,0.20766332745552063,0.8124805092811584,1,0.8124805092811584,0.05381719022989273,0.09300364553928375,0.040698613971471786
iteration3,WEB09505.jpg,Neither,Neither,0.03792595863342285,0.9627842307090759,1,0.9627842307090759,0.029009027406573296,0.0035913968458771706,0.004615395795553923
iteration3,WEB09506.jpg,Neither,Neither,0.009471953846514225,0.9905727505683899,1,0.9905727505683899,4.0090977563522756e-05,0.009349703788757324,3.75010677089449e-05
iteration3,WEB09507.jpg,Neither,Neither,0.29398399591445923,0.7452884316444397,1,0.7452884316444397,0.23395317792892456,0.010775934904813766,0.009982457384467125
iteration3,WEB09508.jpg,Neither,Neither,0.04162215068936348,0.9592321515083313,1,0.9592321515083313,0.027090853080153465,0.001262663514353335,0.012414392083883286
iteration3,WEB09509.jpg,Neither,Neither,0.003234870731830597,0.9967703819274902,1,0.9967703819274902,0.0023389135021716356,0.0006234114407561719,0.0002673401322681457
iteration3,WEB09510.jpg,Neither,Neither,1.1920858014491387e-05,0.9999880790710449,1,0.9999880790710449,1.4135819128568983e-06,8.272308150480967e-06,2.307388058397919e-06
iteration3,WEB09511.jpg,Neither,Neither,0.0005922947311773896,0.9994078874588013,1,0.9994078874588013,2.8096299502067268e-05,0.0005320101627148688,3.203946107532829e-05
iteration3,WEB09512.jpg,Neither,Neither,0.010542887263000011,0.9895125031471252,1,0.9895125031471252,0.001779234386049211,0.0072799427434802055,0.0014283584896475077
iteration3,WEB09513.jpg,Neither,Neither,0.0028343526646494865,0.9971696734428406,1,0.9971696734428406,2.269055949000176e-05,0.002803236246109009,4.356898898549844e-06
iteration3,WEB09514.jpg,Neither,Neither,0.0072138551622629166,0.9928120970726013,1,0.9928120970726013,1.8432272554491647e-05,0.007166679482907057,2.80600988844526e-06
iteration3,WEB09515.jpg,Neither,Neither,0.007199179381132126,0.9928267002105713,1,0.9928267002105713,2.5972840376198292e-05,0.0071402196772396564,7.1332938205159735e-06
iteration3,WEB09516.jpg,Neither,Neither,0.0011437548091635108,0.9988569021224976,1,0.9988569021224976,5.7257725529780146e-06,0.0011353130685165524,1.985293465622817e-06
iteration3,WEB09517.jpg,Neither,Neither,0.0020303367637097836,0.9979717135429382,1,0.9979717135429382,0.00011731804988812655,0.0018341351533308625,7.687363540753722e-05
iteration3,WEB09518.jpg,Neither,Neither,0.0022916740272194147,0.9977109432220459,1,0.9977109432220459,9.832737850956619e-05,0.002157511655241251,3.3173986594192684e-05
iteration3,WEB09519.jpg,Neither,Neither,0.00034505134681239724,0.99965500831604,1,0.99965500831604,1.5000036000856198e-05,0.0003270045854151249,3.0265482564573176e-06
iteration3,WEB09520.jpg,Neither,Neither,0.00651604263111949,0.9935051202774048,1,0.9935051202774048,0.0005122579750604928,0.005473953206092119,0.0005086745950393379
iteration3,WEB09521.jpg,Neither,Neither,0.012180940248072147,0.9878929257392883,1,0.9878929257392883,0.0011287917150184512,0.01051667146384716,0.00046158520854078233
iteration3,WEB09522.jpg,Neither,Neither,0.0007051127031445503,0.9992951154708862,1,0.9992951154708862,2.1143223420949653e-05,0.0006797882379032671,4.025499947601929e-06
iteration3,WEB09523.jpg,Neither,Neither,0.011360952630639076,0.9887033104896545,1,0.9887033104896545,0.0002322911168448627,0.011025133542716503,3.921411916962825e-05
iteration3,WEB09524.jpg,Neither,Neither,0.0963437557220459,0.9081518054008484,1,0.9081518054008484,9.170603152597323e-05,0.09175172448158264,4.7874468691588845e-06
iteration3,WEB09525.jpg,Neither,Neither,0.13206368684768677,0.876285195350647,1,0.876285195350647,0.00011730127880582586,0.12358058243989944,1.690804128884338e-05
iteration3,WEB09526.jpg,Neither,Neither,0.006236615125089884,0.9937828183174133,1,0.9937828183174133,1.3335027688299306e-05,0.0062016453593969345,2.1861958430235973e-06
iteration3,WEB09527.jpg,Neither,Neither,0.0014812698354944587,0.9985198378562927,1,0.9985198378562927,4.411170266394038e-06,0.0014752366114407778,4.63962123831152e-07
iteration3,WEB09528.jpg,Neither,Neither,0.011542326770722866,0.9885240197181702,1,0.9885240197181702,3.194670716766268e-05,0.011442329734563828,1.6913126046347315e-06
iteration3,WEB09529.jpg,Neither,Neither,0.008402826264500618,0.9916324019432068,1,0.9916324019432068,5.9932881413260475e-05,0.008298367261886597,9.349355423182715e-06
iteration3,WEB09530.jpg,Neither,Neither,0.0002683041093405336,0.999731719493866,1,0.999731719493866,2.9104614441166632e-05,0.00022000442550051957,1.919872738653794e-05
iteration3,WEB09531.jpg,Neither,Neither,0.0010582567192614079,0.9989423155784607,1,0.9989423155784607,2.1439076590468176e-05,0.0010231026681140065,1.3229410797066521e-05
iteration3,WEB09532.jpg,Neither,Neither,0.024631761014461517,0.9756691455841064,1,0.9756691455841064,0.0014556745300069451,0.022351283580064774,0.0005238833255134523
iteration3,WEB09533.jpg,Neither,Neither,0.1316927820444107,0.876610279083252,1,0.876610279083252,0.002011671895161271,0.12048196792602539,0.0008961292915046215
iteration3,WEB09534.jpg,Neither,Neither,0.04032149538397789,0.9604805707931519,1,0.9604805707931519,0.000783040770329535,0.038179270923137665,0.0005570906214416027
iteration3,WEB09535.jpg,Neither,Neither,0.03365291655063629,0.9669070243835449,1,0.9669070243835449,0.0009675821056589484,0.031104587018489838,0.0010208371095359325
iteration3,WEB09536.jpg,Neither,Neither,0.0015810144832357764,0.998420238494873,1,0.998420238494873,6.785197911085561e-06,0.0015675039030611515,5.49463220522739e-06
iteration3,WEB09537.jpg,Neither,Neither,0.009887292049825191,0.9901614189147949,1,0.9901614189147949,0.00023077972582541406,0.009474871680140495,0.00013284960004966706
iteration3,WEB09538.jpg,Neither,Neither,0.007153493817895651,0.9928720593452454,1,0.9928720593452454,8.245527715189382e-05,0.006989458575844765,5.606383638223633e-05
iteration3,WEB09539.jpg,Neither,Neither,0.002355540869757533,0.997647225856781,1,0.997647225856781,2.6729847377282567e-05,0.002313659293577075,1.2353410056675784e-05
iteration3,WEB09540.jpg,Neither,Neither,8.582700684200972e-05,0.9999141693115234,1,0.9999141693115234,5.03091978316661e-05,3.37799901899416e-05,1.7854487168733613e-06
iteration3,WEB09541.jpg,Neither,Neither,0.001002047909423709,0.9989984631538391,1,0.9989984631538391,0.0003308560699224472,0.0006650973227806389,5.579893240792444e-06
iteration3,WEB09542.jpg,Neither,Neither,0.0012763934209942818,0.9987244009971619,1,0.9987244009971619,0.00013921763456892222,0.0011304646031931043,5.957489975116914e-06
iteration3,WEB09543.jpg,Neither,Neither,0.0006585336523130536,0.9993416666984558,1,0.9993416666984558,5.8712415921036154e-05,0.0005686531076207757,3.0943429010221735e-05
iteration3,WEB09544.jpg,Neither,Neither,0.08103876560926437,0.9221579432487488,1,0.9221579432487488,0.05445229634642601,0.0014502620324492455,0.02193942293524742
iteration3,WEB09545.jpg,Neither,Neither,0.0062707336619496346,0.9937489032745361,1,0.9937489032745361,0.00028046240913681686,0.00573942344635725,0.00023123383289203048
iteration3,WEB09546.jpg,Neither,Neither,0.001759410952217877,0.9982421398162842,1,0.9982421398162842,0.0002884949208237231,0.0012284443946555257,0.00024099138681776822
iteration3,WEB09547.jpg,Neither,Neither,0.000871040450874716,0.9991293549537659,1,0.9991293549537659,9.584663348505273e-05,0.0007496003527194262,2.5122646547970362e-05
iteration3,WEB09548.jpg,Neither,Neither,0.0006347072194330394,0.999365508556366,1,0.999365508556366,7.433809514623135e-05,0.0004881096538156271,7.205658766906708e-05
iteration3,WEB09549.jpg,Neither,Neither,0.016699761152267456,0.9834389090538025,1,0.9834389090538025,0.0013038110919296741,0.013522137887775898,0.0017351510468870401
iteration3,WEB09550.jpg,Neither,Neither,0.026360243558883667,0.9739841818809509,1,0.9739841818809509,0.003650523256510496,0.020350130274891853,0.0020151811186224222
iteration3,WEB09551.jpg,Neither,Neither,0.10969579219818115,0.8961067199707031,1,0.8961067199707031,0.003301224671304226,0.09824530780315399,0.0023467405699193478
iteration3,WEB09552.jpg,Neither,Neither,0.00668515358120203,0.9933371543884277,1,0.9933371543884277,0.00022906386584509164,0.006348589900881052,8.515305671608075e-05
iteration3,WEB09553.jpg,Neither,Neither,0.07920697331428528,0.9238486886024475,1,0.9238486886024475,0.045691002160310745,0.0013488043332472444,0.029111500829458237
iteration3,WEB09554.jpg,Neither,Neither,0.016327939927577972,0.9838046431541443,1,0.9838046431541443,0.0004810488608200103,0.015510709956288338,0.00020366812532301992
iteration3,WEB09555.jpg,Neither,Neither,0.01392318308353424,0.9861732721328735,1,0.9861732721328735,2.8847729481640272e-05,0.01372880581766367,6.912802928127348e-05
iteration3,WEB09556.jpg,Neither,Neither,0.013494463637471199,0.9865961670875549,1,0.9865961670875549,0.00025927042588591576,0.012963429093360901,0.0001810474059311673
iteration3,WEB09557.jpg,Neither,Neither,0.0011342290090397,0.9988664388656616,1,0.9988664388656616,2.9263090254971758e-05,0.0010156601201742887,8.867797441780567e-05
iteration3,WEB09558.jpg,Neither,Neither,0.0001685477327555418,0.9998314380645752,1,0.9998314380645752,1.6053733133958303e-06,0.0001637715904507786,3.2051709695224417e-06
iteration3,WEB09559.jpg,Neither,Neither,0.0438094325363636,0.957136332988739,1,0.957136332988739,8.904723472369369e-06,0.04284382984042168,1.0964294233417604e-05
iteration3,WEB09560.jpg,Neither,Neither,0.0025222653057426214,0.9974809288978577,1,0.9974809288978577,0.002101022517308593,0.00010130497685167938,0.0003167180111631751
iteration3,WEB09561.jpg,Neither,Neither,0.12736296653747559,0.8804140686988831,1,0.8804140686988831,0.05518776923418045,0.03931198641657829,0.025086140260100365
iteration3,WEB09562.jpg,Neither,Neither,0.019729912281036377,0.980463445186615,1,0.980463445186615,0.004659255500882864,0.009817855432629585,0.005059464834630489
iteration3,WEB09563.jpg,Neither,Neither,0.5540459752082825,0.5746201872825623,1,0.5746201872825623,0.009855905547738075,0.403984010219574,0.011539873667061329
iteration3,WEB09564.jpg,Neither,Neither,0.0992126390337944,0.9055501222610474,1,0.9055501222610474,0.010341075249016285,0.07224945724010468,0.011859341524541378
iteration3,WEB09565.jpg,Neither,Neither,0.025419095531105995,0.9749012589454651,1,0.9749012589454651,0.013270743191242218,0.006390147376805544,0.005437888670712709
iteration3,WEB09566.jpg,Neither,Neither,0.05506215989589691,0.9464263319969177,1,0.9464263319969177,0.03306720778346062,0.00693464046344161,0.013571793213486671
iteration3,WEB09567.jpg,Neither,Neither,0.002954405965283513,0.9970499277114868,1,0.9970499277114868,0.00044201500713825226,0.0021121681202203035,0.0003958453598897904
iteration3,WEB09568.jpg,Neither,Neither,0.002262653084471822,0.9977399110794067,1,0.9977399110794067,0.0007925707031972706,0.0013860167236998677,8.156216790666804e-05
iteration3,WEB09569.jpg,Neither,Neither,0.004337902180850506,0.9956715106964111,1,0.9956715106964111,0.0011599349090829492,0.002721739001572132,0.0004468639090191573
iteration3,WEB09570.jpg,Neither,Neither,0.0016725374152883887,0.9983288645744324,1,0.9983288645744324,0.0012097833678126335,0.0004554949700832367,5.933769898547325e-06
iteration3,WEB09571.jpg,Neither,Neither,0.06596226245164871,0.9361661672592163,1,0.9361661672592163,0.00010233057400910184,0.06347133964300156,0.00026010465808212757
iteration3,WEB09572.jpg,Neither,Neither,0.0025957482866942883,0.9974076151847839,1,0.9974076151847839,0.0022740887943655252,0.00031606139964424074,2.2072028968977975e-06
iteration3,WEB09573.jpg,Neither,Neither,0.018673574551939964,0.9814996719360352,1,0.9814996719360352,0.003947910387068987,0.008963397704064846,0.0055890013463795185
iteration3,WEB09574.jpg,Neither,Neither,0.017381133511662483,0.9827690720558167,1,0.9827690720558167,0.00338998856022954,0.012167074717581272,0.0016739184502512217
iteration3,WEB09575.jpg,Neither,Neither,0.019075751304626465,0.9811050295829773,1,0.9811050295829773,0.0022552721202373505,0.01562594808638096,0.0010137961944565177
iteration3,WEB09576.jpg,Neither,Neither,0.004738055635243654,0.9952731728553772,1,0.9952731728553772,0.0004359862068668008,0.004160465206950903,0.00013042765203863382
iteration3,WEB09577.jpg,Neither,Neither,0.0014229421503841877,0.9985780715942383,1,0.9985780715942383,6.86153580318205e-05,0.0013451848644763231,8.182237252185587e-06
iteration3,WEB09578.jpg,Neither,Neither,0.0021027852781116962,0.9978994131088257,1,0.9978994131088257,0.00015566770161967725,0.0014960733242332935,0.0004488367703743279
iteration3,WEB09579.jpg,Neither,Neither,0.001057184999808669,0.9989433884620667,1,0.9989433884620667,1.372129645460518e-05,0.000997830182313919,4.512898885877803e-05
iteration3,WEB09580.jpg,Neither,Neither,0.001354015665128827,0.9986469149589539,1,0.9986469149589539,0.00018891619401983917,0.0005438671796582639,0.0006203172961249948
iteration3,WEB09581.jpg,Neither,Neither,0.0007172634359449148,0.9992830157279968,1,0.9992830157279968,6.695177580695599e-05,0.0004155348287895322,0.00023456860799342394
iteration3,WEB09582.jpg,Neither,Neither,0.0013148480793461204,0.9986860156059265,1,0.9986860156059265,0.00012656059698201716,0.0008555653621442616,0.000331858143908903
iteration3,WEB09583.jpg,Neither,Neither,0.0013894913718104362,0.9986114501953125,1,0.9986114501953125,0.00027803616831079125,0.0008463736739940941,0.0002641393803060055
iteration3,WEB09584.jpg,Neither,Neither,1.2159273865108844e-05,0.9999878406524658,1,0.9999878406524658,2.2796803023084067e-07,1.1757842912629712e-05,1.518707364311922e-07
iteration3,WEB09585.jpg,Neither,Neither,0.00300586991943419,0.99699866771698,1,0.99699866771698,2.0161860447842628e-05,0.0029447046108543873,3.6497029213933274e-05
iteration3,WEB09586.jpg,Neither,Neither,0.00031096869497559965,0.9996891021728516,1,0.9996891021728516,3.0867356599628692e-06,0.00030646633240394294,1.3287536830830504e-06
iteration3,WEB09587.jpg,Neither,Neither,0.001911718980409205,0.9980900883674622,1,0.9980900883674622,2.978209295179113e-06,0.0019004815258085728,6.387382654793328e-06
iteration3,WEB09588.jpg,Neither,Neither,3.194758028257638e-05,0.9999680519104004,1,0.9999680519104004,6.372470124915708e-06,2.3295238861464895e-05,2.306969918208779e-06
iteration3,WEB09589.jpg,Neither,Neither,0.006047877948731184,0.9939703941345215,1,0.9939703941345215,2.4380811737501062e-05,0.005982226692140102,2.3056840291246772e-05
iteration3,WEB09590.jpg,Neither,Neither,0.05211415886878967,0.9492204785346985,1,0.9492204785346985,0.0003441786684561521,0.050253402441740036,0.0001819036406232044
iteration3,WEB09591.jpg,Neither,Neither,0.0022224506828933954,0.9977800250053406,1,0.9977800250053406,1.9718179828487337e-05,0.002192205749452114,8.074271136138123e-06
iteration3,WEB09592.jpg,Neither,Neither,0.09300605207681656,0.911188006401062,1,0.911188006401062,9.915141708916053e-05,0.08869627118110657,1.6642239643260837e-05
iteration3,WEB09593.jpg,Neither,Neither,0.0003644755925051868,0.9996355772018433,1,0.9996355772018433,1.071759015758289e-06,0.0003630764258559793,2.3907176682769204e-07
iteration3,WEB09594.jpg,Neither,Neither,0.15890812873840332,0.8530747294425964,1,0.8530747294425964,0.00011580236605368555,0.14679774641990662,1.1759362678276375e-05
iteration3,WEB09595.jpg,Neither,Neither,0.6652366518974304,0.5141518712043762,1,0.5141518712043762,0.03246177360415459,0.4468047320842743,0.006581629626452923
iteration3,WEB09596.jpg,Neither,Neither,0.031912412494421005,0.9685913920402527,1,0.9685913920402527,0.008375028148293495,0.021592454984784126,0.001441150321625173
iteration3,WEB09597.jpg,Neither,Neither,0.0017955861985683441,0.9982060194015503,1,0.9982060194015503,5.569358836510219e-05,0.0016833958216011524,5.490554394782521e-05
iteration3,WEB09598.jpg,Neither,Neither,0.0005448763840831816,0.9994552731513977,1,0.9994552731513977,8.571487705921754e-05,0.00044556125067174435,1.3463221876008902e-05
iteration3,WEB09599.jpg,Neither,Neither,0.0011181537993252277,0.9988824725151062,1,0.9988824725151062,0.000286859372863546,0.0007711510406807065,5.950701597612351e-05
iteration3,WEB09600.jpg,Neither,Neither,0.0007945717661641538,0.9992057681083679,1,0.9992057681083679,0.00035048785503022373,0.0002857514482457191,0.00015797829837538302
iteration3,WEB09601.jpg,Neither,Neither,0.0012735360069200397,0.9987272620201111,1,0.9987272620201111,6.476258568000048e-05,0.0007579255616292357,0.0004500884097069502
iteration3,WEB09602.jpg,Neither,Neither,6.05564855504781e-05,0.9999394416809082,1,0.9999394416809082,3.7538779906753916e-06,4.421814810484648e-05,1.253185655514244e-05
iteration3,WEB09603.jpg,Neither,Neither,0.00014602071314584464,0.9998539686203003,1,0.9998539686203003,4.995960978249059e-08,0.00014595006359741092,7.908970189873799e-08
iteration3,WEB09604.jpg,Neither,Neither,0.006463930010795593,0.9935569167137146,1,0.9935569167137146,0.00015105669444892555,0.006274830084294081,1.720518594083842e-05
iteration3,WEB09605.jpg,Neither,Neither,0.009996233507990837,0.9900535345077515,1,0.9900535345077515,0.000894916127435863,0.008786293677985668,0.00026523490669205785
iteration3,WEB09606.jpg,Neither,Neither,0.0034907853696495295,0.9965152740478516,1,0.9965152740478516,0.00016179757949430496,0.003318093717098236,4.765629000758054e-06
iteration3,WEB09607.jpg,Neither,Neither,0.016547929495573044,0.9835882186889648,1,0.9835882186889648,0.0006839488632977009,0.0155610591173172,0.00016666739247739315
iteration3,WEB09608.jpg,Neither,Neither,0.00015793983766343445,0.9998420476913452,1,0.9998420476913452,8.041923138080165e-06,0.00014493483467958868,4.895414804195752e-06
iteration3,WEB09609.jpg,Neither,Neither,0.022482741624116898,0.9777681231498718,1,0.9777681231498718,0.0009147869423031807,0.02060188539326191,0.0007151488098315895
iteration3,WEB09610.jpg,Neither,Neither,0.013740711845457554,0.9863532781600952,1,0.9863532781600952,8.056877413764596e-05,0.013496643863618374,6.953462434466928e-05
iteration3,WEB09611.jpg,Neither,Neither,0.0005264088395051658,0.9994737505912781,1,0.9994737505912781,4.006054041383322e-06,0.000508225813973695,1.3975382898934186e-05
iteration3,WEB09612.jpg,Neither,Neither,0.007151836529374123,0.9928736686706543,1,0.9928736686706543,2.6260877348249778e-05,0.007077966351062059,2.2098549379734322e-05
iteration3,WEB09613.jpg,Neither,Neither,0.028517523780465126,0.9718852639198303,1,0.9718852639198303,4.2289037082809955e-05,0.028002936393022537,6.947677320567891e-05
iteration3,WEB09614.jpg,Neither,Neither,0.011504263617098331,0.9885616302490234,1,0.9885616302490234,5.6641449191374704e-05,0.011161130852997303,0.00022050164989195764
iteration3,WEB09615.jpg,Neither,Neither,0.03968158736824989,0.96109539270401,1,0.96109539270401,0.005734547041356564,0.028704911470413208,0.004465186502784491
iteration3,WEB09616.jpg,Neither,Neither,0.259759783744812,0.7712368369102478,1,0.7712368369102478,0.16048462688922882,0.03522047773003578,0.03305808827280998
iteration3,WEB09617.jpg,Neither,Neither,0.0001674750237725675,0.9998325109481812,1,0.9998325109481812,1.052250991051551e-05,2.5818349968176335e-05,0.00013103653327561915
iteration3,WEB09618.jpg,Neither,Neither,0.008380838669836521,0.9916541576385498,1,0.9916541576385498,0.0002497158420737833,0.005862826947122812,0.002233281498774886
iteration3,WEB09619.jpg,Neither,Neither,0.050977881997823715,0.9502996802330017,1,0.9502996802330017,0.00041284150211140513,0.04541609808802605,0.003871312364935875
iteration3,WEB09620.jpg,Neither,Neither,0.02688978798687458,0.973468542098999,1,0.973468542098999,8.929104660637677e-05,0.026329562067985535,0.00011258923768764362
iteration3,WEB09621.jpg,Neither,Neither,0.002213291823863983,0.9977891445159912,1,0.9977891445159912,4.875719241681509e-06,0.0022007389925420284,5.198225608182838e-06
iteration3,WEB09622.jpg,Neither,Neither,0.002837443258613348,0.9971665740013123,1,0.9971665740013123,0.000738525646738708,0.0010796237038448453,0.0010152655886486173
iteration3,WEB09623.jpg,Neither,Neither,0.03195478767156601,0.9685503840446472,1,0.9685503840446472,0.000786636199336499,0.029818972572684288,0.0008439692319370806
iteration3,WEB09624.jpg,Neither,Neither,0.001593392575159669,0.9984079003334045,1,0.9984079003334045,0.00015917244309093803,0.0013995834160596132,3.3426655136281624e-05
iteration3,WEB09625.jpg,Neither,Neither,0.012108982540667057,0.9879640340805054,1,0.9879640340805054,0.001042283489368856,0.00879890751093626,0.002194800414144993
iteration3,WEB09626.jpg,Neither,Neither,0.004237601067870855,0.9957713484764099,1,0.9957713484764099,0.000604117289185524,0.0026757570449262857,0.0009487580973654985
iteration3,WEB09627.jpg,Neither,Neither,0.003677512053400278,0.9963292479515076,1,0.9963292479515076,3.219893869754742e-06,0.003665323369204998,2.2042825094104046e-06
iteration3,WEB09628.jpg,Neither,Neither,9.298280929215252e-06,0.999990701675415,1,0.999990701675415,6.008432364978944e-07,8.57749819260789e-06,1.1145283451696741e-07
iteration3,WEB09629.jpg,Neither,Neither,0.4008752107620239,0.6697336435317993,1,0.6697336435317993,0.312696635723114,0.010715845040977001,0.006853864062577486
iteration3,WEB09630.jpg,Neither,Neither,0.0009082006872631609,0.9990922212600708,1,0.9990922212600708,7.402541814371943e-05,0.0007983603281900287,3.543999628163874e-05
iteration3,WEB09631.jpg,Neither,Neither,0.0015666127437725663,0.9984346032142639,1,0.9984346032142639,0.00011171659571118653,0.001359238987788558,9.441248403163627e-05
iteration3,WEB09632.jpg,Neither,Neither,0.00448791915550828,0.995522141456604,1,0.995522141456604,7.955362525535747e-05,0.004268001299351454,0.00013022100029047579
iteration3,WEB09633.jpg,Neither,Neither,0.0221111997961998,0.9781314730644226,1,0.9781314730644226,0.0005097053362987936,0.01959354616701603,0.0017653307877480984
iteration3,WEB09634.jpg,Neither,Neither,0.013758466579020023,0.9863357543945312,1,0.9863357543945312,0.00040033928235061467,0.010672060772776604,0.002591901458799839
iteration3,WEB09635.jpg,Neither,Neither,3.6238969187252223e-05,0.9999637603759766,1,0.9999637603759766,5.110851475365052e-07,2.9785420338157564e-05,5.869237156730378e-06
iteration3,WEB09636.jpg,Neither,Neither,0.0001821352052502334,0.9998179078102112,1,0.9998179078102112,2.8341773941065185e-06,0.0001538975484436378,2.5395773263880983e-05
iteration3,WEB09637.jpg,Neither,Neither,0.007254330907016993,0.9927719235420227,1,0.9927719235420227,0.00013428038801066577,0.005897373892366886,0.0011963669676333666
iteration3,WEB09638.jpg,Neither,Neither,0.0010130041046068072,0.9989874958992004,1,0.9989874958992004,0.0003009227220900357,0.0006911430973559618,2.0408193449839018e-05
iteration3,WEB09639.jpg,Neither,Neither,0.015548905357718468,0.9845713376998901,1,0.9845713376998901,0.00020182834123261273,0.013925106264650822,0.00130173668731004
iteration3,WEB09640.jpg,Neither,Neither,4.60137271147687e-05,0.9999539852142334,1,0.9999539852142334,1.1267717354712659e-06,4.4723688915837556e-05,1.4989161911671545e-07
iteration3,WEB09641.jpg,Neither,Neither,2.9802276912960224e-06,0.9999970197677612,1,0.9999970197677612,8.861677542881807e-07,1.6527100115126814e-06,3.975402762534941e-07
iteration3,WEB09642.jpg,Neither,Neither,7.939023635117337e-05,0.9999206066131592,1,0.9999206066131592,6.858995766378939e-05,7.09195546733099e-06,3.7788317968079355e-06
iteration3,WEB09643.jpg,Neither,Neither,7.950943836476654e-05,0.9999204874038696,1,0.9999204874038696,1.2154791875218507e-06,7.468709372915328e-05,3.517427785482141e-06
iteration3,WEB09644.jpg,Neither,Neither,0.0004897110629826784,0.9995104074478149,1,0.9995104074478149,3.741406260360236e-07,0.0004887196118943393,4.853496307077876e-07
iteration3,WEB09645.jpg,Neither,Neither,0.039363715797662735,0.9614009857177734,1,0.9614009857177734,0.00015085545601323247,0.0361417680978775,0.002306432696059346
iteration3,WEB09646.jpg,Neither,Neither,0.0030648186802864075,0.9969398975372314,1,0.9969398975372314,0.0018332856707274914,0.0011701197363436222,5.6695025705266744e-05
iteration3,WEB09647.jpg,Neither,Neither,0.005775194149464369,0.99424147605896,1,0.99424147605896,3.1137894893618068e-06,0.005752896424382925,2.593800218164688e-06
iteration3,WEB09648.jpg,Neither,Neither,0.0019973821472376585,0.9980046153068542,1,0.9980046153068542,0.001823004218749702,0.0001012394277495332,7.10824242560193e-05
iteration3,WEB09649.jpg,Neither,Neither,0.0038528037257492542,0.9961546063423157,1,0.9961546063423157,0.0034852237440645695,0.0001816151343518868,0.00017856754129752517
iteration3,WEB09650.jpg,Neither,Neither,0.0031715352088212967,0.9968335032463074,1,0.9968335032463074,0.0030196313746273518,6.662098166998476e-05,8.02491995273158e-05
iteration3,WEB09651.jpg,Neither,Neither,0.005245730746537447,0.9947680234909058,1,0.9947680234909058,0.0035459634382277727,0.0009902166202664375,0.0006958279991522431
iteration3,WEB09652.jpg,Neither,Neither,0.0026907450519502163,0.9973128437995911,1,0.9973128437995911,0.0017376142786815763,0.0007755839615128934,0.00017386545368935913
iteration3,WEB09653.jpg,Neither,Neither,0.0006052807439118624,0.9993948936462402,1,0.9993948936462402,0.0005137851694598794,6.116966687841341e-05,3.015461152244825e-05
iteration3,WEB09654.jpg,Neither,Neither,0.01016322337090969,0.9898882508277893,1,0.9898882508277893,0.009682969190180302,0.000273170939181,0.00015564619388896972
iteration3,WEB09655.jpg,Neither,Neither,0.08495371788740158,0.9185547828674316,1,0.9185547828674316,0.053790219128131866,0.027108870446681976,0.0005460827378556132
iteration3,WEB09656.jpg,Neither,Neither,0.060660410672426224,0.9411427974700928,1,0.9411427974700928,0.00934890192002058,0.04676302894949913,0.002745256992056966
iteration3,WEB09657.jpg,Neither,Neither,0.0338277593255043,0.9667379856109619,1,0.9667379856109619,0.005411650985479355,0.02593085914850235,0.001919516478665173
iteration3,WEB09658.jpg,Neither,Neither,0.04331240430474281,0.957612156867981,1,0.957612156867981,0.006173958536237478,0.033469729125499725,0.002744204131886363
iteration3,WEB09659.jpg,Neither,Neither,0.053384095430374146,0.9480158090591431,1,0.9480158090591431,0.0018128950614482164,0.04693915694952011,0.0032320444006472826
iteration3,WEB09660.jpg,Neither,Neither,0.01691814512014389,0.9832241535186768,1,0.9832241535186768,0.0003295287024229765,0.014023823663592339,0.0024224845692515373
iteration3,WEB09661.jpg,Neither,Neither,0.0035100297536700964,0.9964961409568787,1,0.9964961409568787,1.958749635377899e-06,0.0035006015095859766,1.3387839317147154e-06
iteration3,WEB09662.jpg,Neither,Neither,0.009071918204426765,0.9909691214561462,1,0.9909691214561462,1.3476637832354754e-06,0.00902892742305994,7.09028540768486e-07
iteration3,WEB09663.jpg,Neither,Neither,0.010870760306715965,0.9891881346702576,1,0.9891881346702576,8.159322533174418e-06,0.010800928808748722,2.7766973289544694e-06
iteration3,WEB09664.jpg,Neither,Neither,0.004074961878359318,0.9959333539009094,1,0.9959333539009094,3.197275646016351e-06,0.004061687272042036,1.7357228898617905e-06
iteration3,WEB09665.jpg,Neither,Neither,0.01772269979119301,0.9824334383010864,1,0.9824334383010864,0.012716979719698429,0.004544838331639767,0.000304701883578673
iteration3,WEB09666.jpg,Neither,Neither,0.0003649522550404072,0.9996351003646851,1,0.9996351003646851,0.00029682705644518137,6.25617612968199e-05,5.4892066145839635e-06
iteration3,WEB09667.jpg,Neither,Only_Smoke,1.052916169166565,0.6019707322120667,0,0.34891876578330994,0.017619462683796883,0.6019707322120667,0.03149096667766571
iteration3,WEB09668.jpg,Neither,Neither,0.0016828911611810327,0.9983185529708862,1,0.9983185529708862,0.0002738787152338773,0.001359187881462276,4.843249553232454e-05
iteration3,WEB09669.jpg,Neither,Neither,0.2684163749217987,0.7645893692970276,1,0.7645893692970276,0.01607639156281948,0.21277044713497162,0.006563728675246239
iteration3,WEB09670.jpg,Neither,Only_Fire,1.0124485492706299,0.5635559558868408,0,0.36332830786705017,0.5635559558868408,0.05797679349780083,0.015138985589146614
iteration3,WEB09671.jpg,Neither,Neither,0.029565487056970596,0.9708672761917114,1,0.9708672761917114,0.013843284919857979,0.015067863278090954,0.00022157641069497913
iteration3,WEB09672.jpg,Neither,Neither,0.02927008457481861,0.9711541533470154,1,0.9711541533470154,0.0006426341715268791,0.028098689392209053,0.00010460299381520599
iteration3,WEB09673.jpg,Neither,Neither,0.130157008767128,0.8779575824737549,1,0.8779575824737549,0.006997702643275261,0.11441179364919662,0.0006329030147753656
iteration3,WEB09674.jpg,Neither,Neither,0.003443741938099265,0.9965621829032898,1,0.9965621829032898,0.0001384659844916314,0.0032838128972798586,1.5519060980295762e-05
iteration3,WEB09675.jpg,Neither,Neither,2.825220326485578e-05,0.9999717473983765,1,0.9999717473983765,5.466481979965465e-06,2.1495192413567565e-05,1.3145343018550193e-06
iteration3,WEB09676.jpg,Neither,Neither,0.0004359725280664861,0.9995641112327576,1,0.9995641112327576,0.00017497915541753173,0.00023301588953472674,2.786366894724779e-05
iteration3,WEB09677.jpg,Neither,Neither,0.002178916009142995,0.9978234767913818,1,0.9978234767913818,0.0004890344571322203,0.0016157248755916953,7.181796536315233e-05
iteration3,WEB09678.jpg,Neither,Neither,0.04296165704727173,0.9579481482505798,1,0.9579481482505798,0.008679020218551159,0.03285922482609749,0.0005136671243235469
iteration3,WEB09679.jpg,Neither,Neither,0.0010021670022979379,0.9989983439445496,1,0.9989983439445496,0.00026628293562680483,0.0006534552085213363,8.195114060072228e-05
iteration3,WEB09680.jpg,Neither,Neither,0.04185173660516739,0.959011971950531,1,0.959011971950531,0.013344887644052505,0.01644129492342472,0.011201917193830013
iteration3,WEB09681.jpg,Neither,Neither,0.2910838723182678,0.747452974319458,1,0.747452974319458,0.13911451399326324,0.09920895099639893,0.014223580248653889
iteration3,WEB09682.jpg,Neither,Neither,0.03298727422952652,0.9675508737564087,1,0.9675508737564087,0.009381312876939774,0.02235507220029831,0.0007127862190827727
iteration3,WEB09683.jpg,Neither,Neither,0.004677307326346636,0.9953336119651794,1,0.9953336119651794,0.00022963197261560708,0.004393001552671194,4.375078060547821e-05
iteration3,WEB09684.jpg,Neither,Neither,0.4421519935131073,0.6426519751548767,1,0.6426519751548767,0.2858378291130066,0.04996316134929657,0.02154703624546528
iteration3,WEB09685.jpg,Neither,Neither,0.0010157431242987514,0.9989847540855408,1,0.9989847540855408,6.545106589328498e-05,0.000925874977838248,2.390216468484141e-05
iteration3,WEB09686.jpg,Neither,Only_Smoke,2.6070213317871094,0.49856728315353394,0,0.07375390827655792,0.13614310324192047,0.49856728315353394,0.29153576493263245
iteration3,WEB09687.jpg,Neither,Neither,0.002315342193469405,0.9976873397827148,1,0.9976873397827148,0.0004208587924949825,0.0017967774765565991,9.507005597697571e-05
iteration3,WEB09688.jpg,Neither,Neither,0.026392057538032532,0.9739531874656677,1,0.9739531874656677,0.0018148275557905436,0.02239951118826866,0.001832476700656116
iteration3,WEB09689.jpg,Neither,Neither,0.005622880533337593,0.9943928718566895,1,0.9943928718566895,0.004609040915966034,0.0008619481232017279,0.00013614699128083885
iteration3,WEB09690.jpg,Neither,Neither,0.016456233337521553,0.9836784601211548,1,0.9836784601211548,0.008048583753407001,0.0020851646549999714,0.0061878059059381485
iteration3,WEB09691.jpg,Neither,Neither,0.18475547432899475,0.8313075304031372,1,0.8313075304031372,0.09174713492393494,0.015778785571455956,0.0611664354801178
iteration3,WEB09692.jpg,Neither,Neither,0.007494902703911066,0.9925330877304077,1,0.9925330877304077,0.006676757242530584,0.00031815317925065756,0.00047195114893838763
iteration3,WEB09693.jpg,Neither,Neither,6.329813186312094e-05,0.9999366998672485,1,0.9999366998672485,3.456505874055438e-05,2.491487430233974e-05,3.7790005080751143e-06
iteration3,WEB09694.jpg,Neither,Neither,0.03888522833585739,0.9618610739707947,1,0.9618610739707947,0.010005444288253784,0.027989517897367477,0.00014390221622306854
iteration3,WEB09695.jpg,Neither,Neither,0.00935551431030035,0.9906880855560303,1,0.9906880855560303,0.0008295894367620349,0.008370773866772652,0.00011149976489832625
iteration3,WEB09696.jpg,Neither,Neither,0.05798090994358063,0.9436679482460022,1,0.9436679482460022,0.004787555430084467,0.038475506007671356,0.01306897308677435
iteration3,WEB09697.jpg,Neither,Neither,0.00022015532886143774,0.9997798800468445,1,0.9997798800468445,0.00013404943456407636,7.764276961097494e-05,8.446537322015502e-06
iteration3,WEB09698.jpg,Neither,Neither,0.1520216166973114,0.8589696884155273,1,0.8589696884155273,0.13913403451442719,0.0012763426639139652,0.0006198312621563673
iteration3,WEB09699.jpg,Neither,Neither,0.005685468204319477,0.994330644607544,1,0.994330644607544,0.0032351750414818525,0.0021297649946063757,0.0003043838369194418
iteration3,WEB09700.jpg,Neither,Neither,0.00026246439665555954,0.999737560749054,1,0.999737560749054,0.000153459157445468,8.842851821100339e-05,2.05220167117659e-05
iteration3,WEB09701.jpg,Neither,Neither,3.4689302992774174e-05,0.9999653100967407,1,0.9999653100967407,3.143210051348433e-05,2.2792908112023724e-06,1.0373398708907189e-06
iteration3,WEB09702.jpg,Neither,Neither,6.341733387671411e-05,0.999936580657959,1,0.999936580657959,2.8003651095787063e-05,1.8423270375933498e-05,1.696185972832609e-05
iteration3,WEB09703.jpg,Neither,Neither,0.001647664001211524,0.9983537197113037,1,0.9983537197113037,8.953332871897146e-05,0.001530432142317295,2.6436990083311684e-05
iteration3,WEB09704.jpg,Neither,Neither,4.887569048150908e-06,0.9999951124191284,1,0.9999951124191284,1.4041143003851175e-06,2.506070813979022e-06,9.360190347251773e-07
iteration3,WEB09705.jpg,Neither,Neither,0.0003935516288038343,0.9996065497398376,1,0.9996065497398376,7.5021009251941e-05,0.0003124793875031173,6.051732725609327e-06
iteration3,WEB09706.jpg,Neither,Neither,3.40932747349143e-05,0.9999659061431885,1,0.9999659061431885,1.7055252101272345e-05,1.65901528816903e-05,4.247046661021159e-07
iteration3,WEB09707.jpg,Neither,Neither,0.0011735226726159453,0.9988271594047546,1,0.9988271594047546,0.00029119590180926025,0.0006543425261043012,0.00022736699611414224
iteration3,WEB09708.jpg,Neither,Neither,0.06025867909193039,0.9415209293365479,1,0.9415209293365479,0.010858646593987942,0.01989300549030304,0.02772739715874195
iteration3,WEB09709.jpg,Neither,Neither,2.3007127310847864e-05,0.9999769926071167,1,0.9999769926071167,2.2552079826709814e-05,3.538417843174102e-07,5.7186575475043355e-08
iteration3,WEB09710.jpg,Neither,Neither,0.14335176348686218,0.866449236869812,1,0.866449236869812,0.08696813136339188,0.025150950998067856,0.021431712433695793
iteration3,WEB09711.jpg,Neither,Neither,0.0008076743106357753,0.9991926550865173,1,0.9991926550865173,0.00047665106831118464,0.0003226940461900085,8.076014637481421e-06
iteration3,WEB09712.jpg,Neither,Neither,0.001597320195287466,0.9984039664268494,1,0.9984039664268494,0.0012249983847141266,0.0002854682388715446,8.554750093026087e-05
iteration3,WEB09713.jpg,Neither,Neither,0.0015065044863149524,0.9984946250915527,1,0.9984946250915527,0.0011148810153827071,0.0003410405188333243,4.952630843035877e-05
iteration3,WEB09714.jpg,Neither,Neither,1.0013530300057027e-05,0.9999899864196777,1,0.9999899864196777,3.0635517305199755e-06,6.802836196584394e-06,2.043288134245813e-07
iteration3,WEB09715.jpg,Neither,Neither,9.536738616588991e-07,0.9999990463256836,1,0.9999990463256836,6.649324291174707e-07,2.3265097581770533e-07,4.61210944990853e-08
iteration3,WEB09716.jpg,Neither,Neither,0.003238910576328635,0.9967663288116455,1,0.9967663288116455,0.0029073478654026985,0.0002764871169347316,4.987666034139693e-05
iteration3,WEB09717.jpg,Neither,Neither,0.003807914676144719,0.9961993098258972,1,0.9961993098258972,0.0027238107286393642,0.000774094311054796,0.00030285550747066736
iteration3,WEB09718.jpg,Neither,Neither,0.0034398215357214212,0.996566116809845,1,0.996566116809845,0.0001008439066936262,0.003325565019622445,7.443841241183691e-06
iteration3,WEB09719.jpg,Neither,Neither,0.000863774970639497,0.9991366267204285,1,0.9991366267204285,0.0008311170968227088,2.0161593056400307e-05,1.216555574501399e-05
iteration3,WEB09720.jpg,Neither,Neither,3.814624506048858e-05,0.9999618530273438,1,0.9999618530273438,3.287428626208566e-05,4.542216629488394e-06,6.908712748554535e-07
iteration3,WEB09721.jpg,Neither,Neither,0.004075674340128899,0.9959326386451721,1,0.9959326386451721,0.004024445544928312,2.984926504723262e-05,1.319279817835195e-05
iteration3,WEB09722.jpg,Neither,Neither,0.00032360086333937943,0.9996764659881592,1,0.9996764659881592,0.00017522109556011856,0.00014660556917078793,1.6954317061390611e-06
iteration3,WEB09723.jpg,Neither,Neither,0.11423841863870621,0.892045259475708,1,0.892045259475708,0.10667429864406586,0.0005709140095859766,0.0007094560423865914
iteration3,WEB09724.jpg,Neither,Neither,0.0005040090763941407,0.9994961023330688,1,0.9994961023330688,0.00047671145875938237,2.5990615540649742e-05,1.2186186495455331e-06
iteration3,WEB09725.jpg,Neither,Neither,0.1747964769601822,0.8396278619766235,1,0.8396278619766235,0.04089183360338211,0.02264976315200329,0.09683054685592651
iteration3,WEB09726.jpg,Neither,Neither,0.00015436411194968969,0.9998456239700317,1,0.9998456239700317,3.7332116335164756e-05,0.00011331841233186424,3.631407480497728e-06
iteration3,WEB09727.jpg,Neither,Neither,1.3112935448589269e-05,0.9999868869781494,1,0.9999868869781494,2.5541351078572916e-06,9.463762580708135e-06,1.193257844533946e-06
iteration3,WEB09728.jpg,Neither,Neither,0.0014486543368548155,0.9985523819923401,1,0.9985523819923401,0.001345091382972896,5.260917168925516e-05,4.9886421038536355e-05
iteration3,WEB09729.jpg,Neither,Neither,0.040126945823431015,0.9606674909591675,1,0.9606674909591675,0.039067842066287994,0.000195313201402314,6.94183399900794e-05
iteration3,WEB09730.jpg,Neither,Neither,3.6954811548639555e-06,0.9999963045120239,1,0.9999963045120239,2.1497453417396173e-06,1.4964150523155695e-06,5.0786120198154094e-08
iteration3,WEB09731.jpg,Neither,Neither,0.0017914213240146637,0.9982101917266846,1,0.9982101917266846,0.0016763977473601699,8.598184649599716e-05,2.7364312700228766e-05
iteration3,WEB09732.jpg,Neither,Neither,0.00013028726971242577,0.999869704246521,1,0.999869704246521,0.00011919694225070998,1.4305146578408312e-06,9.657692316977773e-06
iteration3,WEB09733.jpg,Neither,Neither,9.417489309271332e-06,0.9999905824661255,1,0.9999905824661255,5.912907454330707e-06,2.815862899296917e-06,6.326553148028324e-07
iteration3,WEB09734.jpg,Neither,Neither,9.440929716220126e-05,0.9999055862426758,1,0.9999055862426758,3.070536331506446e-05,5.947686076979153e-05,4.2009278331534006e-06
iteration3,WEB09735.jpg,Neither,Neither,3.4450891689630225e-05,0.9999655485153198,1,0.9999655485153198,2.159971700166352e-05,1.1377052032912616e-05,1.4965387435950106e-06
iteration3,WEB09736.jpg,Neither,Neither,7.283422019099817e-05,0.9999271631240845,1,0.9999271631240845,5.637031790683977e-05,7.405270025628852e-06,9.042927558766678e-06
iteration3,WEB09737.jpg,Neither,Neither,3.58813522325363e-05,0.9999641180038452,1,0.9999641180038452,6.31633974990109e-06,2.8889848181279376e-05,7.649701956324861e-07
iteration3,WEB09738.jpg,Neither,Neither,0.0008247073274105787,0.9991756081581116,1,0.9991756081581116,0.0005985773168504238,0.00020747316011693329,1.8282318706042133e-05
iteration3,WEB09739.jpg,Neither,Neither,0.00027092601521871984,0.9997290968894958,1,0.9997290968894958,0.00012137895100750029,0.00014441116945818067,5.028815849072998e-06
iteration3,WEB09740.jpg,Neither,Neither,4.172316494077677e-06,0.9999958276748657,1,0.9999958276748657,2.7096639314549975e-06,1.1352591400282108e-06,3.16818216106185e-07
iteration3,WEB09741.jpg,Neither,Neither,0.00608010683208704,0.9939383268356323,1,0.9939383268356323,0.0024064367171376944,0.0029006770346313715,0.0007545639527961612
iteration3,WEB09742.jpg,Neither,Neither,0.03642360121011734,0.9642317295074463,1,0.9642317295074463,0.011755112558603287,0.010735266841948032,0.01327795721590519
iteration3,WEB09743.jpg,Neither,Neither,0.0001652104256208986,0.9998347759246826,1,0.9998347759246826,4.599372687152936e-07,0.0001646593154873699,1.8514651856094133e-07
iteration3,WEB09744.jpg,Neither,Neither,0.00022182388056535274,0.9997782111167908,1,0.9997782111167908,2.0979991859348956e-06,0.0002171418018406257,2.592047394500696e-06
iteration3,WEB09745.jpg,Neither,Neither,0.09166399389505386,0.9124116897583008,1,0.9124116897583008,0.0003901104209944606,0.08649883419275284,0.0006994198192842305
iteration3,WEB09746.jpg,Neither,Neither,0.19762256741523743,0.8206795454025269,1,0.8206795454025269,0.009591275826096535,0.16738072037696838,0.00234853639267385
iteration3,WEB09747.jpg,Neither,Neither,0.6347063183784485,0.5300911664962769,1,0.5300911664962769,0.09692418575286865,0.2897334098815918,0.08325126767158508
iteration3,WEB09748.jpg,Neither,Neither,0.0005548844928853214,0.9994452595710754,1,0.9994452595710754,7.214781362563372e-05,0.0004781918250955641,4.3683744479494635e-06
iteration3,WEB09749.jpg,Neither,Neither,0.0002474478678777814,0.9997525811195374,1,0.9997525811195374,2.6495588372199563e-06,0.00024414120707660913,6.127932579147455e-07
iteration3,WEB09750.jpg,Neither,Neither,0.01019767951220274,0.9898541569709778,1,0.9898541569709778,0.00011709694081218913,0.009830326773226261,0.00019840183085761964
iteration3,WEB09751.jpg,Neither,Neither,0.008289455436170101,0.9917448163032532,1,0.9917448163032532,0.0002240483881905675,0.007848688401281834,0.00018241828365717083
iteration3,WEB09752.jpg,Neither,Neither,0.007878538221120834,0.9921523928642273,1,0.9921523928642273,0.0004144561244174838,0.007315571419894695,0.00011758527398342267
iteration3,WEB09753.jpg,Neither,Neither,0.0005696581210941076,0.9994304776191711,1,0.9994304776191711,3.910497616743669e-05,0.0005076199304312468,2.2695963707519695e-05
iteration3,WEB09754.jpg,Neither,Neither,0.011128147132694721,0.9889335632324219,1,0.9889335632324219,0.006553822197020054,0.0034587124828249216,0.0010539463255554438
iteration3,WEB09755.jpg,Neither,Neither,0.25804972648620605,0.7725567817687988,1,0.7725567817687988,0.2114276885986328,0.004303581081330776,0.011711970902979374
iteration3,WEB09756.jpg,Neither,Neither,0.09389494359493256,0.9103783965110779,1,0.9103783965110779,0.08668213337659836,0.0007464009104296565,0.0021930630318820477
iteration3,WEB09757.jpg,Neither,Neither,0.013472587801516056,0.9866177439689636,1,0.9866177439689636,0.013055785559117794,0.0001920630456879735,0.00013444386422634125
iteration3,WEB09758.jpg,Neither,Neither,0.1461656093597412,0.8640146255493164,1,0.8640146255493164,0.0006702098180539906,0.13515770435333252,0.00015744952543172985
iteration3,WEB09759.jpg,Neither,Neither,0.1830895096063614,0.8326936364173889,1,0.8326936364173889,0.0014509261818602681,0.16574564576148987,0.00010980742081301287
iteration3,WEB09760.jpg,Neither,Neither,0.011240608058869839,0.988822340965271,1,0.988822340965271,0.006202851887792349,0.00470508961006999,0.00026975502260029316
iteration3,WEB09761.jpg,Neither,Neither,0.05331447720527649,0.9480817914009094,1,0.9480817914009094,0.002903503365814686,0.04703390970826149,0.001980722649022937
iteration3,WEB09762.jpg,Neither,Neither,0.023484880104660988,0.9767887592315674,1,0.9767887592315674,0.0014377135084941983,0.020451107993721962,0.0013223836431279778
iteration3,WEB09763.jpg,Neither,Neither,0.0014299653703346848,0.9985710382461548,1,0.9985710382461548,0.0001227889588335529,0.0012536501744762063,5.251972106634639e-05
iteration3,WEB09764.jpg,Neither,Neither,0.002948106499388814,0.997056245803833,1,0.997056245803833,0.0001009494299069047,0.002801665337756276,4.11594046454411e-05
iteration3,WEB09765.jpg,Neither,Neither,0.0300128236413002,0.9704331159591675,1,0.9704331159591675,0.0019580069929361343,0.027047567069530487,0.0005614054971374571
iteration3,WEB09766.jpg,Neither,Neither,0.0014384171226993203,0.9985626339912415,1,0.9985626339912415,9.057811985258013e-05,0.00131780537776649,2.9008821002207696e-05
iteration3,WEB09767.jpg,Neither,Neither,0.00021944021864328533,0.9997805953025818,1,0.9997805953025818,1.450008426218119e-06,0.00019618631631601602,2.1750656742369756e-05
iteration3,WEB09768.jpg,Neither,Neither,0.000691770575940609,0.9993084669113159,1,0.9993084669113159,8.175738003046717e-06,0.0005000527016818523,0.0001832887646742165
iteration3,WEB09769.jpg,Neither,Neither,0.006373910699039698,0.9936463832855225,1,0.9936463832855225,2.1281855879351497e-05,0.006284594535827637,4.773553882841952e-05
iteration3,WEB09770.jpg,Neither,Neither,0.00031537804170511663,0.9996846914291382,1,0.9996846914291382,3.0330729714478366e-06,0.00029119307873770595,2.1166621081647463e-05
iteration3,WEB09771.jpg,Neither,Neither,0.0007649118197150528,0.9992353916168213,1,0.9992353916168213,6.286967163759982e-06,0.0007340392330661416,2.429814230708871e-05
iteration3,WEB09772.jpg,Neither,Neither,0.0001560327800689265,0.999843955039978,1,0.999843955039978,1.2195474710097187e-06,0.00014744103827979416,7.3589171734056436e-06
iteration3,WEB09773.jpg,Neither,Neither,0.10018328577280045,0.9046716094017029,1,0.9046716094017029,0.0010996634373441339,0.006687929853796959,0.0875408798456192
iteration3,WEB09774.jpg,Neither,Neither,0.007105912081897259,0.9929192662239075,1,0.9929192662239075,0.0010781515156850219,0.005940854549407959,6.167138781165704e-05
iteration3,WEB09775.jpg,Neither,Neither,0.0036810750607401133,0.996325671672821,1,0.996325671672821,1.1314547009533271e-05,0.0034200455993413925,0.0002429299202049151
iteration3,WEB09776.jpg,Neither,Neither,0.001741322805173695,0.9982602000236511,1,0.9982602000236511,0.00015252134471666068,0.0015201324131339788,6.713828770443797e-05
iteration3,WEB09777.jpg,Neither,Neither,0.0005129451747052372,0.9994871616363525,1,0.9994871616363525,6.900206699356204e-07,0.0005096307722851634,2.578479325165972e-06
iteration3,WEB09778.jpg,Neither,Neither,0.0009450022480450571,0.9990554451942444,1,0.9990554451942444,4.2764102545334026e-05,0.0005926279118284583,0.00030921780853532255
iteration3,WEB09779.jpg,Neither,Neither,0.00042775063775479794,0.9995723366737366,1,0.9995723366737366,4.0386366890743375e-05,0.00024992343969643116,0.00013736872642766684
iteration3,WEB09780.jpg,Neither,Neither,0.0019223083509132266,0.9980795383453369,1,0.9980795383453369,4.558795808407012e-06,0.0019047008827328682,1.1107743375760037e-05
iteration3,WEB09781.jpg,Neither,Neither,0.0005839549703523517,0.9994162321090698,1,0.9994162321090698,3.862744506477611e-06,0.000574204430449754,5.639104983856669e-06
iteration3,WEB09782.jpg,Neither,Neither,0.3370247781276703,0.7138911485671997,1,0.7138911485671997,0.0013086044928058982,0.283283531665802,0.0015167378587648273
iteration3,WEB09783.jpg,Neither,Neither,0.19977237284183502,0.8189171552658081,1,0.8189171552658081,0.00017840710643213242,0.1805582344532013,0.00034624291583895683
iteration3,WEB09784.jpg,Neither,Neither,0.02782399021089077,0.9725595116615295,1,0.9725595116615295,0.0002292129647685215,0.02672991156578064,0.0004813521809410304
iteration3,WEB09785.jpg,Neither,Neither,0.040007948875427246,0.9607818126678467,1,0.9607818126678467,4.358657679404132e-05,0.03810650855302811,0.0010680794948711991
iteration3,WEB09786.jpg,Neither,Neither,0.036805953830480576,0.9638631343841553,1,0.9638631343841553,0.0034843168687075377,0.031229112297296524,0.0014234611298888922
iteration3,WEB09787.jpg,Neither,Neither,0.0002848696312867105,0.9997151494026184,1,0.9997151494026184,3.5008040413231356e-06,0.00027701989165507257,4.40093208453618e-06
iteration3,WEB09788.jpg,Neither,Only_Smoke,1.1835250854492188,0.664760172367096,0,0.3061974346637726,0.00781654380261898,0.664760172367096,0.021225856617093086
iteration3,WEB09789.jpg,Neither,Neither,0.00012599628826137632,0.9998739957809448,1,0.9998739957809448,4.9195125029655173e-05,7.416633889079094e-05,2.5999511308327783e-06
iteration3,WEB09790.jpg,Neither,Neither,0.002234464045614004,0.9977680444717407,1,0.9977680444717407,0.00024092379317153245,0.0018962741596624255,9.477845742367208e-05
iteration3,WEB09791.jpg,Neither,Neither,0.016035521402955055,0.9840923547744751,1,0.9840923547744751,0.004588754381984472,0.011251899413764477,6.687516724923626e-05
iteration3,WEB09792.jpg,Neither,Neither,0.003709461074322462,0.9962974190711975,1,0.9962974190711975,7.754348189337179e-05,0.0035195962991565466,0.00010543861571932212
iteration3,WEB09793.jpg,Neither,Neither,0.004928938578814268,0.995083212852478,1,0.995083212852478,9.755935025168583e-05,0.0047558946534991264,6.339482206385583e-05
iteration3,WEB09794.jpg,Neither,Neither,0.0023004752583801746,0.9977021813392639,1,0.9977021813392639,4.244829688104801e-05,0.0021817870438098907,7.364918565144762e-05
iteration3,WEB09795.jpg,Neither,Neither,0.0007085673278197646,0.9992916584014893,1,0.9992916584014893,1.0940370884782169e-05,0.0006721587851643562,2.525898889871314e-05
iteration3,WEB09796.jpg,Neither,Neither,0.3818776309490204,0.6825785636901855,1,0.6825785636901855,0.19285446405410767,0.0411534383893013,0.08341345936059952
iteration3,WEB09797.jpg,Neither,Neither,0.4510158896446228,0.6369807124137878,1,0.6369807124137878,0.30190643668174744,0.013330509886145592,0.04778231307864189
iteration3,WEB09798.jpg,Neither,Neither,0.45072972774505615,0.6371630430221558,1,0.6371630430221558,0.3532527983188629,0.007433397229760885,0.0021508075296878815
iteration3,WEB09799.jpg,Neither,Neither,0.06873144954442978,0.9335773587226868,1,0.9335773587226868,0.062126945704221725,0.0038803517818450928,0.0004153234767727554
iteration3,WEB09800.jpg,Neither,Only_Smoke,2.613215208053589,0.8897395730018616,0,0.07329849898815155,0.011987783946096897,0.8897395730018616,0.02497413381934166
iteration3,WEB09801.jpg,Neither,Neither,0.0005824061809107661,0.999417781829834,1,0.999417781829834,0.00024417234817519784,0.00018542874022386968,0.00015272499877028167
iteration3,WEB09802.jpg,Neither,Neither,0.00021479207498487085,0.9997852444648743,1,0.9997852444648743,8.742450518184341e-06,0.00020311432308517396,2.982518935823464e-06
iteration3,WEB09803.jpg,Neither,Neither,0.00040820849244482815,0.9995918869972229,1,0.9995918869972229,0.00018265504331793636,0.00022489442199002951,6.190167027853022e-07
iteration3,WEB09804.jpg,Neither,Neither,0.0002256377338198945,0.9997743964195251,1,0.9997743964195251,3.3382907531631645e-06,0.00022210470342542976,1.735541985681266e-07
iteration3,WEB09805.jpg,Neither,Neither,0.0008738989708945155,0.9991264939308167,1,0.9991264939308167,0.00025731598725542426,0.0003468492650426924,0.0002693815913517028
iteration3,WEB09806.jpg,Neither,Neither,0.06321682035923004,0.9387398958206177,1,0.9387398958206177,0.04084356501698494,0.0027986320201307535,0.017617810517549515
iteration3,WEB09807.jpg,Neither,Neither,0.0341220498085022,0.9664535522460938,1,0.9664535522460938,0.0010613317135721445,0.03240269422531128,8.252131374320015e-05
iteration3,WEB09808.jpg,Neither,Neither,0.002713095862418413,0.9972905516624451,1,0.9972905516624451,0.00030570130911655724,0.0021436784882098436,0.0002601206651888788
iteration3,WEB09809.jpg,Neither,Neither,0.0056059290654957294,0.9944097399711609,1,0.9944097399711609,0.00019941570644732565,0.005258255172520876,0.0001325954799540341
iteration3,WEB09810.jpg,Neither,Neither,0.01908990368247032,0.9810911417007446,1,0.9810911417007446,0.000780864676926285,0.01787172630429268,0.0002563392627052963
iteration3,WEB09811.jpg,Neither,Neither,0.011994617059826851,0.9880770444869995,1,0.9880770444869995,0.0012778668897226453,0.010354079306125641,0.0002910646435339004
iteration3,WEB09812.jpg,Neither,Neither,0.00839514285326004,0.9916399717330933,1,0.9916399717330933,0.0004915056051686406,0.007647078484296799,0.00022145929688122123
iteration3,WEB09813.jpg,Neither,Neither,0.023682231083512306,0.9765959978103638,1,0.9765959978103638,0.0016353368991985917,0.020806923508644104,0.0009617748437449336
iteration3,WEB09814.jpg,Neither,Neither,0.047083061188459396,0.954008162021637,1,0.954008162021637,0.00038241964648477733,0.04559248685836792,1.6965326722129248e-05
iteration3,WEB09815.jpg,Neither,Neither,0.00976228341460228,0.9902852177619934,1,0.9902852177619934,0.0001196942976093851,0.009552204981446266,4.289139178581536e-05
iteration3,WEB09816.jpg,Neither,Neither,0.0029910134617239237,0.9970134496688843,1,0.9970134496688843,9.090350067708641e-05,0.0028745040763169527,2.1125932107679546e-05
iteration3,WEB09817.jpg,Neither,Neither,0.0016638495726510882,0.9983375072479248,1,0.9983375072479248,7.469504635082558e-05,0.001571724540553987,1.598299786564894e-05
iteration3,WEB09818.jpg,Neither,Neither,0.003637009998783469,0.9963696002960205,1,0.9963696002960205,0.0030747191049158573,0.0005393199971877038,1.628210702619981e-05
iteration3,WEB09819.jpg,Neither,Neither,0.0029502459801733494,0.9970541000366211,1,0.9970541000366211,0.0026190741918981075,0.0003099119639955461,1.6982203305815347e-05
iteration3,WEB09820.jpg,Neither,Neither,0.002071141730993986,0.9979310035705566,1,0.9979310035705566,0.0019055147422477603,0.00015282159438356757,1.0621100045682397e-05
iteration3,WEB09821.jpg,Neither,Neither,0.00020001317898277193,0.9998000264167786,1,0.9998000264167786,0.00019766892364714295,1.0447250815559528e-06,1.1950994576181984e-06
iteration3,WEB09822.jpg,Neither,Neither,0.006215527653694153,0.9938037395477295,1,0.9938037395477295,0.0047369711101055145,0.0011242481414228678,0.00033501299913041294
iteration3,WEB09823.jpg,Neither,Neither,0.36812824010849,0.6920284032821655,1,0.6920284032821655,0.24334104359149933,0.05760439112782478,0.007026159670203924
iteration3,WEB09824.jpg,Neither,Neither,0.012876460328698158,0.9872061014175415,1,0.9872061014175415,0.0007338016876019537,0.011957161128520966,0.00010289447527611628
iteration3,WEB09825.jpg,Neither,Neither,7.188061863416806e-05,0.9999281167984009,1,0.9999281167984009,6.782619493606035e-06,6.20842183707282e-05,3.017359176737955e-06
iteration3,WEB09826.jpg,Neither,Neither,2.4676019165781327e-05,0.999975323677063,1,0.999975323677063,2.251469197744882e-07,1.6397292711189948e-05,7.966306839080062e-06
iteration3,WEB09827.jpg,Neither,Neither,0.0006233894382603467,0.9993768334388733,1,0.9993768334388733,1.1820935696960078e-06,0.0006170065607875586,4.99756015415187e-06
iteration3,WEB09828.jpg,Neither,Neither,1.9073304429184645e-05,0.9999809265136719,1,0.9999809265136719,3.053817465570319e-07,1.0352081517339684e-05,8.345257811015472e-06
iteration3,WEB09829.jpg,Neither,Neither,3.3378546504536644e-06,0.9999966621398926,1,0.9999966621398926,9.981256710034359e-08,2.115771394528565e-06,1.1206918770767516e-06
iteration3,WEB09830.jpg,Neither,Neither,8.153582894010469e-05,0.9999184608459473,1,0.9999184608459473,1.065314336301526e-06,2.3011503799352795e-05,5.750690252170898e-05
iteration3,WEB09831.jpg,Neither,Neither,9.417489309271332e-06,0.9999905824661255,1,0.9999905824661255,2.77354075706171e-07,7.540671958849998e-06,1.6436127907581977e-06
iteration3,WEB09832.jpg,Neither,Neither,0.000409161759307608,0.9995909333229065,1,0.9995909333229065,8.137232043736731e-07,0.00040248065488412976,5.755726760980906e-06
iteration3,WEB09833.jpg,Neither,Neither,8.713819261174649e-05,0.9999128580093384,1,0.9999128580093384,7.023298280728341e-07,8.205501944757998e-05,4.377267032396048e-06
iteration3,WEB09834.jpg,Neither,Neither,2.145764938177308e-06,0.9999978542327881,1,0.9999978542327881,5.7729149460783447e-08,1.2532389064290328e-06,8.207904897972185e-07
iteration3,WEB09835.jpg,Neither,Neither,0.011798127554357052,0.988271176815033,1,0.988271176815033,8.484847057843581e-05,0.009178622625768185,0.0024653126019984484
iteration3,WEB09836.jpg,Neither,Neither,0.019346002489328384,0.9808399081230164,1,0.9808399081230164,0.00010400339670013636,0.01790844090282917,0.0011476271320134401
iteration3,WEB09837.jpg,Neither,Neither,0.0012675831094384193,0.9987332224845886,1,0.9987332224845886,6.049168405297678e-06,0.001227042404934764,3.367670069565065e-05
iteration3,WEB09838.jpg,Neither,Neither,0.01203631330281496,0.9880358576774597,1,0.9880358576774597,1.016138594422955e-05,0.01190901082009077,4.50178085884545e-05
iteration3,WEB09839.jpg,Neither,Neither,0.029346026480197906,0.9710803627967834,1,0.9710803627967834,0.00011939401156269014,0.025631681084632874,0.0031685843132436275
iteration3,WEB09840.jpg,Neither,Neither,0.25354209542274475,0.7760471105575562,1,0.7760471105575562,0.002420277800410986,0.19998495280742645,0.021547721698880196
iteration3,WEB09841.jpg,Neither,Neither,0.2450471818447113,0.7826676368713379,1,0.7826676368713379,0.0007605943246744573,0.20911581814289093,0.007455944083631039
iteration3,WEB09842.jpg,Neither,Neither,0.014708534814417362,0.9853991270065308,1,0.9853991270065308,0.000762859417591244,0.012992464005947113,0.0008455466595478356
iteration3,WEB09843.jpg,Neither,Neither,0.02365044876933098,0.9766270518302917,1,0.9766270518302917,0.00012570395483635366,0.02309403195977211,0.00015330278256442398
iteration3,WEB09844.jpg,Neither,Neither,0.03294852003455162,0.9675883650779724,1,0.9675883650779724,0.0005477326922118664,0.03154313191771507,0.00032078215735964477
iteration3,WEB09845.jpg,Neither,Neither,0.041529979556798935,0.9593205451965332,1,0.9593205451965332,0.000230201447266154,0.04043029248714447,1.8917507986770943e-05
iteration3,WEB09846.jpg,Neither,Neither,0.027361638844013214,0.9730092883110046,1,0.9730092883110046,0.0008403544779866934,0.02599630132317543,0.00015402665303554386
iteration3,WEB09847.jpg,Neither,Neither,0.010079318657517433,0.9899712800979614,1,0.9899712800979614,0.00010030343401012942,0.009906498715281487,2.189611768699251e-05
iteration3,WEB09848.jpg,Neither,Neither,0.0003343261778354645,0.9996657371520996,1,0.9996657371520996,6.343350833049044e-05,0.0002626694622449577,8.140188583638519e-06
iteration3,WEB09849.jpg,Neither,Neither,0.009303313679993153,0.9907398223876953,1,0.9907398223876953,0.0005308173131197691,0.008423982188105583,0.00030531256925314665
iteration3,WEB09850.jpg,Neither,Neither,0.0008623456815257668,0.9991379976272583,1,0.9991379976272583,7.788807852193713e-05,0.0004055169702041894,0.0003785685112234205
iteration3,WEB09851.jpg,Neither,Neither,0.0020692383404821157,0.9979329109191895,1,0.9979329109191895,0.00023684283951297402,0.00034578348277136683,0.001484471489675343
iteration3,WEB09852.jpg,Neither,Neither,0.07200183719396591,0.9305291771888733,1,0.9305291771888733,0.00578716117888689,0.024777455255389214,0.03890617936849594
iteration3,WEB09853.jpg,Neither,Neither,0.010026801377534866,0.9900233149528503,1,0.9900233149528503,0.001219138503074646,0.008219609037041664,0.000537905259989202
iteration3,WEB09854.jpg,Neither,Neither,0.0014160377904772758,0.9985849857330322,1,0.9985849857330322,0.00047559718950651586,0.0008961943094618618,4.328239447204396e-05
iteration3,WEB09855.jpg,Neither,Neither,0.0007444233051501215,0.9992558360099792,1,0.9992558360099792,0.00020939696696586907,0.000504726602230221,3.0060895369388163e-05
iteration3,WEB09856.jpg,Neither,Neither,0.05950561538338661,0.942230224609375,1,0.942230224609375,0.01419516559690237,0.028314776718616486,0.015259886160492897
iteration3,WEB09857.jpg,Neither,Neither,0.043366286903619766,0.9575605988502502,1,0.9575605988502502,0.016123391687870026,0.020100945606827736,0.006215068977326155
iteration3,WEB09858.jpg,Neither,Neither,0.00987182930111885,0.9901767373085022,1,0.9901767373085022,0.003164710011333227,0.004710240289568901,0.0019483236828818917
iteration3,WEB09859.jpg,Neither,Neither,0.006776447407901287,0.9932464361190796,1,0.9932464361190796,0.002793300664052367,0.0030201568733900785,0.0009401164134033024
iteration3,WEB09860.jpg,Neither,Neither,0.005508719012141228,0.9945064187049866,1,0.9945064187049866,0.003005882492288947,0.00203492259606719,0.00045280251652002335
iteration3,WEB09861.jpg,Neither,Neither,0.0023625576868653297,0.9976402521133423,1,0.9976402521133423,0.0004550609737634659,0.0014426130801439285,0.00046215637121349573
iteration3,WEB09862.jpg,Neither,Neither,0.0015528061194345355,0.998448371887207,1,0.998448371887207,0.0003295861533842981,0.0005235577700659633,0.0006983900093473494
iteration3,WEB09863.jpg,Neither,Neither,0.17974624037742615,0.8354821801185608,1,0.8354821801185608,0.0019508367404341698,0.15971265733242035,0.002854287391528487
iteration3,WEB09864.jpg,Neither,Neither,0.00764752272516489,0.9923816323280334,1,0.9923816323280334,0.00153755908831954,0.0047162361443042755,0.0013645546277984977
iteration3,WEB09865.jpg,Neither,Neither,0.00037245964631438255,0.9996275901794434,1,0.9996275901794434,0.00012019702990073711,0.00018716847989708185,6.500105519080535e-05
iteration3,WEB09866.jpg,Neither,Neither,8.368142152903602e-05,0.9999163150787354,1,0.9999163150787354,5.641173629555851e-06,7.256121170939878e-05,5.4620104492641985e-06
iteration3,WEB09867.jpg,Neither,Neither,0.0015986294019967318,0.9984026551246643,1,0.9984026551246643,7.395577267743647e-05,0.0014873098116368055,3.610764179029502e-05
iteration3,WEB09868.jpg,Neither,Neither,0.0007257211836986244,0.9992745518684387,1,0.9992745518684387,0.00026171343051828444,0.00026778693427331746,0.0001959273940883577
iteration3,WEB09869.jpg,Neither,Neither,0.00011514954530866817,0.999884843826294,1,0.999884843826294,1.986223469430115e-05,7.272360380738974e-05,2.2627767975791357e-05
iteration3,WEB09870.jpg,Neither,Neither,0.00020847532141488045,0.9997915625572205,1,0.9997915625572205,2.3280401364900172e-05,0.0001768211368471384,8.248492122220341e-06
iteration3,WEB09871.jpg,Neither,Neither,0.00015436411194968969,0.9998456239700317,1,0.9998456239700317,9.450322977500036e-06,0.0001335553388344124,1.1279897080385126e-05
iteration3,WEB09872.jpg,Neither,Neither,0.001086359960027039,0.9989142417907715,1,0.9989142417907715,0.00012129505921620876,0.0008831731975078583,8.124367741402239e-05
iteration3,WEB09873.jpg,Neither,Neither,0.0014963869471102953,0.9985047578811646,1,0.9985047578811646,0.0003760854888241738,0.000846023322083056,0.00027315475745126605
iteration3,WEB09874.jpg,Neither,Neither,0.000324673397699371,0.9996753931045532,1,0.9996753931045532,6.200492498464882e-05,0.00020593385852407664,5.672235056408681e-05
iteration3,WEB09875.jpg,Neither,Neither,0.018229210749268532,0.9819359183311462,1,0.9819359183311462,0.0034067141823470592,0.0018147442024201155,0.012842675670981407
iteration3,WEB09876.jpg,Neither,Neither,0.046291664242744446,0.9547634720802307,1,0.9547634720802307,0.0007353093242272735,0.040151409804821014,0.004349844064563513
iteration3,WEB09877.jpg,Neither,Neither,0.01749640703201294,0.9826557636260986,1,0.9826557636260986,0.0004405280342325568,0.010404262691736221,0.006499381735920906
iteration3,WEB09878.jpg,Neither,Neither,0.05132764205336571,0.9499673843383789,1,0.9499673843383789,0.0009894385002553463,0.03338310122489929,0.015660014003515244
iteration3,WEB09879.jpg,Neither,Neither,0.001886375597678125,0.9981154203414917,1,0.9981154203414917,6.81203209751402e-06,0.0018756947247311473,2.0885856883978704e-06
iteration3,WEB09880.jpg,Neither,Neither,0.23123317956924438,0.793554425239563,1,0.793554425239563,0.0006789180915802717,0.20523256063461304,0.0005341237410902977
iteration3,WEB09881.jpg,Neither,Neither,0.27888602018356323,0.7566261291503906,1,0.7566261291503906,0.0011117275571450591,0.24182486534118652,0.0004373304545879364
iteration3,WEB09882.jpg,Neither,Neither,0.06229865550994873,0.9396021962165833,1,0.9396021962165833,0.0016496020834892988,0.05821334198117256,0.0005347616970539093
iteration3,WEB09883.jpg,Neither,Neither,0.0020484195556491613,0.9979536533355713,1,0.9979536533355713,0.00020085315918549895,0.0009996447479352355,0.0008458169177174568
iteration3,WEB09884.jpg,Neither,Neither,0.002387056592851877,0.9976158142089844,1,0.9976158142089844,0.0006027243798598647,0.0011435201158747077,0.0006380555569194257
iteration3,WEB09885.jpg,Neither,Neither,0.0007320346776396036,0.9992682337760925,1,0.9992682337760925,0.0005257509183138609,0.00010199841199209914,0.00010406679939478636
iteration3,WEB09886.jpg,Neither,Neither,0.0004027270770166069,0.9995973706245422,1,0.9995973706245422,0.0001684684684732929,0.00012380773841869086,0.00011033700866391882
iteration3,WEB09887.jpg,Neither,Neither,0.00020251607929822057,0.999797523021698,1,0.999797523021698,0.00010625445429468527,5.351729123503901e-05,4.27113009209279e-05
iteration3,WEB09888.jpg,Neither,Neither,0.0016085079405456781,0.9983927607536316,1,0.9983927607536316,0.0011337973410263658,0.00031926846713759005,0.00015412981156259775
iteration3,WEB09889.jpg,Neither,Neither,0.0026246407069265842,0.9973788261413574,1,0.9973788261413574,0.001417607651092112,0.0009018986602313817,0.00030158954905346036
iteration3,WEB09890.jpg,Neither,Neither,0.004541321657598019,0.9954689741134644,1,0.9954689741134644,0.0020800703205168247,0.001391733530908823,0.0010592088801786304
iteration3,WEB09891.jpg,Neither,Neither,0.0015844660811126232,0.9984167814254761,1,0.9984167814254761,0.00047960554365999997,0.000651561887934804,0.00045205108472146094
iteration3,WEB09892.jpg,Neither,Neither,0.0012991330586373806,0.9987016916275024,1,0.9987016916275024,0.0005677940789610147,0.00047721355804242194,0.0002533523365855217
iteration3,WEB09893.jpg,Neither,Neither,0.0022288737818598747,0.9977735877037048,1,0.9977735877037048,0.0003982155176345259,0.0010179895907640457,0.0008101172279566526
iteration3,WEB09894.jpg,Neither,Neither,0.0026468741707503796,0.997356653213501,1,0.997356653213501,0.0003945417411159724,0.001279340242035687,0.0009695013286545873
iteration3,WEB09895.jpg,Neither,Neither,0.0017716678557917476,0.9982299208641052,1,0.9982299208641052,0.00020167219918221235,0.0011294722789898515,0.00043893634574487805
iteration3,WEB09896.jpg,Neither,Neither,0.0003868784988299012,0.9996132254600525,1,0.9996132254600525,6.863829185022041e-05,0.00018348109733778983,0.00013462069910019636
iteration3,WEB09897.jpg,Neither,Neither,0.00033706706017255783,0.9996629953384399,1,0.9996629953384399,5.70701013202779e-05,0.000141582713695243,0.00013832867261953652
iteration3,WEB09898.jpg,Neither,Neither,0.00023052419419400394,0.9997695088386536,1,0.9997695088386536,3.067364377784543e-05,9.08952351892367e-05,0.00010886715608648956
iteration3,WEB09899.jpg,Neither,Neither,0.00021526881027966738,0.9997847676277161,1,0.9997847676277161,3.550191831891425e-05,0.00012749157031066716,5.2225866966182366e-05
iteration3,WEB09900.jpg,Neither,Neither,0.0002731903805397451,0.9997268319129944,1,0.9997268319129944,7.722689042566344e-05,0.00015170425467658788,4.415868897922337e-05
iteration3,WEB09901.jpg,Neither,Neither,0.02591545134782791,0.9744174480438232,1,0.9744174480438232,6.287928408710286e-05,0.025380004197359085,0.0001397148153046146
iteration3,WEB09902.jpg,Neither,Neither,0.013996303081512451,0.9861012101173401,1,0.9861012101173401,6.483039032900706e-05,0.013519774191081524,0.00031416959245689213
iteration3,WEB09903.jpg,Neither,Neither,0.01771133951842785,0.9824445843696594,1,0.9824445843696594,4.479264680412598e-05,0.017351191490888596,0.00015942085883580148
iteration3,WEB09904.jpg,Neither,Neither,0.006041953340172768,0.9939762353897095,1,0.9939762353897095,5.419757144409232e-05,0.005877244286239147,9.228086855728179e-05
iteration3,WEB09905.jpg,Neither,Neither,0.0097360759973526,0.9903111457824707,1,0.9903111457824707,9.51450492721051e-05,0.00940038077533245,0.0001932685700012371
iteration3,WEB09906.jpg,Neither,Neither,2.8967437174287625e-05,0.9999710321426392,1,0.9999710321426392,3.974058472522302e-06,2.2950187485548668e-05,2.028719109148369e-06
iteration3,WEB09907.jpg,Neither,Neither,0.0001299296854995191,0.9998700618743896,1,0.9998700618743896,2.3873890313552693e-05,8.943198918132111e-05,1.6672827769070864e-05
iteration3,WEB09908.jpg,Neither,Neither,1.490105023549404e-05,0.9999850988388062,1,0.9999850988388062,3.188056780345505e-06,1.1012519280484412e-05,8.046399102568103e-07
iteration3,WEB09909.jpg,Neither,Neither,0.013046029023826122,0.9870387315750122,1,0.9870387315750122,0.0006552384584210813,0.012168335728347301,0.00013766548363491893
iteration3,WEB09910.jpg,Neither,Neither,0.11887058615684509,0.8879227042198181,1,0.8879227042198181,0.001664280309341848,0.10971593111753464,0.0006970544927753508
iteration3,WEB09911.jpg,Neither,Neither,0.021273409947752953,0.9789512753486633,1,0.9789512753486633,9.185999806504697e-05,0.02090398035943508,5.279303150018677e-05
iteration3,WEB09912.jpg,Neither,Neither,0.051351651549339294,0.9499445557594299,1,0.9499445557594299,0.000103963197034318,0.04993490129709244,1.6511463400092907e-05
iteration3,WEB09913.jpg,Neither,Neither,0.003107839496806264,0.9968969821929932,1,0.9968969821929932,6.842332368250936e-05,0.0029010288417339325,0.00013358234718907624
iteration3,WEB09914.jpg,Neither,Neither,0.03264892101287842,0.9678782820701599,1,0.9678782820701599,0.0002651658724062145,0.03174879401922226,0.00010778243449749425
iteration3,WEB09915.jpg,Neither,Neither,0.024582328274846077,0.9757173657417297,1,0.9757173657417297,0.00021840953559149057,0.023775313049554825,0.00028890007524751127
iteration3,WEB09916.jpg,Neither,Neither,0.006684798281639814,0.9933375120162964,1,0.9933375120162964,6.567456148331985e-05,0.006479696370661259,0.00011712872219504789
iteration3,WEB09917.jpg,Neither,Neither,0.04836712032556534,0.9527839422225952,1,0.9527839422225952,0.0008980463608168066,0.04566078633069992,0.0006572472047992051
iteration3,WEB09918.jpg,Neither,Neither,0.06675608456134796,0.9354233145713806,1,0.9354233145713806,0.0012699875514954329,0.06019774079322815,0.003108966164290905
iteration3,WEB09919.jpg,Neither,Neither,0.3890073299407959,0.6777293086051941,1,0.6777293086051941,0.0012385592563077807,0.3197323977947235,0.0012997747398912907
iteration3,WEB09920.jpg,Neither,Neither,0.6210970878601074,0.537354588508606,1,0.537354588508606,0.0011504989815875888,0.4583742022514343,0.003120757406577468
iteration3,WEB09921.jpg,Neither,Neither,0.06399159133434296,0.9380128979682922,1,0.9380128979682922,0.003299197182059288,0.05132380127906799,0.00736420089378953
iteration3,WEB09922.jpg,Neither,Neither,0.021058309823274612,0.9791618585586548,1,0.9791618585586548,0.003308161860331893,0.01472450140863657,0.0028054339345544577
iteration3,WEB09923.jpg,Neither,Neither,0.06572865694761276,0.936384916305542,1,0.936384916305542,0.005301210563629866,0.0487377904355526,0.009576083160936832
iteration3,WEB09924.jpg,Neither,Neither,0.3296145796775818,0.719200849533081,1,0.719200849533081,0.03764290362596512,0.21850775182247162,0.024648543447256088
iteration3,WEB09925.jpg,Neither,Neither,0.0006227937992662191,0.999377429485321,1,0.999377429485321,5.891927230550209e-06,0.0006127409869804978,4.0425675251754e-06
iteration3,WEB09926.jpg,Neither,Neither,0.24364116787910461,0.7837688326835632,1,0.7837688326835632,0.002132154768332839,0.2122039496898651,0.0018950444646179676
iteration3,WEB09927.jpg,Neither,Neither,0.031002478674054146,0.9694731831550598,1,0.9694731831550598,0.00023021787637844682,0.03005473129451275,0.00024188440875150263
iteration3,WEB09928.jpg,Neither,Neither,0.05704069510102272,0.9445556402206421,1,0.9445556402206421,0.0011440147645771503,0.05203792452812195,0.002262434456497431
iteration3,WEB09929.jpg,Neither,Neither,0.4206468462944031,0.6566219329833984,1,0.6566219329833984,0.02343946509063244,0.24240855872631073,0.07753004878759384
iteration3,WEB09930.jpg,Neither,Neither,0.380089670419693,0.6838001012802124,1,0.6838001012802124,0.017685187980532646,0.26252424716949463,0.03599044308066368
iteration3,WEB09931.jpg,Neither,Neither,0.6843721866607666,0.5044068098068237,1,0.5044068098068237,0.016605716198682785,0.41822394728660583,0.06076351925730705
iteration3,WEB09932.jpg,Neither,Both,1.3378549814224243,0.6305917501449585,0,0.26240792870521545,0.04236437752842903,0.06463592499494553,0.6305917501449585
iteration3,WEB09933.jpg,Neither,Neither,0.005637934897094965,0.9943779110908508,1,0.9943779110908508,0.0017555527156218886,0.002578224055469036,0.0012882534647360444
iteration3,WEB09934.jpg,Neither,Neither,0.0034923297353088856,0.9965137839317322,1,0.9965137839317322,0.002598376478999853,0.0003972623962908983,0.000490659789647907
iteration3,WEB09935.jpg,Neither,Neither,0.01706663891673088,0.9830781817436218,1,0.9830781817436218,0.004986072890460491,0.006404174491763115,0.005531613714993
iteration3,WEB09936.jpg,Neither,Neither,0.016955768689513206,0.983187198638916,1,0.983187198638916,0.005029740277677774,0.003137091640383005,0.008646000176668167
iteration3,WEB09937.jpg,Neither,Neither,0.003830359550192952,0.9961769580841064,1,0.9961769580841064,0.0017435892950743437,0.0017939377576112747,0.00028560589998960495
iteration3,WEB09938.jpg,Neither,Neither,6.985420623095706e-05,0.9999301433563232,1,0.9999301433563232,4.100648709481902e-07,6.942706386325881e-05,5.1996561722944534e-08
iteration3,WEB09939.jpg,Neither,Neither,0.002815095242112875,0.9971888661384583,1,0.9971888661384583,9.778174717212096e-05,0.002089365152642131,0.0006240602233447134
iteration3,WEB09940.jpg,Neither,Neither,0.3016069233417511,0.7396287322044373,1,0.7396287322044373,0.0007711643120273948,0.25838014483451843,0.0012199841439723969
iteration3,WEB09941.jpg,Neither,Neither,0.04154633358120918,0.9593048691749573,1,0.9593048691749573,0.0003410355420783162,0.03996211290359497,0.0003919616574421525
iteration3,WEB09942.jpg,Neither,Neither,0.0022865599021315575,0.9977160692214966,1,0.9977160692214966,0.0017496163491159678,0.0004952666931785643,3.903219840140082e-05
iteration3,WEB09943.jpg,Neither,Neither,0.00019643761334009469,0.9998036026954651,1,0.9998036026954651,7.450713019352406e-05,0.00011950445332331583,2.3461918772227364e-06
iteration3,WEB09944.jpg,Neither,Neither,0.0006267252028919756,0.9993734955787659,1,0.9993734955787659,0.0005798042984679341,4.492906737141311e-05,1.7762502011464676e-06
iteration3,WEB09945.jpg,Neither,Neither,0.0023227159399539232,0.9976800084114075,1,0.9976800084114075,0.002123425714671612,0.0001948067802004516,1.7891978814077447e-06
iteration3,WEB09946.jpg,Neither,Neither,0.0001565095444675535,0.9998434782028198,1,0.9998434782028198,0.00011829861614387482,3.6169993109069765e-05,2.0973459413653472e-06
iteration3,WEB09947.jpg,Neither,Neither,0.0002470903273206204,0.999752938747406,1,0.999752938747406,8.936613085097633e-06,0.00023722072364762425,9.84136704573757e-07
iteration3,WEB09948.jpg,Neither,Neither,5.602820692729438e-06,0.9999943971633911,1,0.9999943971633911,5.3068206398165785e-06,2.1353919521516218e-07,8.315188182450584e-08
iteration3,WEB09949.jpg,Neither,Neither,4.172238186583854e-05,0.9999582767486572,1,0.9999582767486572,3.780424958677031e-05,2.9918901418568566e-06,9.222646895068465e-07
iteration3,WEB09950.jpg,Neither,Neither,0.004518774338066578,0.9954914450645447,1,0.9954914450645447,0.0040779151022434235,0.00033995427656918764,9.07050198293291e-05
iteration3,WEB09951.jpg,Neither,Neither,0.00016675988445058465,0.9998332262039185,1,0.9998332262039185,0.00012985430657863617,3.2585972803644836e-05,4.393337349029025e-06
iteration3,WEB09952.jpg,Neither,Neither,0.06391163170337677,0.9380878806114197,1,0.9380878806114197,0.011874186806380749,0.0498834066092968,0.00015452771913260221
iteration3,WEB09953.jpg,Neither,Neither,0.001016695867292583,0.9989838004112244,1,0.9989838004112244,0.000920694088563323,5.859033626620658e-05,3.684200783027336e-05
iteration3,WEB09954.jpg,Neither,Neither,0.1923515647649765,0.8250167965888977,1,0.8250167965888977,0.00663100415840745,0.16791106760501862,0.00044113805051892996
iteration3,WEB09955.jpg,Neither,Neither,0.002705843886360526,0.9972978234291077,1,0.9972978234291077,0.0022082210052758455,0.000236063395277597,0.0002578426501713693
iteration3,WEB09956.jpg,Neither,Neither,0.03400752320885658,0.9665642380714417,1,0.9665642380714417,0.029629923403263092,0.0032682185992598534,0.0005376798217184842
iteration3,WEB09957.jpg,Neither,Neither,0.014958241954445839,0.985153079032898,1,0.985153079032898,0.006432114634662867,0.00816352665424347,0.0002512377395760268
iteration3,WEB09958.jpg,Neither,Neither,0.0067852092906832695,0.9932377338409424,1,0.9932377338409424,0.002931166673079133,0.003569371299818158,0.0002616543206386268
iteration3,WEB09959.jpg,Neither,Neither,0.006071101874113083,0.9939472675323486,1,0.9939472675323486,0.002669471548870206,0.003079452784731984,0.00030369043815881014
iteration3,WEB09960.jpg,Neither,Neither,0.004173735622316599,0.9958349466323853,1,0.9958349466323853,0.003550526686012745,0.0005135258543305099,0.00010099526116391644
iteration3,WEB09961.jpg,Neither,Neither,7.164221460698172e-05,0.99992835521698,1,0.99992835521698,6.229888094821945e-05,7.929398634587415e-06,1.3261849289847305e-06
iteration3,WEB09962.jpg,Neither,Neither,0.07199074327945709,0.9305394887924194,1,0.9305394887924194,0.00819848757237196,0.061199456453323364,6.252334424061701e-05
iteration3,WEB09963.jpg,Neither,Neither,0.023621341213583946,0.9766554832458496,1,0.9766554832458496,0.007757021114230156,0.015555770136415958,3.1731495255371556e-05
iteration3,WEB09964.jpg,Neither,Neither,0.0002840353990904987,0.9997159838676453,1,0.9997159838676453,8.740316116018221e-05,0.00019490315753500909,1.7737623920766055e-06
iteration3,WEB09965.jpg,Neither,Neither,0.011760898865759373,0.9883080124855042,1,0.9883080124855042,0.002686778549104929,0.008384698070585728,0.0006205277168191969
iteration3,WEB09966.jpg,Neither,Neither,0.0014252038672566414,0.9985758066177368,1,0.9985758066177368,0.00010850472608581185,0.0013058301992714405,9.772234989213757e-06
iteration3,WEB09967.jpg,Neither,Neither,2.9444261599564925e-05,0.999970555305481,1,0.999970555305481,1.2157342098362278e-05,1.710452306724619e-05,2.4994920977405855e-07
iteration3,WEB09968.jpg,Neither,Neither,0.004200208466500044,0.9958086013793945,1,0.9958086013793945,0.0016742500010877848,0.0022795686963945627,0.00023753853747621179
iteration3,WEB09969.jpg,Neither,Neither,0.00412446865811944,0.9958840012550354,1,0.9958840012550354,0.0015083927428349853,0.0017007095739245415,0.0009068711660802364
iteration3,WEB09970.jpg,Neither,Neither,0.020807551220059395,0.9794074296951294,1,0.9794074296951294,0.0001146505237556994,0.020442185923457146,3.572122659534216e-05
iteration3,WEB09971.jpg,Both,Both,0.014963879249989986,0.9851475358009338,1,6.576075520570157e-06,0.007029729429632425,0.00781609769910574,0.9851475358009338
iteration3,WEB09972.jpg,Neither,Only_Smoke,2.154771089553833,0.5190384984016418,0,0.1159297376871109,0.10089974105358124,0.5190384984016418,0.264132022857666
iteration3,WEB09973.jpg,Neither,Only_Smoke,1.9898351430892944,0.8455493450164795,0,0.13671796023845673,0.006258736364543438,0.8455493450164795,0.011473956517875195
iteration3,WEB09974.jpg,Neither,Only_Smoke,5.752084255218506,0.9959459900856018,0,0.003176153637468815,0.0008687043446116149,0.9959459900856018,9.206597496813629e-06
iteration3,WEB09975.jpg,Neither,Only_Smoke,1.2537708282470703,0.7144889235496521,0,0.2854264974594116,7.7932643762324e-05,0.7144889235496521,6.685588232357986e-06
iteration3,WEB09976.jpg,Neither,Neither,0.003992563579231501,0.9960153698921204,1,0.9960153698921204,6.008270247548353e-06,0.003967863041907549,1.0740871402958874e-05
iteration3,WEB09977.jpg,Neither,Neither,0.7495607137680054,0.4725740849971771,1,0.4725740849971771,0.03662995621562004,0.1241949126124382,0.36660104990005493
iteration3,WEB09978.jpg,Neither,Only_Smoke,1.088080644607544,0.5740384459495544,0,0.3368624448776245,0.06879734247922897,0.5740384459495544,0.02030174806714058
iteration3,WEB09979.jpg,Neither,Only_Fire,2.515822410583496,0.7951706051826477,0,0.08079643547534943,0.7951706051826477,0.009140050038695335,0.11489287763834
iteration3,WEB09980.jpg,Neither,Neither,0.0790114775300026,0.9240293502807617,1,0.9240293502807617,0.00012370584590826184,0.056360140442848206,0.019486770033836365
iteration3,WEB09981.jpg,Neither,Neither,0.0024339118972420692,0.9975690245628357,1,0.9975690245628357,6.150282570160925e-05,0.00231359270401299,5.58558022021316e-05
iteration3,WEB09982.jpg,Neither,Neither,0.00045789722935296595,0.999542236328125,1,0.999542236328125,1.3105387552059256e-05,0.00044041950604878366,4.346556124801282e-06
iteration3,WEB09983.jpg,Neither,Neither,0.024207958951592445,0.9760826826095581,1,0.9760826826095581,0.0002734472509473562,0.023337436839938164,0.0003063319600187242
iteration3,WEB09984.jpg,Neither,Neither,0.03463321924209595,0.9659596681594849,1,0.9659596681594849,0.003180511062964797,0.025170916691422462,0.005688938777893782
iteration3,WEB09985.jpg,Neither,Neither,0.00016819016309455037,0.9998317956924438,1,0.9998317956924438,1.0353380275773816e-05,0.0001569636951899156,8.653935310576344e-07
iteration3,WEB09986.jpg,Neither,Neither,0.00017617580306250602,0.9998238682746887,1,0.9998238682746887,2.507493263692595e-05,0.0001500483776908368,9.963580396288307e-07
iteration3,WEB09987.jpg,Neither,Neither,0.005923336371779442,0.99409419298172,1,0.99409419298172,0.00024275710165966302,0.005643273703753948,1.982844332815148e-05
iteration3,WEB09988.jpg,Neither,Neither,0.007356459740549326,0.9926705360412598,1,0.9926705360412598,2.7505851903697476e-05,0.007296052295714617,5.85994257562561e-06
iteration3,WEB09989.jpg,Neither,Neither,0.03470645472407341,0.9658889174461365,1,0.9658889174461365,0.0011659095762297511,0.032493386417627335,0.00045190262608230114
iteration3,WEB09990.jpg,Neither,Neither,0.00010263393050990999,0.9998973608016968,1,0.9998973608016968,1.0685453162295744e-05,9.071709791896865e-05,1.2103892004233785e-06
iteration3,WEB09991.jpg,Neither,Neither,0.28284403681755066,0.7536373138427734,1,0.7536373138427734,0.005439661908894777,0.2171894609928131,0.02373351715505123
iteration3,WEB09992.jpg,Neither,Neither,0.06504873186349869,0.937021791934967,1,0.937021791934967,0.02049187384545803,0.04134448990225792,0.0011418689973652363
iteration3,WEB09993.jpg,Neither,Neither,0.003331945277750492,0.996673583984375,1,0.996673583984375,2.3109429093892686e-05,0.0032981757540255785,5.1764636737061664e-06
iteration3,WEB09994.jpg,Neither,Neither,0.001292346976697445,0.9987084865570068,1,0.9987084865570068,2.165232945117168e-05,0.0012520620366558433,1.7731639673002064e-05
iteration3,WEB09995.jpg,Neither,Neither,0.04109600558876991,0.9597370028495789,1,0.9597370028495789,0.00019629651797004044,0.0399676114320755,9.90527041722089e-05
iteration3,WEB09996.jpg,Neither,Neither,0.016586387529969215,0.9835504293441772,1,0.9835504293441772,6.629657582379878e-05,0.016365882009267807,1.7368511180393398e-05
iteration3,WEB09997.jpg,Neither,Neither,0.004464777186512947,0.9955451488494873,1,0.9955451488494873,2.016855614783708e-05,0.004430425353348255,4.271200396033237e-06
iteration3,WEB09998.jpg,Neither,Neither,0.03959599882364273,0.9611776471138,1,0.9611776471138,0.001612165360711515,0.030932961031794548,0.006277269218116999
iteration3,WEB09999.jpg,Neither,Neither,0.0556747131049633,0.9458467364311218,1,0.9458467364311218,0.004524795338511467,0.03903966397047043,0.010588855482637882
iteration3,WEB10000.jpg,Neither,Only_Fire,2.508955478668213,0.5382781028747559,0,0.08135317265987396,0.5382781028747559,0.05806203931570053,0.32230666279792786
iteration3,WEB10001.jpg,Neither,Neither,0.0022992859594523907,0.9977033734321594,1,0.9977033734321594,0.00021263357484713197,0.001983879366889596,0.00010011994163505733
iteration3,WEB10002.jpg,Neither,Neither,0.002574702724814415,0.9974285960197449,1,0.9974285960197449,6.952144758543e-05,0.0024842028506100178,1.76666108018253e-05
iteration3,WEB10003.jpg,Neither,Neither,0.0022986913099884987,0.9977039694786072,1,0.9977039694786072,7.239749538712204e-05,0.002206039149314165,1.7591552023077384e-05
iteration3,WEB10004.jpg,Neither,Neither,0.020793892443180084,0.9794207811355591,1,0.9794207811355591,0.0015724444529041648,0.0187667366117239,0.0002399767399765551
iteration3,WEB10005.jpg,Neither,Neither,0.004425256513059139,0.9955845475196838,1,0.9955845475196838,0.0005079373950138688,0.003875127760693431,3.245222978875972e-05
iteration3,WEB10006.jpg,Neither,Neither,0.008021876215934753,0.992010235786438,1,0.992010235786438,0.0011077184462919831,0.00680172722786665,8.026519935810938e-05
iteration3,WEB10007.jpg,Neither,Neither,0.005697676911950111,0.9943185448646545,1,0.9943185448646545,0.0004554312617983669,0.00516500836238265,6.097269942983985e-05
iteration3,WEB10008.jpg,Neither,Neither,0.001606365549378097,0.9983949065208435,1,0.9983949065208435,6.393658259185031e-05,0.0015149550745263696,2.6180880013271235e-05
iteration3,WEB10009.jpg,Neither,Neither,0.011604898609220982,0.9884621500968933,1,0.9884621500968933,0.0013002491323277354,0.010175349190831184,6.22250372543931e-05
iteration3,WEB10010.jpg,Neither,Neither,0.0002960720448754728,0.9997039437294006,1,0.9997039437294006,3.184124216204509e-05,0.0002570547512732446,7.080296200001612e-06
iteration3,WEB10011.jpg,Neither,Neither,0.00017724849749356508,0.9998227953910828,1,0.9998227953910828,1.2972290278412402e-05,0.00015917501877993345,5.1604142754513305e-06
iteration3,WEB10012.jpg,Neither,Neither,0.00018988236843142658,0.9998101592063904,1,0.9998101592063904,2.6561468985164538e-05,0.00015063502360135317,1.2605913070729002e-05
iteration3,WEB10013.jpg,Neither,Neither,0.00022182388056535274,0.9997782111167908,1,0.9997782111167908,1.3142353964212816e-05,0.00019176388741470873,1.6915979358600453e-05
iteration3,WEB10014.jpg,Neither,Neither,9.297892393078655e-05,0.9999070167541504,1,0.9999070167541504,3.751319354705629e-06,8.45666800159961e-05,4.72737337986473e-06
iteration3,WEB10015.jpg,Neither,Neither,8.141662692651153e-05,0.9999185800552368,1,0.9999185800552368,1.2630169294425286e-05,6.293111073318869e-05,5.861269983142847e-06
iteration3,WEB10016.jpg,Neither,Neither,0.0013984196120873094,0.998602569103241,1,0.998602569103241,0.0003012853558175266,0.0007613718044012785,0.00033475368400104344
iteration3,WEB10017.jpg,Neither,Neither,0.0007830176036804914,0.9992172718048096,1,0.9992172718048096,0.00029816894675605,0.00030811154283583164,0.00017644742911215872
iteration3,WEB10018.jpg,Neither,Neither,0.0004379982128739357,0.9995620846748352,1,0.9995620846748352,9.144747309619561e-05,0.0003153141005896032,3.113180719083175e-05
iteration3,WEB10019.jpg,Neither,Neither,0.00030524839530698955,0.99969482421875,1,0.99969482421875,8.886314753908664e-05,0.0001968297001440078,1.947181772266049e-05
iteration3,WEB10020.jpg,Neither,Neither,0.001177571015432477,0.9988231062889099,1,0.9988231062889099,0.0003763602289836854,0.0007225944427773356,7.784421904943883e-05
iteration3,WEB10021.jpg,Neither,Neither,0.001077190856449306,0.9989233613014221,1,0.9989233613014221,0.00026246285415254533,0.0007884443621151149,2.570570541138295e-05
iteration3,WEB10022.jpg,Neither,Neither,0.0010620674584060907,0.9989385008811951,1,0.9989385008811951,0.00027384268469177186,0.0007110959850251675,7.658913818886504e-05
iteration3,WEB10023.jpg,Neither,Neither,0.001157805323600769,0.9988428354263306,1,0.9988428354263306,0.00019873131532222033,0.0009278483921661973,3.060493691009469e-05
iteration3,WEB10024.jpg,Neither,Neither,0.0005496421363204718,0.9994505047798157,1,0.9994505047798157,0.00010997960634995252,0.00036684313090518117,7.262278813868761e-05
iteration3,WEB10025.jpg,Neither,Neither,0.004566953983157873,0.9954434633255005,1,0.9954434633255005,9.415818931302056e-05,0.00432491023093462,0.00013748742640018463
iteration3,WEB10026.jpg,Neither,Neither,0.0009090343955904245,0.999091386795044,1,0.999091386795044,5.244035128271207e-05,0.0007138780783861876,0.00014230466331355274
iteration3,WEB10027.jpg,Neither,Neither,0.0001722425949992612,0.9998277425765991,1,0.9998277425765991,1.8569568055681884e-05,0.00011402110976632684,3.953793566324748e-05
iteration3,WEB10028.jpg,Neither,Neither,0.0019459851318970323,0.9980559349060059,1,0.9980559349060059,0.00014138368715066463,0.00171180278994143,9.084741031983867e-05
iteration3,WEB10029.jpg,Neither,Neither,0.0011693552369251847,0.9988313317298889,1,0.9988313317298889,0.00015112958499230444,0.0009414240485057235,7.619788084411994e-05
iteration3,WEB10030.jpg,Only_Fire,Neither,8.227020263671875,0.9981753826141357,0,0.9981753826141357,0.00026733169215731323,0.0014686891809105873,8.852085011312738e-05
iteration3,WEB10031.jpg,Neither,Neither,0.0007001094636507332,0.9993001222610474,1,0.9993001222610474,9.598460019333288e-05,0.000557697145268321,4.614672070601955e-05
iteration3,WEB10032.jpg,Only_Fire,Neither,6.581277370452881,0.9951543807983398,0,0.9951543807983398,0.0013860778417438269,0.0028914676513522863,0.000568098621442914
iteration3,WEB10033.jpg,Neither,Neither,0.009837597608566284,0.9902106523513794,1,0.9902106523513794,0.0015713614411652088,0.007640298921614885,0.0005776587640866637
iteration3,WEB10034.jpg,Neither,Neither,0.0024051330983638763,0.9975977540016174,1,0.9975977540016174,5.679507376044057e-05,0.0023358631879091263,9.545719876768999e-06
iteration3,WEB10035.jpg,Neither,Neither,0.024925515055656433,0.9753825664520264,1,0.9753825664520264,0.0037048007361590862,0.01893320307135582,0.0019793508108705282
iteration3,WEB10036.jpg,Neither,Neither,0.08125562965869904,0.9219579696655273,1,0.9219579696655273,0.008282880298793316,0.06903308629989624,0.0007261213613674045
iteration3,WEB10037.jpg,Neither,Neither,0.0007757514831610024,0.9992245435714722,1,0.9992245435714722,1.0626382390910294e-05,0.0007637679809704423,1.065258402377367e-06
iteration3,WEB10038.jpg,Only_Fire,Only_Fire,0.13610608875751495,0.8727500438690186,1,0.12563826143741608,0.8727500438690186,0.0003466348862275481,0.001265158411115408
iteration3,WEB10039.jpg,Only_Fire,Only_Fire,0.02603241801261902,0.9743034839630127,1,0.024997498840093613,0.9743034839630127,0.00016974855680018663,0.0005292375572025776
iteration3,WEB10040.jpg,Only_Fire,Only_Fire,0.0004363300104159862,0.9995637536048889,1,0.00042032162309624255,0.9995637536048889,3.891150299750734e-06,1.1977291251241695e-05
iteration3,WEB10041.jpg,Only_Fire,Only_Fire,5.125868119648658e-05,0.9999487400054932,1,9.250275979866274e-06,0.9999487400054932,1.405918936825401e-07,4.1839699406409636e-05
iteration3,WEB10042.jpg,Neither,Neither,0.5697275400161743,0.5656795501708984,1,0.5656795501708984,0.428087443113327,0.003949653822928667,0.002283373149111867
iteration3,WEB10043.jpg,Neither,Neither,0.01993665099143982,0.9802607893943787,1,0.9802607893943787,0.00028179335640743375,0.018584715202450752,0.0008727108361199498
iteration3,WEB10044.jpg,Neither,Neither,0.08368654549121857,0.9197195172309875,1,0.9197195172309875,2.1509667931240983e-05,0.08025027066469193,8.715782314538956e-06
iteration3,WEB10045.jpg,Neither,Neither,0.07967668771743774,0.9234148263931274,1,0.9234148263931274,0.00011579476267797872,0.07634471356868744,0.0001246446481673047
iteration3,WEB10046.jpg,Neither,Neither,0.20296159386634827,0.8163095712661743,1,0.8163095712661743,0.14408990740776062,0.02161509171128273,0.01798548921942711
iteration3,WEB10047.jpg,Neither,Neither,0.004059408791363239,0.9959487915039062,1,0.9959487915039062,0.0018592767883092165,0.0021654022857546806,2.6466103008715436e-05
iteration3,WEB10048.jpg,Neither,Neither,0.00014852374442853034,0.9998514652252197,1,0.9998514652252197,1.6365003830287606e-05,0.00010744234168669209,2.4703796952962875e-05
iteration3,WEB10049.jpg,Neither,Only_Smoke,0.8712058067321777,0.523931622505188,0,0.4184466600418091,0.03889818489551544,0.523931622505188,0.01872357353568077
iteration3,WEB10050.jpg,Neither,Neither,0.11815712600946426,0.8885564208030701,1,0.8885564208030701,0.04166486859321594,0.061909593641757965,0.007869102992117405
iteration3,WEB10051.jpg,Neither,Both,3.3501720428466797,0.4851471781730652,0,0.03507831320166588,0.08203399926424026,0.39774054288864136,0.4851471781730652
iteration3,WEB10052.jpg,Neither,Neither,0.17334499955177307,0.8408474922180176,1,0.8408474922180176,0.04809461161494255,0.10176926106214523,0.009288703091442585
iteration3,WEB10053.jpg,Neither,Neither,0.05797438696026802,0.9436741471290588,1,0.9436741471290588,0.006993788294494152,0.03593902289867401,0.013393057510256767
iteration3,WEB10054.jpg,Neither,Neither,0.009375590831041336,0.9906682372093201,1,0.9906682372093201,8.15632229205221e-05,0.009201433509588242,4.879693369730376e-05
iteration3,WEB10055.jpg,Neither,Neither,0.09023082256317139,0.9137202501296997,1,0.9137202501296997,0.015927882865071297,0.059130024164915085,0.011221883818507195
iteration3,WEB10056.jpg,Neither,Only_Smoke,0.7136448621749878,0.5073806047439575,0,0.48985549807548523,0.001985564362257719,0.5073806047439575,0.0007783197215758264
iteration3,WEB10057.jpg,Neither,Neither,0.2542364299297333,0.7755084037780762,1,0.7755084037780762,0.08557281643152237,0.046902578324079514,0.09201621264219284
iteration3,WEB10058.jpg,Neither,Neither,0.0003943857445847243,0.9996057152748108,1,0.9996057152748108,1.8282244127476588e-06,0.00037204864202067256,2.0415563994902186e-05
iteration3,WEB10059.jpg,Neither,Neither,0.15870431065559387,0.8532485961914062,1,0.8532485961914062,0.010315971449017525,0.08896202594041824,0.04747343063354492
iteration3,WEB10060.jpg,Neither,Neither,0.0009528625523671508,0.999047577381134,1,0.999047577381134,6.241051778488327e-06,0.0009207107359543443,2.5473680580034852e-05
iteration3,WEB10061.jpg,Neither,Neither,0.005059771239757538,0.9949530363082886,1,0.9949530363082886,4.174413697910495e-05,0.005004269070923328,9.019175877256203e-07
iteration3,WEB10062.jpg,Neither,Neither,0.5256146192550659,0.5911918878555298,1,0.5911918878555298,0.020158084109425545,0.38202807307243347,0.00662197545170784
iteration3,WEB10063.jpg,Neither,Neither,0.002850043587386608,0.9971539974212646,1,0.9971539974212646,1.6651810028633918e-06,0.002758448477834463,8.576924301451072e-05
iteration3,WEB10064.jpg,Neither,Both,7.730928421020508,0.7581671476364136,0,0.00043903623009100556,0.22088663280010223,0.02050713077187538,0.7581671476364136
iteration3,WEB10065.jpg,Neither,Neither,0.008741327561438084,0.9912967681884766,1,0.9912967681884766,3.0044332106626825e-06,0.008698409423232079,1.8686715748117422e-06
iteration3,WEB10066.jpg,Neither,Neither,0.00012265883560758084,0.9998773336410522,1,0.9998773336410522,3.740086322068237e-05,5.8744553825818e-05,2.6460931621841155e-05
iteration3,WEB10067.jpg,Neither,Neither,0.005219523329287767,0.9947940707206726,1,0.9947940707206726,7.464951340807602e-05,0.004604111425578594,0.0005271461559459567
iteration3,WEB10068.jpg,Neither,Neither,0.0035115741193294525,0.9964945912361145,1,0.9964945912361145,0.00010462091449880973,0.0033445777371525764,5.6225850130431354e-05
iteration3,WEB10069.jpg,Neither,Neither,0.00036507140612229705,0.9996349811553955,1,0.9996349811553955,4.1974384657805786e-05,0.00021832159836776555,0.00010466187814017758
iteration3,WEB10070.jpg,Neither,Neither,0.20966023206710815,0.8108596801757812,1,0.8108596801757812,0.0009571543778292835,0.17691507935523987,0.011268122121691704
iteration3,WEB10071.jpg,Neither,Neither,0.02404632419347763,0.9762404561042786,1,0.9762404561042786,0.003634011372923851,0.016037315130233765,0.004088136367499828
iteration3,WEB10072.jpg,Neither,Neither,0.17867569625377655,0.8363770842552185,1,0.8363770842552185,0.00020749169925693423,0.16336354613304138,5.185620830161497e-05
iteration3,WEB10073.jpg,Neither,Neither,0.08775114268064499,0.9159888029098511,1,0.9159888029098511,0.000841282308101654,0.07847272604703903,0.004697207361459732
iteration3,WEB10074.jpg,Neither,Neither,0.19899959862232208,0.8195502161979675,1,0.8195502161979675,0.0019753079395741224,0.1656896322965622,0.012784801423549652
iteration3,WEB10075.jpg,Neither,Neither,0.16070041060447693,0.851547122001648,1,0.851547122001648,0.001816083793528378,0.13890646398067474,0.007730322424322367
iteration3,WEB10076.jpg,Neither,Neither,0.15010064840316772,0.8606213331222534,1,0.8606213331222534,0.0015640713972970843,0.13715648651123047,0.0006581225898116827
iteration3,WEB10077.jpg,Neither,Neither,0.05160324275493622,0.9497056007385254,1,0.9497056007385254,0.004762475844472647,0.045174941420555115,0.00035689317155629396
iteration3,WEB10078.jpg,Neither,Only_Smoke,0.8486342430114746,0.5452742576599121,0,0.4279990792274475,0.008885078132152557,0.5452742576599121,0.017841586843132973
iteration3,WEB10079.jpg,Neither,Neither,0.26090165972709656,0.7703566551208496,1,0.7703566551208496,0.19702276587486267,0.013933501206338406,0.01868707872927189
iteration3,WEB10080.jpg,Neither,Only_Fire,1.9681718349456787,0.39904293417930603,0,0.13971203565597534,0.39904293417930603,0.3131888806819916,0.14805619418621063
iteration3,WEB10081.jpg,Neither,Neither,0.0008503158460371196,0.9991500377655029,1,0.9991500377655029,0.00026207519113086164,0.00033782373066060245,0.00025005979114212096
iteration3,WEB10082.jpg,Neither,Neither,0.006949183996766806,0.993074893951416,1,0.993074893951416,0.006519022863358259,0.0003063723270315677,9.975027205655351e-05
iteration3,WEB10083.jpg,Neither,Only_Smoke,3.0411555767059326,0.517991304397583,0,0.04777964577078819,0.13240481913089752,0.517991304397583,0.3018242418766022
iteration3,WEB10084.jpg,Neither,Neither,0.10610518604516983,0.8993300199508667,1,0.8993300199508667,0.008278863504529,0.08472080528736115,0.007670312188565731
iteration3,WEB10085.jpg,Neither,Neither,0.043760597705841064,0.9571830630302429,1,0.9571830630302429,0.0061699566431343555,0.03657282516360283,7.408382225548849e-05
iteration3,WEB10086.jpg,Neither,Only_Fire,2.7557172775268555,0.9032870531082153,0,0.06356340646743774,0.9032870531082153,0.004523001611232758,0.028626596555113792
iteration3,WEB10087.jpg,Neither,Neither,0.04780621454119682,0.9533185362815857,1,0.9533185362815857,0.00013586354907602072,0.04609847813844681,0.00044717558193951845
iteration3,WEB10088.jpg,Neither,Neither,0.3873627483844757,0.6788448095321655,1,0.6788448095321655,0.007187483832240105,0.3101904094219208,0.003777298843488097
iteration3,WEB10089.jpg,Neither,Both,3.2364203929901123,0.7459699511528015,0,0.03930434212088585,0.21041056513786316,0.00431521050632,0.7459699511528015
iteration3,WEB10090.jpg,Neither,Neither,0.03239551559090614,0.9681236147880554,1,0.9681236147880554,6.11442665103823e-05,0.02907567471265793,0.0027396557852625847
iteration3,WEB10091.jpg,Neither,Neither,0.012936594896018505,0.9871467351913452,1,0.9871467351913452,0.00020089661120437086,0.010492630302906036,0.002159697934985161
iteration3,WEB10092.jpg,Neither,Neither,0.00010823617776622996,0.9998917579650879,1,0.9998917579650879,6.125742220319808e-05,4.3666830606525764e-05,3.3502253700135043e-06
iteration3,WEB10093.jpg,Neither,Neither,0.0022656265646219254,0.997736930847168,1,0.997736930847168,0.0016851749969646335,0.0005051476764492691,7.272735092556104e-05
iteration3,WEB10094.jpg,Neither,Neither,0.12917868793010712,0.8788169026374817,1,0.8788169026374817,0.00033896189415827394,0.03966866061091423,0.08117546886205673
iteration3,WEB10095.jpg,Neither,Only_Smoke,3.141887903213501,0.935651957988739,0,0.043201155960559845,0.0014926947187632322,0.935651957988739,0.019654162228107452
iteration3,WEB10096.jpg,Neither,Neither,0.011162216775119305,0.988899827003479,1,0.988899827003479,0.001381543930619955,0.008623185567557812,0.001095435582101345
iteration3,WEB10097.jpg,Neither,Neither,0.3630249798297882,0.6955690383911133,1,0.6955690383911133,0.009102161973714828,0.29355892539024353,0.0017698153387755156
iteration3,WEB10098.jpg,Neither,Neither,0.49327874183654785,0.6106210350990295,1,0.6106210350990295,0.012459252960979939,0.34314122796058655,0.03377850353717804
iteration3,WEB10099.jpg,Neither,Both,2.115267276763916,0.8309175372123718,0,0.12060106545686722,0.007935713045299053,0.04054561257362366,0.8309175372123718
iteration3,WEB10100.jpg,Neither,Only_Fire,3.5498969554901123,0.6978120803833008,0,0.02872760035097599,0.6978120803833008,0.025850165635347366,0.24761009216308594
iteration3,WEB10101.jpg,Neither,Only_Smoke,1.518951416015625,0.7681936025619507,0,0.218941330909729,0.0026077921502292156,0.7681936025619507,0.010257351212203503
iteration3,WEB10102.jpg,Neither,Neither,0.19653770327568054,0.8215703368186951,1,0.8215703368186951,0.00021310157899279147,0.1763763427734375,0.0018401372944936156
iteration3,WEB10103.jpg,Neither,Neither,0.1196923777461052,0.8871933221817017,1,0.8871933221817017,0.012086332775652409,0.07499659806489944,0.025723811239004135
iteration3,WEB10104.jpg,Neither,Neither,0.002167734783142805,0.9978346228599548,1,0.9978346228599548,4.703923423221568e-06,0.0021523023024201393,8.407213499594945e-06
iteration3,WEB10105.jpg,Neither,Neither,1.2278481335670222e-05,0.9999877214431763,1,0.9999877214431763,7.231406016217079e-06,3.531657512212405e-06,1.4635194247603067e-06
iteration3,WEB10106.jpg,Neither,Neither,0.18673916161060333,0.8296601176261902,1,0.8296601176261902,0.024695497006177902,0.09530624747276306,0.050338082015514374
iteration3,WEB10107.jpg,Neither,Neither,0.05566062033176422,0.9458600878715515,1,0.9458600878715515,0.023258894681930542,0.004821282811462879,0.02605976164340973
iteration3,WEB10108.jpg,Neither,Neither,0.16115984320640564,0.8511559963226318,1,0.8511559963226318,0.0003970990073867142,0.14785845577716827,0.0005884446436539292
iteration3,WEB10109.jpg,Neither,Neither,0.5427376627922058,0.5811550617218018,1,0.5811550617218018,0.058659885078668594,0.07806369662284851,0.28212136030197144
iteration3,WEB10110.jpg,Neither,Neither,0.07907238602638245,0.923973023891449,1,0.923973023891449,0.006563769653439522,0.06798508763313293,0.0014781409408897161
iteration3,WEB10111.jpg,Neither,Only_Smoke,1.1917128562927246,0.6484058499336243,0,0.30370062589645386,0.004364709835499525,0.6484058499336243,0.043528854846954346
iteration3,WEB10112.jpg,Neither,Only_Smoke,6.594175338745117,0.9801930785179138,0,0.0013683148426935077,0.018270855769515038,0.9801930785179138,0.00016781067824922502
iteration3,WEB10113.jpg,Neither,Neither,0.00034648136352188885,0.9996535778045654,1,0.9996535778045654,1.210720347444294e-05,0.000323071435559541,1.1292711860733107e-05
iteration3,WEB10114.jpg,Neither,Neither,0.007534302305430174,0.9924939870834351,1,0.9924939870834351,0.00336409080773592,0.002162324031814933,0.0019795529078692198
iteration3,WEB10115.jpg,Neither,Only_Smoke,0.8242621421813965,0.5581501722335815,0,0.4385584592819214,0.00038539909292012453,0.5581501722335815,0.0029059830121695995
iteration3,WEB10116.jpg,Neither,Neither,0.01451081596314907,0.9855939745903015,1,0.9855939745903015,0.0001585895661264658,0.014095796272158623,0.00015165950753726065
iteration3,WEB10117.jpg,Neither,Only_Smoke,6.873594284057617,0.7528661489486694,0,0.0010347511852160096,0.00047045410610735416,0.7528661489486694,0.24562864005565643
iteration3,WEB10118.jpg,Neither,Neither,0.1304931342601776,0.8776625394821167,1,0.8776625394821167,0.05061357095837593,0.025171617045998573,0.04655226320028305
iteration3,WEB10119.jpg,Neither,Only_Smoke,1.3229944705963135,0.7322719693183899,0,0.266336590051651,0.0006602330831810832,0.7322719693183899,0.0007312630768865347
iteration3,WEB10120.jpg,Neither,Neither,0.10516925156116486,0.9001721739768982,1,0.9001721739768982,0.017590830102562904,0.029356012120842934,0.05288093164563179
iteration3,WEB10121.jpg,Neither,Neither,0.33605873584747314,0.7145811319351196,1,0.7145811319351196,0.005288371816277504,0.26888081431388855,0.011249677278101444
iteration3,WEB10122.jpg,Neither,Neither,0.0004412154376041144,0.9995588660240173,1,0.9995588660240173,7.153882961574709e-06,0.0004321204323787242,1.9529281871655257e-06
iteration3,WEB10123.jpg,Neither,Neither,8.583032467868179e-06,0.9999914169311523,1,0.9999914169311523,4.149715380208363e-07,7.879617442085873e-06,2.8565816023728985e-07
iteration3,WEB10124.jpg,Neither,Neither,0.01593380607664585,0.9841924905776978,1,0.9841924905776978,0.013880375772714615,0.0007925531244836748,0.0011346143437549472
iteration3,WEB10125.jpg,Neither,Neither,0.0007258402765728533,0.9992744326591492,1,0.9992744326591492,7.595866918563843e-05,0.0006082981708459556,4.142143370700069e-05
iteration3,WEB10126.jpg,Neither,Neither,0.012973426841199398,0.9871103763580322,1,0.9871103763580322,0.00011441913375165313,0.012150554917752743,0.0006246432312764227
iteration3,WEB10127.jpg,Neither,Neither,0.03182569146156311,0.968675434589386,1,0.968675434589386,0.010101022198796272,0.007116525899618864,0.014107072725892067
iteration3,WEB10128.jpg,Neither,Only_Fire,1.2530840635299683,0.4423597753047943,0,0.28562259674072266,0.4423597753047943,0.1147984191775322,0.15721921622753143
iteration3,WEB10129.jpg,Neither,Neither,0.0013055619783699512,0.9986953139305115,1,0.9986953139305115,0.0006224291282705963,6.318388477666304e-05,0.0006190559943206608
iteration3,WEB10130.jpg,Neither,Only_Smoke,1.3182929754257202,0.35416117310523987,0,0.2675917148590088,0.12475915998220444,0.35416117310523987,0.2534879744052887
iteration3,WEB10131.jpg,Neither,Neither,0.026141008362174034,0.9741976857185364,1,0.9741976857185364,0.00010520294745219871,0.025610508397221565,8.650623203720897e-05
iteration3,WEB10132.jpg,Neither,Neither,0.7189829349517822,0.4872475564479828,1,0.4872475564479828,0.026913562789559364,0.4837248921394348,0.0021139944437891245
iteration3,WEB10133.jpg,Neither,Neither,0.0476483516395092,0.9534690380096436,1,0.9534690380096436,0.0030510379001498222,0.03753923624753952,0.005940679926425219
iteration3,WEB10134.jpg,Neither,Neither,0.6353116035461426,0.5297703742980957,1,0.5297703742980957,0.005336906760931015,0.4301026165485382,0.03479008004069328
iteration3,WEB10135.jpg,Neither,Neither,0.21392600238323212,0.8074081540107727,1,0.8074081540107727,0.0007392560364678502,0.1598174273967743,0.032035212963819504
iteration3,WEB10136.jpg,Neither,Neither,0.430769681930542,0.6500086188316345,1,0.6500086188316345,4.547486241790466e-05,0.3498905599117279,5.5448850616812706e-05
iteration3,WEB10137.jpg,Neither,Neither,0.06124600023031235,0.9405918121337891,1,0.9405918121337891,0.0012200454948469996,0.05757991969585419,0.0006082114414311945
iteration3,WEB10138.jpg,Neither,Both,7.16798734664917,0.8051843643188477,0,0.0007708725752308965,0.04437393695116043,0.1496708244085312,0.8051843643188477
iteration3,WEB10139.jpg,Neither,Neither,0.008523277007043362,0.9915129542350769,1,0.9915129542350769,6.072026280889986e-06,0.008455033414065838,2.6016261472250335e-05
iteration3,WEB10140.jpg,Neither,Only_Smoke,2.451399087905884,0.8969137072563171,0,0.08617294579744339,0.0012891001533716917,0.8969137072563171,0.01562422513961792
iteration3,WEB10141.jpg,Neither,Neither,0.04493815451860428,0.9560565948486328,1,0.9560565948486328,0.03686857968568802,0.002744633937254548,0.004330132156610489
iteration3,WEB10142.jpg,Neither,Neither,0.29674434661865234,0.7432339787483215,1,0.7432339787483215,0.19338996708393097,0.03304585441946983,0.03033018857240677
iteration3,WEB10143.jpg,Neither,Neither,0.16839279234409332,0.8450218439102173,1,0.8450218439102173,0.000884012901224196,0.1518896520137787,0.002204467775300145
iteration3,WEB10144.jpg,Neither,Neither,0.11823688447475433,0.8884855508804321,1,0.8884855508804321,0.003917460795491934,0.10588020086288452,0.0017167811747640371
iteration3,WEB10145.jpg,Neither,Only_Smoke,1.5337517261505127,0.45031410455703735,0,0.21572481095790863,0.28705188632011414,0.45031410455703735,0.04690919443964958
iteration3,WEB10146.jpg,Neither,Neither,0.04126909002661705,0.9595708847045898,1,0.9595708847045898,0.0023065591230988503,0.036068063229322433,0.002054524142295122
iteration3,WEB10147.jpg,Neither,Neither,0.05586141720414162,0.9456701874732971,1,0.9456701874732971,0.0024471781216561794,0.051799315959215164,8.332514698849991e-05
iteration3,WEB10148.jpg,Neither,Neither,0.3957764506340027,0.6731571555137634,1,0.6731571555137634,0.0014372500590980053,0.32456427812576294,0.0008413023897446692
iteration3,WEB10149.jpg,Neither,Neither,0.11001141369342804,0.8958238959312439,1,0.8958238959312439,0.049303170293569565,0.017476914450526237,0.037396036088466644
iteration3,WEB10150.jpg,Neither,Neither,0.1015590950846672,0.90342777967453,1,0.90342777967453,0.000261590292211622,0.09535744041204453,0.0009531466057524085
iteration3,WEB10151.jpg,Neither,Neither,0.0035045654512941837,0.9965015649795532,1,0.9965015649795532,6.000094799674116e-05,0.0034247601870447397,1.3680853953701444e-05
iteration3,WEB10152.jpg,Neither,Neither,0.43434643745422363,0.6476878523826599,1,0.6476878523826599,0.3484608232975006,0.0005765389068983495,0.00327483844012022
iteration3,WEB10153.jpg,Neither,Neither,0.00013743886665906757,0.999862551689148,1,0.999862551689148,1.3422892664038955e-07,0.00013653952919412404,7.223260922728514e-07
iteration3,WEB10154.jpg,Neither,Neither,0.051243726164102554,0.9500470757484436,1,0.9500470757484436,0.002101988298818469,0.04753470793366432,0.0003162739740218967
iteration3,WEB10155.jpg,Neither,Only_Smoke,1.5408955812454224,0.5436642169952393,0,0.21418920159339905,0.03190559893846512,0.5436642169952393,0.21024098992347717
iteration3,WEB10156.jpg,Neither,Neither,9.059495641849935e-05,0.9999094009399414,1,0.9999094009399414,7.269986963365227e-05,1.189071099361172e-05,5.964399406366283e-06
iteration3,WEB10157.jpg,Neither,Neither,0.04928726702928543,0.9519076347351074,1,0.9519076347351074,0.010425020009279251,0.0363490991294384,0.0013183488044887781
iteration3,WEB10158.jpg,Neither,Neither,0.018946506083011627,0.9812318682670593,1,0.9812318682670593,1.818089913285803e-05,0.018681975081562996,6.802273128414527e-05
iteration3,WEB10159.jpg,Neither,Neither,0.0024513930547982454,0.9975516200065613,1,0.9975516200065613,3.259581944803358e-06,0.0024431413039565086,2.023158231168054e-06
iteration3,WEB10160.jpg,Neither,Neither,0.0238710455596447,0.9764116406440735,1,0.9764116406440735,3.205126995453611e-05,0.023534301668405533,2.2084721422288567e-05
iteration3,WEB10161.jpg,Neither,Neither,0.4295008182525635,0.6508339047431946,1,0.6508339047431946,6.0780552303185686e-05,0.3490869402885437,1.832105772336945e-05
iteration3,WEB10162.jpg,Neither,Neither,0.30385082960128784,0.7379709482192993,1,0.7379709482192993,0.006555778905749321,0.24847806990146637,0.006995212286710739
iteration3,WEB10163.jpg,Neither,Neither,0.3480013310909271,0.7060979604721069,1,0.7060979604721069,0.08629180490970612,0.030493946745991707,0.1771163046360016
iteration3,WEB10164.jpg,Neither,Neither,0.026882128790020943,0.973475992679596,1,0.973475992679596,0.001990651013329625,0.02407742850482464,0.00045591883827000856
iteration3,WEB10165.jpg,Neither,Both,0.9332062602043152,0.4532019793987274,0,0.3932906985282898,0.04641697183251381,0.10709036886692047,0.4532019793987274
iteration3,WEB10166.jpg,Neither,Neither,0.011486821807920933,0.9885789155960083,1,0.9885789155960083,0.0006037217099219561,0.010376146994531155,0.0004412771377246827
iteration3,WEB10167.jpg,Neither,Neither,0.003628814360126853,0.9963777661323547,1,0.9963777661323547,0.0013724053278565407,0.0016201913822442293,0.0006295955390669405
iteration3,WEB10168.jpg,Neither,Neither,0.06276047974824905,0.939168393611908,1,0.939168393611908,0.00019607333524618298,0.060628075152635574,7.431504855048843e-06
iteration3,WEB10169.jpg,Neither,Neither,0.06487155705690384,0.9371878504753113,1,0.9371878504753113,0.0022734159138053656,0.055661845952272415,0.0048768664710223675
iteration3,WEB10170.jpg,Neither,Neither,0.004633523523807526,0.9953771829605103,1,0.9953771829605103,0.001960920635610819,0.0017607324989512563,0.0009011623333208263
iteration3,WEB10171.jpg,Neither,Neither,0.006529307458549738,0.9934919476509094,1,0.9934919476509094,3.084608033532277e-05,0.00641948077827692,5.778072591056116e-05
iteration3,WEB10172.jpg,Neither,Neither,0.3617672324180603,0.6964444518089294,1,0.6964444518089294,0.027027523145079613,0.055432915687561035,0.22109510004520416
iteration3,WEB10173.jpg,Neither,Only_Smoke,1.177622675895691,0.6868728995323181,0,0.3080101013183594,0.0026290505193173885,0.6868728995323181,0.0024880184791982174
iteration3,WEB10174.jpg,Neither,Neither,0.022595565766096115,0.9776577949523926,1,0.9776577949523926,0.00993228331208229,0.01090154331177473,0.0015083750477060676
iteration3,WEB10175.jpg,Neither,Neither,8.344646857949556e-07,0.9999991655349731,1,0.9999991655349731,3.667673098561863e-08,1.386924566304515e-07,6.283626703407208e-07
iteration3,WEB10176.jpg,Neither,Neither,0.016027309000492096,0.9841004610061646,1,0.9841004610061646,0.007775362115353346,0.007221118081361055,0.0009030629880726337
iteration3,WEB10177.jpg,Neither,Only_Smoke,1.4025373458862305,0.7500367760658264,0,0.24597203731536865,0.001063480623997748,0.7500367760658264,0.0029276330024003983
iteration3,WEB10178.jpg,Neither,Neither,0.0002109781780745834,0.9997890591621399,1,0.9997890591621399,5.985717734802165e-07,0.0002089232875732705,1.3756593943980988e-06
iteration3,WEB10179.jpg,Neither,Neither,0.0034604924730956554,0.9965454936027527,1,0.9965454936027527,5.692425474990159e-05,0.0033913059160113335,6.2184312810131814e-06
iteration3,WEB10180.jpg,Neither,Neither,0.029481343924999237,0.9709489941596985,1,0.9709489941596985,0.0009158077882602811,0.023358844220638275,0.004776384681463242
iteration3,WEB10181.jpg,Neither,Neither,0.05665428936481476,0.9449206590652466,1,0.9449206590652466,0.00012822872668039054,0.0549309179186821,2.014970414165873e-05
iteration3,WEB10182.jpg,Neither,Only_Smoke,2.4631435871124268,0.9077177047729492,0,0.085166797041893,0.005715860985219479,0.9077177047729492,0.0013995644403621554
iteration3,WEB10183.jpg,Neither,Neither,0.00022075122979003936,0.9997792840003967,1,0.9997792840003967,4.6052358811721206e-05,0.0001630922342883423,1.1664977137115784e-05
iteration3,WEB10184.jpg,Neither,Only_Smoke,1.3127155303955078,0.7299374938011169,0,0.26908835768699646,0.00018795115465763956,0.7299374938011169,0.0007862151833251119
iteration3,WEB10185.jpg,Neither,Only_Smoke,1.4120153188705444,0.6902970671653748,0,0.24365174770355225,0.019854875281453133,0.6902970671653748,0.046196263283491135
iteration3,WEB10186.jpg,Neither,Neither,0.6299972534179688,0.5325932502746582,1,0.5325932502746582,0.001578500960022211,0.4560084342956543,0.009819835424423218
iteration3,WEB10187.jpg,Neither,Neither,0.31445932388305664,0.7301835417747498,1,0.7301835417747498,0.002747484715655446,0.2653875946998596,0.0016813642578199506
iteration3,WEB10188.jpg,Neither,Only_Smoke,0.9091798663139343,0.5475518703460693,0,0.4028545022010803,0.016420001164078712,0.5475518703460693,0.03317366912961006
iteration3,WEB10189.jpg,Neither,Neither,0.004003843292593956,0.9960041642189026,1,0.9960041642189026,0.0031951377168297768,0.0007584909908473492,4.22470475314185e-05
iteration3,WEB10190.jpg,Neither,Neither,0.044167183339595795,0.9567939639091492,1,0.9567939639091492,0.0013863372150808573,0.041537657380104065,0.00028203034889884293
iteration3,WEB10191.jpg,Neither,Neither,0.012109100818634033,0.9879639148712158,1,0.9879639148712158,8.009978046175092e-06,0.012026013806462288,2.009061290664249e-06
iteration3,WEB10192.jpg,Neither,Neither,0.0015160269103944302,0.9984851479530334,1,0.9984851479530334,5.264554602035787e-06,0.0015041367150843143,5.409925961430417e-06
iteration3,WEB10193.jpg,Neither,Neither,0.001980606932193041,0.9980213642120361,1,0.9980213642120361,2.948047040263191e-05,0.001941236900165677,7.918376468296628e-06
iteration3,WEB10194.jpg,Neither,Neither,0.17863690853118896,0.8364095091819763,1,0.8364095091819763,0.003922416362911463,0.13188423216342926,0.027783768251538277
iteration3,WEB10195.jpg,Neither,Neither,0.017115389928221703,0.9830302596092224,1,0.9830302596092224,0.0006335239158943295,0.01615264266729355,0.00018366612493991852
iteration3,WEB10196.jpg,Neither,Neither,0.00042489083716645837,0.9995751976966858,1,0.9995751976966858,0.00010697256948333234,0.00024409765319433063,7.366083445958793e-05
iteration3,WEB10197.jpg,Neither,Neither,0.19665531814098358,0.8214737176895142,1,0.8214737176895142,0.0010639269603416324,0.17718134820461273,0.00028101028874516487
iteration3,WEB10198.jpg,Neither,Only_Smoke,1.9798643589019775,0.8198229670524597,0,0.13808795809745789,0.006415204145014286,0.8198229670524597,0.035673901438713074
iteration3,WEB10199.jpg,Neither,Only_Smoke,2.030400514602661,0.825308084487915,0,0.13128294050693512,0.00334036722779274,0.825308084487915,0.0400686077773571
iteration3,WEB10200.jpg,Neither,Neither,0.13715656101703644,0.8718337416648865,1,0.8718337416648865,0.10364416986703873,0.01985395886003971,0.004668093752115965
iteration3,WEB10201.jpg,Neither,Both,1.3858551979064941,0.4053128659725189,0,0.25010982155799866,0.30937859416007996,0.035198770463466644,0.4053128659725189
iteration3,WEB10202.jpg,Neither,Neither,0.005085390526801348,0.9949275255203247,1,0.9949275255203247,0.0020102388225495815,0.0027691368013620377,0.00029304128838703036
iteration3,WEB10203.jpg,Neither,Only_Smoke,2.2458701133728027,0.8925812244415283,0,0.10583540797233582,0.0004837961168959737,0.8925812244415283,0.0010995800839737058
iteration3,WEB10204.jpg,Neither,Neither,0.00600948603823781,0.9940085411071777,1,0.9940085411071777,5.73613760934677e-05,0.005730901844799519,0.0002032059128396213
iteration3,WEB10205.jpg,Neither,Neither,0.009572203271090984,0.9904734492301941,1,0.9904734492301941,0.00044065035763196647,0.008412743918597698,0.0006731541943736374
iteration3,WEB10206.jpg,Neither,Neither,0.30674517154693604,0.7358381152153015,1,0.7358381152153015,0.0008461435209028423,0.2550881803035736,0.008227606303989887
iteration3,WEB10207.jpg,Neither,Neither,0.27194714546203613,0.7618945240974426,1,0.7618945240974426,0.001901873853057623,0.22573839128017426,0.010465205647051334
iteration3,WEB10208.jpg,Neither,Neither,0.7254345417022705,0.4841141402721405,1,0.4841141402721405,0.026954391971230507,0.02285643108189106,0.4660751223564148
iteration3,WEB10209.jpg,Neither,Only_Smoke,0.7468515038490295,0.5205578207969666,0,0.4738561511039734,0.0021711888257414103,0.5205578207969666,0.0034148618578910828
iteration3,WEB10210.jpg,Neither,Both,1.1488510370254517,0.37198445200920105,0,0.31700074672698975,0.15357054769992828,0.15744423866271973,0.37198445200920105
iteration3,WEB10211.jpg,Neither,Only_Smoke,0.901817262172699,0.5080711245536804,0,0.405831515789032,0.024777086451649666,0.5080711245536804,0.061320289969444275
iteration3,WEB10212.jpg,Neither,Only_Smoke,1.3413188457489014,0.7008364200592041,0,0.2615005671977997,0.007071338128298521,0.7008364200592041,0.030591705814003944
iteration3,WEB10213.jpg,Neither,Neither,0.005689379759132862,0.9943267703056335,1,0.9943267703056335,0.00047456310130655766,0.005157819949090481,4.0790859202388674e-05
iteration3,WEB10214.jpg,Neither,Neither,0.0056380536407232285,0.9943777918815613,1,0.9943777918815613,6.384077278198674e-05,0.005381410010159016,0.00017687032232061028
iteration3,WEB10215.jpg,Neither,Neither,0.03100317157804966,0.9694724678993225,1,0.9694724678993225,0.0008289977558888495,0.029614578932523727,8.384069224121049e-05
iteration3,WEB10216.jpg,Neither,Neither,0.008364643901586533,0.9916702508926392,1,0.9916702508926392,0.007147482130676508,0.00045294215669855475,0.0007293811067938805
iteration3,WEB10217.jpg,Neither,Neither,0.021479014307260513,0.9787499904632568,1,0.9787499904632568,7.010165973042604e-06,0.02124221995472908,8.516974503436359e-07
iteration3,WEB10218.jpg,Neither,Neither,0.11391934752464294,0.8923299312591553,1,0.8923299312591553,0.07708247005939484,0.008706456050276756,0.021881064400076866
iteration3,WEB10219.jpg,Neither,Neither,0.0227399542927742,0.9775166511535645,1,0.9775166511535645,0.013114123605191708,0.007252926472574472,0.002116357907652855
iteration3,WEB10220.jpg,Neither,Neither,0.004928345326334238,0.995083749294281,1,0.995083749294281,0.0003538810706231743,0.004347973968833685,0.0002142870071111247
iteration3,WEB10221.jpg,Neither,Neither,0.015902947634458542,0.9842228293418884,1,0.9842228293418884,0.010249597951769829,0.004503665957599878,0.0010238768300041556
iteration3,WEB10222.jpg,Neither,Neither,0.06947927176952362,0.9328794479370117,1,0.9328794479370117,0.0014680060558021069,0.06542032957077026,0.00023227483325172216
iteration3,WEB10223.jpg,Neither,Neither,0.10961567610502243,0.8961784839630127,1,0.8961784839630127,0.014931771904230118,0.06981393694877625,0.01907581463456154
iteration3,WEB10224.jpg,Neither,Neither,0.13644656538963318,0.8724529147148132,1,0.8724529147148132,7.500442734453827e-05,0.1274544596672058,1.752203024807386e-05
iteration3,WEB10225.jpg,Neither,Neither,0.369857519865036,0.6908327341079712,1,0.6908327341079712,0.0019697651732712984,0.3035142421722412,0.0036832184996455908
iteration3,WEB10226.jpg,Neither,Neither,0.024776555597782135,0.9755278825759888,1,0.9755278825759888,0.0010558301582932472,0.015234666876494884,0.008181546814739704
iteration3,WEB10227.jpg,Neither,Only_Smoke,2.588559627532959,0.8536567091941833,0,0.07512816041707993,0.011571109294891357,0.8536567091941833,0.05964399129152298
iteration3,WEB10228.jpg,Neither,Neither,0.08814307302236557,0.9156298637390137,1,0.9156298637390137,0.003715984756127,0.06466028839349747,0.015993840992450714
iteration3,WEB10229.jpg,Neither,Neither,0.03743288666009903,0.9632590413093567,1,0.9632590413093567,0.0006121150217950344,0.03587308153510094,0.0002557961270213127
iteration3,WEB10230.jpg,Neither,Neither,0.009877377189695835,0.9901712536811829,1,0.9901712536811829,0.007536726538091898,0.00169051019474864,0.0006014532409608364
iteration3,WEB10231.jpg,Neither,Neither,0.015351939015090466,0.9847652912139893,1,0.9847652912139893,0.0001041367941070348,0.014993824996054173,0.00013675005175173283
iteration3,WEB10232.jpg,Neither,Neither,0.6107434630393982,0.5429470539093018,1,0.5429470539093018,0.14468158781528473,0.19533279538154602,0.11703856289386749
iteration3,WEB10233.jpg,Neither,Neither,0.01045759953558445,0.9895969033241272,1,0.9895969033241272,0.002893501427024603,0.007361875846982002,0.00014773437578696758
iteration3,WEB10234.jpg,Neither,Neither,0.6703076958656311,0.5115511417388916,1,0.5115511417388916,0.013338055461645126,0.4731908142566681,0.001919991453178227
iteration3,WEB10235.jpg,Neither,Neither,0.00127948890440166,0.9987213015556335,1,0.9987213015556335,0.00028965261299163103,0.0008319463231600821,0.00015704749966971576
iteration3,WEB10236.jpg,Neither,Neither,0.020728155970573425,0.9794852137565613,1,0.9794852137565613,0.0016158391954377294,0.002954744268208742,0.015944255515933037
iteration3,WEB10237.jpg,Neither,Neither,0.20649214088916779,0.8134326338768005,1,0.8134326338768005,0.0015032646479085088,0.1791687160730362,0.005895350128412247
iteration3,WEB10238.jpg,Neither,Neither,3.45700973412022e-05,0.9999654293060303,1,0.9999654293060303,2.634660404510214e-06,3.149166514049284e-05,4.751209417008795e-07
iteration3,WEB10239.jpg,Neither,Neither,7.545663538621739e-05,0.9999245405197144,1,0.9999245405197144,1.086746337364275e-07,7.523427484557033e-05,7.168556237502344e-08
iteration3,WEB10240.jpg,Neither,Neither,0.0008434075862169266,0.9991569519042969,1,0.9991569519042969,6.004149213367782e-07,0.0008417055360041559,7.003372957115062e-07
iteration3,WEB10241.jpg,Neither,Neither,0.00013219437096267939,0.9998677968978882,1,0.9998677968978882,4.7480622100692926e-08,0.0001320228329859674,4.3600596910664535e-08
iteration3,WEB10242.jpg,Neither,Neither,0.023553580045700073,0.9767216444015503,1,0.9767216444015503,0.001407784759066999,0.017752408981323242,0.0041181789711117744
iteration3,WEB10243.jpg,Neither,Neither,0.003441603621467948,0.9965643286705017,1,0.9965643286705017,0.0001478774065617472,0.0031710881739854813,0.00011664968769764528
iteration3,WEB10244.jpg,Neither,Neither,0.014697258360683918,0.985410213470459,1,0.985410213470459,0.00019550179422367364,0.013568425551056862,0.0008259208407253027
iteration3,WEB10245.jpg,Neither,Neither,0.004603502340614796,0.9954071044921875,1,0.9954071044921875,8.615412298240699e-06,0.004579027649015188,5.27116844750708e-06
iteration3,WEB10246.jpg,Neither,Neither,0.018272873014211655,0.9818930625915527,1,0.9818930625915527,0.00036277901381254196,0.016629856079816818,0.0011142621515318751
iteration3,WEB10247.jpg,Neither,Only_Fire,1.7748581171035767,0.8101492524147034,0,0.1695074886083603,0.8101492524147034,0.01249684952199459,0.007846411317586899
iteration3,WEB10248.jpg,Neither,Neither,0.0011944787111133337,0.9988062381744385,1,0.9988062381744385,0.0001272070367122069,0.0009263670654036105,0.00014020185335539281
iteration3,WEB10249.jpg,Neither,Neither,0.013331676833331585,0.9867568016052246,1,0.9867568016052246,0.004862286616116762,0.006394845433533192,0.0019860691390931606
iteration3,WEB10250.jpg,Neither,Neither,0.007850980386137962,0.9921797513961792,1,0.9921797513961792,0.006235598586499691,0.0014621753944084048,0.00012244599929545075
iteration3,WEB10251.jpg,Neither,Neither,0.0005256939912214875,0.9994744658470154,1,0.9994744658470154,0.00044460687786340714,1.0950577234325465e-05,7.001651829341426e-05
iteration3,WEB10252.jpg,Neither,Neither,0.21527086198329926,0.8063229918479919,1,0.8063229918479919,0.1309218406677246,0.04860694706439972,0.014148210175335407
iteration3,WEB10253.jpg,Neither,Neither,0.04160499945282936,0.9592486023902893,1,0.9592486023902893,0.003907902166247368,0.025319235399365425,0.011524306610226631
iteration3,WEB10254.jpg,Neither,Neither,0.001446868758648634,0.9985541701316833,1,0.9985541701316833,0.0003986507945228368,0.0008002256508916616,0.00024702525115571916
iteration3,WEB10255.jpg,Neither,Neither,0.018238341435790062,0.9819269776344299,1,0.9819269776344299,0.00027643650537356734,0.01756845973432064,0.0002281640045111999
iteration3,WEB10256.jpg,Neither,Neither,0.050636157393455505,0.9506244659423828,1,0.9506244659423828,0.001339865499176085,0.03606058284640312,0.011975044384598732
iteration3,WEB10257.jpg,Neither,Neither,0.025336112827062607,0.9749821424484253,1,0.9749821424484253,5.4915228247409686e-05,0.024835582822561264,0.00012738205259665847
iteration3,WEB10258.jpg,Neither,Neither,0.24564850330352783,0.782197117805481,1,0.782197117805481,0.0025802128948271275,0.2059113085269928,0.009311383590102196
iteration3,WEB10259.jpg,Neither,Neither,0.5750457048416138,0.56267911195755,1,0.56267911195755,0.00599267054349184,0.42513754963874817,0.0061906687915325165
iteration3,WEB10260.jpg,Neither,Neither,0.15790928900241852,0.8539272546768188,1,0.8539272546768188,0.0015346674481406808,0.09376948326826096,0.05076863616704941
iteration3,WEB10261.jpg,Neither,Neither,0.4925473630428314,0.6110677719116211,1,0.6110677719116211,0.00127355323638767,0.3727443516254425,0.014914337545633316
iteration3,WEB10262.jpg,Neither,Only_Fire,5.396603584289551,0.995271623134613,0,0.004531947895884514,0.995271623134613,4.6280361857498065e-05,0.00015016690304037184
iteration3,WEB10263.jpg,Neither,Only_Fire,5.109096050262451,0.9812532067298889,0,0.006041541695594788,0.9812532067298889,0.0005007808795198798,0.012204587459564209
iteration3,WEB10264.jpg,Neither,Neither,0.21308894455432892,0.80808424949646,1,0.80808424949646,0.03133668377995491,0.11600863933563232,0.04457046464085579
iteration3,WEB10265.jpg,Neither,Neither,0.04826591536402702,0.9528803825378418,1,0.9528803825378418,0.00043915861169807613,0.04653960093855858,0.00014082052803132683
iteration3,WEB10266.jpg,Neither,Only_Fire,3.137681722640991,0.8308597207069397,0,0.04338325932621956,0.8308597207069397,0.007707942742854357,0.11804912239313126
iteration3,WEB10267.jpg,Neither,Neither,0.44848042726516724,0.6385977864265442,1,0.6385977864265442,0.2033202201128006,0.09433029592037201,0.06375167518854141
iteration3,WEB10268.jpg,Neither,Only_Fire,3.5474746227264404,0.9456654787063599,0,0.028797274455428123,0.9456654787063599,0.009009036235511303,0.016528252512216568
iteration3,WEB10269.jpg,Neither,Neither,0.4666762948036194,0.6270830631256104,1,0.6270830631256104,0.2892121374607086,0.004146463703364134,0.07955832034349442
iteration3,WEB10270.jpg,Neither,Only_Fire,3.6815993785858154,0.9271783232688904,0,0.02518266998231411,0.9271783232688904,0.004999453201889992,0.042639534920454025
iteration3,WEB10271.jpg,Neither,Only_Smoke,0.7724545001983643,0.534252941608429,0,0.4618780314922333,0.0032280206214636564,0.534252941608429,0.0006410475471056998
iteration3,WEB10272.jpg,Neither,Only_Smoke,1.0663906335830688,0.6553494930267334,0,0.34424877166748047,0.0003894017718266696,0.6553494930267334,1.2306254575378262e-05
iteration3,WEB10273.jpg,Neither,Neither,0.05220784991979599,0.9491315484046936,1,0.9491315484046936,0.00030022396822459996,0.05016985535621643,0.00039833778282627463
iteration3,WEB10274.jpg,Neither,Neither,0.021184014156460762,0.9790387749671936,1,0.9790387749671936,0.018201645463705063,0.0016761283623054624,0.001083429902791977
iteration3,WEB10275.jpg,Neither,Neither,0.2695385813713074,0.763731837272644,1,0.763731837272644,0.2243356555700302,0.006121474783867598,0.005811106413602829
iteration3,WEB10276.jpg,Neither,Neither,0.12445773184299469,0.8829755783081055,1,0.8829755783081055,0.020393872633576393,0.08306454122066498,0.013565970584750175
iteration3,WEB10277.jpg,Neither,Neither,0.0007489498239010572,0.9992513060569763,1,0.9992513060569763,0.00014020426897332072,0.0005578831769526005,5.063132994109765e-05
iteration3,WEB10278.jpg,Neither,Neither,0.005517847836017609,0.9944973587989807,1,0.9944973587989807,0.0016981438966467977,0.0029258709400892258,0.0008785748505033553
iteration3,WEB10279.jpg,Neither,Neither,0.23188325762748718,0.7930387258529663,1,0.7930387258529663,0.110860675573349,0.022190112620592117,0.07391046732664108
iteration3,WEB10280.jpg,Neither,Neither,0.004054778255522251,0.9959534406661987,1,0.9959534406661987,0.0012364734429866076,0.0023881415836513042,0.00042191852116957307
iteration3,WEB10281.jpg,Neither,Neither,0.0035274920519441366,0.9964787364006042,1,0.9964787364006042,0.0013041457859799266,0.0020469543524086475,0.00017010167357511818
iteration3,WEB10282.jpg,Neither,Neither,0.028722571209073067,0.9716860055923462,1,0.9716860055923462,7.914952584542334e-05,0.02754359506070614,0.0006913157994858921
iteration3,WEB10283.jpg,Neither,Neither,0.027128467336297035,0.9732362031936646,1,0.9732362031936646,0.00020360187045298517,0.026477601379156113,8.258754678536206e-05
iteration3,WEB10284.jpg,Neither,Neither,0.5017338991165161,0.605479896068573,1,0.605479896068573,0.0035749913658946753,0.3889046907424927,0.002040358493104577
iteration3,WEB10285.jpg,Neither,Neither,0.6653481721878052,0.5140945315361023,1,0.5140945315361023,0.35338926315307617,0.09625609964132309,0.03626013547182083
iteration3,WEB10286.jpg,Neither,Neither,0.0006361367995850742,0.9993640780448914,1,0.9993640780448914,0.0004395069554448128,0.00019349652575328946,3.013474952240358e-06
iteration3,WEB10287.jpg,Neither,Neither,0.032388243824243546,0.9681306481361389,1,0.9681306481361389,0.00012970420357305557,0.031728267669677734,1.1490482393128332e-05
iteration3,WEB10288.jpg,Neither,Neither,0.5852139592170715,0.5569866895675659,1,0.5569866895675659,0.1285020112991333,0.1137022003531456,0.20080912113189697
iteration3,WEB10289.jpg,Neither,Neither,0.022863468155264854,0.9773958921432495,1,0.9773958921432495,0.017242366448044777,0.0030875469092279673,0.0022742270957678556
iteration3,WEB10290.jpg,Neither,Neither,0.006855183281004429,0.9931682348251343,1,0.9931682348251343,0.00038032594602555037,0.006443769205361605,7.695506610616576e-06
iteration3,WEB10291.jpg,Neither,Neither,0.27841877937316895,0.756979763507843,1,0.756979763507843,0.02855653688311577,0.20710283517837524,0.007360825315117836
iteration3,WEB10292.jpg,Neither,Only_Smoke,4.851102828979492,0.6482828259468079,0,0.007819749414920807,0.20109902322292328,0.6482828259468079,0.14279843866825104
iteration3,WEB10293.jpg,Neither,Neither,0.02847442403435707,0.9719271659851074,1,0.9719271659851074,0.0121712451800704,0.013849444687366486,0.0020521823316812515
iteration3,WEB10294.jpg,Neither,Neither,0.05211268737912178,0.9492219090461731,1,0.9492219090461731,0.009996074251830578,0.03497626259922981,0.005805725231766701
iteration3,WEB10295.jpg,Neither,Neither,0.023898398503661156,0.9763848781585693,1,0.9763848781585693,0.0032548285089433193,0.01948998123407364,0.0008703320054337382
iteration3,WEB10296.jpg,Neither,Neither,0.1048199012875557,0.9004867076873779,1,0.9004867076873779,0.011136245913803577,0.08695796132087708,0.0014191042864695191
iteration3,WEB10297.jpg,Neither,Neither,0.11977634578943253,0.8871188163757324,1,0.8871188163757324,0.0003029519284609705,0.11228036880493164,0.0002978165284730494
iteration3,WEB10298.jpg,Neither,Neither,0.23797236382961273,0.788224458694458,1,0.788224458694458,0.0009502099128440022,0.21057769656181335,0.0002476007502991706
iteration3,WEB10299.jpg,Neither,Neither,0.0861784890294075,0.9174304604530334,1,0.9174304604530334,0.0011506814043968916,0.08043664693832397,0.0009821427520364523
iteration3,WEB10300.jpg,Neither,Neither,0.023631935939192772,0.9766451120376587,1,0.9766451120376587,0.00666815135627985,0.016251027584075928,0.0004357332072686404
iteration3,WEB10301.jpg,Neither,Only_Smoke,0.9276447296142578,0.6026641130447388,0,0.3954840898513794,0.0018174578435719013,0.6026641130447388,3.4360313293291256e-05
iteration3,WEB10302.jpg,Neither,Neither,0.04978201538324356,0.9514368176460266,1,0.9514368176460266,0.00035253335954621434,0.048045188188552856,0.00016548452549614012
iteration3,WEB10303.jpg,Neither,Neither,0.0033437078818678856,0.996661901473999,1,0.996661901473999,0.0016167099820449948,0.0014802363002672791,0.0002411051100352779
iteration3,WEB10304.jpg,Neither,Neither,0.17235277593135834,0.8416821956634521,1,0.8416821956634521,0.027677226811647415,0.12477150559425354,0.005869016982614994
iteration3,WEB10305.jpg,Neither,Neither,0.028773073107004166,0.971636950969696,1,0.971636950969696,0.009422782808542252,0.013093657791614532,0.005846658255904913
iteration3,WEB10306.jpg,Neither,Neither,0.03783275932073593,0.9628739356994629,1,0.9628739356994629,0.002340187318623066,0.034342315047979355,0.00044357505976222456
iteration3,WEB10307.jpg,Neither,Neither,0.03430452570319176,0.9662771821022034,1,0.9662771821022034,0.0015124237397685647,0.0037599625065922737,0.02845032513141632
iteration3,WEB10308.jpg,Neither,Neither,0.08846927434206009,0.915331244468689,1,0.915331244468689,0.0005526964087039232,0.08392957597970963,0.0001864524238044396
iteration3,WEB10309.jpg,Neither,Neither,0.06737946718931198,0.9348403811454773,1,0.9348403811454773,6.847739859949797e-05,0.06506413221359253,2.7014808438252658e-05
iteration3,WEB10310.jpg,Neither,Neither,0.18099193274974823,0.8344420790672302,1,0.8344420790672302,0.0052857063710689545,0.15586385130882263,0.004408314824104309
iteration3,WEB10311.jpg,Neither,Neither,0.013402840122580528,0.9866865873336792,1,0.9866865873336792,0.00021871105127502233,0.01291651837527752,0.00017815898172557354
iteration3,WEB10312.jpg,Neither,Neither,0.02169402502477169,0.9785395860671997,1,0.9785395860671997,0.00038320175372064114,0.021007388830184937,6.970074900891632e-05
iteration3,WEB10313.jpg,Neither,Neither,0.0001267114421352744,0.9998732805252075,1,0.9998732805252075,9.116498404182494e-06,1.879168485174887e-05,9.876222611637786e-05
iteration3,WEB10314.jpg,Neither,Only_Smoke,1.296844482421875,0.7180623412132263,0,0.2733931243419647,0.004762910306453705,0.7180623412132263,0.0037816644180566072
iteration3,WEB10315.jpg,Neither,Neither,0.0053331246599555016,0.9946810603141785,1,0.9946810603141785,8.442487887805328e-05,0.005229602102190256,4.817920853383839e-06
iteration3,WEB10316.jpg,Neither,Only_Smoke,2.1724424362182617,0.6358615756034851,0,0.1138990968465805,0.02077448181807995,0.6358615756034851,0.22946485877037048
iteration3,WEB10317.jpg,Neither,Neither,0.07931864261627197,0.9237455129623413,1,0.9237455129623413,0.008775581605732441,0.06587249785661697,0.0016063591465353966
iteration3,WEB10318.jpg,Neither,Neither,0.3274382948875427,0.7207677364349365,1,0.7207677364349365,0.004559690598398447,0.2723435163497925,0.0023290743120014668
iteration3,WEB10319.jpg,Neither,Neither,0.0018531783716753125,0.9981485605239868,1,0.9981485605239868,0.0014707660302519798,0.0003133777645416558,6.728172593284398e-05
iteration3,WEB10320.jpg,Neither,Neither,0.0186761487275362,0.9814971685409546,1,0.9814971685409546,0.0010223289718851447,0.01643943600356579,0.0010410579852759838
iteration3,WEB10321.jpg,Neither,Neither,0.2910403907299042,0.7474854588508606,1,0.7474854588508606,0.0025649399030953646,0.24941685795783997,0.0005326653481461108
iteration3,WEB10322.jpg,Neither,Neither,0.07861506193876266,0.9243956804275513,1,0.9243956804275513,0.07269478589296341,0.001939689856953919,0.0009698181529529393
iteration3,WEB10323.jpg,Neither,Neither,0.0018083186587318778,0.9981933236122131,1,0.9981933236122131,0.00011750176781788468,0.0006474207621067762,0.0010417071171104908
iteration3,WEB10324.jpg,Neither,Neither,0.010422797873616219,0.9896313548088074,1,0.9896313548088074,0.0027935337275266647,0.0005502039566636086,0.007024848833680153
iteration3,WEB10325.jpg,Neither,Neither,0.25464820861816406,0.7751891613006592,1,0.7751891613006592,0.02526066079735756,0.1984114944934845,0.0011386426631361246
iteration3,WEB10326.jpg,Neither,Neither,0.030790500342845917,0.9696786999702454,1,0.9696786999702454,5.664306445396505e-05,0.029194345697760582,0.0010703005827963352
iteration3,WEB10327.jpg,Neither,Neither,0.0011611393420025706,0.9988395571708679,1,0.9988395571708679,1.1594975148909725e-06,0.0011515833903104067,7.72330258769216e-06
iteration3,WEB10328.jpg,Neither,Neither,0.10558530688285828,0.8997977375984192,1,0.8997977375984192,0.010402408428490162,0.08007772266864777,0.009722203947603703
iteration3,WEB10329.jpg,Neither,Neither,0.15514333546161652,0.8562924265861511,1,0.8562924265861511,0.07946020364761353,0.05935458093881607,0.00489276647567749
iteration3,WEB10330.jpg,Neither,Neither,0.6138677000999451,0.5412534475326538,1,0.5412534475326538,0.018628036603331566,0.32690805196762085,0.11321043968200684
iteration3,WEB10331.jpg,Neither,Neither,0.001650639227591455,0.9983507394790649,1,0.9983507394790649,0.00012334193161223084,0.001415394595824182,0.00011050880857510492
iteration3,WEB10332.jpg,Neither,Neither,0.00048196621355600655,0.9995181560516357,1,0.9995181560516357,2.06373370019719e-05,0.00045836594654247165,2.7768942345574033e-06
iteration3,WEB10333.jpg,Neither,Neither,0.014203056693077087,0.9858973026275635,1,0.9858973026275635,0.0001032571162795648,0.013976618647575378,2.2795407858211547e-05
iteration3,WEB10334.jpg,Neither,Neither,0.49179548025131226,0.6115274429321289,1,0.6115274429321289,0.002262103371322155,0.35625460743904114,0.02995583787560463
iteration3,WEB10335.jpg,Neither,Neither,0.09191793203353882,0.9121800065040588,1,0.9121800065040588,0.0020985701121389866,0.02745734713971615,0.058264005929231644
iteration3,WEB10336.jpg,Neither,Neither,0.009392006322741508,0.9906519651412964,1,0.9906519651412964,0.0032071159221231937,0.005937829613685608,0.00020315343863330781
iteration3,WEB10337.jpg,Neither,Neither,0.2938695549964905,0.7453737258911133,1,0.7453737258911133,7.887184438004624e-06,0.25461626052856445,2.193247837567469e-06
iteration3,WEB10338.jpg,Neither,Only_Smoke,1.1594243049621582,0.6783888936042786,0,0.3136667311191559,0.006665263324975967,0.6783888936042786,0.0012790935579687357
iteration3,WEB10339.jpg,Neither,Neither,0.0008175606490112841,0.9991827607154846,1,0.9991827607154846,6.590751581825316e-06,0.0008066410664469004,4.012526460428489e-06
iteration3,WEB10340.jpg,Neither,Neither,0.03344738110899925,0.9671058058738708,1,0.9671058058738708,0.00021250054123811424,0.03263847529888153,4.324339533923194e-05
iteration3,WEB10341.jpg,Neither,Neither,5.566918844124302e-05,0.9999443292617798,1,0.9999443292617798,5.992253591102781e-06,4.839151006308384e-05,1.2998357306059916e-06
iteration3,WEB10342.jpg,Neither,Neither,0.06874402612447739,0.933565616607666,1,0.933565616607666,0.00253339228220284,0.06368204206228256,0.00021894616656936705
iteration3,WEB10343.jpg,Neither,Only_Smoke,1.224729299545288,0.698904275894165,0,0.29383721947669983,0.0019026859663426876,0.698904275894165,0.005355777218937874
iteration3,WEB10344.jpg,Neither,Neither,0.016040096059441566,0.9840878844261169,1,0.9840878844261169,0.0023490774910897017,0.012785733677446842,0.0007773457327857614
iteration3,WEB10345.jpg,Neither,Only_Smoke,3.946528673171997,0.9753690361976624,0,0.019321655854582787,0.0020068823359906673,0.9753690361976624,0.003302427940070629
iteration3,WEB10346.jpg,Neither,Both,1.3994693756103516,0.45210638642311096,0,0.24672788381576538,0.21096958220005035,0.09019618481397629,0.45210638642311096
iteration3,WEB10347.jpg,Neither,Only_Smoke,1.658887505531311,0.7431761026382446,0,0.19035062193870544,0.030989328399300575,0.7431761026382446,0.035483989864587784
iteration3,WEB10348.jpg,Neither,Neither,0.009176813997328281,0.990865170955658,1,0.990865170955658,0.00023307159426622093,0.008848893456161022,5.2842711738776416e-05
iteration3,WEB10349.jpg,Neither,Neither,0.0017679788870736957,0.9982335567474365,1,0.9982335567474365,0.000126607294077985,0.0015239020576700568,0.00011590316717047244
iteration3,WEB10350.jpg,Neither,Neither,0.24611620604991913,0.7818313837051392,1,0.7818313837051392,0.00019196847279090434,0.21751391887664795,0.00046276955981738865
iteration3,WEB10351.jpg,Neither,Neither,0.17709992825984955,0.8376960754394531,1,0.8376960754394531,0.011986923404037952,0.03800074756145477,0.11231623589992523
iteration3,WEB10352.jpg,Neither,Neither,0.2300422340631485,0.7945000529289246,1,0.7945000529289246,0.0017793631413951516,0.2032586932182312,0.0004618968814611435
iteration3,WEB10353.jpg,Neither,Neither,0.013923770748078823,0.9861727356910706,1,0.9861727356910706,0.005048320163041353,0.0087269376963377,5.2117829909548163e-05
iteration3,WEB10354.jpg,Neither,Neither,0.6565700173377991,0.5186271667480469,1,0.5186271667480469,0.00851036049425602,0.42532607913017273,0.047536369413137436
iteration3,WEB10355.jpg,Neither,Neither,0.02958655171096325,0.9708468317985535,1,0.9708468317985535,0.004000589717179537,0.023858869448304176,0.001293670036830008
iteration3,WEB10356.jpg,Neither,Only_Fire,1.2456376552581787,0.5874741673469543,0,0.28775736689567566,0.5874741673469543,0.0720994770526886,0.052669018507003784
iteration3,WEB10357.jpg,Neither,Neither,0.0029306341893970966,0.9970736503601074,1,0.9970736503601074,0.0009378589456900954,0.0016239165561273694,0.0003646492841653526
iteration3,WEB10358.jpg,Neither,Neither,0.07508906722068787,0.9276608824729919,1,0.9276608824729919,0.005527626723051071,0.06397702544927597,0.002834523096680641
iteration3,WEB10359.jpg,Neither,Neither,0.004727258812636137,0.9952839016914368,1,0.9952839016914368,0.0009079736191779375,0.003700206521898508,0.00010783199104480445
iteration3,WEB10360.jpg,Neither,Only_Fire,1.519540786743164,0.46930474042892456,0,0.21881233155727386,0.46930474042892456,0.09348504990339279,0.21839791536331177
iteration3,WEB10361.jpg,Neither,Neither,0.11351291835308075,0.8926926851272583,1,0.8926926851272583,0.09473154693841934,0.008953207172453403,0.0036225994117558002
iteration3,WEB10362.jpg,Neither,Neither,0.8415582180023193,0.43103834986686707,1,0.43103834986686707,0.04768240451812744,0.16908884048461914,0.35219037532806396
iteration3,WEB10363.jpg,Neither,Neither,0.5445452332496643,0.5801055431365967,1,0.5801055431365967,0.03390979394316673,0.3176126182079315,0.06837201118469238
iteration3,WEB10364.jpg,Neither,Neither,0.021062862128019333,0.9791573882102966,1,0.9791573882102966,0.012668651528656483,0.007859358564019203,0.00031467608641833067
iteration3,WEB10365.jpg,Neither,Neither,0.10007274150848389,0.904771625995636,1,0.904771625995636,1.925987635331694e-05,0.09520293027162552,6.23232244834071e-06
iteration3,WEB10366.jpg,Neither,Neither,0.009279928170144558,0.9907630085945129,1,0.9907630085945129,0.00035602811840362847,0.00858122669160366,0.0002996765251737088
iteration3,WEB10367.jpg,Neither,Neither,0.022123092785477638,0.9781198501586914,1,0.9781198501586914,0.0001722393062664196,0.021489616483449936,0.00021838053362444043
iteration3,WEB10368.jpg,Neither,Only_Smoke,0.850551962852478,0.5423058867454529,0,0.42717909812927246,0.026181785389780998,0.5423058867454529,0.004333168733865023
iteration3,WEB10369.jpg,Neither,Neither,0.006796812638640404,0.9932262301445007,1,0.9932262301445007,0.0030159091111272573,0.0030204025097191334,0.0007374377455562353
iteration3,WEB10370.jpg,Neither,Neither,0.540401816368103,0.5825141668319702,1,0.5825141668319702,0.0018487445777282119,0.2735919654369354,0.14204514026641846
iteration3,WEB10371.jpg,Neither,Neither,0.5276089906692505,0.5900140404701233,1,0.5900140404701233,0.009342162869870663,0.3989068269729614,0.0017370267305523157
iteration3,WEB10372.jpg,Neither,Neither,0.004399264696985483,0.9956104159355164,1,0.9956104159355164,0.00037728482857346535,0.0011762698413804173,0.002836013212800026
iteration3,WEB10373.jpg,Neither,Neither,0.24735121428966522,0.7808663845062256,1,0.7808663845062256,0.0064155301079154015,0.20539070665836334,0.007327379658818245
iteration3,WEB10374.jpg,Neither,Neither,0.005345456302165985,0.9946687817573547,1,0.9946687817573547,0.0007274660747498274,0.003998547792434692,0.0006052382523193955
iteration3,WEB10375.jpg,Neither,Neither,0.014100919477641582,0.9859980344772339,1,0.9859980344772339,0.0031918103341013193,0.0069374218583106995,0.003872731700539589
iteration3,WEB10376.jpg,Neither,Only_Smoke,1.5997226238250732,0.6461744904518127,0,0.2019525170326233,0.018337342888116837,0.6461744904518127,0.133535698056221
iteration3,WEB10377.jpg,Neither,Neither,0.006205220706760883,0.9938139915466309,1,0.9938139915466309,0.004895263351500034,0.001259424607269466,3.125897637801245e-05
iteration3,WEB10378.jpg,Neither,Neither,0.020433984696865082,0.9797734022140503,1,0.9797734022140503,0.003287580795586109,0.014393792487680912,0.002545203547924757
iteration3,WEB10379.jpg,Neither,Neither,0.007506024558097124,0.9925220608711243,1,0.9925220608711243,0.0034728010650724173,0.002069815993309021,0.0019352511735633016
iteration3,WEB10380.jpg,Neither,Neither,0.012627409771084785,0.98745197057724,1,0.98745197057724,0.0073998672887682915,0.004640371073037386,0.0005078007816337049
iteration3,WEB10381.jpg,Neither,Neither,0.6598109006881714,0.5169490575790405,1,0.5169490575790405,0.028014613315463066,0.34592682123184204,0.10910950601100922
iteration3,WEB10382.jpg,Neither,Neither,0.017128631472587585,0.9830172061920166,1,0.9830172061920166,5.759481791756116e-05,0.0168900266289711,3.512932744342834e-05
iteration3,WEB10383.jpg,Neither,Neither,0.031056564301252365,0.9694207310676575,1,0.9694207310676575,0.0003792330971919,0.02988072670996189,0.00031932038837112486
iteration3,WEB10384.jpg,Neither,Neither,0.21129605174064636,0.8095343708992004,1,0.8095343708992004,0.00217673322185874,0.1876135915517807,0.0006753531633876264
iteration3,WEB10385.jpg,Neither,Neither,0.2670828402042389,0.765609622001648,1,0.765609622001648,0.00912344641983509,0.16873861849308014,0.056528303772211075
iteration3,WEB10386.jpg,Neither,Neither,0.13026878237724304,0.8778594136238098,1,0.8778594136238098,0.0005423972615972161,0.12145689874887466,0.000141256969072856
iteration3,WEB10387.jpg,Neither,Neither,0.18153519928455353,0.8339889049530029,1,0.8339889049530029,0.0006134467548690736,0.16493107378482819,0.0004665895539801568
iteration3,WEB10388.jpg,Neither,Neither,0.14200344681739807,0.8676182627677917,1,0.8676182627677917,0.02018769085407257,0.014643054455518723,0.09755103290081024
iteration3,WEB10389.jpg,Neither,Neither,0.46536803245544434,0.627903938293457,1,0.627903938293457,0.02589244581758976,0.16501247882843018,0.1811911165714264
iteration3,WEB10390.jpg,Neither,Only_Smoke,1.6340333223342896,0.5828021168708801,0,0.19514091312885284,0.007490217220038176,0.5828021168708801,0.21456675231456757
iteration3,WEB10391.jpg,Neither,Neither,0.179744154214859,0.835483968257904,1,0.835483968257904,0.0007454160950146616,0.16291026771068573,0.0008604325703345239
iteration3,WEB10392.jpg,Neither,Neither,0.007633090019226074,0.9923959970474243,1,0.9923959970474243,0.0003619398339651525,0.006916355807334185,0.00032579959952272475
iteration3,WEB10393.jpg,Neither,Neither,0.027229631319642067,0.9731377363204956,1,0.9731377363204956,0.0005750907585024834,0.023202288895845413,0.00308479112572968
iteration3,WEB10394.jpg,Neither,Neither,0.6639755964279175,0.5148006081581116,1,0.5148006081581116,0.0003900441515725106,0.4844255745410919,0.00038375399890355766
iteration3,WEB10395.jpg,Neither,Neither,0.27071118354797363,0.7628368139266968,1,0.7628368139266968,0.02070648968219757,0.2151186615228653,0.0013380447635427117
iteration3,WEB10396.jpg,Neither,Only_Smoke,1.129636526107788,0.6625186204910278,0,0.32315072417259216,0.0062857624143362045,0.6625186204910278,0.008044881746172905
iteration3,WEB10397.jpg,Neither,Neither,0.05802174657583237,0.9436294436454773,1,0.9436294436454773,0.006722531281411648,0.04827748239040375,0.0013704629382118583
iteration3,WEB10398.jpg,Neither,Neither,0.14171400666236877,0.8678694367408752,1,0.8678694367408752,0.00037833876558579504,0.12686248123645782,0.004889756441116333
iteration3,WEB10399.jpg,Neither,Neither,0.1666906476020813,0.8464614152908325,1,0.8464614152908325,0.0006957434816285968,0.15109848976135254,0.0017443920951336622
iteration3,WEB10400.jpg,Neither,Neither,0.0013017522869631648,0.9986990690231323,1,0.9986990690231323,0.00012467283522710204,0.0011651902459561825,1.1039192031603307e-05
iteration3,WEB10401.jpg,Neither,Only_Fire,2.085078477859497,0.40965989232063293,0,0.1242973729968071,0.40965989232063293,0.12574175000190735,0.340300977230072
iteration3,WEB10402.jpg,Neither,Neither,0.16064324975013733,0.8515958189964294,1,0.8515958189964294,0.0036182296462357044,0.14303255081176758,0.0017534465296193957
iteration3,WEB10403.jpg,Neither,Both,2.052746295928955,0.6380012035369873,0,0.12838181853294373,0.15146535634994507,0.08215159922838211,0.6380012035369873
iteration3,WEB10404.jpg,Neither,Neither,0.6971666812896729,0.4979942739009857,1,0.4979942739009857,0.05758874863386154,0.4123261868953705,0.032090816646814346
iteration3,WEB10405.jpg,Neither,Neither,0.0004732680681627244,0.999526858329773,1,0.999526858329773,1.2129814876971068e-06,0.000456444249721244,1.5455032553290948e-05
iteration3,WEB10406.jpg,Neither,Neither,0.11562253534793854,0.8908113837242126,1,0.8908113837242126,0.037220072001218796,0.04716433957219124,0.024804215878248215
iteration3,WEB10407.jpg,Neither,Neither,0.005268855020403862,0.9947450160980225,1,0.9947450160980225,2.8910157197969966e-05,0.005098405294120312,0.00012775007053278387
iteration3,WEB10408.jpg,Neither,Neither,0.009460735134780407,0.9905838966369629,1,0.9905838966369629,0.0004769852967001498,0.008829970844089985,0.00010915641905739903
iteration3,WEB10409.jpg,Neither,Neither,0.13678358495235443,0.872158944606781,1,0.872158944606781,0.00013290844799485058,0.12765498459339142,5.318217517924495e-05
iteration3,WEB10410.jpg,Neither,Neither,0.049551405012607574,0.9516562223434448,1,0.9516562223434448,0.0004876746388617903,0.04762428253889084,0.00023177670664153993
iteration3,WEB10411.jpg,Neither,Neither,0.0015604236396029592,0.9984408020973206,1,0.9984408020973206,4.466283826332074e-06,0.001553302863612771,1.5041221104183933e-06
iteration3,WEB10412.jpg,Neither,Neither,0.00863284058868885,0.9914042949676514,1,0.9914042949676514,5.281385892885737e-05,0.008525492623448372,1.7356884200125933e-05
iteration3,WEB10413.jpg,Neither,Neither,0.06941387802362442,0.9329404830932617,1,0.9329404830932617,0.013846670277416706,0.017182497307658195,0.036030326038599014
iteration3,WEB10414.jpg,Neither,Neither,0.626152515411377,0.5346449017524719,1,0.5346449017524719,0.000668841996230185,0.44965994358062744,0.015026307664811611
iteration3,WEB10415.jpg,Neither,Neither,4.815939246327616e-05,0.9999518394470215,1,0.9999518394470215,2.340456376259681e-06,4.1317536670248955e-05,4.500127488427097e-06
iteration3,WEB10416.jpg,Neither,Neither,0.00016985881666187197,0.9998301267623901,1,0.9998301267623901,3.4825814054784132e-06,0.00016073905862867832,5.543764928006567e-06
iteration3,WEB10417.jpg,Neither,Neither,0.0031993414741009474,0.9968057870864868,1,0.9968057870864868,4.174189962213859e-05,0.0030611224938184023,9.129128739004955e-05
iteration3,WEB10418.jpg,Neither,Neither,0.02850060909986496,0.9719017148017883,1,0.9719017148017883,0.000173748325323686,0.02778475731611252,0.000139816285809502
iteration3,WEB10419.jpg,Neither,Neither,0.00020847532141488045,0.9997915625572205,1,0.9997915625572205,9.789999603526667e-05,2.022188709815964e-05,9.032328671310097e-05
iteration3,WEB10420.jpg,Neither,Neither,0.003810527501627803,0.9961967468261719,1,0.9961967468261719,2.32306746283939e-07,0.003803040599450469,2.8642190841310367e-08
iteration3,WEB10421.jpg,Neither,Neither,0.0036586271598935127,0.9963480830192566,1,0.9963480830192566,0.00019932384020648897,0.002962845843285322,0.0004898120532743633
iteration3,WEB10422.jpg,Neither,Neither,0.0026562665589153767,0.9973472356796265,1,0.9973472356796265,0.00015161922783590853,0.00246621435508132,3.4868866350734606e-05
iteration3,WEB10423.jpg,Neither,Neither,0.002862524939700961,0.9971415400505066,1,0.9971415400505066,0.00011763481597881764,0.0027318524662405252,8.916339538700413e-06
iteration3,WEB10424.jpg,Neither,Neither,0.016689326614141464,0.9834491610527039,1,0.9834491610527039,0.00031026583747006953,0.016210593283176422,2.9928185540484264e-05
iteration3,WEB10425.jpg,Neither,Neither,0.0021043317392468452,0.9978978633880615,1,0.9978978633880615,0.00018900056602433324,0.0018719221698120236,4.112977330805734e-05
iteration3,WEB10426.jpg,Neither,Neither,0.006647378671914339,0.9933746457099915,1,0.9933746457099915,0.00018367375014349818,0.006406574510037899,3.50032678397838e-05
iteration3,WEB10427.jpg,Neither,Neither,0.004750750958919525,0.9952605366706848,1,0.9952605366706848,0.0002104853483615443,0.004403949715197086,0.00012500696175266057
iteration3,WEB10428.jpg,Both,Both,0.025325767695903778,0.9749922156333923,1,1.4032235412742011e-05,0.01849352940917015,0.006500260438770056,0.9749922156333923
iteration3,WEB10429.jpg,Both,Only_Smoke,2.254512310028076,0.7863714694976807,0,0.06552915275096893,0.04317478835582733,0.7863714694976807,0.10492469370365143
iteration3,WEB10430.jpg,Both,Both,0.3773914575576782,0.6856476068496704,1,0.00029703264590352774,0.016166245564818382,0.2978891432285309,0.6856476068496704
iteration3,WEB10431.jpg,Both,Both,0.05379209667444229,0.9476290941238403,1,0.00013077330368105322,0.004998807329684496,0.04724140092730522,0.9476290941238403
iteration3,WEB10432.jpg,Both,Both,0.0307362861931324,0.9697312712669373,1,5.331649845174979e-06,0.0075839729979634285,0.022679362446069717,0.9697312712669373
iteration3,WEB10433.jpg,Both,Both,0.017368480563163757,0.9827814698219299,1,4.780969931061918e-08,0.009809114970266819,0.007409429643303156,0.9827814698219299
iteration3,WEB10434.jpg,Both,Both,0.0663052573800087,0.935845136642456,1,4.514420288614929e-05,0.0030157750006765127,0.061093948781490326,0.935845136642456
iteration3,WEB10435.jpg,Only_Fire,Only_Fire,0.019070839509367943,0.9811098575592041,1,0.0002010644820984453,0.9811098575592041,0.004619821906089783,0.014069272205233574
iteration3,WEB10436.jpg,Both,Both,0.03683352842926979,0.9638365507125854,1,2.0652311150115565e-07,0.0010236577363684773,0.03513961657881737,0.9638365507125854
iteration3,WEB10437.jpg,Both,Both,0.06367989629507065,0.9383053183555603,1,1.2186992535134777e-06,0.05976652354001999,0.0019269800977781415,0.9383053183555603
iteration3,WEB10438.jpg,Both,Both,0.09033168107271194,0.913628101348877,1,6.068278707971331e-06,0.0030704832170158625,0.08329540491104126,0.913628101348877
iteration3,WEB10439.jpg,Both,Both,0.03939271345734596,0.9613730907440186,1,2.6990230708179297e-06,0.013995874673128128,0.024628371000289917,0.9613730907440186
iteration3,WEB10440.jpg,Only_Fire,Only_Fire,0.055764686316251755,0.9457616806030273,1,1.2206744941067882e-05,0.9457616806030273,0.0002623532491270453,0.05396375432610512
iteration3,WEB10441.jpg,Only_Fire,Only_Fire,0.24291016161441803,0.7843419909477234,1,7.223986904136837e-05,0.7843419909477234,0.004827349446713924,0.21075834333896637
iteration3,WEB10442.jpg,Both,Only_Fire,1.2817827463150024,0.7223874926567078,0,5.7003482652362436e-05,0.7223874926567078,1.3436953850032296e-05,0.2775420844554901
iteration3,WEB10443.jpg,Both,Both,0.07881571352481842,0.924210250377655,1,0.0009739473462104797,0.0648769810795784,0.009938782081007957,0.924210250377655
iteration3,WEB10444.jpg,Only_Fire,Both,6.1776604652404785,0.9971375465393066,0,1.5308874935726635e-05,0.0020752777345478535,0.0007717801490798593,0.9971375465393066
iteration3,WEB10445.jpg,Both,Both,0.010211603716015816,0.9898403286933899,1,1.2403514119796455e-05,0.00196138140745461,0.008185874670743942,0.9898403286933899
iteration3,WEB10446.jpg,Only_Fire,Both,3.9471681118011475,0.9792314767837524,0,4.655477425785648e-07,0.019309306517243385,0.0014587306650355458,0.9792314767837524
iteration3,WEB10447.jpg,Only_Fire,Only_Fire,2.622600959512056e-06,0.9999973773956299,1,6.243971029107342e-08,0.9999973773956299,1.0109533654656389e-08,2.5241379262297414e-06
iteration3,WEB10448.jpg,Both,Both,0.011172001250088215,0.9888901710510254,1,1.7591235064173816e-06,0.004406406544148922,0.0067016989924013615,0.9888901710510254
iteration3,WEB10449.jpg,Both,Both,0.2288506180047989,0.7954473495483398,1,8.899627573555335e-05,0.17334410548210144,0.03111950121819973,0.7954473495483398
iteration3,WEB10450.jpg,Both,Both,0.16393251717090607,0.8487992882728577,1,0.00032292120158672333,0.10989651829004288,0.04098125174641609,0.8487992882728577
iteration3,WEB10451.jpg,Both,Both,0.5946309566497803,0.5517661571502686,1,0.0046082488261163235,0.1861160397529602,0.25750961899757385,0.5517661571502686
iteration3,WEB10452.jpg,Both,Both,0.0306190587580204,0.9698449373245239,1,1.6229465472861193e-05,0.025233741849660873,0.004905064124614,0.9698449373245239
iteration3,WEB10453.jpg,Both,Both,0.053735386580228806,0.9476828575134277,1,0.0002693750720936805,0.04536689445376396,0.006680947728455067,0.9476828575134277
iteration3,WEB10454.jpg,Both,Both,0.09278639405965805,0.9113881587982178,1,0.007391436956822872,0.06223859637975693,0.018981780856847763,0.9113881587982178
iteration3,WEB10455.jpg,Both,Both,0.03698058798909187,0.9636948704719543,1,2.1385649233707227e-05,0.03110090270638466,0.005182872526347637,0.9636948704719543
iteration3,WEB10456.jpg,Both,Only_Fire,2.1915552616119385,0.8882420659065247,0,6.9454285949177574e-06,0.8882420659065247,8.093749784165993e-06,0.11174282431602478
iteration3,WEB10457.jpg,Both,Both,0.09299616515636444,0.9111970067024231,1,3.831367848761147e-06,0.08836653083562851,0.00043265384738333523,0.9111970067024231
iteration3,WEB10458.jpg,Both,Only_Fire,1.1614224910736084,0.6514253616333008,0,0.000512990984134376,0.6514253616333008,0.03502099588513374,0.3130406141281128
iteration3,WEB10459.jpg,Both,Both,0.0570288710296154,0.9445667862892151,1,1.2136314580857288e-05,0.051637690514326096,0.003783446503803134,0.9445667862892151
iteration3,WEB10460.jpg,Only_Fire,Only_Fire,0.11358857154846191,0.8926251530647278,1,0.054086677730083466,0.8926251530647278,0.011339351534843445,0.041948821395635605
iteration3,WEB10461.jpg,Both,Both,0.012628233060240746,0.9874511957168579,1,2.5360891413583886e-06,0.012083098292350769,0.00046321371337398887,0.9874511957168579
iteration3,WEB10462.jpg,Only_Fire,Only_Fire,0.012439168058335781,0.9876378774642944,1,4.9164813390234485e-05,0.9876378774642944,0.0003113321727141738,0.01200158055871725
iteration3,WEB10463.jpg,Both,Both,0.05104823037981987,0.9502328634262085,1,0.0003828342305496335,0.005914255511015654,0.04347005486488342,0.9502328634262085
iteration3,WEB10464.jpg,Both,Both,0.3269845247268677,0.7210949063301086,1,0.00018942577298730612,0.2781190872192383,0.0005965696182101965,0.7210949063301086
iteration3,WEB10465.jpg,Both,Both,0.004368999041616917,0.9956405162811279,1,1.3143693422534852e-06,0.0030382408294826746,0.001319971983321011,0.9956405162811279
iteration3,WEB10466.jpg,Both,Both,0.014052609913051128,0.9860456585884094,1,2.119393940347436e-07,0.013932139612734318,2.197017784055788e-05,0.9860456585884094
iteration3,WEB10467.jpg,Both,Both,0.09348300844430923,0.9107534885406494,1,7.055975584080443e-05,0.07480869442224503,0.014367206953465939,0.9107534885406494
iteration3,WEB10468.jpg,Both,Both,0.015445144847035408,0.9846735000610352,1,1.3885589851270197e-06,0.0003903170581907034,0.01493485365062952,0.9846735000610352
iteration3,WEB10469.jpg,Both,Both,0.07250255346298218,0.9300633668899536,1,1.7317463061772287e-05,0.05296771973371506,0.016951529309153557,0.9300633668899536
iteration3,WEB10470.jpg,Both,Both,0.00573939923197031,0.9942770600318909,1,1.7321306131634628e-06,0.004119114484637976,0.0016020270995795727,0.9942770600318909
iteration3,WEB10471.jpg,Both,Both,0.0030997584108263254,0.9969050288200378,1,1.0035740016789418e-09,0.003072127467021346,2.2862455807626247e-05,0.9969050288200378
iteration3,WEB10472.jpg,Both,Both,0.2277369499206543,0.7963337302207947,1,4.1264222090831026e-05,0.20321141183376312,0.00041364715434610844,0.7963337302207947
iteration3,WEB10473.jpg,Both,Both,0.004351077135652304,0.9956583976745605,1,1.561459406218546e-08,0.003600506344810128,0.0007411229889839888,0.9956583976745605
iteration3,WEB10474.jpg,Both,Both,0.03756057098507881,0.9631360769271851,1,0.00016194921045098454,0.03226229175925255,0.0044396924786269665,0.9631360769271851
iteration3,WEB10475.jpg,Both,Both,0.014615495689213276,0.9854907989501953,1,4.656082523979421e-07,0.00978742353618145,0.0047212946228682995,0.9854907989501953
iteration3,WEB10476.jpg,Both,Both,0.33704739809036255,0.7138749957084656,1,0.00034871953539550304,0.05290213227272034,0.23287411034107208,0.7138749957084656
iteration3,WEB10477.jpg,Both,Only_Fire,1.2504050731658936,0.6676712036132812,0,0.005179719068109989,0.6676712036132812,0.04076024144887924,0.2863887548446655
iteration3,WEB10478.jpg,Only_Fire,Only_Fire,0.05015316978096962,0.9510837197303772,1,0.00031236803624778986,0.9510837197303772,0.00043243527761660516,0.048171453177928925
iteration3,WEB10479.jpg,Both,Only_Fire,0.7853930592536926,0.5433967709541321,0,4.13636280427454e-06,0.5433967709541321,0.0006586695672012866,0.45594045519828796
iteration3,WEB10480.jpg,Both,Only_Fire,1.1890079975128174,0.6690059900283813,0,0.005207960959523916,0.6690059900283813,0.021262798458337784,0.304523229598999
iteration3,WEB10481.jpg,Both,Both,0.03290630131959915,0.9676291942596436,1,9.434362436877564e-05,0.03137386217713356,0.0009026622283272445,0.9676291942596436
iteration3,WEB10482.jpg,Both,Both,0.01702374592423439,0.983120322227478,1,1.9577184957597638e-06,0.010132218711078167,0.006745474878698587,0.983120322227478
iteration3,WEB10483.jpg,Both,Both,0.0006187431863509119,0.999381422996521,1,1.851789832585382e-08,0.0004060589417349547,0.00021252738952171057,0.999381422996521
iteration3,WEB10484.jpg,Both,Only_Fire,2.9452385902404785,0.9474043250083923,0,3.776552830458968e-06,0.9474043250083923,2.2801009436079767e-06,0.05258950963616371
iteration3,WEB10485.jpg,Both,Both,0.7137453556060791,0.48980626463890076,1,0.16438892483711243,0.21280668675899506,0.13299809396266937,0.48980626463890076
iteration3,WEB10486.jpg,Both,Both,0.11167744547128677,0.8943327069282532,1,0.0002943167928606272,0.043188244104385376,0.06218484416604042,0.8943327069282532
iteration3,WEB10487.jpg,Both,Both,0.6834248304367065,0.5048848986625671,1,0.0004122147220186889,0.029642436653375626,0.46506041288375854,0.5048848986625671
iteration3,WEB10488.jpg,Both,Both,0.02095535211265087,0.9792627096176147,1,2.26777797251998e-06,0.009187011979520321,0.01154803391546011,0.9792627096176147
iteration3,WEB10489.jpg,Both,Both,0.009432394057512283,0.9906119704246521,1,3.5762991501542274e-06,0.008116074837744236,0.0012684196699410677,0.9906119704246521
iteration3,WEB10490.jpg,Both,Both,0.15927913784980774,0.8527582883834839,1,0.00019314321980345994,0.01866820640861988,0.12838035821914673,0.8527582883834839
iteration3,WEB10491.jpg,Only_Fire,Only_Fire,0.39603617787361145,0.6729823350906372,1,0.00018767152505461127,0.6729823350906372,0.0010152100585401058,0.32581472396850586
iteration3,WEB10492.jpg,Both,Both,0.00331079657189548,0.9966946840286255,1,8.844627359394508e-07,0.00217285449616611,0.0011315629817545414,0.9966946840286255
iteration3,WEB10493.jpg,Only_Fire,Both,0.8574734926223755,0.5571946501731873,0,0.0002032794727711007,0.4242325723171234,0.018369527533650398,0.5571946501731873
iteration3,WEB10494.jpg,Both,Only_Smoke,0.9180631041526794,0.48140057921409607,0,2.645412132551428e-05,0.11928130686283112,0.48140057921409607,0.39929166436195374
iteration3,WEB10495.jpg,Both,Both,0.002479932736605406,0.9975231289863586,1,1.6108802469716466e-07,0.002189298626035452,0.00028740265406668186,0.9975231289863586
iteration3,WEB10496.jpg,Both,Only_Fire,3.1084864139556885,0.8614246249198914,0,0.00034708157181739807,0.8614246249198914,0.09355980902910233,0.044668518006801605
iteration3,WEB10497.jpg,Both,Both,0.0029643899761140347,0.9970399737358093,1,1.0891302304472106e-09,0.0029590586200356483,9.616404668122414e-07,0.9970399737358093
iteration3,WEB10498.jpg,Both,Both,0.017041677609086037,0.9831027388572693,1,1.4517589079332538e-05,0.01400179322808981,0.002880989806726575,0.9831027388572693
iteration3,WEB10499.jpg,Only_Fire,Only_Fire,0.05011904239654541,0.9511162042617798,1,0.014884822070598602,0.9511162042617798,0.00726730702444911,0.02673174999654293
iteration3,WEB10500.jpg,Both,Only_Fire,2.957557201385498,0.9389284253120422,0,0.0002895546786021441,0.9389284253120422,0.008836396038532257,0.05194564908742905
iteration3,WEB10501.jpg,Both,Both,0.006297624669969082,0.993722140789032,1,6.827846021906225e-08,0.005965187679976225,0.0003124928043689579,0.993722140789032
iteration3,WEB10502.jpg,Both,Both,0.2216053307056427,0.8012315034866333,1,4.187106605968438e-05,0.19657738506793976,0.0021491802763193846,0.8012315034866333
iteration3,WEB10503.jpg,Both,Both,0.05517452582716942,0.9463199973106384,1,0.0022736426908522844,0.009753472171723843,0.04165288060903549,0.9463199973106384
iteration3,WEB10504.jpg,Only_Fire,Only_Smoke,6.174541473388672,0.5705368518829346,0,4.511849692789838e-05,0.002081759739667177,0.5705368518829346,0.42733630537986755
iteration3,WEB10505.jpg,Both,Both,0.21325470507144928,0.8079503178596497,1,0.0018583202036097646,0.015777776017785072,0.17441359162330627,0.8079503178596497
iteration3,WEB10506.jpg,Both,Both,0.13215415179729462,0.8762059211730957,1,2.065622538793832e-06,0.0020890170708298683,0.12170294672250748,0.8762059211730957
iteration3,WEB10507.jpg,Only_Fire,Only_Fire,0.6045777201652527,0.5463050603866577,1,0.01925622671842575,0.5463050603866577,0.0021762254182249308,0.4322624206542969
iteration3,WEB10508.jpg,Both,Both,0.538704514503479,0.5835037231445312,1,0.0016490559792146087,0.03072882629930973,0.3841184079647064,0.5835037231445312
iteration3,WEB10509.jpg,Both,Both,0.4573213458061218,0.6329768896102905,1,0.0037155295722186565,0.2676073908805847,0.09570015221834183,0.6329768896102905
iteration3,WEB10510.jpg,Only_Fire,Only_Fire,0.8358280658721924,0.43351536989212036,1,0.002783567178994417,0.43351536989212036,0.15956149995326996,0.40413954854011536
iteration3,WEB10511.jpg,Both,Both,0.5788499116897583,0.5605427026748657,1,0.06517137587070465,0.027692589908838272,0.34659337997436523,0.5605427026748657
iteration3,WEB10512.jpg,Only_Fire,Both,0.9963432550430298,0.5332555770874023,0,0.019025055691599846,0.3692271411418915,0.07849220186471939,0.5332555770874023
iteration3,WEB10513.jpg,Both,Only_Fire,2.2249202728271484,0.8917878866195679,0,1.2226752005517483e-05,0.8917878866195679,0.00012383183639030904,0.10807602852582932
iteration3,WEB10514.jpg,Only_Fire,Only_Fire,0.002569114323705435,0.9974341988563538,1,0.0025328875053673983,0.9974341988563538,8.030819458326732e-07,3.2087165891425684e-05
iteration3,WEB10515.jpg,Only_Fire,Only_Fire,0.0004801789182238281,0.999519944190979,1,3.592457687773276e-06,0.999519944190979,3.991784979007207e-06,0.00047249021008610725
iteration3,WEB10516.jpg,Only_Fire,Only_Fire,0.3335369825363159,0.7163854241371155,1,0.24175040423870087,0.7163854241371155,0.014702287502586842,0.027161896228790283
iteration3,WEB10517.jpg,Only_Fire,Only_Fire,0.012140310369431973,0.9879330992698669,1,0.00030147915822453797,0.9879330992698669,0.0003073810366913676,0.011458092369139194
iteration3,WEB10518.jpg,Only_Fire,Only_Fire,0.003988645505160093,0.9960193037986755,1,0.0008675408898852766,0.9960193037986755,0.00021467880287673324,0.002898459555581212
iteration3,WEB10519.jpg,Only_Fire,Only_Fire,0.002738299546763301,0.9972654581069946,1,8.813812746666372e-05,0.9972654581069946,0.0008751042769290507,0.0017713579582050443
iteration3,WEB10520.jpg,Only_Fire,Only_Fire,0.10521978884935379,0.9001266360282898,1,0.0007146002608351409,0.9001266360282898,0.00304507277905941,0.09611363708972931
iteration3,WEB10521.jpg,Both,Both,0.06633392721414566,0.9358183145523071,1,8.747475703785312e-07,0.06331203132867813,0.0008688110974617302,0.9358183145523071
iteration3,WEB10522.jpg,Both,Both,0.058294832706451416,0.9433717727661133,1,1.7998198764690443e-10,0.05662519857287407,2.9837867714377353e-06,0.9433717727661133
iteration3,WEB10523.jpg,Both,Both,0.1254127025604248,0.8821327686309814,1,0.00017625204054638743,0.11611545085906982,0.0015755002386868,0.8821327686309814
iteration3,WEB10524.jpg,Both,Both,0.44825226068496704,0.63874351978302,1,5.3492342999561515e-08,0.3612458109855652,1.0598741027934011e-05,0.63874351978302
iteration3,WEB10525.jpg,Only_Fire,Both,2.111741304397583,0.8679340481758118,0,1.6547252016607672e-05,0.12102704495191574,0.01102233212441206,0.8679340481758118
iteration3,WEB10526.jpg,Both,Both,0.06582654267549515,0.9362932443618774,1,0.0001237709220731631,0.06338518857955933,0.0001978049986064434,0.9362932443618774
iteration3,WEB10527.jpg,Both,Both,0.06575600057840347,0.9363592863082886,1,5.586775841948111e-06,0.015200589783489704,0.048434510827064514,0.9363592863082886
iteration3,WEB10528.jpg,Only_Fire,Only_Fire,0.24463871121406555,0.7829873561859131,1,1.4512954294332303e-05,0.7829873561859131,4.0889415686251596e-05,0.2169571816921234
iteration3,WEB10529.jpg,Both,Both,0.23113782703876495,0.793630063533783,1,9.530178431305103e-06,0.20629701018333435,6.340731488307938e-05,0.793630063533783
iteration3,WEB10530.jpg,Both,Both,0.051616717129945755,0.9496927857398987,1,2.224243189630215e-07,0.05015489459037781,0.00015209066623356193,0.9496927857398987
iteration3,WEB10531.jpg,Both,Both,0.13039624691009521,0.8777475357055664,1,0.0001329975639237091,0.0960778146982193,0.02604159526526928,0.8777475357055664
iteration3,WEB10532.jpg,Both,Both,0.6490862965583801,0.5225229859352112,1,1.5765693888170063e-06,0.4773605763912201,0.00011487837764434516,0.5225229859352112
iteration3,WEB10533.jpg,Both,Both,0.30780327320098877,0.735059916973114,1,0.015570015646517277,0.23592106997966766,0.013449014164507389,0.735059916973114
iteration3,WEB10534.jpg,Both,Both,0.3652293384075165,0.6940374374389648,1,1.0682420281682425e-08,0.3054114282131195,0.0005510711926035583,0.6940374374389648
iteration3,WEB10535.jpg,Both,Only_Fire,2.3561859130859375,0.9046120047569275,0,0.00034557146136648953,0.9046120047569275,0.00026148365577682853,0.0947810485959053
iteration3,WEB10536.jpg,Only_Smoke,Only_Smoke,0.002867755014449358,0.9971363544464111,1,0.0003828291082754731,0.0012145619839429855,0.9971363544464111,0.00126626284327358
iteration3,WEB10537.jpg,Both,Both,0.168350487947464,0.8450576066970825,1,4.622123742592521e-05,0.14732582867145538,0.007570352405309677,0.8450576066970825
iteration3,WEB10538.jpg,Both,Both,0.0025137036573141813,0.9974894523620605,1,5.2059746735722e-08,0.0020381740760058165,0.00047232676297426224,0.9974894523620605
iteration3,WEB10539.jpg,Both,Both,0.13829395174980164,0.870842695236206,1,0.0001108122305595316,0.03429853171110153,0.09474799036979675,0.870842695236206
iteration3,WEB10540.jpg,Both,Both,0.027859698981046677,0.9725248217582703,1,0.0002856735954992473,0.025446152314543724,0.0017434280598536134,0.9725248217582703
iteration3,WEB10541.jpg,Both,Both,0.0038127838633954525,0.9961944818496704,1,5.621625831508936e-09,0.003388698911294341,0.0004168552113696933,0.9961944818496704
iteration3,WEB10542.jpg,Both,Both,0.07233789563179016,0.9302165508270264,1,0.0005643185577355325,0.05039637163281441,0.018822787329554558,0.9302165508270264
iteration3,WEB10543.jpg,Both,Both,0.007517619989812374,0.9925105571746826,1,1.637794468933862e-07,0.00719845574349165,0.00029079228988848627,0.9925105571746826
iteration3,WEB10544.jpg,Both,Both,0.2200818657875061,0.8024531006813049,1,0.000128776126075536,0.19632649421691895,0.001091636368073523,0.8024531006813049
iteration3,WEB10545.jpg,Both,Only_Fire,1.6398952007293701,0.3620903491973877,0,0.10389750450849533,0.3620903491973877,0.34001171588897705,0.19400037825107574
iteration3,WEB10546.jpg,Both,Both,0.09884781390428543,0.9058805704116821,1,0.0032435087487101555,0.05774613842368126,0.033129751682281494,0.9058805704116821
iteration3,WEB10547.jpg,Both,Both,0.03599637374281883,0.9646437764167786,1,2.3967666038515745e-06,0.03195498138666153,0.0033988277427852154,0.9646437764167786
iteration3,WEB10548.jpg,Both,Both,0.09596055001020432,0.9084998369216919,1,2.9203050644355244e-07,0.005528810899704695,0.08597103506326675,0.9084998369216919
iteration3,WEB10549.jpg,Both,Both,0.005471966695040464,0.9945429563522339,1,2.2896243478953693e-07,0.0040581682696938515,0.0013986161211505532,0.9945429563522339
iteration3,WEB10550.jpg,Both,Both,0.005398931913077831,0.9946156144142151,1,1.7950922483578324e-05,0.003796772798523307,0.0015696962364017963,0.9946156144142151
iteration3,WEB10551.jpg,Both,Both,0.1260477751493454,0.8815727233886719,1,0.0003080551978200674,0.11424988508224487,0.0038693672977387905,0.8815727233886719
iteration3,WEB10552.jpg,Both,Only_Fire,4.296814441680908,0.9863676428794861,0,8.426422937191091e-06,0.9863676428794861,1.1996309694950469e-05,0.013611852191388607
iteration3,WEB10553.jpg,Both,Both,0.13133604824543,0.8769230246543884,1,1.3748119272349868e-05,0.12286140024662018,0.00020178817794658244,0.8769230246543884
iteration3,WEB10554.jpg,Only_Smoke,Only_Smoke,0.011844897642731667,0.988224983215332,1,3.8545604184037074e-06,0.0002579243155196309,0.988224983215332,0.011513258330523968
iteration3,WEB10555.jpg,Both,Both,0.14653077721595764,0.8636991381645203,1,7.348148210439831e-05,0.12481416761875153,0.011413131840527058,0.8636991381645203
iteration3,WEB10556.jpg,Both,Both,0.095415860414505,0.9089948534965515,1,0.0005512430216185749,0.039115242660045624,0.05133863538503647,0.9089948534965515
iteration3,WEB10557.jpg,Both,Both,0.2726494371891022,0.7613596320152283,1,0.030692320317029953,0.1366192251443863,0.07132881134748459,0.7613596320152283
iteration3,WEB10558.jpg,Both,Both,0.10180504620075226,0.9032056331634521,1,0.04684576019644737,0.03478630259633064,0.015162336640059948,0.9032056331634521
iteration3,WEB10559.jpg,Both,Both,0.0038278657011687756,0.996179461479187,1,8.410794727353732e-09,0.003028823994100094,0.0007917414768598974,0.996179461479187
iteration3,WEB10560.jpg,Both,Only_Fire,1.0630457401275635,0.6330656409263611,0,0.0007846236112527549,0.6330656409263611,0.02074749767780304,0.34540224075317383
iteration3,WEB10561.jpg,Both,Both,0.0057258871383965015,0.9942904710769653,1,2.476068038959056e-05,0.00524649303406477,0.0004383073537610471,0.9942904710769653
iteration3,WEB10562.jpg,Both,Both,0.04277926683425903,0.9581228494644165,1,6.219121132744476e-06,0.04080875962972641,0.0010621146066114306,0.9581228494644165
iteration3,WEB10563.jpg,Both,Both,0.5355311036109924,0.5853583216667175,1,0.006567341275513172,0.056842610239982605,0.35123172402381897,0.5853583216667175
iteration3,WEB10564.jpg,Both,Both,0.021719222888350487,0.9785149693489075,1,0.0001346570934401825,0.0011825886322185397,0.020167874172329903,0.9785149693489075
iteration3,WEB10565.jpg,Both,Both,0.02406168542802334,0.9762254953384399,1,2.040455683527398e-06,0.02321443520486355,0.0005580347497016191,0.9762254953384399
iteration3,WEB10566.jpg,Both,Both,0.006025245878845453,0.9939928650856018,1,1.1404032420614385e-06,0.003240060294046998,0.002765926066786051,0.9939928650856018
iteration3,WEB10567.jpg,Only_Fire,Only_Fire,0.13421796262264252,0.8743994832038879,1,0.0072987936437129974,0.8743994832038879,0.0018679361091926694,0.1164337620139122
iteration3,WEB10568.jpg,Both,Only_Smoke,1.1354316473007202,0.5449620485305786,0,0.04365875944495201,0.09009579569101334,0.5449620485305786,0.32128340005874634
iteration3,WEB10569.jpg,Both,Both,0.4259200394153595,0.6531685590744019,1,6.293299065873725e-06,0.3465750515460968,0.00025014017592184246,0.6531685590744019
iteration3,WEB10570.jpg,Both,Both,0.25904637575149536,0.7717872262001038,1,0.08063480257987976,0.06833261996507645,0.07924532890319824,0.7717872262001038
iteration3,WEB10571.jpg,Both,Both,0.011615621857345104,0.9884516000747681,1,1.9943688585044583e-06,0.0020932683255523443,0.00945310015231371,0.9884516000747681
iteration3,WEB10572.jpg,Both,Both,0.18781977891921997,0.828764021396637,1,6.624599109272822e-07,0.1710975617170334,0.00013770755322184414,0.828764021396637
iteration3,WEB10573.jpg,Both,Both,0.008398097939789295,0.9916370511054993,1,3.233948575598333e-08,0.0030933974776417017,0.0052695260383188725,0.9916370511054993
iteration3,WEB10574.jpg,Both,Both,0.020669421181082726,0.9795427322387695,1,1.5414858353324234e-05,0.020082805305719376,0.0003591106506064534,0.9795427322387695
iteration3,WEB10575.jpg,Both,Both,0.0003685271949507296,0.9996315240859985,1,4.2764750074475444e-10,0.00010917848703684285,0.0002592888777144253,0.9996315240859985
iteration3,WEB10576.jpg,Both,Both,0.018328236415982246,0.9818387031555176,1,1.6859964091509028e-07,0.0029410275164991617,0.015220195055007935,0.9818387031555176
iteration3,WEB10577.jpg,Both,Only_Smoke,1.6785979270935059,0.6777687072753906,0,0.014505941420793533,0.12108990550041199,0.6777687072753906,0.18663546442985535
iteration3,WEB10578.jpg,Both,Both,0.19046826660633087,0.8265720009803772,1,0.14213693141937256,0.013654783368110657,0.017636241391301155,0.8265720009803772
iteration3,WEB10579.jpg,Both,Both,0.006001428235322237,0.9940165281295776,1,0.00015124048513825983,0.004701277706772089,0.0011308582033962011,0.9940165281295776
iteration3,WEB10580.jpg,Both,Both,0.003183061955496669,0.9968219995498657,1,8.420480298809707e-06,0.0027011402416974306,0.00046844579628668725,0.9968219995498657
iteration3,WEB10581.jpg,Both,Both,0.18878771364688873,0.8279622793197632,1,0.12859290838241577,0.02617076225578785,0.017274169251322746,0.8279622793197632
iteration3,WEB10582.jpg,Both,Both,0.454883337020874,0.634522020816803,1,0.02194192260503769,0.1857181340456009,0.1578179895877838,0.634522020816803
iteration3,WEB10583.jpg,Both,Both,0.007572398986667395,0.9924561977386475,1,2.1808184147431575e-09,0.005029801279306412,0.0025139569770544767,0.9924561977386475
iteration3,WEB10584.jpg,Both,Both,0.13902732729911804,0.8702042698860168,1,0.00013860805484000593,0.12257064878940582,0.0070865401066839695,0.8702042698860168
iteration3,WEB10585.jpg,Both,Both,0.10938136279582977,0.8963885307312012,1,0.0012224270030856133,0.0642920508980751,0.03809703141450882,0.8963885307312012
iteration3,WEB10586.jpg,Both,Both,0.01564197614789009,0.9844797253608704,1,3.239966190449195e-06,0.011179104447364807,0.004337888676673174,0.9844797253608704
iteration3,WEB10587.jpg,Only_Fire,Only_Fire,0.4467674195766449,0.6396926641464233,1,0.0013667347375303507,0.6396926641464233,0.013044546358287334,0.34589606523513794
iteration3,WEB10588.jpg,Both,Only_Fire,1.9071133136749268,0.8513340353965759,0,1.5482828530366533e-05,0.8513340353965759,0.00014197459677234292,0.1485084444284439
iteration3,WEB10589.jpg,Both,Both,0.3189288079738617,0.7269272804260254,1,0.08314058184623718,0.08618760108947754,0.1037445142865181,0.7269272804260254
iteration3,WEB10590.jpg,Both,Both,0.3722289800643921,0.6891964077949524,1,4.298268777347403e-06,0.06996670365333557,0.24083258211612701,0.6891964077949524
iteration3,WEB10591.jpg,Only_Fire,Only_Fire,0.007165803108364344,0.9928597807884216,1,0.0001944156683748588,0.9928597807884216,0.0002170152438338846,0.006728739012032747
iteration3,WEB10592.jpg,Only_Fire,Only_Fire,0.008353294804692268,0.9916815161705017,1,0.0004247908073011786,0.9916815161705017,0.00016194104682654142,0.007731800898909569
iteration3,WEB10593.jpg,Both,Both,0.0473254956305027,0.9537768959999084,1,2.045812379947165e-06,0.004865660332143307,0.041355449706315994,0.9537768959999084
iteration3,WEB10594.jpg,Both,Only_Fire,0.9592480659484863,0.6073163151741028,0,0.0032018949277698994,0.6073163151741028,0.00630095275118947,0.3831808865070343
iteration3,WEB10595.jpg,Both,Only_Fire,1.3193528652191162,0.7283419370651245,0,0.00016482500359416008,0.7283419370651245,0.00418506097048521,0.26730820536613464
iteration3,WEB10596.jpg,Both,Both,0.0963774248957634,0.9081212282180786,1,1.8655258315902756e-07,0.08842528611421585,0.0034532910212874413,0.9081212282180786
iteration3,WEB10597.jpg,Both,Both,0.01724838651716709,0.9828994870185852,1,4.875349532085238e-06,0.0037182942032814026,0.013377340510487556,0.9828994870185852
iteration3,WEB10598.jpg,Both,Both,0.34140661358833313,0.7107698321342468,1,3.101606580457883e-07,0.28909340500831604,0.00013646786101162434,0.7107698321342468
iteration3,WEB10599.jpg,Both,Both,0.03710763901472092,0.9635723829269409,1,4.0403640014119446e-05,0.033952124416828156,0.00243503344245255,0.9635723829269409
iteration3,WEB10600.jpg,Both,Both,0.017827043309807777,0.9823309183120728,1,1.2640801287489012e-05,0.017199790105223656,0.00045671279076486826,0.9823309183120728
iteration3,WEB10601.jpg,Both,Both,0.007688336074352264,0.992341160774231,1,8.759529919188935e-06,0.007026053033769131,0.0006240232614800334,0.992341160774231
iteration3,WEB10602.jpg,Both,Both,0.016588732600212097,0.983548104763031,1,3.6684286897070706e-05,0.01110722217708826,0.005307936575263739,0.983548104763031
iteration3,WEB10603.jpg,Both,Both,0.003643661504611373,0.9963629841804504,1,2.5689096219139174e-06,0.003609986510127783,2.446633698127698e-05,0.9963629841804504
iteration3,WEB10604.jpg,Both,Both,0.011725553311407566,0.9883429408073425,1,0.00012357844389043748,0.0018131010001525283,0.009720428846776485,0.9883429408073425
iteration3,WEB10605.jpg,Both,Only_Fire,1.0295093059539795,0.6383940577507019,0,0.00019199945381842554,0.6383940577507019,0.004231753293424845,0.3571821451187134
iteration3,WEB10606.jpg,Only_Fire,Only_Fire,0.04419684037566185,0.9567655920982361,1,0.00013280460552778095,0.9567655920982361,0.005379841197282076,0.037721727043390274
iteration3,WEB10607.jpg,Both,Only_Smoke,1.488537073135376,0.7737600803375244,0,4.11692354873594e-07,0.0005369663704186678,0.7737600803375244,0.22570256888866425
iteration3,WEB10608.jpg,Both,Both,0.08724337071180344,0.916454017162323,1,7.408135570585728e-05,0.08277875185012817,0.0006932312971912324,0.916454017162323
iteration3,WEB10609.jpg,Both,Only_Fire,2.4288976192474365,0.9093763828277588,0,0.002087507164105773,0.9093763828277588,0.00040211304440163076,0.08813393861055374
iteration3,WEB10610.jpg,Both,Both,0.01716155931353569,0.9829848408699036,1,5.261375008558389e-06,0.01302334014326334,0.00398652907460928,0.9829848408699036
iteration3,WEB10611.jpg,Both,Both,0.05914140120148659,0.9425734877586365,1,0.01598922722041607,0.02829093299806118,0.013146416284143925,0.9425734877586365
iteration3,WEB10612.jpg,Both,Both,0.0037902200128883123,0.9962169528007507,1,5.430992322530415e-10,0.003726209746673703,5.690977559424937e-05,0.9962169528007507
iteration3,WEB10613.jpg,Both,Both,0.39287814497947693,0.6751109957695007,1,1.2162877283117268e-05,0.32459500432014465,0.0002818194043356925,0.6751109957695007
iteration3,WEB10614.jpg,Both,Both,0.39012259244918823,0.6769738793373108,1,2.232570523119648e-06,0.3222450017929077,0.0007789164665155113,0.6769738793373108
iteration3,WEB10615.jpg,Both,Both,0.001862459466792643,0.9981392621994019,1,5.5397805454049376e-08,0.001815773081034422,4.488123886403628e-05,0.9981392621994019
iteration3,WEB10616.jpg,Both,Both,0.17914420366287231,0.8359853625297546,1,6.586993350765624e-08,0.1637491136789322,0.00026538915699347854,0.8359853625297546
iteration3,WEB10617.jpg,Both,Both,0.09773047268390656,0.9068933129310608,1,0.0034084604121744633,0.0788063183426857,0.010891955345869064,0.9068933129310608
iteration3,WEB10618.jpg,Both,Both,0.023732755333185196,0.9765466451644897,1,1.0750753745014663e-06,0.019902104511857033,0.0035500742960721254,0.9765466451644897
iteration3,WEB10619.jpg,Both,Both,0.004476645030081272,0.9955333471298218,1,1.9551334844436496e-06,0.00392935099080205,0.0005353228189051151,0.9955333471298218
iteration3,WEB10620.jpg,Only_Fire,Only_Fire,0.15458419919013977,0.8567713499069214,1,0.00045875736395828426,0.8567713499069214,5.7215998822357506e-05,0.14271268248558044
iteration3,WEB10621.jpg,Both,Both,0.1441923826932907,0.8657211661338806,1,0.0012982951011508703,0.13197773694992065,0.0010027788812294602,0.8657211661338806
iteration3,WEB10622.jpg,Both,Both,0.4652426540851593,0.6279826760292053,1,0.006382078863680363,0.2775299847126007,0.0881052315235138,0.6279826760292053
iteration3,WEB10623.jpg,Both,Only_Fire,1.005922555923462,0.6319703459739685,0,8.779361814958975e-05,0.6319703459739685,0.0022347779013216496,0.3657070994377136
iteration3,WEB10624.jpg,Both,Both,0.13111169636249542,0.877119779586792,1,8.00386715127388e-06,0.111897312104702,0.010974809527397156,0.877119779586792
iteration3,WEB10625.jpg,Both,Both,0.1602022647857666,0.851971447467804,1,2.4631997348478762e-06,0.14199216663837433,0.00603394815698266,0.851971447467804
iteration3,WEB10626.jpg,Both,Both,0.15541186928749084,0.8560625314712524,1,5.342405529518146e-06,0.13799110054969788,0.005940996576100588,0.8560625314712524
iteration3,WEB10627.jpg,Both,Both,0.3885469436645508,0.678041398525238,1,0.0006946679204702377,0.16601914167404175,0.15524476766586304,0.678041398525238
iteration3,WEB10628.jpg,Both,Both,0.12791591882705688,0.8799273371696472,1,1.6801883475636714e-06,0.11110065877437592,0.008970234543085098,0.8799273371696472
iteration3,WEB10629.jpg,Both,Both,0.07057107239961624,0.9318615198135376,1,3.764108953419054e-07,0.06272812932729721,0.0054099345579743385,0.9318615198135376
iteration3,WEB10630.jpg,Both,Both,0.25073421001434326,0.7782291769981384,1,2.1665679014404304e-05,0.21870110929012299,0.003048109356313944,0.7782291769981384
iteration3,WEB10631.jpg,Both,Both,0.15926064550876617,0.8527740836143494,1,5.430247256299481e-05,0.1465550810098648,0.0006165755912661552,0.8527740836143494
iteration3,WEB10632.jpg,Both,Both,0.06270259618759155,0.9392227530479431,1,4.557621286949143e-05,0.05606796592473984,0.004663778003305197,0.9392227530479431
iteration3,WEB10633.jpg,Both,Both,0.14852489531040192,0.8619785308837891,1,8.405861962046401e-08,0.13801899552345276,2.3964496449480066e-06,0.8619785308837891
iteration3,WEB10634.jpg,Both,Both,0.35801780223846436,0.6990606188774109,1,4.5038270002351055e-08,0.3009372055530548,2.111479261657223e-06,0.6990606188774109
iteration3,WEB10635.jpg,Both,Both,0.1275707483291626,0.8802311420440674,1,1.6899998911412695e-07,0.11976522952318192,3.509766656861757e-06,0.8802311420440674
iteration3,WEB10636.jpg,Both,Only_Fire,2.517549753189087,0.9193360805511475,0,5.6659523295365943e-08,0.9193360805511475,6.8692188506247476e-06,0.0806570053100586
iteration3,WEB10637.jpg,Both,Both,0.1481986939907074,0.8622597455978394,1,2.7638541723717935e-05,0.12252161651849747,0.015190954320132732,0.8622597455978394
iteration3,WEB10638.jpg,Both,Both,0.3957561254501343,0.6731708645820618,1,2.8299570686840525e-08,0.32672667503356934,0.00010244824079563841,0.6731708645820618
iteration3,WEB10639.jpg,Both,Both,0.06000285595655441,0.94176185131073,1,1.126431836695474e-08,0.05803990736603737,0.00019822243484668434,0.94176185131073
iteration3,WEB10640.jpg,Both,Both,0.015473316423594952,0.9846457839012146,1,4.457911018107552e-06,0.013807324692606926,0.0015425013843923807,0.9846457839012146
iteration3,WEB10641.jpg,Only_Fire,Only_Fire,0.04857994616031647,0.9525811672210693,1,0.004774597939103842,0.9525811672210693,0.001054877764545381,0.0415893979370594
iteration3,WEB10642.jpg,Both,Only_Fire,1.694420576095581,0.8030173778533936,0,0.009204953908920288,0.8030173778533936,0.004071996081620455,0.1837056577205658
iteration3,WEB10643.jpg,Both,Both,0.0037997206673026085,0.9962074756622314,1,9.155649422609713e-06,0.0023181000724434853,0.0014652017271146178,0.9962074756622314
iteration3,WEB10644.jpg,Both,Both,0.00869937613606453,0.9913383722305298,1,1.2346813491603825e-05,0.004694553092122078,0.003954678308218718,0.9913383722305298
iteration3,WEB10645.jpg,Both,Both,0.05032356455922127,0.9509217143058777,1,7.406689110212028e-05,0.030771322548389435,0.018232857808470726,0.9509217143058777
iteration3,WEB10646.jpg,Both,Both,0.034951101988554,0.9656526446342468,1,4.821965194423683e-05,0.028465231880545616,0.005833916831761599,0.9656526446342468
iteration3,WEB10647.jpg,Both,Both,0.05544861778616905,0.9460606575012207,1,1.7215679690707475e-06,0.05383732542395592,0.00010034016304416582,0.9460606575012207
iteration3,WEB10648.jpg,Both,Only_Fire,0.9867995381355286,0.6258130669593811,0,6.617786857532337e-05,0.6258130669593811,0.0013529638526961207,0.3727678060531616
iteration3,WEB10649.jpg,Both,Only_Fire,0.8519981503486633,0.46821844577789307,0,0.09159943461418152,0.46821844577789307,0.013620365411043167,0.42656174302101135
iteration3,WEB10650.jpg,Both,Both,0.01302308402955532,0.9870613217353821,1,5.4135952609613014e-08,0.012180143967270851,0.000758376088924706,0.9870613217353821
iteration3,WEB10651.jpg,Both,Both,0.004491004627197981,0.9955190420150757,1,1.3351275356399128e-06,0.004377293400466442,0.00010226426820736378,0.9955190420150757
iteration3,WEB10652.jpg,Both,Both,0.015322824940085411,0.9847939610481262,1,1.612665272432423e-07,0.013389735482633114,0.0018160809995606542,0.9847939610481262
iteration3,WEB10653.jpg,Both,Only_Fire,3.0826311111450195,0.9541455507278442,0,6.419065812224289e-06,0.9541455507278442,9.497872270003427e-06,0.04583849757909775
iteration3,WEB10654.jpg,Both,Only_Fire,2.0528697967529297,0.8712520599365234,0,8.429175795754418e-05,0.8712520599365234,0.000297742139082402,0.12836599349975586
iteration3,WEB10655.jpg,Both,Both,0.11177115887403488,0.894248902797699,1,0.01232032012194395,0.05509020760655403,0.038340646773576736,0.894248902797699
iteration3,WEB10656.jpg,Both,Both,0.12870672345161438,0.8792318105697632,1,1.6789714209153317e-05,0.11944347620010376,0.0013079834170639515,0.8792318105697632
iteration3,WEB10657.jpg,Both,Both,0.04864569380879402,0.9525185227394104,1,1.311518280999735e-05,0.04521794617176056,0.0022503696382045746,0.9525185227394104
iteration3,WEB10658.jpg,Both,Both,0.1066863015294075,0.8988075852394104,1,1.2899100511276629e-05,0.10060831159353256,0.0005712075508199632,0.8988075852394104
iteration3,WEB10659.jpg,Both,Both,0.004752174485474825,0.9952591061592102,1,0.0008717651362530887,0.003832548623904586,3.653961539384909e-05,0.9952591061592102
iteration3,WEB10660.jpg,Both,Only_Fire,0.6934316158294678,0.5001355409622192,0,1.0402610683968305e-07,0.5001355409622192,6.510600542242173e-06,0.4998578131198883
iteration3,WEB10661.jpg,Both,Both,0.0009729895391501486,0.9990274906158447,1,1.0434533948000535e-07,0.0009532545227557421,1.9220768081140704e-05,0.9990274906158447
iteration3,WEB10662.jpg,Both,Both,0.06811860203742981,0.9341496825218201,1,1.6162458393864654e-07,0.06581777334213257,3.238491990487091e-05,0.9341496825218201
iteration3,WEB10663.jpg,Both,Both,0.012384183704853058,0.9876921772956848,1,1.2321056601649616e-05,0.012261434458196163,3.402887159609236e-05,0.9876921772956848
iteration3,WEB10664.jpg,Both,Both,0.05404262617230415,0.9473917484283447,1,2.2905700461706147e-05,0.012991383671760559,0.03959404304623604,0.9473917484283447
iteration3,WEB10665.jpg,Only_Fire,Only_Fire,0.041883863508701324,0.9589811563491821,1,3.341423871461302e-05,0.9589811563491821,0.0002549166965764016,0.04073052853345871
iteration3,WEB10666.jpg,Only_Fire,Both,2.8253724575042725,0.939298152923584,0,0.00024385716824326664,0.05928657576441765,0.0011713485000655055,0.939298152923584
iteration3,WEB10667.jpg,Both,Both,0.011349402368068695,0.9887147545814514,1,4.067040322297544e-07,0.0031501532066613436,0.008134628646075726,0.9887147545814514
iteration3,WEB10668.jpg,Both,Both,0.0067422278225421906,0.9932804703712463,1,3.0078886084083933e-06,0.0037289848551154137,0.0029874728061258793,0.9932804703712463
iteration3,WEB10669.jpg,Both,Both,0.19330058991909027,0.8242341876029968,1,3.6039412520949554e-07,0.17575307190418243,1.2422635336406529e-05,0.8242341876029968
iteration3,WEB10670.jpg,Both,Both,0.6370833516120911,0.5288326144218445,1,2.4362061594729312e-05,0.47111427783966064,2.8786145776393823e-05,0.5288326144218445
iteration3,WEB10671.jpg,Both,Both,0.07385893166065216,0.9288027286529541,1,0.002967049367725849,0.06347464770078659,0.004755593836307526,0.9288027286529541
iteration3,WEB10672.jpg,Both,Both,0.061555199325084686,0.9403010606765747,1,3.9071260289347265e-06,0.030424203723669052,0.029270831495523453,0.9403010606765747
iteration3,WEB10673.jpg,Both,Both,0.022286437451839447,0.9779600501060486,1,7.314096137633896e-07,0.01978728361427784,0.0022518234327435493,0.9779600501060486
iteration3,WEB10674.jpg,Both,Both,0.05498442426323891,0.9464998841285706,1,2.8937475349266606e-07,0.053331173956394196,0.0001686697214609012,0.9464998841285706
iteration3,WEB10675.jpg,Both,Both,0.3066047132015228,0.735941469669342,1,0.00012912749662064016,0.25798943638801575,0.005939994938671589,0.735941469669342
iteration3,WEB10676.jpg,Only_Fire,Both,0.752805233001709,0.500378429889679,0,0.016277382150292397,0.47104331851005554,0.012300863862037659,0.500378429889679
iteration3,WEB10677.jpg,Both,Only_Fire,0.9069792628288269,0.47798216342926025,0,0.01034409087151289,0.47798216342926025,0.10793168097734451,0.4037420153617859
iteration3,WEB10678.jpg,Both,Both,0.08801262825727463,0.9157493114471436,1,2.8402449970599264e-05,0.06997361034154892,0.01424868032336235,0.9157493114471436
iteration3,WEB10679.jpg,Both,Both,0.029009798541665077,0.9714069366455078,1,0.0004803885240107775,0.024154968559741974,0.003957713954150677,0.9714069366455078
iteration3,WEB10680.jpg,Both,Only_Fire,0.8761924505233765,0.5814374089241028,0,0.00024616331211291254,0.5814374089241028,0.0019511712016537786,0.41636523604393005
iteration3,WEB10681.jpg,Both,Both,0.00726190535351634,0.992764413356781,1,4.3266342686365533e-07,0.0070835985243320465,0.00015150354010984302,0.992764413356781
iteration3,WEB10682.jpg,Both,Both,0.14680255949497223,0.8634644150733948,1,0.00026229670038446784,0.1317959725856781,0.004477300681173801,0.8634644150733948
iteration3,WEB10683.jpg,Both,Both,0.004877810832113028,0.9951340556144714,1,8.4314322634782e-08,0.0045690895058214664,0.00029676759731955826,0.9951340556144714
iteration3,WEB10684.jpg,Both,Only_Fire,0.985019326210022,0.6233900189399719,0,0.0019618829246610403,0.6233900189399719,0.0012160842306911945,0.3734320104122162
iteration3,WEB10685.jpg,Both,Both,0.13177010416984558,0.8765425086021423,1,0.0002311862917849794,0.10959048569202423,0.01363588310778141,0.8765425086021423
iteration3,WEB10686.jpg,Both,Both,0.19727998971939087,0.8209607601165771,1,0.0007691876380704343,0.11911134421825409,0.0591588020324707,0.8209607601165771
iteration3,WEB10687.jpg,Both,Both,0.16773174703121185,0.8455806374549866,1,4.546299533103593e-05,0.152662456035614,0.0017115367809310555,0.8455806374549866
iteration3,WEB10688.jpg,Both,Both,0.05961400270462036,0.9421281218528748,1,1.3754138308286201e-05,0.05764957517385483,0.00020855548791587353,0.9421281218528748
iteration3,WEB10689.jpg,Both,Both,0.09820009768009186,0.9064674973487854,1,0.0005986258038319647,0.07269392907619476,0.020239943638443947,0.9064674973487854
iteration3,WEB10690.jpg,Both,Both,0.06560105830430984,0.9365044236183167,1,4.323882967582904e-05,0.0605245977640152,0.0029277626890689135,0.9365044236183167
iteration3,WEB10691.jpg,Both,Both,0.0025351073127239943,0.997468113899231,1,1.378968619292209e-07,0.002433737739920616,9.806111484067515e-05,0.997468113899231
iteration3,WEB10692.jpg,Both,Both,0.006591483019292355,0.9934301972389221,1,6.3716302065586206e-06,0.006438255775719881,0.0001252507499884814,0.9934301972389221
iteration3,WEB10693.jpg,Both,Both,0.003178665181621909,0.9968264102935791,1,5.361287662708492e-07,0.003146564355120063,2.6507315851631574e-05,0.9968264102935791
iteration3,WEB10694.jpg,Both,Both,0.00424804724752903,0.995760977268219,1,5.9295912251400296e-06,0.004167000763118267,6.606915121665224e-05,0.995760977268219
iteration3,WEB10695.jpg,Both,Both,0.00020930961181875318,0.9997907280921936,1,1.1593040305513114e-08,0.00016001828771550208,4.919825369142927e-05,0.9997907280921936
iteration3,WEB10696.jpg,Both,Both,0.003827746957540512,0.9961795806884766,1,1.215525230691128e-06,0.003644413547590375,0.00017476626089774072,0.9961795806884766
iteration3,WEB10697.jpg,Both,Both,0.015103034675121307,0.9850104451179504,1,3.711962790475809e-06,0.0149307269603014,5.508444883162156e-05,0.9850104451179504
iteration3,WEB10698.jpg,Both,Both,0.0041948664002120495,0.9958139061927795,1,8.901657565729693e-06,0.003530865302309394,0.0006462785531766713,0.9958139061927795
iteration3,WEB10699.jpg,Both,Both,0.002668274799361825,0.9973352551460266,1,2.4112032406264916e-06,0.002489053178578615,0.00017331128765363246,0.9973352551460266
iteration3,WEB10700.jpg,Both,Both,0.003516444470733404,0.9964897036552429,1,3.119183702438022e-07,0.003489276859909296,2.0672854589065537e-05,0.9964897036552429
iteration3,WEB10701.jpg,Both,Both,0.0020536540541797876,0.9979484677314758,1,7.751424391244655e-08,0.002032986842095852,1.8423290384816937e-05,0.9979484677314758
iteration3,WEB10702.jpg,Both,Both,0.0012379371328279376,0.998762845993042,1,5.998376764182467e-07,0.0007002431666478515,0.0005364011158235371,0.998762845993042
iteration3,WEB10703.jpg,Both,Both,0.3615373969078064,0.6966045498847961,1,6.449269130825996e-05,0.29483166337013245,0.00849923025816679,0.6966045498847961
iteration3,WEB10704.jpg,Only_Fire,Both,1.3424735069274902,0.6595685482025146,0,0.011285856366157532,0.2611987888813019,0.06794685870409012,0.6595685482025146
iteration3,WEB10705.jpg,Both,Both,0.0690610408782959,0.933269739151001,1,1.2145291293563787e-05,0.06633489578962326,0.0003832047223113477,0.933269739151001
iteration3,WEB10706.jpg,Both,Both,0.16822737455368042,0.8451616764068604,1,1.0660235716386524e-07,0.15474149584770203,9.671074076322839e-05,0.8451616764068604
iteration3,WEB10707.jpg,Both,Both,0.2930504083633423,0.7459845542907715,1,3.3721102226991206e-05,0.24939753115177155,0.004584272392094135,0.7459845542907715
iteration3,WEB10708.jpg,Both,Both,0.05140000581741333,0.9498986601829529,1,0.00013546021364163607,0.04694097116589546,0.003024942707270384,0.9498986601829529
iteration3,WEB10709.jpg,Both,Both,0.28136590123176575,0.7547520995140076,1,0.0028451750986278057,0.19595640897750854,0.04644627496600151,0.7547520995140076
iteration3,WEB10710.jpg,Both,Both,0.05857639014720917,0.9431061744689941,1,2.1789694073959254e-05,0.05544411018490791,0.001427948591299355,0.9431061744689941
iteration3,WEB10711.jpg,Both,Both,0.052074216306209564,0.9492583870887756,1,0.00010480001219548285,0.04922029748558998,0.0014165363973006606,0.9492583870887756
iteration3,WEB10712.jpg,Both,Both,0.19196763634681702,0.8253335952758789,1,4.33872673966107e-06,0.1744375377893448,0.00022448672098107636,0.8253335952758789
iteration3,WEB10713.jpg,Both,Both,0.09040813148021698,0.9135582447052002,1,8.454483577224892e-06,0.08606260269880295,0.0003706580027937889,0.9135582447052002
iteration3,WEB10714.jpg,Both,Both,0.04060163348913193,0.9602115750312805,1,0.0001949827274074778,0.037404343485832214,0.0021890667267143726,0.9602115750312805
iteration3,WEB10715.jpg,Both,Both,0.010888329707086086,0.9891707301139832,1,2.667092758201761e-06,0.009345869533717632,0.0014808009145781398,0.9891707301139832
iteration3,WEB10716.jpg,Only_Fire,Only_Smoke,1.1598045825958252,0.5106896162033081,0,0.11669952422380447,0.3135474622249603,0.5106896162033081,0.05906343460083008
iteration3,WEB10717.jpg,Only_Fire,Only_Fire,0.4284478724002838,0.6515195369720459,1,0.03255126625299454,0.6515195369720459,0.2897599935531616,0.026169192045927048
iteration3,WEB10718.jpg,Only_Smoke,Only_Fire,1.218577265739441,0.5791065692901611,0,0.03342646360397339,0.5791065692901611,0.29565051198005676,0.0918164774775505
iteration3,WEB10719.jpg,Only_Fire,Only_Fire,0.11985618621110916,0.8870480060577393,1,0.0005106833414174616,0.8870480060577393,0.008818693459033966,0.10362264513969421
iteration3,WEB10720.jpg,Both,Both,0.3970597982406616,0.6722938418388367,1,0.00018525097402743995,0.326264888048172,0.0012560251634567976,0.6722938418388367
iteration3,WEB10721.jpg,Both,Both,0.08479350060224533,0.9187019467353821,1,0.0002846756251528859,0.011625093407928944,0.06938829272985458,0.9187019467353821
iteration3,WEB10722.jpg,Both,Both,0.02590162865817547,0.9744309186935425,1,3.8104110444692196e-06,0.018840011209249496,0.006725262384861708,0.9744309186935425
iteration3,WEB10723.jpg,Both,Both,0.0038101710379123688,0.9961971044540405,1,9.985230462916661e-06,0.003587692743167281,0.0002052096970146522,0.9961971044540405
iteration3,WEB10724.jpg,Both,Both,0.5702334642410278,0.5653933882713318,1,0.0004081382357981056,0.43335244059562683,0.0008459450327791274,0.5653933882713318
iteration3,WEB10725.jpg,Both,Both,0.02372693456709385,0.9765523076057434,1,4.468601218832191e-06,0.01614508591592312,0.007298016920685768,0.9765523076057434
iteration3,WEB10726.jpg,Both,Both,0.10493389517068863,0.9003840684890747,1,1.7106215466355934e-07,0.09871748089790344,0.000898363592568785,0.9003840684890747
iteration3,WEB10727.jpg,Both,Both,0.019185569137334824,0.9809973239898682,1,6.00459570705425e-05,0.01761670783162117,0.0013260006671771407,0.9809973239898682
iteration3,WEB10728.jpg,Both,Both,0.1663837432861328,0.8467212319374084,1,0.00039706623647361994,0.15226182341575623,0.0006198931951075792,0.8467212319374084
iteration3,WEB10729.jpg,Both,Both,0.04171854257583618,0.9591397047042847,1,1.1998560694337357e-05,0.03292463719844818,0.007923693396151066,0.9591397047042847
iteration3,WEB10730.jpg,Both,Both,0.4720691442489624,0.6237103939056396,1,0.0007078825728967786,0.3727121949195862,0.0028695068322122097,0.6237103939056396
iteration3,WEB10731.jpg,Both,Both,0.17835628986358643,0.8366442918777466,1,0.002183119300752878,0.07292821258306503,0.08824439346790314,0.8366442918777466
iteration3,WEB10732.jpg,Both,Both,0.07711625844240189,0.9257822036743164,1,4.336573056207271e-06,0.07395772635936737,0.0002556926920078695,0.9257822036743164
iteration3,WEB10733.jpg,Both,Both,0.129891037940979,0.8781911134719849,1,7.44712406230974e-06,0.12076129019260406,0.0010401278268545866,0.8781911134719849
iteration3,WEB10734.jpg,Both,Both,0.32497453689575195,0.7225457429885864,1,2.5532954168738797e-06,0.2774356007575989,1.612394225958269e-05,0.7225457429885864
iteration3,WEB10735.jpg,Both,Both,0.03193065524101257,0.9685737490653992,1,9.84983472562817e-08,0.03139619529247284,2.987791594932787e-05,0.9685737490653992
iteration3,WEB10736.jpg,Both,Both,0.21168509125709534,0.809219479560852,1,0.0001363163028145209,0.18365319073200226,0.0069910455495119095,0.809219479560852
iteration3,WEB10737.jpg,Both,Both,0.08322770893573761,0.9201415777206421,1,2.2971803446125705e-06,0.07785426080226898,0.002001890679821372,0.9201415777206421
iteration3,WEB10738.jpg,Only_Fire,Both,2.012516975402832,0.8621846437454224,0,8.44387386678136e-07,0.13365186750888824,0.004162720404565334,0.8621846437454224
iteration3,WEB10739.jpg,Both,Both,0.02540445141494274,0.9749155044555664,1,5.260778479510009e-09,0.025083394721150398,9.984621556213824e-07,0.9749155044555664
iteration3,WEB10740.jpg,Both,Both,0.00023040501400828362,0.9997696280479431,1,3.026111805581877e-09,0.00022874936985317618,1.6948218899415224e-06,0.9997696280479431
iteration3,WEB10741.jpg,Both,Both,7.998623186722398e-05,0.9999200105667114,1,6.990847900567587e-10,7.801232277415693e-05,2.0795546333829407e-06,0.9999200105667114
iteration3,WEB10742.jpg,Both,Both,0.00024399164249189198,0.9997560381889343,1,1.4888860977446683e-10,0.00024257248151116073,1.48010735756543e-06,0.9997560381889343
iteration3,WEB10743.jpg,Both,Both,0.06866222620010376,0.9336419701576233,1,0.0002073179348371923,0.057474538683891296,0.008676151745021343,0.9336419701576233
iteration3,WEB10744.jpg,Both,Both,0.0003469580551609397,0.9996531009674072,1,1.8185858152719447e-07,0.00016234451322816312,0.0001844507351052016,0.9996531009674072
iteration3,WEB10745.jpg,Both,Both,0.002955238102003932,0.9970491528511047,1,2.9316249765543034e-06,0.0006674106698483229,0.0022805577609688044,0.9970491528511047
iteration3,WEB10746.jpg,Both,Both,0.00043442347669042647,0.9995656609535217,1,3.3550449529684556e-07,5.6508590205339715e-05,0.0003775720251724124,0.9995656609535217
iteration3,WEB10747.jpg,Both,Both,0.0002821285743266344,0.9997178912162781,1,6.557808962526224e-09,0.0002478446112945676,3.4166550904046744e-05,0.9997178912162781
iteration3,WEB10748.jpg,Both,Both,0.0025556781329214573,0.9974476099014282,1,1.9830056771752425e-05,0.000634464668110013,0.0018981255125254393,0.9974476099014282
iteration3,WEB10749.jpg,Both,Both,0.0002889215829782188,0.9997110962867737,1,3.498623613040763e-08,0.00016086451068986207,0.00012793279893230647,0.9997110962867737
iteration3,WEB10750.jpg,Both,Both,0.005586724728345871,0.9944288730621338,1,1.1117101017532605e-08,0.005520511884242296,5.0577480578795075e-05,0.9944288730621338
iteration3,WEB10751.jpg,Both,Both,0.1815176010131836,0.8340035676956177,1,0.0006784077268093824,0.021426653489470482,0.14389145374298096,0.8340035676956177
iteration3,WEB10752.jpg,Both,Both,0.09436322748661041,0.9099521636962891,1,1.7772745763977582e-07,0.09004224091768265,5.379000867833383e-06,0.9099521636962891
iteration3,WEB10753.jpg,Both,Both,0.011333843693137169,0.9887301325798035,1,8.322050604192555e-09,0.011265036650002003,4.81347888126038e-06,0.9887301325798035
iteration3,WEB10754.jpg,Both,Both,0.059641629457473755,0.9421020746231079,1,0.00015579337195958942,0.014721749350428581,0.04302040487527847,0.9421020746231079
iteration3,WEB10755.jpg,Both,Both,0.0016795588890090585,0.9983218312263489,1,3.767407219523733e-10,0.001677170628681779,9.67729192780098e-07,0.9983218312263489
iteration3,WEB10756.jpg,Both,Both,0.08470205217599869,0.9187859892845154,1,3.061108509427868e-05,0.0777592882514,0.0034241683315485716,0.9187859892845154
iteration3,WEB10757.jpg,Both,Only_Fire,1.8906797170639038,0.8474676012992859,0,0.0008861746173352003,0.8474676012992859,0.0006770916515961289,0.15096914768218994
iteration3,WEB10758.jpg,Both,Both,0.028305597603321075,0.9720912575721741,1,5.136134859640151e-05,0.0272799301892519,0.0005774089368060231,0.9720912575721741
iteration3,WEB10759.jpg,Both,Both,0.002514773979783058,0.9974883794784546,1,2.0190132232755786e-08,0.0025092915166169405,2.3476668502553366e-06,0.9974883794784546
iteration3,WEB10760.jpg,Both,Both,0.02722916752099991,0.9731382131576538,1,2.0520496036624536e-05,0.02568444237112999,0.0011568921618163586,0.9731382131576538
iteration3,WEB10761.jpg,Both,Both,0.0015160269103944302,0.9984851479530334,1,1.5135174891156566e-08,0.0003900884767062962,0.0011248211376369,0.9984851479530334
iteration3,WEB10762.jpg,Both,Both,0.055487751960754395,0.9460235834121704,1,0.0008831420564092696,0.040715742856264114,0.012377436272799969,0.9460235834121704
iteration3,WEB10763.jpg,Both,Both,0.09349885582923889,0.9107390642166138,1,5.385374606703408e-05,0.010859099216759205,0.07834789156913757,0.9107390642166138
iteration3,WEB10764.jpg,Both,Both,0.01303508598357439,0.9870495200157166,1,3.5320133520144736e-06,0.00962516013532877,0.0033218490425497293,0.9870495200157166
iteration3,WEB10765.jpg,Both,Both,0.004090751986950636,0.9959176182746887,1,6.674700236963815e-10,0.0033592109102755785,0.0007231837371364236,0.9959176182746887
iteration3,WEB10766.jpg,Both,Both,0.012742173857986927,0.987338662147522,1,2.36573873735324e-06,0.012337514199316502,0.00032146842568181455,0.987338662147522
iteration3,WEB10767.jpg,Both,Both,0.029973836615681648,0.9704709053039551,1,1.5692384636167844e-07,0.0054619815200567245,0.024066884070634842,0.9704709053039551
iteration3,WEB10768.jpg,Both,Both,0.003465482033789158,0.9965404868125916,1,3.602271547720193e-08,0.0006624353700317442,0.0027969961520284414,0.9965404868125916
iteration3,WEB10769.jpg,Both,Both,0.0010808822698891163,0.9989197254180908,1,1.3763846951064806e-08,0.0010393853299319744,4.094802352483384e-05,0.9989197254180908
iteration3,WEB10770.jpg,Both,Both,0.0030711174476891756,0.9969335794448853,1,1.3322636327472992e-09,0.0028969619888812304,0.0001694353559287265,0.9969335794448853
iteration3,WEB10771.jpg,Both,Both,0.06751875579357147,0.9347102046012878,1,1.1116974746983033e-05,0.058346059173345566,0.006932585500180721,0.9347102046012878
iteration3,WEB10772.jpg,Both,Both,0.05245945230126381,0.9488927721977234,1,3.6153742257738486e-06,0.0318005345761776,0.019303081557154655,0.9488927721977234
iteration3,WEB10773.jpg,Both,Both,0.05461381748318672,0.9468507170677185,1,6.540550202771556e-06,0.05184458568692207,0.0012981389882043004,0.9468507170677185
iteration3,WEB10774.jpg,Both,Only_Fire,5.39827823638916,0.9923396110534668,0,0.0010985690169036388,0.9923396110534668,0.002037408296018839,0.00452436413615942
iteration3,WEB10775.jpg,Both,Both,0.013296033255755901,0.9867919683456421,1,2.417316125047364e-08,0.0130538959056139,0.00015403192082885653,0.9867919683456421
iteration3,WEB10776.jpg,Both,Both,0.31270503997802734,0.7314656376838684,1,2.9649267162312753e-05,0.26622554659843445,0.0022791940718889236,0.7314656376838684
iteration3,WEB10777.jpg,Both,Both,0.0014640099834650755,0.9985370635986328,1,1.9789639793543756e-07,0.001427249051630497,3.55319534719456e-05,0.9985370635986328
iteration3,WEB10778.jpg,Both,Both,0.003741290420293808,0.996265709400177,1,1.2423687394402805e-06,0.00294522219337523,0.0007878431351855397,0.996265709400177
iteration3,WEB10779.jpg,Both,Both,0.0327967144548893,0.9677352905273438,1,5.623198262583173e-07,0.03218952566385269,7.460853521479294e-05,0.9677352905273438
iteration3,WEB10780.jpg,Both,Both,0.1438729166984558,0.8659977912902832,1,3.499474132695468e-07,0.1339874118566513,1.4434079275815748e-05,0.8659977912902832
iteration3,WEB10781.jpg,Both,Both,0.030520088970661163,0.9699409604072571,1,3.34187042483336e-08,0.02972385473549366,0.0003351407067384571,0.9699409604072571
iteration3,WEB10782.jpg,Both,Both,0.00018940561858471483,0.9998106360435486,1,9.003568557375274e-09,0.0001689808996161446,2.039711398538202e-05,0.9998106360435486
iteration3,WEB10783.jpg,Both,Both,0.0008632985409349203,0.9991371035575867,1,1.7658608797432862e-08,0.0008559786947444081,6.876748557260726e-06,0.9991371035575867
iteration3,WEB10784.jpg,Both,Both,0.00023231192608363926,0.9997677206993103,1,6.08881389752014e-09,0.00023003746173344553,2.2892459128343035e-06,0.9997677206993103
iteration3,WEB10785.jpg,Both,Both,0.0020935065113008022,0.9979087114334106,1,4.016895218228456e-06,0.001986664952710271,0.00010071096767205745,0.9979087114334106
iteration3,WEB10786.jpg,Both,Both,0.00014911970356479287,0.999850869178772,1,1.591078380158706e-08,0.00014496955554932356,4.199356226308737e-06,0.999850869178772
iteration3,WEB10787.jpg,Both,Both,0.00040284625720232725,0.9995972514152527,1,2.0633514896672978e-09,0.00037533973227255046,2.746167047007475e-05,0.9995972514152527
iteration3,WEB10788.jpg,Both,Both,0.0005814530304633081,0.9994187355041504,1,1.923250358970563e-08,0.0005695425206795335,1.1716696462826803e-05,0.9994187355041504
iteration3,WEB10789.jpg,Neither,Both,2.0306620597839355,0.35423386096954346,0,0.1312485933303833,0.19571270048618317,0.31880486011505127,0.35423386096954346
iteration3,WEB10790.jpg,Both,Both,0.0007110689766705036,0.9992891550064087,1,3.2298014929210694e-08,0.000658258970361203,5.250158210401423e-05,0.9992891550064087
iteration3,WEB10791.jpg,Both,Both,0.0002694958820939064,0.9997305274009705,1,3.912658286253645e-08,0.00025126460241153836,1.8136466678697616e-05,0.9997305274009705
iteration3,WEB10792.jpg,Both,Both,0.001278060139156878,0.9987227320671082,1,2.628559592210422e-08,0.0012528413208201528,2.440296702843625e-05,0.9987227320671082
iteration3,WEB10793.jpg,Both,Both,0.002123840618878603,0.9978784322738647,1,5.844088768469646e-09,0.002058976097032428,6.257958739297464e-05,0.9978784322738647
iteration3,WEB10794.jpg,Both,Both,0.003928445279598236,0.9960792660713196,1,7.314210392905807e-08,0.0038530321326106787,6.765349098714069e-05,0.9960792660713196
iteration3,WEB10795.jpg,Both,Both,0.0028872492257505655,0.9971169233322144,1,7.312014549398782e-09,0.002854317659512162,2.8716143788187765e-05,0.9971169233322144
iteration3,WEB10796.jpg,Both,Both,0.00018356545479036868,0.9998164772987366,1,2.1143824469049832e-09,0.00017874737386591733,4.720228844234953e-06,0.9998164772987366
iteration3,WEB10797.jpg,Both,Both,2.062299427052494e-05,0.9999793767929077,1,6.068092694988536e-10,1.6246853192569688e-05,4.362517756817397e-06,0.9999793767929077
iteration3,WEB10798.jpg,Both,Both,0.0010389650706201792,0.9989615678787231,1,4.202573109068908e-06,0.0005658328300341964,0.00046840414870530367,0.9989615678787231
iteration3,WEB10799.jpg,Both,Both,0.004462047480046749,0.995547890663147,1,7.240143077069661e-06,0.00020466117712203413,0.0042402776889503,0.995547890663147
iteration3,WEB10800.jpg,Both,Both,0.010393303819000721,0.9896605014801025,1,1.0826711331901606e-06,0.009403185918927193,0.0009351478074677289,0.9896605014801025
iteration3,WEB10801.jpg,Both,Both,0.0008850948070175946,0.9991152882575989,1,2.7065411245530413e-07,0.0007934615714475513,9.094020060729235e-05,0.9991152882575989
iteration3,WEB10802.jpg,Only_Smoke,Both,0.9766355752944946,0.5925343036651611,0,4.639274993678555e-05,0.030843397602438927,0.37657591700553894,0.5925343036651611
iteration3,WEB10803.jpg,Both,Both,0.005813476163893938,0.9942033886909485,1,4.824823918170296e-06,0.004064824432134628,0.0017269299132749438,0.9942033886909485
iteration3,WEB10804.jpg,Both,Both,0.008088570088148117,0.9919440746307373,1,8.923009175987318e-08,0.008040119893848896,1.57000122271711e-05,0.9919440746307373
iteration3,WEB10805.jpg,Both,Both,0.0012575822183862329,0.9987432360649109,1,3.8606330576840264e-08,0.0012524297926574945,4.406232164910762e-06,0.9987432360649109
iteration3,WEB10806.jpg,Both,Both,0.005237429868429899,0.9947762489318848,1,1.867635601726647e-09,0.000790171732660383,0.0044336263090372086,0.9947762489318848
iteration3,WEB10807.jpg,Both,Both,0.0038899718783795834,0.9961175918579102,1,3.5730811642764593e-09,0.003852869849652052,2.9506682039937004e-05,0.9961175918579102
iteration3,WEB10808.jpg,Both,Only_Fire,1.3588675260543823,0.7305871248245239,0,0.004521566443145275,0.7305871248245239,0.007939728908240795,0.25695160031318665
iteration3,WEB10809.jpg,Only_Fire,Only_Fire,0.3439689576625824,0.708950936794281,1,1.9972699192294385e-06,0.708950936794281,0.00039776790072210133,0.29064926505088806
iteration3,WEB10810.jpg,Both,Both,0.1109924390912056,0.894945502281189,1,7.40130853955634e-05,0.10100580751895905,0.003974765073508024,0.894945502281189
iteration3,WEB10811.jpg,Both,Both,0.0009573881980031729,0.9990430474281311,1,1.7220577319676522e-06,0.00022451514087151736,0.0007307161577045918,0.9990430474281311
iteration3,WEB10812.jpg,Both,Both,0.01679764688014984,0.9833426475524902,1,2.186799429182429e-05,0.016378255560994148,0.00025729654589667916,0.9833426475524902
iteration3,WEB10813.jpg,Both,Both,0.2458457052707672,0.7820428609848022,1,0.00015351323236245662,0.18763257563114166,0.03017103113234043,0.7820428609848022
iteration3,WEB10814.jpg,Both,Both,0.16358892619609833,0.8490909934043884,1,1.8934532590719755e-06,0.01454245112836361,0.13636468350887299,0.8490909934043884
iteration3,WEB10815.jpg,Both,Both,0.05792747437953949,0.9437183737754822,1,2.4411444883298827e-06,0.000681303150486201,0.05559790879487991,0.9437183737754822
iteration3,WEB10816.jpg,Both,Both,0.007454555016011,0.9925731420516968,1,4.021961103717331e-06,0.006838350556790829,0.0005845741252414882,0.9925731420516968
iteration3,WEB10817.jpg,Both,Both,0.02057693526148796,0.9796333312988281,1,0.0009088792721740901,0.013913096860051155,0.005544701591134071,0.9796333312988281
iteration3,WEB10818.jpg,Only_Fire,Only_Fire,0.00037400881410576403,0.9996260404586792,1,3.6949880932724e-09,0.9996260404586792,4.37281180154514e-08,0.0003739699022844434
iteration3,WEB10819.jpg,Only_Fire,Only_Fire,0.00017951308109331876,0.9998205304145813,1,6.925143679836765e-05,0.9998205304145813,3.7642590200448467e-07,0.00010984241089317948
iteration3,WEB10820.jpg,Only_Fire,Only_Fire,0.08770179003477097,0.9160339832305908,1,0.0005605870392173529,0.9160339832305908,0.0002551033394411206,0.08315028995275497
iteration3,WEB10821.jpg,Both,Both,0.13794757425785065,0.8711443543434143,1,4.3314159370311245e-07,0.11248722672462463,0.016367994248867035,0.8711443543434143
iteration3,WEB10822.jpg,Both,Both,0.017956316471099854,0.9822039604187012,1,3.911913779575116e-07,0.017114313319325447,0.0006814115331508219,0.9822039604187012
iteration3,WEB10823.jpg,Both,Both,0.0225418359041214,0.9777103066444397,1,4.514787121934205e-07,0.02039128728210926,0.0018979156157001853,0.9777103066444397
iteration3,WEB10824.jpg,Both,Both,0.008432497270405293,0.9916029572486877,1,2.856327796507685e-07,0.006606047507375479,0.0017907085129991174,0.9916029572486877
iteration3,WEB10825.jpg,Only_Fire,Only_Fire,0.0024882566649466753,0.9975148439407349,1,0.00031012468389235437,0.9975148439407349,4.6744284190936014e-05,0.002128320513293147
iteration3,WEB10826.jpg,Only_Fire,Only_Fire,0.5686614513397217,0.5662829279899597,1,7.821249141670705e-07,0.5662829279899597,4.552754035103135e-05,0.4336707592010498
iteration3,WEB10827.jpg,Only_Fire,Only_Fire,0.03352058678865433,0.9670349955558777,1,0.006103400606662035,0.9670349955558777,0.00151381257455796,0.025347771123051643
iteration3,WEB10828.jpg,Only_Fire,Only_Fire,0.00014053787162993103,0.9998594522476196,1,1.2581218470586464e-05,0.9998594522476196,2.2177442588144913e-05,0.00010576786735327914
iteration3,WEB10829.jpg,Only_Fire,Only_Fire,0.0006370898918248713,0.999363124370575,1,1.412542951584328e-05,0.999363124370575,0.00029003864619880915,0.0003326981095597148
iteration3,WEB10830.jpg,Only_Fire,Only_Fire,9.250213042832911e-05,0.9999074935913086,1,8.192095606318617e-07,0.9999074935913086,1.4826416645519203e-06,9.025126928463578e-05
iteration3,WEB10831.jpg,Only_Fire,Only_Fire,0.003057212568819523,0.9969474673271179,1,8.86886368789419e-08,0.9969474673271179,2.8111944629927166e-06,0.0030497496481984854
iteration3,WEB10832.jpg,Both,Both,0.6375927925109863,0.5285632610321045,1,0.00012839572445955127,0.46570292115211487,0.0056053944863379,0.5285632610321045
iteration3,WEB10833.jpg,Both,Both,0.07523934543132782,0.9275214672088623,1,4.1344195778947324e-05,0.07218984514474869,0.0002472998748999089,0.9275214672088623
iteration3,WEB10834.jpg,Both,Both,0.15298748016357422,0.8581404685974121,1,8.634385153527546e-07,0.1418469101190567,1.17671734187752e-05,0.8581404685974121
iteration3,WEB10835.jpg,Both,Both,0.005988038145005703,0.9940298795700073,1,1.0323229844289017e-06,0.0057324739173054695,0.00023664975014980882,0.9940298795700073
iteration3,WEB10836.jpg,Both,Both,0.026552269235253334,0.9737971425056458,1,1.5332949260482565e-05,0.026055950671434402,0.00013165273412596434,0.9737971425056458
iteration3,WEB10837.jpg,Both,Only_Fire,1.1249433755874634,0.6752943992614746,0,2.6940881070913747e-05,0.6752943992614746,7.841440492484253e-06,0.3246708810329437
iteration3,WEB10838.jpg,Both,Both,0.029900256544351578,0.970542311668396,1,1.9076658645644784e-05,0.028867334127426147,0.0005712329293601215,0.970542311668396
iteration3,WEB10839.jpg,Only_Fire,Only_Fire,0.00345015712082386,0.9965558052062988,1,3.391800055396743e-05,0.9965558052062988,1.2027539014525246e-05,0.0033981786109507084
iteration3,WEB10840.jpg,Both,Both,0.007980603724718094,0.9920511841773987,1,7.462532636282049e-08,0.001742818276397884,0.006205962970852852,0.9920511841773987
iteration3,WEB10841.jpg,Both,Only_Fire,3.372488021850586,0.9655854105949402,0,1.8121065750165144e-06,0.9655854105949402,0.00010852164268726483,0.0343041867017746
iteration3,WEB10842.jpg,Both,Both,0.027934473007917404,0.9724521040916443,1,2.372658855165355e-06,0.025766780599951744,0.001778678153641522,0.9724521040916443
iteration3,WEB10843.jpg,Both,Both,0.01935933157801628,0.9808268547058105,1,2.518839039566956e-07,0.0035762356128543615,0.015596695244312286,0.9808268547058105
iteration3,WEB10844.jpg,Both,Both,0.029162179678678513,0.9712589383125305,1,8.058593721216312e-07,0.018771367147564888,0.009968922473490238,0.9712589383125305
iteration3,WEB10845.jpg,Both,Both,0.03142595291137695,0.9690626859664917,1,3.7102045098436065e-06,0.02982298843562603,0.0011106337187811732,0.9690626859664917
iteration3,WEB10846.jpg,Only_Fire,Only_Fire,0.0012035276740789413,0.9987971782684326,1,3.8978414522716776e-06,0.9987971782684326,4.998420990887098e-06,0.001193828647956252
iteration3,WEB10847.jpg,Only_Fire,Only_Fire,0.011580624617636204,0.9884861707687378,1,0.003176509402692318,0.9884861707687378,0.005157867446541786,0.0031794339884072542
iteration3,WEB10848.jpg,Only_Fire,Only_Fire,0.006916746497154236,0.9931071400642395,1,0.0001682994479779154,0.9931071400642395,0.00012499428703449667,0.006599645595997572
iteration3,WEB10849.jpg,Both,Both,0.04463927820324898,0.9563423991203308,1,8.128493936965242e-05,0.03475029766559601,0.008825981058180332,0.9563423991203308
iteration3,WEB10850.jpg,Both,Both,0.1383698284626007,0.8707765936851501,1,1.0774440539762509e-07,0.1288672536611557,0.00035605166340246797,0.8707765936851501
iteration3,WEB10851.jpg,Both,Both,0.06771986186504364,0.9345222115516663,1,2.9530875167438353e-07,0.06542327255010605,5.41607805644162e-05,0.9345222115516663
iteration3,WEB10852.jpg,Both,Both,0.06200862303376198,0.9398747682571411,1,2.9701136554649565e-06,0.052002593874931335,0.008119611069560051,0.9398747682571411
iteration3,WEB10853.jpg,Both,Both,0.04941151663661003,0.951789379119873,1,1.1059058124374133e-05,0.03984180837869644,0.008357768878340721,0.951789379119873
iteration3,WEB10854.jpg,Both,Both,0.40478697419166565,0.6671189069747925,1,1.2585711374413222e-05,0.3312561511993408,0.0016123013338074088,0.6671189069747925
iteration3,WEB10855.jpg,Both,Both,0.1588626652956009,0.8531135320663452,1,1.1724331670848187e-05,0.1423806995153427,0.004494006279855967,0.8531135320663452
iteration3,WEB10856.jpg,Both,Both,0.2531629800796509,0.7763413190841675,1,1.9323739252286032e-05,0.22089941799640656,0.0027399458922445774,0.7763413190841675
iteration3,WEB10857.jpg,Both,Both,0.15884171426296234,0.8531314134597778,1,2.0104742361581884e-05,0.142967090010643,0.0038814512081444263,0.8531314134597778
iteration3,WEB10858.jpg,Both,Both,0.022694041952490807,0.9775615334510803,1,2.645362684461361e-08,0.02210141532123089,0.0003369550104252994,0.9775615334510803
iteration3,WEB10859.jpg,Both,Both,0.05181006342172623,0.9495092034339905,1,6.9758869791769484e-09,0.05027107149362564,0.00021968501096125692,0.9495092034339905
iteration3,WEB10860.jpg,Both,Only_Fire,1.5841102600097656,0.7893800139427185,0,0.0003133989230263978,0.7893800139427185,0.005176362115889788,0.2051302194595337
iteration3,WEB10861.jpg,Both,Only_Fire,1.6338613033294678,0.8006596565246582,0,0.00043270434252917767,0.8006596565246582,0.0037330929189920425,0.19517450034618378
iteration3,WEB10862.jpg,Both,Both,0.37227022647857666,0.6891679763793945,1,0.0047614919021725655,0.004357119090855122,0.30171340703964233,0.6891679763793945
iteration3,WEB10863.jpg,Both,Both,0.03576647490262985,0.9648655652999878,1,0.0016320178983733058,0.02910117246210575,0.0044012065045535564,0.9648655652999878
iteration3,WEB10864.jpg,Both,Both,0.007603750564157963,0.9924250841140747,1,2.1041857962700306e-06,0.006114095449447632,0.0014587591867893934,0.9924250841140747
iteration3,WEB10865.jpg,Both,Both,0.010333370417356491,0.989719808101654,1,1.3710213409012795e-08,0.00974621344357729,0.0005339532508514822,0.989719808101654
iteration3,WEB10866.jpg,Both,Both,0.002709410386160016,0.9972942471504211,1,5.634856137248789e-09,0.002534150844439864,0.00017153503722511232,0.9972942471504211
iteration3,WEB10867.jpg,Both,Both,0.06870051473379135,0.9336062669754028,1,0.0007112027378752828,0.061904728412628174,0.0037778557743877172,0.9336062669754028
iteration3,WEB10868.jpg,Both,Both,0.0074053313583135605,0.9926220178604126,1,3.890366997438832e-07,0.004669881425797939,0.0027077598497271538,0.9926220178604126
iteration3,WEB10869.jpg,Both,Both,0.0011010067537426949,0.9988995790481567,1,3.5096283568236686e-07,0.0008721605991013348,0.0002278719184687361,0.9988995790481567
iteration3,WEB10870.jpg,Both,Both,0.04437053203582764,0.9565994143486023,1,7.328070950052279e-08,0.001128542935475707,0.042272038757801056,0.9565994143486023
iteration3,WEB10871.jpg,Both,Both,0.007100940681993961,0.9929242134094238,1,7.291153281130391e-08,0.0010631612967699766,0.006012578960508108,0.9929242134094238
iteration3,WEB10872.jpg,Both,Only_Smoke,0.8425494432449341,0.4866366684436798,0,0.0038825301453471184,0.07886943966150284,0.4866366684436798,0.4306113123893738
iteration3,WEB10873.jpg,Both,Both,0.0312324371188879,0.9692502617835999,1,0.0002906157751567662,0.026961807161569595,0.0034973344299942255,0.9692502617835999
iteration3,WEB10874.jpg,Both,Both,0.0043173679150640965,0.9956919550895691,1,7.889914286351996e-07,0.0038549050223082304,0.00045238694292493165,0.9956919550895691
iteration3,WEB10875.jpg,Both,Both,0.01976625993847847,0.9804278016090393,1,4.8505262384423986e-05,0.003189430572092533,0.01633423939347267,0.9804278016090393
iteration3,WEB10876.jpg,Both,Both,0.012371350079774857,0.987704873085022,1,1.6955002957175225e-09,0.01108388788998127,0.0012112719705328345,0.987704873085022
iteration3,WEB10877.jpg,Both,Both,0.026322392746806145,0.9740210175514221,1,2.7678437618305907e-05,0.00274367886595428,0.02320750616490841,0.9740210175514221
iteration3,WEB10878.jpg,Both,Both,0.025882462039589882,0.974449634552002,1,6.30894282949157e-05,0.010890818201005459,0.014596482738852501,0.974449634552002
iteration3,WEB10879.jpg,Both,Both,0.27868035435676575,0.7567817568778992,1,0.00018087818170897663,0.1608508974313736,0.08218647539615631,0.7567817568778992
iteration3,WEB10880.jpg,Both,Both,0.00589051004499197,0.9941267967224121,1,6.39083275189023e-09,0.005598451942205429,0.0002747163234744221,0.9941267967224121
iteration3,WEB10881.jpg,Both,Both,0.025333788245916367,0.9749844074249268,1,9.514410521660466e-07,0.016666261479258537,0.008348295465111732,0.9749844074249268
iteration3,WEB10882.jpg,Both,Both,0.012603984214365482,0.9874750971794128,1,7.117285463209555e-07,0.006557023152709007,0.00596720352768898,0.9874750971794128
iteration3,WEB10883.jpg,Both,Both,0.11704069375991821,0.8895490169525146,1,6.175470389280235e-06,0.10630862414836884,0.004136208910495043,0.8895490169525146
iteration3,WEB10884.jpg,Both,Both,0.016926702111959457,0.9832157492637634,1,0.0019053126452490687,0.007855507545173168,0.007023415993899107,0.9832157492637634
iteration3,WEB10885.jpg,Both,Both,0.025667188689112663,0.9746594429016113,1,3.070788079639897e-05,0.023599892854690552,0.0017100038239732385,0.9746594429016113
iteration3,WEB10886.jpg,Both,Both,0.20843622088432312,0.8118528127670288,1,7.280527370312484e-06,0.1840130239725113,0.004126852378249168,0.8118528127670288
iteration3,WEB10887.jpg,Both,Both,0.1942806988954544,0.8234267234802246,1,0.0006807963363826275,0.16252495348453522,0.013367458246648312,0.8234267234802246
iteration3,WEB10888.jpg,Both,Both,0.10844538360834122,0.8972278833389282,1,0.00016161393432412297,0.10072675347328186,0.0018837809329852462,0.8972278833389282
iteration3,WEB10889.jpg,Both,Both,0.053442634642124176,0.9479603171348572,1,0.008049171417951584,0.021637022495269775,0.02235350012779236,0.9479603171348572
iteration3,WEB10890.jpg,Both,Both,0.0016139827203005552,0.998387336730957,1,3.7170045743550872e-06,0.0010235313093289733,0.000585462199524045,0.998387336730957
iteration3,WEB10891.jpg,Both,Both,0.0888635441660881,0.9149703979492188,1,0.004045729525387287,0.035197753459215164,0.0457860566675663,0.9149703979492188
iteration3,WEB10892.jpg,Both,Both,0.21461942791938782,0.8068484663963318,1,0.0452348068356514,0.1356406956911087,0.012275977060198784,0.8068484663963318
iteration3,WEB10893.jpg,Both,Both,0.0697232335805893,0.932651937007904,1,0.022783800959587097,0.0393303819000721,0.005233908537775278,0.932651937007904
iteration3,WEB10894.jpg,Both,Both,0.1886565387248993,0.828070878982544,1,0.04411281272768974,0.10702531039714813,0.020790984854102135,0.828070878982544
iteration3,WEB10895.jpg,Only_Fire,Both,1.4929938316345215,0.7713293433189392,0,6.083695552661084e-06,0.22469893097877502,0.0039655533619225025,0.7713293433189392
iteration3,WEB10896.jpg,Both,Both,0.17567430436611176,0.8388911485671997,1,9.680105904408265e-06,0.16061700880527496,0.0004821401962544769,0.8388911485671997
iteration3,WEB10897.jpg,Both,Both,0.007145327050238848,0.9928801655769348,1,4.699596684076823e-05,0.0039926860481500626,0.0030801815446466208,0.9928801655769348
iteration3,WEB10898.jpg,Only_Smoke,Both,1.2416049242019653,0.586633563041687,0,0.07180234044790268,0.052643902599811554,0.28892016410827637,0.586633563041687
iteration3,WEB10899.jpg,Both,Both,0.006325936410576105,0.993694007396698,1,4.59103102912195e-06,0.00231711333617568,0.003984187729656696,0.993694007396698
iteration3,WEB10900.jpg,Both,Both,0.24146078526973724,0.7854796051979065,1,0.10367761552333832,0.020784197375178337,0.09005852043628693,0.7854796051979065
iteration3,WEB10901.jpg,Only_Fire,Only_Fire,0.0006549597019329667,0.9993452429771423,1,0.00011864099360536784,0.9993452429771423,5.032411081629107e-06,0.0005311166169121861
iteration3,WEB10902.jpg,Both,Both,0.0010658780811354518,0.9989346861839294,1,0.00016136190970428288,0.0006761405384168029,0.0002278171305079013,0.9989346861839294
iteration3,WEB10903.jpg,Both,Both,0.33472999930381775,0.7155312299728394,1,0.000718188879545778,0.28248003125190735,0.001270572072826326,0.7155312299728394
iteration3,WEB10904.jpg,Both,Both,0.21040676534175873,0.8102545738220215,1,0.0023584363516420126,0.008622919209301472,0.17876404523849487,0.8102545738220215
iteration3,WEB10905.jpg,Only_Fire,Only_Fire,0.18736699223518372,0.8291394114494324,1,0.015370200388133526,0.8291394114494324,0.0010026523377746344,0.154487743973732
iteration3,WEB10906.jpg,Only_Fire,Only_Fire,0.09088882803916931,0.9131191968917847,1,0.008995525538921356,0.9131191968917847,0.0020320401526987553,0.075853131711483
iteration3,WEB10907.jpg,Both,Both,0.026798920705914497,0.9735569953918457,1,1.5970395907061175e-05,0.026174558326601982,0.0002524990413803607,0.9735569953918457
iteration3,WEB10908.jpg,Both,Both,0.008926013484597206,0.9911137223243713,1,0.00018752187315840274,0.00747667858377099,0.001222125836648047,0.9911137223243713
iteration3,WEB10909.jpg,Both,Both,0.0017585780005902052,0.998242974281311,1,2.2576719516109733e-07,0.0015287877758964896,0.00022796831035520881,0.998242974281311
iteration3,WEB10910.jpg,Both,Both,0.005034388974308968,0.9949782490730286,1,3.9669812395004556e-05,0.004310216289013624,0.0006719030207023025,0.9949782490730286
iteration3,WEB10911.jpg,Only_Fire,Both,1.9234764575958252,0.8033578991889954,0,0.0003054329426959157,0.14609818160533905,0.05023849755525589,0.8033578991889954
iteration3,WEB10912.jpg,Only_Fire,Only_Fire,0.17728006839752197,0.8375451564788818,1,0.0005025292048230767,0.8375451564788818,0.007455634884536266,0.15449661016464233
iteration3,WEB10913.jpg,Both,Both,0.2171846330165863,0.8047813773155212,1,8.648113180242945e-06,0.1951816827058792,2.827449316100683e-05,0.8047813773155212
iteration3,WEB10914.jpg,Only_Fire,Only_Fire,0.0016586130950599909,0.998342752456665,1,5.055090878158808e-05,0.998342752456665,9.370612588099902e-07,0.0016057640314102173
iteration3,WEB10915.jpg,Only_Fire,Only_Fire,0.0028769078198820353,0.9971272349357605,1,4.273895683581941e-05,0.9971272349357605,4.011457349406555e-06,0.002826024778187275
iteration3,WEB10916.jpg,Only_Fire,Only_Fire,0.09850812703371048,0.9061883091926575,1,1.1816565574918059e-06,0.9061883091926575,2.3906522983452305e-06,0.09380808472633362
iteration3,WEB10917.jpg,Both,Both,0.6021967530250549,0.5476073622703552,1,5.5936857279448304e-06,0.4517184793949127,0.0006685737171210349,0.5476073622703552
iteration3,WEB10918.jpg,Only_Fire,Only_Fire,0.0015412606298923492,0.9984599351882935,1,9.5779489583947e-07,0.9984599351882935,1.172679048977443e-06,0.0015379483811557293
iteration3,WEB10919.jpg,Both,Both,0.17927703261375427,0.8358743190765381,1,0.006399623118340969,0.14013855159282684,0.017587538808584213,0.8358743190765381
iteration3,WEB10920.jpg,Both,Both,0.2979911267757416,0.7423079013824463,1,0.04292989894747734,0.19131989777088165,0.023442333564162254,0.7423079013824463
iteration3,WEB10921.jpg,Both,Both,0.12970487773418427,0.8783546090126038,1,9.848969057202339e-05,0.11868204921483994,0.002864894922822714,0.8783546090126038
iteration3,WEB10922.jpg,Both,Both,0.016318323090672493,0.9838141202926636,1,8.669811904837843e-06,0.003834853880107403,0.012342405505478382,0.9838141202926636
iteration3,WEB10923.jpg,Both,Both,0.022792624309659004,0.9774651527404785,1,0.0008116320241242647,0.008008573204278946,0.013714584521949291,0.9774651527404785
iteration3,WEB10924.jpg,Both,Both,0.13777890801429749,0.8712912797927856,1,0.025718405842781067,0.04835020378232002,0.054639991372823715,0.8712912797927856
iteration3,WEB10925.jpg,Both,Both,0.07007849961519241,0.9323206543922424,1,1.5494399121962488e-05,0.012891067191958427,0.05477287620306015,0.9323206543922424
iteration3,WEB10926.jpg,Both,Both,0.031659048050642014,0.9688368439674377,1,1.6037495242926525e-06,0.028243491426110268,0.0029181295540183783,0.9688368439674377
iteration3,WEB10927.jpg,Both,Both,0.008274204097688198,0.9917599558830261,1,0.004143111407756805,0.0012901322916150093,0.002806899370625615,0.9917599558830261
iteration3,WEB10928.jpg,Both,Both,0.00023862851958256215,0.9997614026069641,1,6.349513569148257e-05,0.00016031373525038362,1.4762787031941116e-05,0.9997614026069641
iteration3,WEB10929.jpg,Both,Both,0.00037996700848452747,0.9996200799942017,1,3.377685425220989e-05,0.0002552716468926519,9.085755300475284e-05,0.9996200799942017
iteration3,WEB10930.jpg,Both,Both,0.006660049315541983,0.9933620691299438,1,0.00045663677155971527,0.005234644748270512,0.0009465676848776639,0.9933620691299438
iteration3,WEB10931.jpg,Both,Both,0.07344607263803482,0.929186224937439,1,0.032938409596681595,0.01717085763812065,0.020704487338662148,0.929186224937439
iteration3,WEB10932.jpg,Both,Both,0.02792983688414097,0.9724565744400024,1,6.582608421012992e-06,0.023705532774329185,0.003831295296549797,0.9724565744400024
iteration3,WEB10933.jpg,Both,Both,0.05564912036061287,0.9458709955215454,1,0.00014213712711352855,0.038268182426691055,0.015718616545200348,0.9458709955215454
iteration3,WEB10934.jpg,Both,Both,0.02057483419775963,0.9796353578567505,1,2.6899149929704436e-07,0.014261721633374691,0.006102588959038258,0.9796353578567505
iteration3,WEB10935.jpg,Both,Both,0.010744458995759487,0.9893130660057068,1,0.0001984753762371838,0.0023467158898711205,0.008141802623867989,0.9893130660057068
iteration3,WEB10936.jpg,Both,Both,0.00724545493721962,0.9927807450294495,1,1.1115471352241002e-05,0.004025323782116175,0.0031828749924898148,0.9927807450294495
iteration3,WEB10937.jpg,Both,Both,0.05775916203856468,0.9438772201538086,1,0.0004148163425270468,0.03882264718413353,0.01688532903790474,0.9438772201538086
iteration3,WEB10938.jpg,Both,Both,0.001974539365619421,0.9980273842811584,1,4.389879450172884e-06,0.0018542418256402016,0.00011404744145693257,0.9980273842811584
iteration3,WEB10939.jpg,Both,Both,0.002152389846742153,0.9978499412536621,1,1.3362634490476921e-05,0.0019287419272586703,0.0002080580306937918,0.9978499412536621
iteration3,WEB10940.jpg,Both,Both,0.09335575252771378,0.9108694195747375,1,0.0032398728653788567,0.06083814799785614,0.025052623823285103,0.9108694195747375
iteration3,WEB10941.jpg,Both,Both,0.11105111986398697,0.8948929905891418,1,0.005107200238853693,0.07001522183418274,0.029984567314386368,0.8948929905891418
iteration3,WEB10942.jpg,Both,Both,0.0026167933829128742,0.997386634349823,1,0.0010461007477715611,0.0006833309889771044,0.0008839709335006773,0.997386634349823
iteration3,WEB10943.jpg,Both,Both,0.0025505651719868183,0.9974526762962341,1,0.00013746543845627457,0.0019224731950089335,0.0004874207661487162,0.9974526762962341
iteration3,WEB10944.jpg,Both,Only_Fire,1.3363642692565918,0.7173716425895691,0,0.014055948704481125,0.7173716425895691,0.005772956181317568,0.2627994120121002
iteration3,WEB10945.jpg,Both,Both,0.12141808122396469,0.885663628578186,1,2.5335077225463465e-05,0.027958931401371956,0.08635213226079941,0.885663628578186
iteration3,WEB10946.jpg,Both,Both,0.13896456360816956,0.8702588677406311,1,0.0013700281269848347,0.04223789647221565,0.08613324165344238,0.8702588677406311
iteration3,WEB10947.jpg,Both,Both,0.05415363609790802,0.9472865462303162,1,9.830569615587592e-05,0.027421357110142708,0.02519376389682293,0.9472865462303162
iteration3,WEB10948.jpg,Both,Neither,1.0975955724716187,0.5930955410003662,0,0.5930955410003662,0.005541588645428419,0.06769046187400818,0.3336724042892456
iteration3,WEB10949.jpg,Both,Both,0.47638434171676636,0.6210247278213501,1,0.29068607091903687,0.014110947959125042,0.07417824119329453,0.6210247278213501
iteration3,WEB10950.jpg,Both,Neither,0.8329858779907227,0.5082648396492004,0,0.5082648396492004,0.004280016757547855,0.052705876529216766,0.4347492754459381
iteration3,WEB10951.jpg,Both,Both,0.20758360624313354,0.8125452995300293,1,0.00012865071767009795,0.18633732199668884,0.0009887702763080597,0.8125452995300293
iteration3,WEB10952.jpg,Both,Both,0.6109240055084229,0.542849063873291,1,0.0008955450030043721,0.39978015422821045,0.05647525563836098,0.542849063873291
iteration3,WEB10953.jpg,Both,Only_Fire,1.0308791399002075,0.6026337146759033,0,0.039334747940301895,0.6026337146759033,0.0013383368495851755,0.35669323801994324
iteration3,WEB10954.jpg,Only_Fire,Both,3.238827705383301,0.9416542053222656,0,9.826217137742788e-07,0.03920983895659447,0.01913496106863022,0.9416542053222656
iteration3,WEB10955.jpg,Both,Both,0.428219735622406,0.6516681909561157,1,0.006589531898498535,0.3228965997695923,0.018845705315470695,0.6516681909561157
iteration3,WEB10956.jpg,Both,Both,0.25794124603271484,0.7726406455039978,1,1.1820881809398998e-05,0.22692936658859253,0.00041818313184194267,0.7726406455039978
iteration3,WEB10957.jpg,Both,Both,0.002080420730635524,0.9979217648506165,1,1.835656462390034e-06,0.00202460796572268,5.186820635572076e-05,0.9979217648506165
iteration3,WEB10958.jpg,Both,Both,0.007921352051198483,0.9921099543571472,1,6.409210584479297e-08,0.007857835851609707,3.205217217328027e-05,0.9921099543571472
iteration3,WEB10959.jpg,Both,Both,0.014378511346876621,0.9857243895530701,1,0.00023164774756878614,0.013228146359324455,0.0008158186101354659,0.9857243895530701
iteration3,WEB10960.jpg,Both,Both,0.09979841858148575,0.9050198197364807,1,0.014018877409398556,0.060913875699043274,0.020047448575496674,0.9050198197364807
iteration3,WEB10961.jpg,Only_Fire,Only_Fire,0.01823880895972252,0.9819265007972717,1,0.0003603739314712584,0.9819265007972717,7.761589949950576e-05,0.01763547956943512
iteration3,WEB10962.jpg,Only_Fire,Only_Fire,0.005542269442230463,0.9944730401039124,1,5.021050583309261e-06,0.9944730401039124,3.2027746783569455e-05,0.005489799194037914
iteration3,WEB10963.jpg,Only_Fire,Only_Fire,0.017757598310709,0.9823991656303406,1,0.0056630345061421394,0.9823991656303406,0.000624066567979753,0.011313702911138535
iteration3,WEB10964.jpg,Only_Fire,Only_Fire,0.5634093284606934,0.5692649483680725,1,1.364637864753604e-05,0.5692649483680725,0.0003406162722967565,0.43038082122802734
iteration3,WEB10965.jpg,Only_Fire,Only_Fire,0.018077611923217773,0.9820848107337952,1,0.006077365484088659,0.9820848107337952,0.002305735368281603,0.00953211821615696
iteration3,WEB10966.jpg,Only_Fire,Only_Fire,0.00374045898206532,0.9962665438652039,1,0.0010302746668457985,0.9962665438652039,0.0003127770614810288,0.0023904021363705397
iteration3,WEB10967.jpg,Only_Fire,Only_Fire,0.029452059417963028,0.9709774255752563,1,0.0163828544318676,0.9709774255752563,0.001830137800425291,0.010809565894305706
iteration3,WEB10968.jpg,Only_Smoke,Only_Smoke,0.5300154685974121,0.5885958671569824,1,0.0006047807401046157,0.0963570848107338,0.5885958671569824,0.3144422471523285
iteration3,WEB10969.jpg,Only_Smoke,Only_Smoke,0.48862096667289734,0.6134718060493469,1,0.0027348031289875507,0.033861953765153885,0.6134718060493469,0.34993141889572144
iteration3,WEB10970.jpg,Only_Smoke,Only_Smoke,0.07638153433799744,0.9264626502990723,1,0.06866584718227386,0.002848266391083598,0.9264626502990723,0.002023241715505719
iteration3,WEB10971.jpg,Only_Smoke,Only_Smoke,0.03812805563211441,0.962589681148529,1,0.013551930896937847,0.002494386164471507,0.962589681148529,0.02136397920548916
iteration3,WEB10972.jpg,Only_Smoke,Only_Smoke,0.22517205774784088,0.7983788251876831,1,0.017616353929042816,0.0028369573410600424,0.7983788251876831,0.1811678260564804
iteration3,WEB10973.jpg,Only_Smoke,Only_Smoke,0.04816412925720215,0.9529773592948914,1,0.0003525723295751959,0.004431963432580233,0.9529773592948914,0.04223800450563431
iteration3,WEB10974.jpg,Both,Only_Smoke,1.3243921995162964,0.7308881282806396,0,0.00016114638128783554,0.002986092818900943,0.7308881282806396,0.2659645676612854
iteration3,WEB10975.jpg,Only_Smoke,Only_Smoke,0.11374030262231827,0.8924897313117981,1,0.10682278126478195,0.0001142164837801829,0.8924897313117981,0.0005732965655624866
iteration3,WEB10976.jpg,Only_Fire,Only_Smoke,2.9454903602600098,0.5618172883987427,0,0.0005835610791109502,0.052576273679733276,0.5618172883987427,0.385022908449173
iteration3,WEB10977.jpg,Only_Smoke,Only_Smoke,0.016945337876677513,0.9831974506378174,1,0.01248648390173912,8.544945012545213e-05,0.9831974506378174,0.004230639431625605
iteration3,WEB10978.jpg,Only_Fire,Both,5.937004089355469,0.9180115461349487,0,5.183134703656833e-07,0.002639926504343748,0.07934800535440445,0.9180115461349487
iteration3,WEB10979.jpg,Only_Smoke,Only_Smoke,0.06567317247390747,0.9364368915557861,1,6.037841160377866e-08,0.00018751638708636165,0.9364368915557861,0.06337546557188034
iteration3,WEB10980.jpg,Only_Smoke,Only_Smoke,0.13957853615283966,0.8697247505187988,1,0.00035515468334779143,0.00405987910926342,0.8697247505187988,0.12586021423339844
iteration3,WEB10981.jpg,Only_Smoke,Only_Smoke,0.10805458575487137,0.8975785970687866,1,0.05504674091935158,0.01050992589443922,0.8975785970687866,0.03686477988958359
iteration3,WEB10982.jpg,Both,Both,0.2333570420742035,0.7918707728385925,1,0.024458711966872215,0.030937880277633667,0.15273253619670868,0.7918707728385925
iteration3,WEB10983.jpg,Only_Smoke,Both,1.0828642845153809,0.6497666239738464,0,0.0019538539927452803,0.009655289351940155,0.3386242091655731,0.6497666239738464
iteration3,WEB10984.jpg,Only_Smoke,Both,1.3805663585662842,0.6975235342979431,0,0.018087847158312798,0.03295254334807396,0.25143611431121826,0.6975235342979431
iteration3,WEB10985.jpg,Only_Smoke,Both,1.2868150472640991,0.7191746830940247,0,1.900999814097304e-05,0.004657417070120573,0.2761489152908325,0.7191746830940247
iteration3,WEB10986.jpg,Both,Both,0.05373968183994293,0.9476787447929382,1,9.973724445444532e-06,0.009623303078114986,0.042687926441431046,0.9476787447929382
iteration3,WEB10987.jpg,Both,Both,0.09574348479509354,0.9086970686912537,1,4.116023046663031e-05,0.038547731935977936,0.052714087069034576,0.9086970686912537
iteration3,WEB10988.jpg,Both,Both,0.01427568681538105,0.9858257174491882,1,0.0017846579430624843,0.010972668416798115,0.0014169554924592376,0.9858257174491882
iteration3,WEB10989.jpg,Only_Smoke,Both,1.1380786895751953,0.6429685950279236,0,0.002710340078920126,0.033886928111314774,0.3204340934753418,0.6429685950279236
iteration3,WEB10990.jpg,Both,Both,0.1538425236940384,0.8574070334434509,1,0.00038942319224588573,0.07791515439748764,0.0642884224653244,0.8574070334434509
iteration3,WEB10991.jpg,Both,Both,0.13806107640266418,0.8710454702377319,1,2.9661445296369493e-05,0.0026174811646342278,0.12630736827850342,0.8710454702377319
iteration3,WEB10992.jpg,Both,Neither,3.012685537338257,0.8698486089706421,0,0.8698486089706421,0.006611361633986235,0.07438059896230698,0.04915947839617729
iteration3,WEB10993.jpg,Both,Both,0.11115800589323044,0.8947973847389221,1,2.033424607361667e-05,0.004618505015969276,0.10056380182504654,0.8947973847389221
iteration3,WEB10994.jpg,Only_Smoke,Only_Smoke,0.26092103123664856,0.7703417539596558,1,0.00026937987422570586,0.003627888858318329,0.7703417539596558,0.2257610410451889
iteration3,WEB10995.jpg,Both,Both,0.00067223358200863,0.9993280172348022,1,1.1542294231503547e-07,0.0002566406619735062,0.0004152682959102094,0.9993280172348022
iteration3,WEB10996.jpg,Both,Both,0.2598426043987274,0.7711729407310486,1,2.9105478915880667e-06,0.2280379682779312,0.0007861920166760683,0.7711729407310486
iteration3,WEB10997.jpg,Only_Smoke,Only_Smoke,0.10090214014053345,0.9040215015411377,1,0.08756890892982483,0.0064955344423651695,0.9040215015411377,0.0019140185322612524
iteration3,WEB10998.jpg,Only_Smoke,Only_Smoke,0.1444156914949417,0.865527868270874,1,0.013819743879139423,0.009062128141522408,0.865527868270874,0.11159021407365799
iteration3,WEB10999.jpg,Both,Only_Smoke,1.5262702703475952,0.7699305415153503,0,0.008422965183854103,0.004301707725971937,0.7699305415153503,0.21734477579593658
iteration3,WEB11000.jpg,Only_Smoke,Only_Smoke,0.03463206812739372,0.9659607410430908,1,0.004508395679295063,0.004156502895057201,0.9659607410430908,0.02537429705262184
iteration3,WEB11001.jpg,Only_Smoke,Only_Smoke,0.008764134719967842,0.9912741780281067,1,0.0026248469948768616,0.0057897260412573814,0.9912741780281067,0.00031122544896788895
iteration3,WEB11002.jpg,Both,Both,0.8046084046363831,0.44726303219795227,1,0.06507795304059982,0.26278921961784363,0.2248697727918625,0.44726303219795227
iteration3,WEB11003.jpg,Both,Only_Smoke,0.7732537984848022,0.5181752443313599,0,0.008404967375099659,0.011910800822079182,0.5181752443313599,0.46150898933410645
iteration3,WEB11004.jpg,Only_Smoke,Only_Smoke,0.2980351150035858,0.7422752976417542,1,0.020885372534394264,0.0818851962685585,0.7422752976417542,0.15495418012142181
iteration3,WEB11005.jpg,Both,Both,0.0668376013636589,0.9353470802307129,1,1.2464455721783452e-05,0.004703117534518242,0.05993727222084999,0.9353470802307129
iteration3,WEB11006.jpg,Both,Both,0.0206645168364048,0.9795475602149963,1,7.563853159808787e-06,0.008803317323327065,0.01164159830659628,0.9795475602149963
iteration3,WEB11007.jpg,Only_Smoke,Both,2.1463639736175537,0.7228115200996399,0,0.01653173193335533,0.1437482237815857,0.1169084757566452,0.7228115200996399
iteration3,WEB11008.jpg,Only_Smoke,Only_Fire,4.741211891174316,0.43558764457702637,0,0.27213674783706665,0.43558764457702637,0.008728064596652985,0.2835475206375122
iteration3,WEB11009.jpg,Both,Only_Smoke,3.2660017013549805,0.6910723447799683,0,0.06427926570177078,0.20648975670337677,0.6910723447799683,0.03815868869423866
iteration3,WEB11010.jpg,Only_Smoke,Only_Smoke,0.06836757063865662,0.9339171051979065,1,2.1255184037727304e-05,0.007380155846476555,0.9339171051979065,0.05868140235543251
iteration3,WEB11011.jpg,Only_Smoke,Only_Smoke,0.05896115303039551,0.9427434206008911,1,7.414489664370194e-05,0.004188422579318285,0.9427434206008911,0.05299397557973862
iteration3,WEB11012.jpg,Only_Smoke,Only_Smoke,0.016058631241321564,0.9840696454048157,1,0.002659848891198635,0.0005818603676743805,0.9840696454048157,0.012688570655882359
iteration3,WEB11013.jpg,Only_Smoke,Only_Smoke,0.004413269460201263,0.9955964684486389,1,8.968671636466752e-07,0.0003998383763246238,0.9955964684486389,0.00400270102545619
iteration3,WEB11014.jpg,Only_Smoke,Only_Smoke,0.011979775503277779,0.9880917072296143,1,0.0006252884049899876,0.00047887186519801617,0.9880917072296143,0.010804081335663795
iteration3,WEB11015.jpg,Only_Smoke,Neither,3.940751075744629,0.9720155596733093,0,0.9720155596733093,0.002293686382472515,0.01943361386656761,0.006257142871618271
iteration3,WEB11016.jpg,Only_Smoke,Only_Smoke,0.18010234832763672,0.8351847529411316,1,0.00041329042869620025,0.010934891179203987,0.8351847529411316,0.15346713364124298
iteration3,WEB11017.jpg,Only_Smoke,Only_Smoke,0.054136134684085846,0.9473031163215637,1,4.4409451220417395e-05,0.0006631534779444337,0.9473031163215637,0.051989298313856125
iteration3,WEB11018.jpg,Only_Smoke,Only_Smoke,0.3744713366031647,0.6876527070999146,1,0.0005076632951386273,0.05806054174900055,0.6876527070999146,0.2537790536880493
iteration3,WEB11019.jpg,Only_Smoke,Only_Smoke,0.3165907561779022,0.7286288738250732,1,0.00020567793399095535,0.01568719372153282,0.7286288738250732,0.25547826290130615
iteration3,WEB11020.jpg,Only_Smoke,Only_Smoke,0.027564603835344315,0.9728118181228638,1,4.393169001559727e-05,0.0010216733207926154,0.9728118181228638,0.02612251788377762
iteration3,WEB11021.jpg,Only_Smoke,Only_Smoke,0.004227392375469208,0.9957815408706665,1,0.0003691293823067099,0.0011796536855399609,0.9957815408706665,0.002669651759788394
iteration3,WEB11022.jpg,Only_Smoke,Only_Smoke,0.06455489248037338,0.9374846816062927,1,0.000471750769065693,0.03211282193660736,0.9374846816062927,0.029930787160992622
iteration3,WEB11023.jpg,Only_Smoke,Only_Smoke,0.015285257250070572,0.9848309755325317,1,0.0013165309792384505,0.003272290574386716,0.9848309755325317,0.010580258443951607
iteration3,WEB11024.jpg,Only_Smoke,Only_Smoke,0.0018479428254067898,0.9981537461280823,1,0.0016428468516096473,0.00010407572699477896,0.9981537461280823,9.927745850291103e-05
iteration3,WEB11025.jpg,Only_Smoke,Neither,0.7951501607894897,0.547366201877594,0,0.547366201877594,0.00023634335957467556,0.451513409614563,0.0008840442751534283
iteration3,WEB11026.jpg,Only_Smoke,Only_Smoke,0.0008780676289461553,0.9991223216056824,1,0.00019913130381610245,5.13109152961988e-05,0.9991223216056824,0.0006272144382819533
iteration3,WEB11027.jpg,Only_Smoke,Only_Smoke,0.010144460014998913,0.9899068474769592,1,0.0012360549299046397,0.0002765475364867598,0.9899068474769592,0.008580567315220833
iteration3,WEB11028.jpg,Only_Smoke,Both,0.8328717947006226,0.5537267923355103,0,4.749489562527742e-06,0.011469641700387001,0.43479880690574646,0.5537267923355103
iteration3,WEB11029.jpg,Only_Smoke,Only_Smoke,0.5145676136016846,0.5977590084075928,1,9.057405918611039e-07,0.008881949819624424,0.5977590084075928,0.39335814118385315
iteration3,WEB11030.jpg,Both,Both,0.04326719790697098,0.9576554894447327,1,1.4089044952925178e-06,0.0008875402854755521,0.04145566746592522,0.9576554894447327
iteration3,WEB11031.jpg,Only_Smoke,Only_Smoke,0.22613075375556946,0.797613799571991,1,0.11001601815223694,0.002563618356361985,0.797613799571991,0.08980658650398254
iteration3,WEB11032.jpg,Both,Only_Smoke,0.9524503946304321,0.5903041362762451,0,0.0001360067690256983,0.0237653236836195,0.5903041362762451,0.3857945203781128
iteration3,WEB11033.jpg,Only_Smoke,Only_Smoke,0.018828943371772766,0.9813472032546997,1,1.6749623682699166e-05,0.0020572408102452755,0.9813472032546997,0.016578800976276398
iteration3,WEB11034.jpg,Only_Smoke,Only_Smoke,0.16347475349903107,0.849187970161438,1,3.441075750743039e-05,0.0013989282306283712,0.849187970161438,0.1493786722421646
iteration3,WEB11035.jpg,Only_Smoke,Only_Smoke,0.27931922674179077,0.7562984228134155,1,0.003522696439176798,0.022778291255235672,0.7562984228134155,0.21740058064460754
iteration3,WEB11036.jpg,Both,Both,0.3390447795391083,0.7124505639076233,1,3.847632251563482e-05,0.059543024748563766,0.22796790301799774,0.7124505639076233
iteration3,WEB11037.jpg,Only_Smoke,Only_Smoke,0.16029590368270874,0.8518916964530945,1,0.05056915059685707,0.026670709252357483,0.8518916964530945,0.07086853682994843
iteration3,WEB11038.jpg,Both,Only_Smoke,2.5262393951416016,0.9045294523239136,0,0.0032750996761024,0.012236311100423336,0.9045294523239136,0.07995914667844772
iteration3,WEB11039.jpg,Only_Smoke,Only_Smoke,0.027723582461476326,0.9726572036743164,1,6.3540086557623e-05,0.0007374698761850595,0.9726572036743164,0.02654178999364376
iteration3,WEB11040.jpg,Both,Both,0.28951093554496765,0.7486295700073242,1,0.010680506937205791,0.010828270576894283,0.22986160218715668,0.7486295700073242
iteration3,WEB11041.jpg,Only_Smoke,Only_Smoke,0.0008055302896536887,0.9991948008537292,1,1.885516986988023e-08,7.205513247754425e-05,0.9991948008537292,0.0007332055829465389
iteration3,WEB11042.jpg,Only_Smoke,Only_Fire,5.585213661193848,0.7754852175712585,0,0.1371467411518097,0.7754852175712585,0.0037529475521296263,0.08361515402793884
iteration3,WEB11043.jpg,Both,Only_Smoke,1.8087069988250732,0.7575715780258179,0,0.00026375893503427505,0.07829882204532623,0.7575715780258179,0.16386587917804718
iteration3,WEB11044.jpg,Only_Smoke,Only_Smoke,0.07044453173875809,0.9319794178009033,1,0.017250122502446175,0.015339248813688755,0.9319794178009033,0.035431183874607086
iteration3,WEB11045.jpg,Only_Smoke,Only_Smoke,0.21243926882743835,0.8086094260215759,1,0.022194016724824905,0.04357237368822098,0.8086094260215759,0.1256241798400879
iteration3,WEB11046.jpg,Only_Smoke,Only_Smoke,0.020109467208385468,0.980091392993927,1,0.01747805066406727,0.0007641425472684205,0.980091392993927,0.0016664229333400726
iteration3,WEB11047.jpg,Only_Smoke,Only_Smoke,0.03431212902069092,0.966269850730896,1,0.0026131803169846535,0.023268455639481544,0.966269850730896,0.007848469540476799
iteration3,WEB11048.jpg,Only_Smoke,Only_Smoke,0.03154401108622551,0.9689483046531677,1,0.012441061437129974,0.001150256721302867,0.9689483046531677,0.017460374161601067
iteration3,WEB11049.jpg,Only_Smoke,Only_Smoke,0.0409647673368454,0.9598629474639893,1,0.007940388284623623,0.004277109168469906,0.9598629474639893,0.02791960909962654
iteration3,WEB11050.jpg,Both,Both,0.26408568024635315,0.7679077386856079,1,4.936438926961273e-06,0.008108621463179588,0.22397875785827637,0.7679077386856079
iteration3,WEB11051.jpg,Only_Smoke,Only_Smoke,0.026358038187026978,0.9739863276481628,1,0.01579788699746132,0.0013496093451976776,0.9739863276481628,0.008866178803145885
iteration3,WEB11052.jpg,Both,Both,0.05178618058562279,0.9495318531990051,1,7.338280556723475e-05,0.002403728198260069,0.04799092188477516,0.9495318531990051
iteration3,WEB11053.jpg,Both,Only_Fire,1.08204984664917,0.6585296988487244,0,0.0014897928340360522,0.6585296988487244,0.0010803727200254798,0.3389001190662384
iteration3,WEB11054.jpg,Both,Both,0.017843788489699364,0.9823144674301147,1,3.0459582376352046e-06,0.0005739685148000717,0.01710859313607216,0.9823144674301147
iteration3,WEB11055.jpg,Both,Both,0.057456325739622116,0.9441631436347961,1,0.00024061946896836162,0.013999063521623611,0.04159713163971901,0.9441631436347961
iteration3,WEB11056.jpg,Only_Smoke,Only_Smoke,0.3236169219017029,0.7235273718833923,1,0.09279241412878036,0.052555572241544724,0.7235273718833923,0.13112467527389526
iteration3,WEB11057.jpg,Both,Both,0.10091744363307953,0.9040076732635498,1,0.007843046449124813,0.03417597711086273,0.05397334694862366,0.9040076732635498
iteration3,WEB11058.jpg,Only_Smoke,Both,1.2295267581939697,0.647709310054779,0,0.007540399208664894,0.05231938138604164,0.29243093729019165,0.647709310054779
iteration3,WEB11059.jpg,Only_Smoke,Only_Smoke,0.026616346091032028,0.9737347364425659,1,5.971330210741144e-06,0.0002796534390654415,0.9737347364425659,0.02597973309457302
iteration3,WEB11060.jpg,Only_Smoke,Only_Smoke,0.059087350964546204,0.9426244497299194,1,0.0011564712040126324,0.0005047896411269903,0.9426244497299194,0.05571427196264267
iteration3,WEB11061.jpg,Only_Smoke,Only_Smoke,0.008189667947590351,0.9918437600135803,1,1.8795147127548262e-07,0.00042251497507095337,0.9918437600135803,0.007733442354947329
iteration3,WEB11062.jpg,Only_Smoke,Only_Smoke,0.03570413216948509,0.9649257659912109,1,0.0005686720833182335,0.0005216176505200565,0.9649257659912109,0.0339839793741703
iteration3,WEB11063.jpg,Only_Smoke,Only_Smoke,0.20181460678577423,0.8172464370727539,1,0.00166579510550946,0.010433265008032322,0.8172464370727539,0.17065444588661194
iteration3,WEB11064.jpg,Only_Smoke,Only_Smoke,0.07132883369922638,0.9311556220054626,1,0.025269009172916412,0.010273582302033901,0.9311556220054626,0.03330177068710327
iteration3,WEB11065.jpg,Only_Smoke,Only_Smoke,0.0006663962849415839,0.9993337988853455,1,2.011197921092389e-06,0.00013445375952869654,0.9993337988853455,0.0005297053139656782
iteration3,WEB11066.jpg,Only_Smoke,Neither,1.18278968334198,0.6589593291282654,0,0.6589593291282654,0.015009691007435322,0.30642271041870117,0.01960829272866249
iteration3,WEB11067.jpg,Only_Smoke,Only_Smoke,0.02562849596142769,0.9746971130371094,1,0.0002873001794796437,0.001088770106434822,0.9746971130371094,0.023926744237542152
iteration3,WEB11068.jpg,Only_Smoke,Only_Smoke,0.0009613183210603893,0.9990391731262207,1,1.7846545233624056e-05,2.3687292923568748e-05,0.9990391731262207,0.0009192785364575684
iteration3,WEB11069.jpg,Only_Smoke,Neither,1.6630713939666748,0.7823046445846558,0,0.7823046445846558,0.022764094173908234,0.18955588340759277,0.005375364795327187
iteration3,WEB11070.jpg,Only_Smoke,Only_Smoke,0.0011851914459839463,0.9988155364990234,1,1.5259090559993638e-06,3.343468779348768e-05,0.9988155364990234,0.0011495193466544151
iteration3,WEB11071.jpg,Only_Smoke,Only_Smoke,0.0004632591735571623,0.9995368719100952,1,1.4929166354704648e-05,0.0001392760023009032,0.9995368719100952,0.00030893931398168206
iteration3,WEB11072.jpg,Only_Smoke,Only_Smoke,0.022219866514205933,0.9780251979827881,1,2.17658634937834e-05,0.0008134616655297577,0.9780251979827881,0.021139536052942276
iteration3,WEB11073.jpg,Only_Smoke,Neither,1.3224546909332275,0.7186493873596191,0,0.7186493873596191,0.0020780472550541162,0.266480416059494,0.012792184948921204
iteration3,WEB11074.jpg,Both,Both,0.14666616916656494,0.863582193851471,1,1.6497674550919328e-06,0.0027727526612579823,0.13364337384700775,0.863582193851471
iteration3,WEB11075.jpg,Only_Smoke,Only_Smoke,0.00031096869497559965,0.9996891021728516,1,1.1985729543084744e-05,2.7635443984763697e-05,0.9996891021728516,0.00027126926579512656
iteration3,WEB11076.jpg,Only_Smoke,Only_Smoke,0.00398211507126689,0.996025800704956,1,0.002129468834027648,0.0009056903654709458,0.996025800704956,0.0009390206541866064
iteration3,WEB11077.jpg,Only_Smoke,Only_Smoke,0.00379116996191442,0.9962159991264343,1,0.0019515324383974075,0.0009279326768592,0.9962159991264343,0.0009045010665431619
iteration3,WEB11078.jpg,Only_Smoke,Only_Smoke,0.007231134455651045,0.992794930934906,1,0.00010417108569527045,0.0001276019320357591,0.992794930934906,0.006973263807594776
iteration3,WEB11079.jpg,Only_Smoke,Both,2.0943784713745117,0.8739073872566223,0,4.520984120404137e-08,0.0029458601493388414,0.12314675003290176,0.8739073872566223
iteration3,WEB11080.jpg,Both,Only_Smoke,2.320707082748413,0.8964248299598694,0,0.00039020992699079216,0.004980843048542738,0.8964248299598694,0.0982041284441948
iteration3,WEB11081.jpg,Only_Smoke,Only_Smoke,0.004001112654805183,0.9960069060325623,1,0.0011036565992981195,0.0023898317012935877,0.9960069060325623,0.0004996743518859148
iteration3,WEB11082.jpg,Only_Smoke,Only_Smoke,0.009770193137228489,0.9902774095535278,1,0.0028875453863292933,0.004889603238552809,0.9902774095535278,0.001945474767126143
iteration3,WEB11083.jpg,Only_Smoke,Only_Smoke,0.10630082339048386,0.8991541266441345,1,0.09350601583719254,0.006250244565308094,0.8991541266441345,0.0010896249441429973
iteration3,WEB11084.jpg,Both,Both,0.17822912335395813,0.8367506861686707,1,0.00011009309673681855,0.001044045202434063,0.16209517419338226,0.8367506861686707
iteration3,WEB11085.jpg,Only_Smoke,Only_Smoke,0.15324677526950836,0.8579179644584656,1,0.08678540587425232,0.041937775909900665,0.8579179644584656,0.013358822092413902
iteration3,WEB11086.jpg,Only_Smoke,Only_Smoke,0.015903182327747345,0.9842225909233093,1,0.0012431129580363631,0.012142254039645195,0.9842225909233093,0.002392014255747199
iteration3,WEB11087.jpg,Only_Smoke,Only_Smoke,0.08199743926525116,0.9212743043899536,1,0.04280736297369003,0.03270284831523895,0.9212743043899536,0.0032154880464076996
iteration3,WEB11088.jpg,Only_Smoke,Only_Smoke,0.021500950679183006,0.9787285327911377,1,3.485233901301399e-05,0.0001429479889338836,0.9787285327911377,0.02109363302588463
iteration3,WEB11089.jpg,Only_Smoke,Only_Smoke,0.05873220041394234,0.9429592490196228,1,3.305996870039962e-05,0.0035552966874092817,0.9429592490196228,0.053452447056770325
iteration3,WEB11090.jpg,Only_Smoke,Only_Smoke,0.02912350744009018,0.971296489238739,1,6.414041763491696e-06,0.0028083836659789085,0.971296489238739,0.025888798758387566
iteration3,WEB11091.jpg,Only_Fire,Both,2.3371167182922363,0.7449213862419128,0,6.556139123858884e-05,0.09660577028989792,0.1584072858095169,0.7449213862419128
iteration3,WEB11092.jpg,Only_Smoke,Only_Smoke,0.06860045343637466,0.9336996674537659,1,0.001127188908867538,0.0043279617093503475,0.9336996674537659,0.06084517762064934
iteration3,WEB11093.jpg,Only_Smoke,Both,2.3588619232177734,0.8852114677429199,0,8.23577465780545e-06,0.020252594724297523,0.0945277288556099,0.8852114677429199
iteration3,WEB11094.jpg,Only_Smoke,Only_Smoke,0.08019161969423294,0.9229394793510437,1,0.0013578387442976236,0.0073690456338226795,0.9229394793510437,0.06833363324403763
iteration3,WEB11095.jpg,Only_Smoke,Only_Smoke,0.03608468547463417,0.9645586013793945,1,0.006853687576949596,0.002486805897206068,0.9645586013793945,0.02610100246965885
iteration3,WEB11096.jpg,Both,Both,0.4856637716293335,0.6152886748313904,1,5.043456258135848e-05,0.007808930240571499,0.3768519461154938,0.6152886748313904
iteration3,WEB11097.jpg,Only_Smoke,Only_Smoke,0.21928633749485016,0.8030917644500732,1,0.0001430595584679395,0.056619223207235336,0.8030917644500732,0.14014597237110138
iteration3,WEB11098.jpg,Both,Only_Fire,0.9508393406867981,0.4467063844203949,0,0.00024349120212718844,0.4467063844203949,0.16663359105587006,0.38641658425331116
iteration3,WEB11099.jpg,Only_Smoke,Only_Smoke,0.6718882322311401,0.510743260383606,1,3.612344556813696e-08,0.0010693402728065848,0.510743260383606,0.488187313079834
iteration3,WEB11100.jpg,Both,Both,0.5364162921905518,0.5848404169082642,1,2.3010191796402069e-07,0.018638724461197853,0.3965206742286682,0.5848404169082642
iteration3,WEB11101.jpg,Only_Smoke,Only_Smoke,0.021372484043240547,0.9788542985916138,1,0.01237781997770071,0.0016153675969690084,0.9788542985916138,0.007152457721531391
iteration3,WEB11102.jpg,Only_Smoke,Only_Smoke,0.006917220074683428,0.9931066632270813,1,0.006575590930879116,0.00031314927036873996,0.9931066632270813,4.574244485411327e-06
iteration3,WEB11103.jpg,Only_Smoke,Only_Smoke,0.013137566857039928,0.9869483709335327,1,0.010022323578596115,0.0029539884999394417,0.9869483709335327,7.539633952546865e-05
iteration3,WEB11104.jpg,Both,Both,0.005600476171821356,0.9944151639938354,1,1.281995842816741e-08,0.00010957798804156482,0.005475251004099846,0.9944151639938354
iteration3,WEB11105.jpg,Only_Smoke,Only_Smoke,0.0014231802197173238,0.9985778331756592,1,0.0012642794754356146,0.00012221699580550194,0.9985778331756592,3.565013321349397e-05
iteration3,WEB11106.jpg,Only_Smoke,Only_Smoke,0.09083505719900131,0.9131683111190796,1,0.010457795113325119,0.012862799689173698,0.9131683111190796,0.06351108849048615
iteration3,WEB11107.jpg,Only_Smoke,Only_Smoke,0.02649759128689766,0.9738503694534302,1,0.0017845395486801863,0.001794555806554854,0.9738503694534302,0.022570524364709854
iteration3,WEB11108.jpg,Only_Smoke,Only_Smoke,0.08899453282356262,0.9148505926132202,1,0.01128240954130888,0.06220044195652008,0.9148505926132202,0.011666552163660526
iteration3,WEB11109.jpg,Only_Smoke,Only_Smoke,0.07100588083267212,0.9314563870429993,1,0.0017366177635267377,0.06305315345525742,0.9314563870429993,0.003753787139430642
iteration3,WEB11110.jpg,Both,Both,0.008313572965562344,0.9917209148406982,1,0.0007944267708808184,0.0010305024916306138,0.006454124581068754,0.9917209148406982
iteration3,WEB11111.jpg,Only_Smoke,Only_Smoke,0.11002753674983978,0.8958094716072083,1,1.666383286647033e-05,0.004234151914715767,0.8958094716072083,0.099939726293087
iteration3,WEB11112.jpg,Only_Smoke,Only_Smoke,0.002830310957506299,0.9971736669540405,1,1.3185670013626805e-06,0.0001891602878458798,0.9971736669540405,0.002635837998241186
iteration3,WEB11113.jpg,Only_Smoke,Only_Smoke,0.09124917536973953,0.9127902388572693,1,2.6234609322273172e-05,0.000796573527622968,0.9127902388572693,0.08638697862625122
iteration3,WEB11114.jpg,Only_Smoke,Only_Smoke,0.002416192786768079,0.997586727142334,1,3.97521180275362e-05,0.0003935981949325651,0.997586727142334,0.0019800160080194473
iteration3,WEB11115.jpg,Only_Smoke,Only_Smoke,0.005840379279106855,0.9941766262054443,1,6.97231052981806e-06,0.0009273551986552775,0.9941766262054443,0.004889057949185371
iteration3,WEB11116.jpg,Only_Smoke,Only_Smoke,0.006114941090345383,0.9939036965370178,1,3.381398073543096e-06,0.0003053364926017821,0.9939036965370178,0.005787563975900412
iteration3,WEB11117.jpg,Only_Smoke,Only_Smoke,0.007527913432568312,0.992500364780426,1,3.788481262745336e-05,0.0006850432837381959,0.992500364780426,0.006776715163141489
iteration3,WEB11118.jpg,Only_Smoke,Only_Smoke,0.0065736002288758755,0.9934479594230652,1,0.00015560476458631456,0.0023137545213103294,0.9934479594230652,0.004082704894244671
iteration3,WEB11119.jpg,Only_Smoke,Only_Smoke,0.02715909667313099,0.9732064008712769,1,0.026206227019429207,0.0004547919670585543,0.9732064008712769,0.0001325972261838615
iteration3,WEB11120.jpg,Only_Smoke,Only_Smoke,0.1006777435541153,0.9042243957519531,1,0.004719951190054417,0.010243101976811886,0.9042243957519531,0.08081255853176117
iteration3,WEB11121.jpg,Only_Smoke,Only_Smoke,0.19280269742012024,0.8246446847915649,1,0.033469293266534805,0.0175935011357069,0.8246446847915649,0.12429250031709671
iteration3,WEB11122.jpg,Only_Smoke,Only_Smoke,0.07004782557487488,0.9323492050170898,1,0.03982328996062279,0.025525974109768867,0.9323492050170898,0.002301532542333007
iteration3,WEB11123.jpg,Only_Smoke,Only_Smoke,0.008117304183542728,0.9919155240058899,1,0.005835050251334906,0.0022198855876922607,0.9919155240058899,2.9496843126253225e-05
iteration3,WEB11124.jpg,Both,Both,0.3123677968978882,0.7317123413085938,1,0.017769042402505875,0.09366466850042343,0.15685391426086426,0.7317123413085938
iteration3,WEB11125.jpg,Both,Both,0.028507906943559647,0.9718946218490601,1,2.88646206172416e-05,0.0028424463234841824,0.025234101340174675,0.9718946218490601
iteration3,WEB11126.jpg,Both,Only_Smoke,0.9205284118652344,0.5510700941085815,0,0.0004980718367733061,0.05012330040335655,0.5510700941085815,0.39830851554870605
iteration3,WEB11127.jpg,Both,Both,0.0809057429432869,0.9222806096076965,1,0.002070344751700759,0.047603853046894073,0.02804516814649105,0.9222806096076965
iteration3,WEB11128.jpg,Both,Both,0.0043898881413042545,0.9956197142601013,1,2.579707324912306e-05,0.0006846706965006888,0.003669746220111847,0.9956197142601013
iteration3,WEB11129.jpg,Only_Smoke,Both,0.8670947551727295,0.5785014629364014,0,2.2290456399787217e-05,0.00130574987269938,0.42017048597335815,0.5785014629364014
iteration3,WEB11130.jpg,Only_Smoke,Only_Smoke,0.5349414348602295,0.5857036113739014,1,0.00024071095685940236,0.0018387389136478305,0.5857036113739014,0.4122169017791748
iteration3,WEB11131.jpg,Both,Both,0.6738824248313904,0.5097257494926453,1,0.002039954299107194,0.029372375458478928,0.45886194705963135,0.5097257494926453
iteration3,WEB11132.jpg,Both,Only_Smoke,0.8323116898536682,0.45224034786224365,0,0.02758345752954483,0.08513370156288147,0.45224034786224365,0.43504244089126587
iteration3,WEB11133.jpg,Both,Both,0.04548722878098488,0.9555318355560303,1,2.4510975435987348e-06,0.005230798851698637,0.03923490270972252,0.9555318355560303
iteration3,WEB11134.jpg,Both,Only_Smoke,1.4975686073303223,0.7744779586791992,0,0.0001388131349813193,0.0017098278040066361,0.7744779586791992,0.22367334365844727
iteration3,WEB11135.jpg,Both,Only_Smoke,0.9495478272438049,0.5946263670921326,0,0.0011156614637002349,0.017342090606689453,0.5946263670921326,0.3869159519672394
iteration3,WEB11136.jpg,Only_Smoke,Only_Smoke,0.297677218914032,0.7425409555435181,1,4.9547925300430506e-05,0.00026258549769409,0.7425409555435181,0.25714683532714844
iteration3,WEB11137.jpg,Only_Smoke,Only_Smoke,0.06567473709583282,0.9364354014396667,1,0.0007849182584322989,0.0010946107795462012,0.9364354014396667,0.06168511509895325
iteration3,WEB11138.jpg,Only_Smoke,Only_Smoke,0.03670288249850273,0.9639624953269958,1,4.7895038733258843e-05,0.00019950121350120753,0.9639624953269958,0.03579011186957359
iteration3,WEB11139.jpg,Only_Smoke,Only_Smoke,0.011452998965978622,0.9886123538017273,1,0.0015525061171501875,0.0006335722282528877,0.9886123538017273,0.009201676584780216
iteration3,WEB11140.jpg,Only_Smoke,Neither,3.3342459201812744,0.9558037519454956,0,0.9558037519454956,0.007580642122775316,0.03564145416021347,0.0009740832610987127
iteration3,WEB11141.jpg,Only_Smoke,Only_Smoke,0.013315442949533463,0.9867728352546692,1,7.268934496096335e-06,0.0010709600755944848,0.9867728352546692,0.012148942798376083
iteration3,WEB11142.jpg,Only_Smoke,Only_Smoke,0.006006879266351461,0.9940111041069031,1,0.00015746199642308056,0.001116913161240518,0.9940111041069031,0.004714422393590212
iteration3,WEB11143.jpg,Both,Both,0.03181483969092369,0.9686859250068665,1,0.001977285137400031,0.007254142314195633,0.02208266220986843,0.9686859250068665
iteration3,WEB11144.jpg,Both,Both,0.016701284795999527,0.9834374189376831,1,2.0777604731847532e-05,0.01137220486998558,0.0051695238798856735,0.9834374189376831
iteration3,WEB11145.jpg,Both,Both,0.08498207479715347,0.9185287356376648,1,0.002698692958801985,0.07512465119361877,0.0036478820256888866,0.9185287356376648
iteration3,WEB11146.jpg,Only_Smoke,Only_Smoke,0.010830194689333439,0.9892282485961914,1,0.005769426003098488,0.0023250144440680742,0.9892282485961914,0.0026773272547870874
iteration3,WEB11147.jpg,Both,Both,0.024242516607046127,0.9760489463806152,1,0.0024778726510703564,0.00938340649008751,0.012089801952242851,0.9760489463806152
iteration3,WEB11148.jpg,Both,Both,0.06042129918932915,0.9413678646087646,1,2.1809140889672562e-05,0.04715504124760628,0.01145527046173811,0.9413678646087646
iteration3,WEB11149.jpg,Both,Both,0.2562613785266876,0.7739396691322327,1,6.589407712453976e-05,0.2236533910036087,0.0023410769645124674,0.7739396691322327
iteration3,WEB11150.jpg,Only_Smoke,Only_Smoke,0.27091631293296814,0.7626803517341614,1,0.012552455998957157,0.036184150725603104,0.7626803517341614,0.18858306109905243
iteration3,WEB11151.jpg,Only_Smoke,Only_Smoke,0.0345042422413826,0.9660842418670654,1,0.019497303292155266,0.007744817528873682,0.9660842418670654,0.0066736675798892975
iteration3,WEB11152.jpg,Only_Smoke,Only_Smoke,0.01911025308072567,0.9810711741447449,1,0.0005965870223008096,0.0012286690762266517,0.9810711741447449,0.017103616148233414
iteration3,WEB11153.jpg,Only_Smoke,Only_Smoke,0.1288178265094757,0.8791341185569763,1,0.012235473841428757,0.026450002565979958,0.8791341185569763,0.08218041062355042
iteration3,WEB11154.jpg,Only_Smoke,Only_Smoke,0.23238465189933777,0.7926411628723145,1,0.08092238754034042,0.009810998104512691,0.7926411628723145,0.11662551015615463
iteration3,WEB11155.jpg,Both,Both,0.36414864659309387,0.6947879195213318,1,0.00018819927936419845,0.020982418209314346,0.28404146432876587,0.6947879195213318
iteration3,WEB11156.jpg,Both,Both,0.053364429622888565,0.9480344653129578,1,0.00438671326264739,0.0023875406477600336,0.04519129917025566,0.9480344653129578
iteration3,WEB11157.jpg,Both,Both,0.15150950849056244,0.8594096899032593,1,0.015366293489933014,0.007594939321279526,0.11762909591197968,0.8594096899032593
iteration3,WEB11158.jpg,Both,Both,0.0007310817018151283,0.9992691874504089,1,4.61636862070236e-09,0.000418091774918139,0.00031266361474990845,0.9992691874504089
iteration3,WEB11159.jpg,Both,Both,0.009121769107878208,0.9909197092056274,1,6.865673185529886e-07,0.002169377636164427,0.0069102076813578606,0.9909197092056274
iteration3,WEB11160.jpg,Only_Smoke,Both,6.328901290893555,0.9972201585769653,0,4.003867388746585e-07,0.0009954888373613358,0.001783992862328887,0.9972201585769653
iteration3,WEB11161.jpg,Both,Both,0.0014577010879293084,0.998543381690979,1,2.0608707629321543e-08,0.0007077620248310268,0.0007488785777240992,0.998543381690979
iteration3,WEB11162.jpg,Both,Both,0.002140494529157877,0.9978618025779724,1,2.3186343867109827e-07,0.001034567249007523,0.0011034640483558178,0.9978618025779724
iteration3,WEB11163.jpg,Both,Both,0.002767187776044011,0.9972366094589233,1,4.960366823070217e-06,0.0009233482414856553,0.0018350412137806416,0.9972366094589233
iteration3,WEB11164.jpg,Only_Smoke,Only_Smoke,0.005548315588384867,0.99446702003479,1,1.3146151104592718e-05,7.093429303495213e-05,0.99446702003479,0.0054488941095769405
iteration3,WEB11165.jpg,Only_Smoke,Only_Smoke,0.006896147038787603,0.9931275844573975,1,0.00016931603022385389,0.00021318600920494646,0.9931275844573975,0.006489986553788185
iteration3,WEB11166.jpg,Only_Smoke,Only_Smoke,0.011514398269355297,0.9885516166687012,1,0.00037679626257158816,0.0010114848846569657,0.9885516166687012,0.010060139931738377
iteration3,WEB11167.jpg,Only_Smoke,Only_Smoke,0.011425775475800037,0.988639235496521,1,0.0019917164463549852,0.0013368315994739532,0.988639235496521,0.008032119832932949
iteration3,WEB11168.jpg,Only_Smoke,Only_Smoke,0.007123548071831465,0.9929017424583435,1,0.0007935304893180728,0.0004388104716781527,0.9929017424583435,0.005865862593054771
iteration3,WEB11169.jpg,Both,Both,0.451168954372406,0.6368831992149353,1,2.51607307291124e-05,0.3610358238220215,0.0020557616371661425,0.6368831992149353
iteration3,WEB11170.jpg,Both,Both,0.4841870069503784,0.616197943687439,1,0.009015992283821106,0.3650963008403778,0.009689781814813614,0.616197943687439
iteration3,WEB11171.jpg,Both,Only_Fire,1.0488972663879395,0.6050563454627991,0,0.033421263098716736,0.6050563454627991,0.011198514141142368,0.350323885679245
iteration3,WEB11172.jpg,Both,Both,0.5538979172706604,0.5747053027153015,1,0.006231962237507105,0.4053758382797241,0.013686912134289742,0.5747053027153015
iteration3,WEB11173.jpg,Both,Both,0.03639049828052521,0.9642636775970459,1,6.738179763488006e-06,0.03517024591565132,0.0005594315007328987,0.9642636775970459
iteration3,WEB11174.jpg,Both,Both,0.04575806483626366,0.9552730321884155,1,3.727771763806231e-05,0.012429853901267052,0.03225979954004288,0.9552730321884155
iteration3,WEB11175.jpg,Only_Smoke,Only_Smoke,0.014444195665419102,0.9856595993041992,1,0.0007343541365116835,0.0008619886357337236,0.9856595993041992,0.012744038365781307
iteration3,WEB11176.jpg,Only_Smoke,Only_Smoke,0.03681008890271187,0.9638591408729553,1,0.0009578127646818757,0.0005945980665273964,0.9638591408729553,0.03458844870328903
iteration3,WEB11177.jpg,Only_Smoke,Only_Smoke,0.2593635320663452,0.771542489528656,1,0.18089893460273743,0.005889409687370062,0.771542489528656,0.0416690967977047
iteration3,WEB11178.jpg,Only_Smoke,Only_Smoke,0.00672754505649209,0.9932950139045715,1,0.0005754018784500659,0.00029865605756640434,0.9932950139045715,0.005831010639667511
iteration3,WEB11179.jpg,Only_Smoke,Only_Smoke,0.11685563623905182,0.8897136449813843,1,0.03579583019018173,0.0020153410732746124,0.8897136449813843,0.07247520983219147
iteration3,WEB11180.jpg,Only_Smoke,Only_Smoke,0.07423309981822968,0.9284552335739136,1,0.066700778901577,0.004143372643738985,0.9284552335739136,0.0007005136576481164
iteration3,WEB11181.jpg,Both,Both,0.02338508516550064,0.9768862128257751,1,0.0003191124997101724,0.0012312820181250572,0.021563367918133736,0.9768862128257751
iteration3,WEB11182.jpg,Only_Smoke,Only_Smoke,0.01918884366750717,0.9809941053390503,1,0.000581214961130172,0.0020006676204502583,0.9809941053390503,0.016424022614955902
iteration3,WEB11183.jpg,Only_Smoke,Only_Smoke,0.6711257696151733,0.5111328363418579,1,0.0002668026427272707,0.004243160132318735,0.5111328363418579,0.48435714840888977
iteration3,WEB11184.jpg,Only_Smoke,Only_Smoke,0.3087254762649536,0.7343823313713074,1,5.465751655719941e-07,0.0010933560552075505,0.7343823313713074,0.2645237445831299
iteration3,WEB11185.jpg,Only_Smoke,Both,0.8092833757400513,0.5432297587394714,0,0.0019780886359512806,0.009615238755941391,0.44517698884010315,0.5432297587394714
iteration3,WEB11186.jpg,Only_Smoke,Only_Smoke,0.19800932705402374,0.8203622102737427,1,0.007731540594249964,0.008043917827308178,0.8203622102737427,0.16386228799819946
iteration3,WEB11187.jpg,Only_Smoke,Both,3.730708122253418,0.9664140343666077,0,4.563096445053816e-05,0.009564516134560108,0.023975854739546776,0.9664140343666077
iteration3,WEB11188.jpg,Both,Both,0.3997223973274231,0.6705061793327332,1,0.015585366636514664,0.05058790743350983,0.26332056522369385,0.6705061793327332
iteration3,WEB11189.jpg,Both,Both,0.026845110580325127,0.9735119938850403,1,3.837893203240128e-08,0.0006254049949347973,0.025862498208880424,0.9735119938850403
iteration3,WEB11190.jpg,Only_Smoke,Only_Smoke,0.09011688083410263,0.9138243794441223,1,0.0004500338982325047,0.01502021960914135,0.9138243794441223,0.0707053691148758
iteration3,WEB11191.jpg,Only_Smoke,Only_Smoke,0.5785761475563049,0.5606961250305176,1,0.0011600832222029567,0.05831015855073929,0.5606961250305176,0.3798336386680603
iteration3,WEB11192.jpg,Only_Smoke,Only_Smoke,0.024733874946832657,0.975569486618042,1,0.0032111923210322857,0.0018594528082758188,0.975569486618042,0.019359812140464783
iteration3,WEB11193.jpg,Both,Both,0.02346799708902836,0.9768052101135254,1,0.001263353624381125,0.003388128476217389,0.018543291836977005,0.9768052101135254
iteration3,WEB11194.jpg,Only_Smoke,Only_Smoke,0.003607196733355522,0.9963992834091187,1,7.638721399416681e-06,0.00042601345921866596,0.9963992834091187,0.003167074406519532
iteration3,WEB11195.jpg,Both,Both,0.0027835930231958628,0.9972202777862549,1,1.4848463933958556e-06,0.0022258409298956394,0.0005523746949620545,0.9972202777862549
iteration3,WEB11196.jpg,Both,Both,0.6869356036186218,0.5031154751777649,1,0.0018479268765076995,0.05129895731806755,0.4437377154827118,0.5031154751777649
iteration3,WEB11197.jpg,Both,Only_Smoke,2.796799659729004,0.8704597353935242,0,0.014274099841713905,0.05426124855875969,0.8704597353935242,0.061004992574453354
iteration3,WEB11198.jpg,Only_Smoke,Only_Smoke,0.048553716391325,0.9526061415672302,1,0.002539753681048751,0.002253464190289378,0.9526061415672302,0.042600665241479874
iteration3,WEB11199.jpg,Both,Both,0.0784921869635582,0.9245092868804932,1,0.00010920622298726812,0.019073374569416046,0.056308068335056305,0.9245092868804932
iteration3,WEB11200.jpg,Both,Both,0.004079710692167282,0.9959285855293274,1,2.474118332429498e-07,0.000313885131618008,0.0037572081200778484,0.9959285855293274
iteration3,WEB11201.jpg,Only_Smoke,Only_Smoke,0.026170970872044563,0.9741685390472412,1,0.012249331921339035,0.0072766998782753944,0.9741685390472412,0.006305388640612364
iteration3,WEB11202.jpg,Both,Both,0.03480731323361397,0.9657914638519287,1,4.449678314699668e-08,0.0003830348723568022,0.03382536396384239,0.9657914638519287
iteration3,WEB11203.jpg,Both,Only_Smoke,0.9199217557907104,0.6007702946662903,0,3.0116016205283813e-06,0.0006764785503037274,0.6007702946662903,0.39855024218559265
iteration3,WEB11204.jpg,Only_Smoke,Only_Smoke,0.016223320737481117,0.9839075803756714,1,0.00016281375428661704,0.0008378601633012295,0.9839075803756714,0.015091747045516968
iteration3,WEB11205.jpg,Only_Smoke,Only_Smoke,0.059806257486343384,0.9419469833374023,1,0.00027369000599719584,0.0016306440811604261,0.9419469833374023,0.05614867061376572
iteration3,WEB11206.jpg,Only_Smoke,Only_Smoke,0.14014901220798492,0.869228720664978,1,0.0008133707451634109,0.0022690673358738422,0.869228720664978,0.12768885493278503
iteration3,WEB11207.jpg,Both,Only_Smoke,0.8848752975463867,0.580871045589447,0,0.0005005986313335598,0.005862746387720108,0.580871045589447,0.41276562213897705
iteration3,WEB11208.jpg,Both,Only_Smoke,0.7929676175117493,0.53119295835495,0,0.0009963848860934377,0.015310653485357761,0.53119295835495,0.45249998569488525
iteration3,WEB11209.jpg,Only_Smoke,Only_Smoke,0.00703915162011981,0.9929855465888977,1,0.0004775960114784539,3.655438922578469e-05,0.9929855465888977,0.006500232499092817
iteration3,WEB11210.jpg,Only_Smoke,Only_Smoke,0.24698913097381592,0.7811492085456848,1,0.08317902684211731,0.025898555293679237,0.7811492085456848,0.10977323353290558
iteration3,WEB11211.jpg,Only_Smoke,Only_Smoke,0.07697289437055588,0.9259149432182312,1,0.002061912091448903,0.002599358092993498,0.9259149432182312,0.06942375004291534
iteration3,WEB11212.jpg,Only_Smoke,Only_Smoke,0.1522568017244339,0.8587677478790283,1,0.004198407754302025,0.0043089198879897594,0.8587677478790283,0.13272492587566376
iteration3,WEB11213.jpg,Only_Smoke,Only_Smoke,0.1372986137866974,0.8717098832130432,1,0.005550651345402002,0.008156321942806244,0.8717098832130432,0.11458311975002289
iteration3,WEB11214.jpg,Both,Only_Smoke,3.2041983604431152,0.9547103047370911,0,0.002625842811539769,0.002072368748486042,0.9547103047370911,0.04059142991900444
iteration3,WEB11215.jpg,Only_Smoke,Only_Smoke,0.0707816630601883,0.931665301322937,1,0.0006586870294995606,0.0011280823964625597,0.931665301322937,0.0665479451417923
iteration3,WEB11216.jpg,Only_Smoke,Only_Smoke,0.056748680770397186,0.9448314905166626,1,0.0030925411265343428,0.0015527260256931186,0.9448314905166626,0.05052323266863823
iteration3,WEB11217.jpg,Only_Smoke,Only_Smoke,0.0030540036968886852,0.996950626373291,1,0.002231320831924677,0.0008090562769211829,0.996950626373291,8.963659638538957e-06
iteration3,WEB11218.jpg,Only_Smoke,Only_Smoke,0.1743580847978592,0.8399960398674011,1,0.007653332315385342,0.006493586581200361,0.8399960398674011,0.14585699141025543
iteration3,WEB11219.jpg,Both,Both,0.22621272504329681,0.7975484132766724,1,0.010070977732539177,0.005618848837912083,0.186761736869812,0.7975484132766724
iteration3,WEB11220.jpg,Only_Smoke,Neither,1.2253077030181885,0.3762665390968323,0,0.3762665390968323,0.2641609013080597,0.2936673164367676,0.06590530276298523
iteration3,WEB11221.jpg,Only_Smoke,Only_Smoke,0.9761025309562683,0.37677672505378723,1,0.260178804397583,0.2732696533203125,0.37677672505378723,0.08977477997541428
iteration3,WEB11222.jpg,Only_Smoke,Only_Fire,1.2109277248382568,0.4568944573402405,0,0.17692242562770844,0.4568944573402405,0.29792073369026184,0.06826233863830566
iteration3,WEB11223.jpg,Both,Neither,3.363793134689331,0.8366014957427979,0,0.8366014957427979,0.001404023147188127,0.1273907721042633,0.034603752195835114
iteration3,WEB11224.jpg,Both,Both,0.02010958455502987,0.9800912737846375,1,8.162434141922859e-07,0.0015025592874735594,0.018405351787805557,0.9800912737846375
iteration3,WEB11225.jpg,Only_Smoke,Both,1.157689094543457,0.676423192024231,0,0.0023364946246147156,0.007028862833976746,0.3142114579677582,0.676423192024231
iteration3,WEB11226.jpg,Only_Smoke,Both,0.7363611459732056,0.5084548592567444,0,0.011753971688449383,0.0009379102848470211,0.4788532257080078,0.5084548592567444
iteration3,WEB11227.jpg,Both,Only_Smoke,1.376602053642273,0.7421266436576843,0,0.003501142608001828,0.0019373667892068624,0.7421266436576843,0.2524348497390747
iteration3,WEB11228.jpg,Both,Only_Fire,0.7550252676010132,0.5259435772895813,0,8.624934707768261e-05,0.5259435772895813,0.003971401136368513,0.4699987471103668
iteration3,WEB11229.jpg,Only_Smoke,Both,1.8958534002304077,0.6506894826889038,0,0.0018258829368278384,0.19729453325271606,0.15019011497497559,0.6506894826889038
iteration3,WEB11230.jpg,Only_Smoke,Only_Smoke,0.6664389967918396,0.5135340094566345,1,0.00012567090743687004,0.0068478998728096485,0.5135340094566345,0.4794923961162567
iteration3,WEB11231.jpg,Only_Smoke,Only_Smoke,0.08721113950014114,0.9164835810661316,1,4.918793274555355e-05,0.0019924191292375326,0.9164835810661316,0.0814749002456665
iteration3,WEB11232.jpg,Both,Both,0.43595999479293823,0.6466435790061951,1,0.05210886523127556,0.07435404509305954,0.22689345479011536,0.6466435790061951
iteration3,WEB11233.jpg,Only_Smoke,Only_Smoke,0.17085000872612,0.8429480195045471,1,0.0013983647804707289,0.020665546879172325,0.8429480195045471,0.13498809933662415
iteration3,WEB11234.jpg,Only_Smoke,Only_Smoke,0.03064807876944542,0.9698168039321899,1,0.0031010599341243505,0.0008623455069027841,0.9698168039321899,0.026219824329018593
iteration3,WEB11235.jpg,Only_Smoke,Only_Smoke,0.0036748989950865507,0.9963318705558777,1,2.0101804238947807e-06,4.6987584937596694e-05,0.9963318705558777,0.003619089489802718
iteration3,WEB11236.jpg,Only_Smoke,Only_Smoke,0.3001346290111542,0.7407184839248657,1,0.0011332299327477813,0.0056785051710903645,0.7407184839248657,0.2524697780609131
iteration3,WEB11237.jpg,Only_Smoke,Only_Smoke,0.036266230046749115,0.9643834829330444,1,2.3916238205856644e-05,0.0001420011540176347,0.9643834829330444,0.03545062988996506
iteration3,WEB11238.jpg,Only_Smoke,Only_Smoke,0.016871143132448196,0.9832704067230225,1,1.6062806025729515e-05,9.282155224354938e-05,0.9832704067230225,0.01662074215710163
iteration3,WEB11239.jpg,Only_Smoke,Only_Smoke,0.009367206133902073,0.9906765222549438,1,1.91298640856985e-05,0.00015776253712829202,0.9906765222549438,0.009146519005298615
iteration3,WEB11240.jpg,Both,Both,0.4135898947715759,0.6612721085548401,1,4.9833825954692657e-08,0.001206465414725244,0.33752143383026123,0.6612721085548401
iteration3,WEB11241.jpg,Only_Smoke,Only_Smoke,0.12814006209373474,0.8797301650047302,1,4.9494963604956865e-05,0.001901722513139248,0.8797301650047302,0.1183186024427414
iteration3,WEB11242.jpg,Both,Both,0.006984580308198929,0.9930397272109985,1,1.0216991697120648e-08,0.00162206229288131,0.005338155198842287,0.9930397272109985
iteration3,WEB11243.jpg,Only_Smoke,Only_Smoke,0.42314469814300537,0.6549838185310364,1,4.555928171612322e-06,0.0004268900665920228,0.6549838185310364,0.34458473324775696
iteration3,WEB11244.jpg,Only_Smoke,Only_Smoke,0.009579051285982132,0.9904666543006897,1,0.0024680388160049915,0.000379870441975072,0.9904666543006897,0.006685369182378054
iteration3,WEB11245.jpg,Only_Smoke,Only_Smoke,0.09252549707889557,0.9116259813308716,1,0.00040656825876794755,0.0009388550533913076,0.9116259813308716,0.0870286151766777
iteration3,WEB11246.jpg,Both,Both,0.07835662364959717,0.9246346354484558,1,0.0009226442780345678,0.04807741567492485,0.02636530064046383,0.9246346354484558
iteration3,WEB11247.jpg,Both,Both,0.052427325397729874,0.9489232897758484,1,0.0008235759451054037,0.00568357901647687,0.0445694737136364,0.9489232897758484
iteration3,WEB11248.jpg,Only_Smoke,Only_Smoke,0.06918863952159882,0.9331506490707397,1,0.00025878933956846595,0.003447580384090543,0.9331506490707397,0.06314301490783691
iteration3,WEB11249.jpg,Only_Smoke,Only_Smoke,0.5007244944572449,0.6060913801193237,1,0.31682273745536804,0.059854935854673386,0.6060913801193237,0.017230940982699394
iteration3,WEB11250.jpg,Only_Smoke,Only_Smoke,0.3640873432159424,0.6948304772377014,1,0.2806347608566284,0.012053276412189007,0.6948304772377014,0.012481450103223324
iteration3,WEB11251.jpg,Only_Smoke,Only_Smoke,0.08516436815261841,0.9183613061904907,1,0.050539784133434296,0.006826966069638729,0.9183613061904907,0.024271845817565918
iteration3,WEB11252.jpg,Both,Both,0.059160951524972916,0.9425550699234009,1,2.4698707420611754e-05,0.044566307216882706,0.012853979133069515,0.9425550699234009
iteration3,WEB11253.jpg,Only_Smoke,Only_Smoke,0.2208893895149231,0.8018053770065308,1,0.07148996740579605,0.07235850393772125,0.8018053770065308,0.054346177726984024
iteration3,WEB11254.jpg,Only_Smoke,Only_Smoke,0.12049520760774612,0.8864813446998596,1,0.0011254072887822986,0.0013618629891425371,0.8864813446998596,0.11103139072656631
iteration3,WEB11255.jpg,Only_Smoke,Only_Smoke,0.016936665400862694,0.9832059741020203,1,0.0030106231570243835,0.00047944209654815495,0.9832059741020203,0.013304043561220169
iteration3,WEB11256.jpg,Both,Both,0.005679778754711151,0.9943363070487976,1,4.9857440842515643e-08,0.0019622682593762875,0.0037013862747699022,0.9943363070487976
iteration3,WEB11257.jpg,Only_Smoke,Only_Smoke,0.1283964365720749,0.8795046210289001,1,0.0010348320938646793,0.0017473938642069697,0.8795046210289001,0.11771314591169357
iteration3,WEB11258.jpg,Only_Smoke,Only_Smoke,0.01829499378800392,0.9818713665008545,1,0.0008283081697300076,0.0017466937424615026,0.9818713665008545,0.015553567558526993
iteration3,WEB11259.jpg,Only_Smoke,Only_Smoke,0.6538612246513367,0.5200339555740356,1,0.0015990445390343666,0.016797173768281937,0.5200339555740356,0.4615698754787445
iteration3,WEB11260.jpg,Only_Smoke,Only_Smoke,0.6829240322113037,0.5051378011703491,1,0.12581826746463776,0.11061336100101471,0.5051378011703491,0.2584306299686432
iteration3,WEB11261.jpg,Only_Smoke,Both,1.065643310546875,0.6530338525772095,0,1.6820789824123494e-05,0.00244320509955287,0.3445061445236206,0.6530338525772095
iteration3,WEB11262.jpg,Only_Smoke,Only_Smoke,0.07324356585741043,0.9293744564056396,1,8.99171664059395e-06,0.0014620120637118816,0.9293744564056396,0.06915459036827087
iteration3,WEB11263.jpg,Only_Smoke,Neither,1.113351821899414,0.5691184997558594,0,0.5691184997558594,0.010523413307964802,0.32845619320869446,0.09190189093351364
iteration3,WEB11264.jpg,Only_Smoke,Only_Smoke,0.012728990986943245,0.987351655960083,1,0.00016893567226361483,0.00429789861664176,0.987351655960083,0.008181522600352764
iteration3,WEB11265.jpg,Only_Smoke,Only_Smoke,0.056433483958244324,0.9451293349266052,1,0.007027938961982727,0.005560464225709438,0.9451293349266052,0.04228231683373451
iteration3,WEB11266.jpg,Only_Smoke,Only_Smoke,0.01495178323239088,0.9851594567298889,1,1.4630089935963042e-05,0.0008321257191710174,0.9851594567298889,0.013993754982948303
iteration3,WEB11267.jpg,Both,Only_Smoke,2.838080883026123,0.9386160969734192,0,3.63510953320656e-05,0.0028096651658415794,0.9386160969734192,0.05853790417313576
iteration3,WEB11268.jpg,Only_Smoke,Only_Smoke,0.39721447229385376,0.6721898317337036,1,0.023577101528644562,0.1303924173116684,0.6721898317337036,0.17384062707424164
iteration3,WEB11269.jpg,Only_Smoke,Only_Smoke,0.06240024417638779,0.9395067691802979,1,0.0016352934762835503,0.03574894368648529,0.9395067691802979,0.023109009489417076
iteration3,WEB11270.jpg,Only_Smoke,Neither,0.7506890892982483,0.5160416960716248,0,0.5160416960716248,0.004529315512627363,0.47204115986824036,0.007387818302959204
iteration3,WEB11271.jpg,Both,Both,0.5791451334953308,0.5603771805763245,1,3.083740011788905e-05,0.4394279420375824,0.00016401229368057102,0.5603771805763245
iteration3,WEB11272.jpg,Only_Smoke,Only_Smoke,0.6599531173706055,0.5168755650520325,1,0.42216041684150696,0.02468404360115528,0.5168755650520325,0.036279961466789246
iteration3,WEB11273.jpg,Both,Both,0.005624421406537294,0.9943913817405701,1,2.1254310922813602e-05,0.0010278100380674005,0.004559508990496397,0.9943913817405701
iteration3,WEB11274.jpg,Both,Neither,2.359426498413086,0.7810690999031067,0,0.7810690999031067,0.022433537989854813,0.10202294588088989,0.09447438269853592
iteration3,WEB11275.jpg,Both,Both,0.09919698536396027,0.9055643081665039,1,0.001025849487632513,0.036054402589797974,0.05735554173588753,0.9055643081665039
iteration3,WEB11276.jpg,Only_Smoke,Only_Smoke,0.004875912796705961,0.9951359629631042,1,0.0013360510347411036,0.0009460716391913593,0.9951359629631042,0.0025819505099207163
iteration3,WEB11277.jpg,Only_Smoke,Only_Smoke,0.22027651965618134,0.8022969365119934,1,0.00023805412638466805,0.01588311232626438,0.8022969365119934,0.18158189952373505
iteration3,WEB11278.jpg,Only_Smoke,Neither,3.701150894165039,0.9740972518920898,0,0.9740972518920898,0.0008567793411202729,0.02469508908689022,0.0003508467343635857
iteration3,WEB11279.jpg,Only_Smoke,Only_Smoke,0.1807904690504074,0.8346102237701416,1,0.10915656387805939,0.007761480752378702,0.8346102237701416,0.048471689224243164
iteration3,WEB11280.jpg,Only_Smoke,Only_Smoke,0.24646714329719543,0.781557023525238,1,0.002576902974396944,0.07315322011709213,0.781557023525238,0.14271292090415955
iteration3,WEB11281.jpg,Only_Smoke,Only_Smoke,0.012053037993609905,0.9880192875862122,1,0.00011994866508757696,0.0012130473041906953,0.9880192875862122,0.010647710412740707
iteration3,WEB11282.jpg,Only_Smoke,Only_Smoke,0.047961894422769547,0.953170120716095,1,0.01108838152140379,0.0008441635291092098,0.953170120716095,0.034897372126579285
iteration3,WEB11283.jpg,Only_Smoke,Only_Smoke,0.0035045654512941837,0.9965015649795532,1,5.23566200172354e-07,4.7147324949037284e-05,0.9965015649795532,0.0034508525859564543
iteration3,WEB11284.jpg,Only_Smoke,Only_Smoke,0.030822983011603355,0.969647228717804,1,1.6126230093505e-06,0.0003899774164892733,0.969647228717804,0.02996116504073143
iteration3,WEB11285.jpg,Only_Smoke,Only_Smoke,0.01441364549100399,0.9856897592544556,1,0.00117265444714576,0.0007049907580949366,0.9856897592544556,0.012432534247636795
iteration3,WEB11286.jpg,Both,Both,0.11582258343696594,0.890633225440979,1,3.067674185786018e-07,0.0044646793976426125,0.10490182042121887,0.890633225440979
iteration3,WEB11287.jpg,Only_Smoke,Only_Smoke,0.021942811086773872,0.978296160697937,1,0.018947090953588486,0.0018076709238812327,0.978296160697937,0.0009490650845691562
iteration3,WEB11288.jpg,Only_Smoke,Both,2.449474811553955,0.9111847281455994,0,3.1996572943171486e-05,0.002444304060190916,0.08633892238140106,0.9111847281455994
iteration3,WEB11289.jpg,Only_Smoke,Only_Smoke,0.05968116223812103,0.9420648813247681,1,0.0002464442513883114,0.0019915637094527483,0.9420648813247681,0.05569716915488243
iteration3,WEB11290.jpg,Only_Smoke,Only_Smoke,0.0717264786362648,0.9307854771614075,1,8.018183507374488e-06,0.0075732748955488205,0.9307854771614075,0.061633236706256866
iteration3,WEB11291.jpg,Only_Smoke,Only_Smoke,0.0007427555974572897,0.999257504940033,1,1.285951839236077e-06,2.5237804948119447e-05,0.999257504940033,0.0007159871747717261
iteration3,WEB11292.jpg,Only_Smoke,Only_Smoke,0.06370159983634949,0.9382849335670471,1,1.2674010577029549e-05,0.001237517106346786,0.9382849335670471,0.06046486273407936
iteration3,WEB11293.jpg,Only_Smoke,Only_Smoke,0.04321708157658577,0.9577034711837769,1,1.2304339179536328e-05,0.001221284968778491,0.9577034711837769,0.04106292128562927
iteration3,WEB11294.jpg,Both,Both,0.006979844998568296,0.9930444359779358,1,9.660978321335278e-06,0.006319407839328051,0.0006265690317377448,0.9930444359779358
iteration3,WEB11295.jpg,Both,Both,0.03056286834180355,0.9698994755744934,1,0.007406238000839949,0.003618440357968211,0.019075831398367882,0.9698994755744934
iteration3,WEB11296.jpg,Only_Smoke,Only_Smoke,0.008136577904224396,0.9918964505195618,1,0.0005001349491067231,0.0011456148931756616,0.9918964505195618,0.006457730196416378
iteration3,WEB11297.jpg,Only_Smoke,Neither,1.0147755146026611,0.5763137340545654,0,0.5763137340545654,0.024490924552083015,0.36248376965522766,0.03671162202954292
iteration3,WEB11298.jpg,Only_Smoke,Only_Smoke,0.052542589604854584,0.9488139152526855,1,0.045305781066417694,0.0017102258279919624,0.9488139152526855,0.0041701337322592735
iteration3,WEB11299.jpg,Only_Smoke,Only_Smoke,0.054133761674165726,0.9473053812980652,1,0.0020899393130093813,0.006370940245687962,0.9473053812980652,0.04423372074961662
iteration3,WEB11300.jpg,Both,Both,0.06601939350366592,0.9361127018928528,1,0.00010706912871683016,0.0017221745802089572,0.0620579719543457,0.9361127018928528
iteration3,WEB11301.jpg,Only_Smoke,Only_Smoke,0.42198994755744934,0.6557406187057495,1,0.006565512623637915,0.011150774545967579,0.6557406187057495,0.32654309272766113
iteration3,WEB11302.jpg,Only_Smoke,Only_Smoke,0.23687078058719635,0.7890932559967041,1,0.002163413679227233,0.00875876471400261,0.7890932559967041,0.19998453557491302
iteration3,WEB11303.jpg,Both,Only_Smoke,3.6272854804992676,0.9720194935798645,0,6.328371910058195e-06,0.0013858998427167535,0.9720194935798645,0.026588262990117073
iteration3,WEB11304.jpg,Both,Only_Fire,0.9634448289871216,0.6038980484008789,0,0.00011159921268699691,0.6038980484008789,0.01441419031471014,0.38157618045806885
iteration3,WEB11305.jpg,Both,Both,0.003642473602667451,0.996364176273346,1,7.007629392319359e-07,0.0010425770888105035,0.002592486795037985,0.996364176273346
iteration3,WEB11306.jpg,Only_Smoke,Only_Smoke,0.11010441929101944,0.8957405686378479,1,0.05083506181836128,0.014059404842555523,0.8957405686378479,0.03936497122049332
iteration3,WEB11307.jpg,Only_Smoke,Only_Smoke,0.1122274175286293,0.8938409686088562,1,0.10186616331338882,0.0018134306883439422,0.8938409686088562,0.00247942958958447
iteration3,WEB11308.jpg,Only_Smoke,Only_Smoke,0.42102906107902527,0.656370997428894,1,0.32489562034606934,0.008761106990277767,0.656370997428894,0.009972257539629936
iteration3,WEB11309.jpg,Only_Smoke,Only_Smoke,0.5293629169464111,0.5889800786972046,1,0.38067349791526794,0.010983195155858994,0.5889800786972046,0.01936325430870056
iteration3,WEB11310.jpg,Both,Only_Smoke,2.413969039916992,0.8944432735443115,0,0.0015683048404753208,0.014528926461935043,0.8944432735443115,0.08945950865745544
iteration3,WEB11311.jpg,Only_Smoke,Only_Smoke,0.07635623961687088,0.926486074924469,1,0.021941235288977623,0.0026172020006924868,0.926486074924469,0.048955462872982025
iteration3,WEB11312.jpg,Only_Smoke,Only_Smoke,0.18056917190551758,0.8347949385643005,1,0.039532240480184555,0.01098855584859848,0.8347949385643005,0.11468425393104553
iteration3,WEB11313.jpg,Only_Smoke,Only_Smoke,0.15074606239795685,0.8600660562515259,1,5.758778934250586e-05,0.0029370347037911415,0.8600660562515259,0.13693922758102417
iteration3,WEB11314.jpg,Both,Both,0.060367658734321594,0.9414183497428894,1,3.8928277490413166e-07,0.027538210153579712,0.031043024733662605,0.9414183497428894
iteration3,WEB11315.jpg,Only_Smoke,Only_Smoke,0.10034170001745224,0.9045282602310181,1,0.020374298095703125,0.01612965017557144,0.9045282602310181,0.05896766483783722
iteration3,WEB11316.jpg,Only_Smoke,Only_Smoke,0.018505893647670746,0.9816642999649048,1,0.000348164263414219,0.0009453946840949357,0.9816642999649048,0.017042115330696106
iteration3,WEB11317.jpg,Both,Both,0.02532809227705002,0.9749899506568909,1,3.3333506053168094e-06,0.006672063376754522,0.018334627151489258,0.9749899506568909
iteration3,WEB11318.jpg,Only_Smoke,Only_Smoke,0.025641044601798058,0.9746848940849304,1,7.555672345915809e-05,0.0022963557858020067,0.9746848940849304,0.022943245247006416
iteration3,WEB11319.jpg,Both,Both,0.006138400640338659,0.9938803911209106,1,9.299788530370279e-07,0.0053131552413105965,0.000805541523732245,0.9938803911209106
iteration3,WEB11320.jpg,Both,Both,0.01626237854361534,0.9838691353797913,1,3.174186349497177e-05,0.0051726000383496284,0.010926574468612671,0.9838691353797913
iteration3,WEB11321.jpg,Only_Smoke,Only_Smoke,0.3195493221282959,0.7264763712882996,1,0.011426647193729877,0.20606301724910736,0.7264763712882996,0.05603394657373428
iteration3,WEB11322.jpg,Only_Smoke,Neither,0.8777962327003479,0.5432144999504089,0,0.5432144999504089,0.01868773251771927,0.41569802165031433,0.022399770095944405
iteration3,WEB11323.jpg,Only_Smoke,Only_Smoke,0.005004142876714468,0.9950083494186401,1,0.0005251727416180074,0.00030459652771241963,0.9950083494186401,0.004161786753684282
iteration3,WEB11324.jpg,Both,Both,0.20405973494052887,0.8154136538505554,1,0.04977596178650856,0.09570277482271194,0.03910759091377258,0.8154136538505554
iteration3,WEB11325.jpg,Only_Smoke,Only_Smoke,0.1055678203701973,0.8998134136199951,1,0.00018696111510507762,0.014323369599878788,0.8998134136199951,0.08567618578672409
iteration3,WEB11326.jpg,Only_Smoke,Only_Smoke,0.24995768070220947,0.7788337469100952,1,5.046348178439075e-06,0.0008153039962053299,0.7788337469100952,0.2203458994626999
iteration3,WEB11327.jpg,Both,Both,0.3155297338962555,0.7294023633003235,1,0.009253893047571182,0.010509055107831955,0.25083470344543457,0.7294023633003235
iteration3,WEB11328.jpg,Only_Smoke,Only_Smoke,0.5009905695915222,0.6059301495552063,1,0.000436374539276585,0.00556917954236269,0.6059301495552063,0.38806432485580444
iteration3,WEB11329.jpg,Both,Both,0.1260150820016861,0.8816015720367432,1,0.005635586567223072,0.02305017039179802,0.08971263468265533,0.8816015720367432
iteration3,WEB11330.jpg,Both,Both,0.10278522968292236,0.9023207426071167,1,0.000628132838755846,0.013331888243556023,0.08371920138597488,0.9023207426071167
iteration3,WEB11331.jpg,Only_Smoke,Both,1.3779330253601074,0.7471132874488831,0,0.00024284503888338804,0.000544798793271184,0.25209909677505493,0.7471132874488831
iteration3,WEB11332.jpg,Only_Smoke,Both,1.0207747220993042,0.6340084075927734,0,4.77551247968222e-06,0.005671188700944185,0.3603157103061676,0.6340084075927734
iteration3,WEB11333.jpg,Both,Only_Smoke,2.1272335052490234,0.8789322972297668,0,2.1045263565611094e-05,0.0018801155965775251,0.8789322972297668,0.11916650831699371
iteration3,WEB11334.jpg,Only_Smoke,Only_Smoke,0.1501089632511139,0.8606141805648804,1,4.386011823953595e-06,0.00041426450479775667,0.8606141805648804,0.1389671117067337
iteration3,WEB11335.jpg,Only_Smoke,Only_Smoke,0.020900484174489975,0.9793164134025574,1,1.8874070519814268e-05,0.00010954860044876114,0.9793164134025574,0.02055513486266136
iteration3,WEB11336.jpg,Only_Smoke,Only_Smoke,0.027604611590504646,0.9727728962898254,1,0.0027876468375325203,0.0003444032627157867,0.9727728962898254,0.024094989523291588
iteration3,WEB11337.jpg,Only_Smoke,Only_Smoke,0.01766074262559414,0.9824942946434021,1,0.0009434085222892463,0.0005027931183576584,0.9824942946434021,0.016059517860412598
iteration3,WEB11338.jpg,Only_Smoke,Both,2.04308819770813,0.8664781451225281,0,4.371064733277308e-06,0.0038896549958735704,0.1296277791261673,0.8664781451225281
iteration3,WEB11339.jpg,Only_Smoke,Only_Smoke,0.04385119304060936,0.9570963978767395,1,0.00013206932635512203,0.00047214748337864876,0.9570963978767395,0.04229933023452759
iteration3,WEB11340.jpg,Only_Smoke,Only_Smoke,0.026858456432819366,0.9734990000724792,1,0.021854402497410774,0.0004962252569384873,0.9734990000724792,0.004150249529629946
iteration3,WEB11341.jpg,Only_Smoke,Only_Smoke,0.8223061561584473,0.43941712379455566,1,0.009574667550623417,0.16234198212623596,0.43941712379455566,0.3886663019657135
iteration3,WEB11342.jpg,Both,Both,0.04783133044838905,0.953294575214386,1,1.0899248081841506e-05,0.04512837529182434,0.0015660843346267939,0.953294575214386
iteration3,WEB11343.jpg,Only_Smoke,Both,1.758124828338623,0.8274482488632202,0,3.6781416383746546e-06,0.00018036228721030056,0.17236778140068054,0.8274482488632202
iteration3,WEB11344.jpg,Both,Both,0.061165377497673035,0.9406676888465881,1,0.0006028120405972004,0.014678181149065495,0.04405134543776512,0.9406676888465881
iteration3,WEB11345.jpg,Only_Smoke,Only_Smoke,0.052079420536756516,0.949253499507904,1,3.240247679059394e-05,0.0006069797673262656,0.949253499507904,0.05010715126991272
iteration3,WEB11346.jpg,Only_Smoke,Only_Smoke,0.30554768443107605,0.7367197871208191,1,0.0004607836890500039,0.003946380689740181,0.7367197871208191,0.2588730454444885
iteration3,WEB11347.jpg,Only_Smoke,Neither,0.7926136255264282,0.5458890199661255,0,0.5458890199661255,0.0005874674534425139,0.4526601731777191,0.0008633734541945159
iteration3,WEB11348.jpg,Only_Smoke,Only_Smoke,0.12611450254917145,0.8815138936042786,1,0.0007584633422084153,0.0031827606726437807,0.8815138936042786,0.1145448386669159
iteration3,WEB11349.jpg,Only_Smoke,Only_Smoke,0.13265277445316315,0.8757691383361816,1,0.03630112484097481,0.017402086406946182,0.8757691383361816,0.07052764296531677
iteration3,WEB11350.jpg,Only_Smoke,Only_Smoke,0.12555529177188873,0.8820070028305054,1,0.09158254414796829,0.012113644741475582,0.8820070028305054,0.014296806417405605
iteration3,WEB11351.jpg,Only_Smoke,Neither,1.511643409729004,0.7787549495697021,0,0.7787549495697021,0.00036335422191768885,0.22054722905158997,0.00033446986344642937
iteration3,WEB11352.jpg,Only_Smoke,Only_Smoke,0.20200690627098083,0.817089319229126,1,1.284445119154043e-07,0.0007634023204445839,0.817089319229126,0.18214721977710724
iteration3,WEB11353.jpg,Both,Both,0.0428602434694767,0.958045244216919,1,3.248922439524904e-06,0.005404696799814701,0.03654677793383598,0.958045244216919
iteration3,WEB11354.jpg,Only_Smoke,Both,3.2513182163238525,0.9519382119178772,0,0.0003341982082929462,0.009004496037960052,0.03872312977910042,0.9519382119178772
iteration3,WEB11355.jpg,Only_Smoke,Only_Smoke,0.3089454472064972,0.7342208027839661,1,0.02869638428092003,0.16236929595470428,0.7342208027839661,0.07471351325511932
iteration3,WEB11356.jpg,Only_Smoke,Only_Smoke,0.7654038071632385,0.4651460647583008,1,0.017806239426136017,0.4068235158920288,0.4651460647583008,0.11022423952817917
iteration3,WEB11357.jpg,Both,Only_Smoke,2.3142220973968506,0.8579801917076111,0,0.008332483470439911,0.03484427183866501,0.8579801917076111,0.0988430306315422
iteration3,WEB11358.jpg,Only_Smoke,Only_Smoke,0.06632210314273834,0.9358294010162354,1,0.047240324318408966,0.0059293839149177074,0.9358294010162354,0.011000935919582844
iteration3,WEB11359.jpg,Only_Smoke,Only_Smoke,0.2349536418914795,0.7906075119972229,1,0.11753370612859726,0.02621633931994438,0.7906075119972229,0.06564238667488098
iteration3,WEB11360.jpg,Only_Smoke,Only_Smoke,0.081316739320755,0.9219016432762146,1,0.0008803035598248243,0.00453426968306303,0.9219016432762146,0.07268378883600235
iteration3,WEB11361.jpg,Only_Smoke,Only_Smoke,0.017855264246463776,0.9823032021522522,1,0.0006970934919081628,0.0009712511673569679,0.9823032021522522,0.016028450801968575
iteration3,WEB11362.jpg,Only_Smoke,Only_Smoke,0.517114520072937,0.5962384939193726,1,0.00038336822763085365,0.0575312077999115,0.5962384939193726,0.34584689140319824
iteration3,WEB11363.jpg,Only_Smoke,Only_Smoke,0.09414409101009369,0.9101516008377075,1,0.001748706097714603,0.01146728452295065,0.9101516008377075,0.07663245499134064
iteration3,WEB11364.jpg,Only_Smoke,Only_Smoke,0.0018532973481342196,0.9981484413146973,1,0.0007179239182732999,0.0003733385819941759,0.9981484413146973,0.0007602841942571104
iteration3,WEB11365.jpg,Both,Both,0.13961990177631378,0.8696887493133545,1,0.00014505091530736536,0.10067640244960785,0.029489809647202492,0.8696887493133545
iteration3,WEB11366.jpg,Only_Smoke,Neither,0.8520517349243164,0.4834159016609192,0,0.4834159016609192,0.04428952932357788,0.4265389144420624,0.04575560614466667
iteration3,WEB11367.jpg,Only_Smoke,Only_Smoke,0.4054945111274719,0.6666470766067505,1,0.32575249671936035,0.002568501513451338,0.6666470766067505,0.005031866021454334
iteration3,WEB11368.jpg,Only_Smoke,Only_Smoke,0.006700429134070873,0.99332195520401,1,0.0011046670842915773,8.472485933452845e-05,0.99332195520401,0.005488632712513208
iteration3,WEB11369.jpg,Only_Smoke,Only_Smoke,0.0746072381734848,0.9281079173088074,1,0.00033563689794391394,0.00638358760625124,0.9281079173088074,0.06517280638217926
iteration3,WEB11370.jpg,Only_Smoke,Only_Smoke,0.025475574657320976,0.9748461842536926,1,0.010314634069800377,0.0021287561394274235,0.9748461842536926,0.012710396200418472
iteration3,WEB11371.jpg,Both,Both,0.03265538439154625,0.9678720235824585,1,2.4870616471162066e-05,0.016075722873210907,0.016027402132749557,0.9678720235824585
iteration3,WEB11372.jpg,Only_Smoke,Only_Smoke,0.04650311544537544,0.9545615911483765,1,0.036231815814971924,0.0004970956360921264,0.9545615911483765,0.00870953593403101
iteration3,WEB11373.jpg,Only_Smoke,Only_Smoke,0.00217475276440382,0.9978275895118713,1,0.0017067431472241879,0.0003086078504566103,0.9978275895118713,0.00015703165263403207
iteration3,WEB11374.jpg,Only_Smoke,Only_Smoke,0.07712685316801071,0.9257724285125732,1,2.90621228486998e-05,0.004862353205680847,0.9257724285125732,0.06933620572090149
iteration3,WEB11375.jpg,Both,Both,0.0691186711192131,0.9332159161567688,1,0.00011253565025981516,0.012336090207099915,0.05433543398976326,0.9332159161567688
iteration3,WEB11376.jpg,Both,Both,0.12753990292549133,0.8802582621574402,1,0.002948639215901494,0.1081395149230957,0.0086536118760705,0.8802582621574402
iteration3,WEB11377.jpg,Both,Both,0.06242813169956207,0.9394806027412415,1,0.00010674620716599748,0.013522869907319546,0.04688979685306549,0.9394806027412415
iteration3,WEB11378.jpg,Only_Smoke,Only_Smoke,0.17010100185871124,0.8435795903205872,1,0.13952457904815674,0.009129985235631466,0.8435795903205872,0.007765814661979675
iteration3,WEB11379.jpg,Only_Smoke,Only_Smoke,0.025480223819613457,0.9748416543006897,1,0.015537633560597897,0.0011089234612882137,0.9748416543006897,0.008511733263731003
iteration3,WEB11380.jpg,Only_Smoke,Both,0.8694044351577759,0.5747290849685669,0,0.00028819061117246747,0.0057816412299871445,0.419201135635376,0.5747290849685669
iteration3,WEB11381.jpg,Only_Smoke,Only_Smoke,0.23166663944721222,0.793210506439209,1,1.3541322914534248e-05,0.005051667336374521,0.793210506439209,0.2017243206501007
iteration3,WEB11382.jpg,Only_Smoke,Only_Smoke,0.22826100885868073,0.7959164977073669,1,0.0009403612930327654,0.0010287294862791896,0.7959164977073669,0.20211440324783325
iteration3,WEB11383.jpg,Only_Smoke,Only_Smoke,0.02655876986682415,0.9737908244132996,1,0.0001263329031644389,0.008252530358731747,0.9737908244132996,0.01783035323023796
iteration3,WEB11384.jpg,Only_Smoke,Only_Smoke,0.0013103241799399257,0.9986905455589294,1,8.747473657422233e-06,8.554871601518244e-05,0.9986905455589294,0.0012152768904343247
iteration3,WEB11385.jpg,Only_Smoke,Only_Smoke,0.000871159543748945,0.9991292357444763,1,7.124556577764452e-05,0.00025243169511668384,0.9991292357444763,0.0005471537006087601
iteration3,WEB11386.jpg,Only_Smoke,Only_Smoke,0.008196289651095867,0.991837203502655,1,5.652333129546605e-06,0.00017934278002940118,0.991837203502655,0.007977825589478016
iteration3,WEB11387.jpg,Only_Smoke,Only_Smoke,0.0735611543059349,0.9290793538093567,1,0.0016290685161948204,0.010279725305736065,0.9290793538093567,0.05901187285780907
iteration3,WEB11388.jpg,Only_Smoke,Only_Smoke,0.3675394654273987,0.6924359798431396,1,0.2995544373989105,0.0006186956888996065,0.6924359798431396,0.007390834856778383
iteration3,WEB11389.jpg,Only_Smoke,Only_Smoke,0.019067799672484398,0.9811128377914429,1,4.989888839190826e-05,0.0050747026689350605,0.9811128377914429,0.013762462884187698
iteration3,WEB11390.jpg,Only_Smoke,Only_Smoke,0.018237639218568802,0.9819276332855225,1,7.410906732729927e-08,0.0002229720848845318,0.9819276332855225,0.017849218100309372
iteration3,WEB11391.jpg,Both,Both,0.37807461619377136,0.6851793527603149,1,0.00014353163714986295,0.3134656846523285,0.0012113791890442371,0.6851793527603149
iteration3,WEB11392.jpg,Both,Both,0.770979642868042,0.46255970001220703,1,0.04050120711326599,0.08833569288253784,0.40860339999198914,0.46255970001220703
iteration3,WEB11393.jpg,Only_Smoke,Only_Smoke,0.005103299394249916,0.9949097037315369,1,0.001056336099281907,0.0002559540153015405,0.9949097037315369,0.0037779491394758224
iteration3,WEB11394.jpg,Only_Smoke,Only_Smoke,0.031557291746139526,0.9689354300498962,1,0.0033008349128067493,0.0012091005919501185,0.9689354300498962,0.026554590091109276
iteration3,WEB11395.jpg,Only_Smoke,Only_Smoke,0.014505058526992798,0.9855996370315552,1,0.00023050190065987408,0.000534405407961458,0.9855996370315552,0.013635496608912945
iteration3,WEB11396.jpg,Only_Smoke,Only_Smoke,0.001653733546845615,0.9983476400375366,1,4.72837891720701e-05,0.0005011664470657706,0.9983476400375366,0.0011039817472919822
iteration3,WEB11397.jpg,Only_Smoke,Only_Smoke,0.0201480221003294,0.9800536036491394,1,0.009066840633749962,0.009799442254006863,0.9800536036491394,0.0010801844764500856
iteration3,WEB11398.jpg,Only_Smoke,Only_Smoke,0.008331896737217903,0.9917027354240417,1,0.005885724909603596,0.0015750760212540627,0.9917027354240417,0.0008364443783648312
iteration3,WEB11399.jpg,Only_Smoke,Only_Smoke,0.10720443725585938,0.8983420133590698,1,0.09572435915470123,0.003220605431124568,0.8983420133590698,0.0027130437083542347
iteration3,WEB11400.jpg,Only_Smoke,Neither,1.3582420349121094,0.7425187826156616,0,0.7425187826156616,0.0002532220387365669,0.2571123540401459,0.00011564108717720956
iteration3,WEB11401.jpg,Only_Smoke,Neither,1.071563482284546,0.6573988795280457,0,0.6573988795280457,8.05827512522228e-05,0.342472642660141,4.794834603671916e-05
iteration3,WEB11402.jpg,Only_Smoke,Only_Smoke,0.01058948040008545,0.9894663691520691,1,1.1662870747386478e-05,0.00022351705410983413,0.9894663691520691,0.010298417881131172
iteration3,WEB11403.jpg,Only_Smoke,Both,3.7655601501464844,0.976597011089325,0,1.7334663425572217e-05,0.00023097879602573812,0.023154638707637787,0.976597011089325
iteration3,WEB11404.jpg,Only_Smoke,Only_Smoke,0.07273857295513153,0.9298439025878906,1,0.03623725101351738,0.030071716755628586,0.9298439025878906,0.0038471200969070196
iteration3,WEB11405.jpg,Only_Smoke,Only_Smoke,0.02337541989982128,0.9768956899642944,1,0.0005164984031580389,0.0005333648296073079,0.9768956899642944,0.022054536268115044
iteration3,WEB11406.jpg,Only_Smoke,Only_Smoke,0.25144699215888977,0.777674674987793,1,0.05138256773352623,0.16851703822612762,0.777674674987793,0.002425697399303317
iteration3,WEB11407.jpg,Only_Smoke,Neither,3.2528982162475586,0.9475433826446533,0,0.9475433826446533,0.004446129314601421,0.03866199776530266,0.009348533116281033
iteration3,WEB11408.jpg,Only_Smoke,Only_Smoke,0.44056788086891174,0.6436707973480225,1,0.025326594710350037,0.0008679831516928971,0.6436707973480225,0.3301346004009247
iteration3,WEB11409.jpg,Only_Smoke,Both,2.4257028102874756,0.8926268219947815,0,0.017091134563088417,0.0018661431968212128,0.0884159579873085,0.8926268219947815
iteration3,WEB11410.jpg,Only_Smoke,Only_Smoke,0.15234258770942688,0.8586940765380859,1,9.962998319679173e-07,0.00603463314473629,0.8586940765380859,0.13527026772499084
iteration3,WEB11411.jpg,Both,Only_Fire,2.1274945735931396,0.8764955997467041,0,0.0007416167645715177,0.8764955997467041,0.0036273524165153503,0.11913540959358215
iteration3,WEB11412.jpg,Both,Both,0.15605631470680237,0.8555110096931458,1,1.3033077266300097e-05,0.006834170315414667,0.13764174282550812,0.8555110096931458
iteration3,WEB11413.jpg,Both,Only_Smoke,8.619694709777832,0.980097234249115,0,0.01943976990878582,0.0002825500559993088,0.980097234249115,0.00018051534425467253
iteration3,WEB11414.jpg,Only_Smoke,Only_Smoke,0.27322623133659363,0.7609206438064575,1,4.707497737399535e-06,0.015877556055784225,0.7609206438064575,0.2231970876455307
iteration3,WEB11415.jpg,Only_Smoke,Only_Smoke,0.5210697054862976,0.5938849449157715,1,0.00016417370352428406,0.009264066815376282,0.5938849449157715,0.3966867923736572
iteration3,WEB11416.jpg,Both,Both,0.03911670669913292,0.9616384506225586,1,5.5381754293648555e-08,0.000575029116589576,0.03778646141290665,0.9616384506225586
iteration3,WEB11417.jpg,Only_Smoke,Only_Smoke,0.5599778890609741,0.5712217092514038,1,0.00019533290469553322,0.004233852494508028,0.5712217092514038,0.4243491291999817
iteration3,WEB11418.jpg,Only_Smoke,Only_Smoke,0.6139469742774963,0.5412104725837708,1,0.0022076067980378866,0.03826422244310379,0.5412104725837708,0.41831767559051514
iteration3,WEB11419.jpg,Only_Smoke,Both,1.0781868696212769,0.5901283025741577,0,0.0014916283544152975,0.06816814839839935,0.3402118384838104,0.5901283025741577
iteration3,WEB11420.jpg,Only_Smoke,Both,2.2367262840270996,0.8804014921188354,0,1.6765850432420848e-06,0.012789227068424225,0.10680758953094482,0.8804014921188354
iteration3,WEB11421.jpg,Only_Smoke,Only_Smoke,0.008230340667068958,0.9918034076690674,1,1.4829588224074541e-07,0.00018657580949366093,0.9918034076690674,0.008009877055883408
iteration3,WEB11422.jpg,Only_Smoke,Both,2.1146392822265625,0.8358823657035828,0,0.00024666267563588917,0.0431942343711853,0.12067681550979614,0.8358823657035828
iteration3,WEB11423.jpg,Only_Smoke,Only_Smoke,0.5261532664299011,0.5908735394477844,1,0.0002691652625799179,0.03688839450478554,0.5908735394477844,0.37196892499923706
iteration3,WEB11424.jpg,Only_Smoke,Both,2.227133274078369,0.8264742493629456,0,0.025286611169576645,0.040401995182037354,0.10783713310956955,0.8264742493629456
iteration3,WEB11425.jpg,Both,Both,0.06835699826478958,0.9339269995689392,1,0.0004397539305500686,0.05996185541152954,0.0056714341044425964,0.9339269995689392
iteration3,WEB11426.jpg,Both,Both,0.06184469163417816,0.9400288462638855,1,0.0009758355445228517,0.052089277654886246,0.006906053517013788,0.9400288462638855
iteration3,WEB11427.jpg,Both,Both,0.05947955697774887,0.9422547817230225,1,3.903747710864991e-05,0.013532593846321106,0.044173501431941986,0.9422547817230225
iteration3,WEB11428.jpg,Only_Smoke,Only_Fire,3.3069379329681396,0.8853684067726135,0,0.002451771404594183,0.8853684067726135,0.03662816435098648,0.07555166631937027
iteration3,WEB11429.jpg,Only_Smoke,Both,5.965785503387451,0.9853870868682861,0,0.00025264208670705557,0.011795204132795334,0.0025650293100625277,0.9853870868682861
iteration3,WEB11430.jpg,Both,Both,0.003389449091628194,0.9966163039207458,1,9.214037709170952e-05,0.0021056344266980886,0.0011859317310154438,0.9966163039207458
iteration3,WEB11431.jpg,Only_Smoke,Only_Smoke,0.3020882308483124,0.7392728328704834,1,0.0002188674407079816,0.002790092723444104,0.7392728328704834,0.25771817564964294
iteration3,WEB11432.jpg,Both,Only_Smoke,0.8389599323272705,0.5359020233154297,0,0.006972748786211014,0.024965448305010796,0.5359020233154297,0.43215978145599365
iteration3,WEB11433.jpg,Only_Smoke,Neither,1.270099401473999,0.7126784920692444,0,0.7126784920692444,0.0016542314551770687,0.28080371022224426,0.004863610491156578
iteration3,WEB11434.jpg,Both,Both,0.1832377016544342,0.8325702548027039,1,1.9312142285343725e-06,0.0002693583955988288,0.16715846955776215,0.8325702548027039
iteration3,WEB11435.jpg,Both,Both,0.06468295305967331,0.9373645782470703,1,1.736351077852305e-05,0.025883100926876068,0.0367349274456501,0.9373645782470703
iteration3,WEB11436.jpg,Only_Smoke,Only_Smoke,0.11553099751472473,0.8908929824829102,1,1.193891148432158e-05,0.002112732967361808,0.8908929824829102,0.10698242485523224
iteration3,WEB11437.jpg,Both,Both,0.009260203689336777,0.9907825589179993,1,2.445024392727646e-06,0.007332867477089167,0.0018820699770003557,0.9907825589179993
iteration3,WEB11438.jpg,Both,Only_Smoke,3.346418857574463,0.9640268683433533,0,0.0003016052069142461,0.0004613338387571275,0.9640268683433533,0.03521021828055382
iteration3,WEB11439.jpg,Both,Only_Smoke,0.8515732288360596,0.5705280303955078,0,6.369243692461168e-06,0.0027225182857364416,0.5705280303955078,0.4267430305480957
iteration3,WEB11440.jpg,Only_Smoke,Only_Smoke,0.31312987208366394,0.7311549782752991,1,0.0012870057253167033,0.007353850174695253,0.7311549782752991,0.2602042257785797
iteration3,WEB11441.jpg,Only_Smoke,Only_Smoke,0.08011823147535324,0.9230071902275085,1,0.07532753050327301,0.001125733950175345,0.9230071902275085,0.0005394808249548078
iteration3,WEB11442.jpg,Only_Smoke,Neither,0.8283271789550781,0.5611318945884705,0,0.5611318945884705,0.001630400656722486,0.43677935004234314,0.00045835625496692955
iteration3,WEB11443.jpg,Both,Both,0.1703672558069229,0.8433550596237183,1,0.0006098229787312448,0.03891525790095329,0.11711987853050232,0.8433550596237183
iteration3,WEB11444.jpg,Both,Both,0.08738210797309875,0.9163268804550171,1,2.0108538592467085e-05,0.0323651097714901,0.051287900656461716,0.9163268804550171
iteration3,WEB11445.jpg,Both,Only_Smoke,2.306083917617798,0.8712664246559143,0,0.01164410449564457,0.017438745126128197,0.8712664246559143,0.09965071827173233
iteration3,WEB11446.jpg,Both,Both,0.003814208786934614,0.9961930513381958,1,4.960360820405185e-05,0.0028872364200651646,0.0008702147169969976,0.9961930513381958
iteration3,WEB11447.jpg,Both,Both,0.03554192930459976,0.9650822877883911,1,4.041794454678893e-06,0.02233044244349003,0.01258321013301611,0.9650822877883911
iteration3,WEB11448.jpg,Only_Smoke,Only_Fire,3.324575424194336,0.8091791868209839,0,0.002069310750812292,0.8091791868209839,0.035987794399261475,0.15276363492012024
iteration3,WEB11449.jpg,Only_Smoke,Only_Smoke,0.054045677185058594,0.9473888278007507,1,7.937616828712635e-06,0.0007262600120157003,0.9473888278007507,0.05187702551484108
iteration3,WEB11450.jpg,Only_Smoke,Only_Smoke,0.00390101526863873,0.9961065649986267,1,1.0225870937574655e-05,0.0002366852859267965,0.9961065649986267,0.0036464687436819077
iteration3,WEB11451.jpg,Only_Smoke,Only_Smoke,0.0039107524789869785,0.9960969090461731,1,3.139527325402014e-05,0.0002357181947445497,0.9960969090461731,0.003636029316112399
iteration3,WEB11452.jpg,Only_Smoke,Only_Smoke,0.0035816587042063475,0.9964247345924377,1,0.0003033000975847244,0.00010510219726711512,0.9964247345924377,0.0031668515875935555
iteration3,WEB11453.jpg,Only_Smoke,Only_Smoke,0.0028993734158575535,0.997104823589325,1,0.0009047483326867223,0.0002004015404963866,0.997104823589325,0.0017900007078424096
iteration3,WEB11454.jpg,Only_Smoke,Only_Smoke,0.010626517236232758,0.989429771900177,1,0.002301020547747612,0.0012372336350381374,0.989429771900177,0.007031959015876055
iteration3,WEB11455.jpg,Only_Smoke,Only_Smoke,0.029369410127401352,0.971057653427124,1,9.440011490369216e-05,0.00029863108647987247,0.971057653427124,0.02854938432574272
iteration3,WEB11456.jpg,Only_Smoke,Only_Smoke,0.02557922899723053,0.9747451543807983,1,0.00015652399451937526,0.0004178892122581601,0.9747451543807983,0.02468039281666279
iteration3,WEB11457.jpg,Both,Both,0.060317154973745346,0.9414659142494202,1,2.0056253546840708e-08,0.0010702429572120309,0.057463813573122025,0.9414659142494202
iteration3,WEB11458.jpg,Only_Smoke,Only_Smoke,0.4602075517177582,0.6311526298522949,1,0.0002435296046314761,0.029518544673919678,0.6311526298522949,0.33908531069755554
iteration3,WEB11459.jpg,Both,Only_Smoke,1.0458275079727173,0.6467455625534058,0,5.346991747501306e-05,0.001800050842575729,0.6467455625534058,0.3514009416103363
iteration3,WEB11460.jpg,Both,Both,0.004908535163849592,0.9951034784317017,1,1.462642784666457e-10,0.004795970395207405,0.00010060664499178529,0.9951034784317017
iteration3,WEB11461.jpg,Only_Smoke,Only_Smoke,0.06672843545675278,0.9354491829872131,1,0.008733576163649559,0.00185002398211509,0.9354491829872131,0.053967226296663284
iteration3,WEB11462.jpg,Only_Smoke,Only_Smoke,0.4360752999782562,0.646569013595581,1,0.33190807700157166,0.005863612052053213,0.646569013595581,0.015659300610423088
iteration3,WEB11463.jpg,Only_Smoke,Only_Smoke,0.0029554758220911026,0.9970489144325256,1,4.308511415729299e-05,0.00015056580014061183,0.9970489144325256,0.002757473848760128
iteration3,WEB11464.jpg,Only_Smoke,Both,0.9009166955947876,0.573600709438324,0,9.060723095899448e-05,0.020111558958888054,0.40619713068008423,0.573600709438324
iteration3,WEB11465.jpg,Only_Smoke,Only_Smoke,0.005153466947376728,0.9948598146438599,1,0.00045739527558907866,0.00013896475138608366,0.9948598146438599,0.004543779883533716
iteration3,WEB11466.jpg,Only_Smoke,Only_Smoke,0.006556309759616852,0.9934651255607605,1,6.228814163478091e-05,0.000119307245768141,0.9934651255607605,0.006353278644382954
iteration3,WEB11467.jpg,Only_Smoke,Only_Smoke,0.004011204931885004,0.9959968328475952,1,0.0006126308580860496,8.810176223050803e-05,0.9959968328475952,0.0033023611176759005
iteration3,WEB11468.jpg,Only_Smoke,Only_Smoke,0.00145948666613549,0.9985415935516357,1,0.0001294357207370922,4.004759466624819e-05,0.9985415935516357,0.0012889489298686385
iteration3,WEB11469.jpg,Only_Smoke,Only_Smoke,0.00031680811662226915,0.9996832609176636,1,6.967171884753043e-06,9.360248441225849e-06,0.9996832609176636,0.0003005407052114606
iteration3,WEB11470.jpg,Only_Smoke,Only_Smoke,0.00010740180005086586,0.9998925924301147,1,7.46950081520481e-06,6.416975793399615e-06,0.9998925924301147,9.342982957605273e-05
iteration3,WEB11471.jpg,Only_Smoke,Only_Smoke,0.0005440423847176135,0.9994561076164246,1,4.875939339399338e-06,1.3337559721549042e-05,0.9994561076164246,0.0005256240838207304
iteration3,WEB11472.jpg,Only_Smoke,Only_Smoke,0.028119705617427826,0.9722719788551331,1,2.1439280317281373e-05,0.0008108940673992038,0.9722719788551331,0.026895686984062195
iteration3,WEB11473.jpg,Only_Smoke,Only_Smoke,0.12800779938697815,0.8798465132713318,1,1.1601579075204427e-07,0.0004976233467459679,0.8798465132713318,0.1196558028459549
iteration3,WEB11474.jpg,Only_Smoke,Both,1.595548152923584,0.7665935158729553,0,0.001020604046061635,0.029588596895337105,0.20279735326766968,0.7665935158729553
iteration3,WEB11475.jpg,Only_Smoke,Only_Smoke,0.24181148409843445,0.7852041721343994,1,9.959105227608234e-05,0.0005141387809999287,0.7852041721343994,0.2141820788383484
iteration3,WEB11476.jpg,Only_Smoke,Only_Smoke,0.0037547105457633734,0.9962523579597473,1,2.947635766759049e-05,0.003522265935316682,0.9962523579597473,0.00019594696641433984
iteration3,WEB11477.jpg,Only_Smoke,Only_Smoke,0.00665199663490057,0.9933700561523438,1,0.002673269947990775,0.003823095466941595,0.9933700561523438,0.0001334768603555858
iteration3,WEB11478.jpg,Only_Smoke,Only_Smoke,0.04472671449184418,0.9562587738037109,1,0.00044028356205672026,0.0008724397630430758,0.9562587738037109,0.04242858663201332
iteration3,WEB11479.jpg,Only_Smoke,Only_Smoke,0.02713102102279663,0.973233699798584,1,0.026030419394373894,0.0006221455405466259,0.973233699798584,0.00011371137952664867
iteration3,WEB11480.jpg,Only_Smoke,Only_Smoke,0.09306155890226364,0.9111374020576477,1,0.007413342595100403,0.07616959512233734,0.9111374020576477,0.005279601085931063
iteration3,WEB11481.jpg,Only_Smoke,Only_Smoke,0.10299786180257797,0.9021288752555847,1,0.022860325872898102,0.06803964078426361,0.9021288752555847,0.006971153896301985
iteration3,WEB11482.jpg,Only_Smoke,Only_Smoke,0.3179197907447815,0.7276611328125,1,0.0016166559653356671,0.008757084608078003,0.7276611328125,0.2619651257991791
iteration3,WEB11483.jpg,Both,Both,0.3299015760421753,0.7189944982528687,1,1.3185907619117643e-06,0.0018667882541194558,0.27913740277290344,0.7189944982528687
iteration3,WEB11484.jpg,Both,Both,0.1897767037153244,0.8271437883377075,1,0.0001137256549554877,0.1541137993335724,0.018628647550940514,0.8271437883377075
iteration3,WEB11485.jpg,Only_Smoke,Only_Smoke,0.038311176002025604,0.9624134302139282,1,9.435987158212811e-05,0.0026731842663139105,0.9624134302139282,0.034819141030311584
iteration3,WEB11486.jpg,Both,Both,0.20299836993217468,0.8162795901298523,1,1.701747805782361e-06,0.015283282846212387,0.1684354692697525,0.8162795901298523
iteration3,WEB11487.jpg,Both,Only_Smoke,2.5319652557373047,0.9094926118850708,0,0.00015639778575859964,0.010848235338926315,0.9094926118850708,0.07950262725353241
iteration3,WEB11488.jpg,Only_Smoke,Only_Smoke,0.032414328306913376,0.9681053757667542,1,0.0030113537795841694,0.001199056743644178,0.9681053757667542,0.027684250846505165
iteration3,WEB11489.jpg,Only_Smoke,Only_Smoke,0.0272838044911623,0.9730850458145142,1,0.00035266787745058537,0.008883628062903881,0.9730850458145142,0.017678750678896904
iteration3,WEB11490.jpg,Only_Smoke,Only_Smoke,0.004418016877025366,0.9955917000770569,1,0.00015240245556924492,0.0017504876013845205,0.9955917000770569,0.0025053531862795353
iteration3,WEB11491.jpg,Only_Smoke,Only_Smoke,0.00807331595569849,0.9919592142105103,1,0.0007484548259526491,0.0006323723937384784,0.9919592142105103,0.006660038139671087
iteration3,WEB11492.jpg,Only_Smoke,Only_Smoke,0.017986057326197624,0.9821747541427612,1,0.0019229375757277012,0.0012796693481504917,0.9821747541427612,0.014622613787651062
iteration3,WEB11493.jpg,Only_Smoke,Only_Smoke,0.038405824452638626,0.9623223543167114,1,0.007618935313075781,0.0009612165158614516,0.9623223543167114,0.02909744903445244
iteration3,WEB11494.jpg,Only_Smoke,Only_Smoke,0.21648596227169037,0.8053438663482666,1,0.0004742465098388493,0.014738400466740131,0.8053438663482666,0.17944352328777313
iteration3,WEB11495.jpg,Only_Smoke,Only_Smoke,0.22385883331298828,0.7994279861450195,1,0.14236530661582947,0.0035953198093920946,0.7994279861450195,0.05461137369275093
iteration3,WEB11496.jpg,Only_Smoke,Only_Smoke,0.019975563511252403,0.9802226424217224,1,0.0024241465143859386,0.0004578536900226027,0.9802226424217224,0.01689528301358223
iteration3,WEB11497.jpg,Only_Smoke,Only_Smoke,0.02869558148086071,0.9717122316360474,1,0.0011899564415216446,0.0010921581415459514,0.9717122316360474,0.02600567601621151
iteration3,WEB11498.jpg,Only_Smoke,Only_Smoke,0.1365799903869629,0.8723365664482117,1,0.10747171193361282,0.0067341565154492855,0.8723365664482117,0.013457613065838814
iteration3,WEB11499.jpg,Only_Smoke,Only_Smoke,0.1642112284898758,0.8485627770423889,1,0.05244769528508186,0.011485060676932335,0.8485627770423889,0.08750449120998383
iteration3,WEB11500.jpg,Only_Smoke,Only_Smoke,0.030367102473974228,0.970089316368103,1,0.0010295817628502846,0.002053847536444664,0.970089316368103,0.026827268302440643
iteration3,WEB11501.jpg,Only_Smoke,Only_Smoke,0.028686314821243286,0.9717212319374084,1,0.0008284124196507037,0.0005844600964337587,0.9717212319374084,0.02686593309044838
iteration3,WEB11502.jpg,Only_Smoke,Only_Smoke,0.0021757043432444334,0.9978266358375549,1,3.546090511008515e-06,0.0001758984726620838,0.9978266358375549,0.0019938477780669928
iteration3,WEB11503.jpg,Only_Smoke,Only_Smoke,0.0017442979151383042,0.9982572197914124,1,0.0008920755353756249,2.613229662529193e-05,0.9982572197914124,0.0008245807257480919
iteration3,WEB11504.jpg,Only_Smoke,Only_Smoke,0.44433850049972534,0.641248345375061,1,7.303037818928715e-07,0.0017107154708355665,0.641248345375061,0.3570401966571808
iteration3,WEB11505.jpg,Only_Smoke,Only_Smoke,0.009408421814441681,0.9906356930732727,1,0.008537765592336655,4.342675310908817e-05,0.9906356930732727,0.0007831623661331832
iteration3,WEB11506.jpg,Only_Smoke,Only_Smoke,0.006791010964661837,0.993232011795044,1,0.006145965773612261,0.00011308845569146797,0.993232011795044,0.0005090060294605792
iteration3,WEB11507.jpg,Only_Smoke,Only_Smoke,0.009296108968555927,0.9907469749450684,1,0.0015825378941372037,0.0026012063026428223,0.9907469749450684,0.005069277249276638
iteration3,WEB11508.jpg,Only_Smoke,Only_Smoke,0.0012655591126531363,0.998735249042511,1,9.82349956757389e-06,4.1481365769868717e-05,0.998735249042511,0.0012133411364629865
iteration3,WEB11509.jpg,Only_Smoke,Only_Smoke,0.0010578995570540428,0.9989426732063293,1,8.97580393939279e-05,8.645687921671197e-05,0.9989426732063293,0.000881069921888411
iteration3,WEB11510.jpg,Only_Smoke,Only_Smoke,0.004675646312534809,0.9953352808952332,1,2.0889269762847107e-06,9.107023652177304e-05,0.9953352808952332,0.0045715318992733955
iteration3,WEB11511.jpg,Only_Smoke,Only_Smoke,0.0018917298875749111,0.9981100559234619,1,3.4661599102037144e-07,3.563241261872463e-05,0.9981100559234619,0.00185396836604923
iteration3,WEB11512.jpg,Only_Smoke,Only_Smoke,0.009659573435783386,0.9903869032859802,1,0.00018432237266097218,0.00023495331697631627,0.9903869032859802,0.009193857200443745
iteration3,WEB11513.jpg,Only_Smoke,Only_Smoke,0.22935855388641357,0.795043408870697,1,0.00010065531387226656,0.009196254424750805,0.795043408870697,0.19565965235233307
iteration3,WEB11514.jpg,Both,Only_Smoke,2.271860122680664,0.8938076496124268,0,0.00040822799201123416,0.002664022846147418,0.8938076496124268,0.10312017798423767
iteration3,WEB11515.jpg,Both,Both,0.030702529475092888,0.969763994216919,1,1.945399162650574e-06,0.001899983617477119,0.02833404950797558,0.969763994216919
iteration3,WEB11516.jpg,Only_Smoke,Only_Smoke,0.299274206161499,0.7413560748100281,1,0.07744049280881882,0.07457273453474045,0.7413560748100281,0.10663070529699326
iteration3,WEB11517.jpg,Both,Both,0.018285512924194336,0.9818806648254395,1,1.2218971278343815e-05,0.015466061420738697,0.0026410832069814205,0.9818806648254395
iteration3,WEB11518.jpg,Both,Both,0.008379065431654453,0.9916559457778931,1,9.997399502026383e-06,0.005364610347896814,0.0029694403056055307,0.9916559457778931
iteration3,WEB11519.jpg,Both,Both,0.1420464664697647,0.8675809502601624,1,0.00012346389121375978,0.007537812925875187,0.12475772947072983,0.8675809502601624
iteration3,WEB11520.jpg,Both,Both,0.05989226698875427,0.9418659806251526,1,0.0015439449343830347,0.04918321967124939,0.007406855467706919,0.9418659806251526
iteration3,WEB11521.jpg,Both,Both,0.417878657579422,0.6584421396255493,1,0.03574349358677864,0.08744373917579651,0.21837066113948822,0.6584421396255493
iteration3,WEB11522.jpg,Both,Both,0.01188801322132349,0.9881823658943176,1,1.3843086890119594e-05,0.00843986589461565,0.0033639557659626007,0.9881823658943176
iteration3,WEB11523.jpg,Only_Smoke,Only_Smoke,0.004311195574700832,0.995698094367981,1,1.1824865396192763e-05,9.46217987802811e-05,0.995698094367981,0.004195386543869972
iteration3,WEB11524.jpg,Only_Fire,Both,5.766091346740723,0.9283217787742615,0,1.256446694242186e-06,0.0031319758854806423,0.0685449093580246,0.9283217787742615
iteration3,WEB11525.jpg,Both,Both,0.017581917345523834,0.9825717210769653,1,3.8231341022765264e-05,0.007365008816123009,0.010025035589933395,0.9825717210769653
iteration3,WEB11526.jpg,Both,Only_Smoke,2.2938730716705322,0.6500642895698547,0,0.07877413928508759,0.17028652131557465,0.6500642895698547,0.10087502002716064
iteration3,WEB11527.jpg,Only_Smoke,Only_Smoke,0.01044615637511015,0.9896082282066345,1,0.0017437745118513703,0.0008596758125349879,0.9896082282066345,0.007788400631397963
iteration3,WEB11528.jpg,Both,Both,0.20703241229057312,0.8129932880401611,1,0.0005581477307714522,0.06886352598667145,0.11758498847484589,0.8129932880401611
iteration3,WEB11529.jpg,Only_Smoke,Only_Smoke,0.252821147441864,0.7766067385673523,1,0.00017184283933602273,0.004763755016028881,0.7766067385673523,0.2184576392173767
iteration3,WEB11530.jpg,Only_Smoke,Only_Smoke,0.16059432923793793,0.8516374826431274,1,0.0003305802238173783,0.00396763114258647,0.8516374826431274,0.14406433701515198
iteration3,WEB11531.jpg,Only_Smoke,Neither,1.2347537279129028,0.6637967228889465,0,0.6637967228889465,0.027060775086283684,0.2909063994884491,0.018236130475997925
iteration3,WEB11532.jpg,Both,Only_Smoke,1.1230093240737915,0.6663087010383606,0,3.317224036436528e-05,0.008358694612979889,0.6663087010383606,0.3252994120121002
iteration3,WEB11533.jpg,Both,Both,0.0015260252403095365,0.9984751343727112,1,3.756294688628259e-07,6.173381552798674e-05,0.0014626728370785713,0.9984751343727112
iteration3,WEB11534.jpg,Both,Both,0.015713443979620934,0.9844093918800354,1,2.16650605580071e-05,0.0011469711316749454,0.014421999454498291,0.9844093918800354
iteration3,WEB11535.jpg,Only_Smoke,Only_Smoke,0.5161254405975342,0.5968285202980042,1,0.0008794376044534147,0.07235124707221985,0.5968285202980042,0.3299407958984375
iteration3,WEB11536.jpg,Only_Smoke,Only_Smoke,0.019506996497511864,0.9806820154190063,1,0.004782610572874546,0.0051828473806381226,0.9806820154190063,0.009352460503578186
iteration3,WEB11537.jpg,Both,Both,0.6816786527633667,0.505767285823822,1,0.0002174210676457733,0.48265746235847473,0.011357835493981838,0.505767285823822
iteration3,WEB11538.jpg,Only_Smoke,Only_Smoke,0.2352445423603058,0.7903775572776794,1,0.18152417242527008,0.0012462037848308682,0.7903775572776794,0.026852108538150787
iteration3,WEB11539.jpg,Both,Only_Smoke,1.2101759910583496,0.61153244972229,0,0.0002778648631647229,0.09004484862089157,0.61153244972229,0.29814478754997253
iteration3,WEB11540.jpg,Both,Both,0.2460702657699585,0.781867265701294,1,1.9514429823175306e-06,0.007738961838185787,0.21039177477359772,0.781867265701294
iteration3,WEB11541.jpg,Both,Both,0.27756503224372864,0.7576262950897217,1,9.580110599927139e-06,0.024477744475007057,0.21788637340068817,0.7576262950897217
iteration3,WEB11542.jpg,Both,Both,0.13567382097244263,0.8731274008750916,1,3.293548616056796e-06,0.008468510583043098,0.11840075999498367,0.8731274008750916
iteration3,WEB11543.jpg,Only_Smoke,Both,2.029323101043701,0.8648630976676941,0,4.001907291240059e-05,0.0036724512465298176,0.1314244568347931,0.8648630976676941
iteration3,WEB11544.jpg,Both,Only_Smoke,0.9272545576095581,0.5821475982666016,0,0.007213052362203598,0.015000910498201847,0.5821475982666016,0.39563843607902527
iteration3,WEB11545.jpg,Only_Smoke,Only_Smoke,0.010093008168041706,0.9899577498435974,1,2.3063883247687045e-07,0.0006229004357010126,0.9899577498435974,0.009419156238436699
iteration3,WEB11546.jpg,Only_Smoke,Only_Smoke,0.00015710550360381603,0.9998428821563721,1,2.8508128480098094e-07,2.826130912580993e-05,0.9998428821563721,0.00012857619731221348
iteration3,WEB11547.jpg,Only_Smoke,Only_Smoke,0.27546316385269165,0.7592204213142395,1,0.03364088758826256,0.08549105376005173,0.7592204213142395,0.12164774537086487
iteration3,WEB11548.jpg,Only_Smoke,Only_Smoke,0.005401895847171545,0.9946126937866211,1,9.427188807364928e-09,0.00017069296154659241,0.9946126937866211,0.0052166408859193325
iteration3,WEB11549.jpg,Only_Smoke,Only_Smoke,0.004327219445258379,0.9956821203231812,1,6.658046913798898e-07,0.0006291536265052855,0.9956821203231812,0.003688010387122631
iteration3,WEB11550.jpg,Only_Smoke,Only_Smoke,0.006568389479070902,0.9934531450271606,1,2.3738297727504687e-07,0.00010485023085493594,0.9934531450271606,0.006441730540245771
iteration3,WEB11551.jpg,Only_Smoke,Only_Smoke,0.0021309780422598124,0.9978712797164917,1,1.1233681789235561e-06,4.711623114417307e-05,0.9978712797164917,0.002080522943288088
iteration3,WEB11552.jpg,Only_Smoke,Both,0.719752311706543,0.5122975707054138,0,1.666973730607424e-05,0.0008129978668875992,0.4868728518486023,0.5122975707054138
iteration3,WEB11553.jpg,Both,Both,0.014702191576361656,0.9854053854942322,1,6.749813508122315e-08,0.01153209712356329,0.0030624421779066324,0.9854053854942322
iteration3,WEB11554.jpg,Only_Smoke,Only_Smoke,0.33788514137268066,0.7132772207260132,1,1.9655755068015424e-07,0.003170141950249672,0.7132772207260132,0.28355249762535095
iteration3,WEB11555.jpg,Only_Smoke,Only_Smoke,0.15790003538131714,0.8539351224899292,1,0.0008000722737051547,0.01705147512257099,0.8539351224899292,0.12821337580680847
iteration3,WEB11556.jpg,Only_Smoke,Only_Smoke,0.03300434723496437,0.9675343632698059,1,3.9269161788979545e-06,0.001686625531874597,0.9675343632698059,0.03077509067952633
iteration3,WEB11557.jpg,Only_Smoke,Only_Smoke,0.07426431030035019,0.9284262657165527,1,2.225606112915557e-05,0.003238053061068058,0.9284262657165527,0.06831347197294235
iteration3,WEB11558.jpg,Only_Smoke,Only_Smoke,0.11778738349676132,0.8888850212097168,1,1.4412319337964163e-08,0.0007157867075875401,0.8888850212097168,0.11039914935827255
iteration3,WEB11559.jpg,Both,Both,0.41386309266090393,0.6610914468765259,1,0.054806508123874664,0.22925221920013428,0.054849773645401,0.6610914468765259
iteration3,WEB11560.jpg,Only_Smoke,Both,3.445953130722046,0.9555438756942749,0,0.00051401014206931,0.012067749164998531,0.031874362379312515,0.9555438756942749
iteration3,WEB11561.jpg,Only_Smoke,Only_Smoke,0.11207929998636246,0.8939733505249023,1,0.0033942838199436665,0.005765821319073439,0.8939733505249023,0.09686657041311264
iteration3,WEB11562.jpg,Only_Smoke,Only_Smoke,0.4425292909145355,0.6424095034599304,1,0.33422452211380005,0.004298497922718525,0.6424095034599304,0.01906747557222843
iteration3,WEB11563.jpg,Only_Smoke,Neither,3.9024276733398438,0.9709686636924744,0,0.9709686636924744,0.008610138669610023,0.020192831754684448,0.00022839805751573294
iteration3,WEB11564.jpg,Only_Smoke,Only_Smoke,0.5223459005355835,0.5931274890899658,1,0.2305043786764145,0.04656662046909332,0.5931274890899658,0.12980152666568756
iteration3,WEB11565.jpg,Only_Smoke,Only_Smoke,0.5961847305297852,0.5509095191955566,1,0.03248802572488785,0.050927601754665375,0.5509095191955566,0.3656748831272125
iteration3,WEB11566.jpg,Both,Only_Smoke,1.1073894500732422,0.6356776356697083,0,4.266695395926945e-05,0.033859290182590485,0.6356776356697083,0.33042043447494507
iteration3,WEB11567.jpg,Both,Both,0.002001189161092043,0.9980008006095886,1,6.976980770900809e-09,0.0017653423128649592,0.00023383994994219393,0.9980008006095886
iteration3,WEB11568.jpg,Only_Smoke,Only_Smoke,0.4005541205406189,0.6699486970901489,1,0.00010343990288674831,0.0060931118205189705,0.6699486970901489,0.3238547444343567
iteration3,WEB11569.jpg,Only_Smoke,Only_Smoke,0.24220089614391327,0.7848984599113464,1,0.13566727936267853,0.06214488297700882,0.7848984599113464,0.01728932000696659
iteration3,WEB11570.jpg,Only_Smoke,Only_Smoke,0.10662983357906342,0.8988583087921143,1,0.043714337050914764,0.010558856651186943,0.8988583087921143,0.04686838760972023
iteration3,WEB11571.jpg,Only_Smoke,Only_Smoke,0.35990962386131287,0.6977393627166748,1,0.2898119390010834,0.010215066373348236,0.6977393627166748,0.0022335932590067387
iteration3,WEB11572.jpg,Only_Smoke,Only_Smoke,0.44726622104644775,0.6393736600875854,1,0.03051205910742283,0.04442540928721428,0.6393736600875854,0.2856888771057129
iteration3,WEB11573.jpg,Only_Smoke,Only_Smoke,0.04019450768828392,0.9606025815010071,1,0.0038014345336705446,0.00047744554467499256,0.9606025815010071,0.0351184643805027
iteration3,WEB11574.jpg,Only_Smoke,Only_Smoke,0.013647346757352352,0.9864453673362732,1,0.0038379663601517677,0.001379883149638772,0.9864453673362732,0.008336705155670643
iteration3,WEB11575.jpg,Only_Smoke,Only_Smoke,0.015100685879588127,0.9850127696990967,1,0.00021832046331837773,0.00043462892062962055,0.9850127696990967,0.014334338717162609
iteration3,WEB11576.jpg,Both,Both,0.05718638747930527,0.9444180130958557,1,9.557203156873584e-06,0.044875919818878174,0.010696479119360447,0.9444180130958557
iteration3,WEB11577.jpg,Only_Smoke,Only_Smoke,0.12401091307401657,0.8833702206611633,1,0.0009234704193659127,0.0016908845864236355,0.8833702206611633,0.11401549726724625
iteration3,WEB11578.jpg,Only_Smoke,Only_Smoke,0.040879976004362106,0.9599443674087524,1,6.663256613137492e-08,0.0011175086256116629,0.9599443674087524,0.03893803060054779
iteration3,WEB11579.jpg,Both,Both,0.035265661776065826,0.9653488993644714,1,0.0018675541505217552,0.0097960215061903,0.02298741787672043,0.9653488993644714
iteration3,WEB11580.jpg,Only_Smoke,Only_Smoke,0.01675345189869404,0.9833860993385315,1,1.5470839571207762e-05,0.00046790193300694227,0.9833860993385315,0.016130521893501282
iteration3,WEB11581.jpg,Only_Smoke,Only_Smoke,0.459483802318573,0.6316096186637878,1,0.02209889329969883,0.007431555073708296,0.6316096186637878,0.3388599753379822
iteration3,WEB11582.jpg,Both,Both,0.04317289590835571,0.9577457904815674,1,2.8489555916166864e-05,0.0005713394493795931,0.04165438190102577,0.9577457904815674
iteration3,WEB11583.jpg,Both,Both,0.006994879338890314,0.9930295348167419,1,0.00012731309107039124,0.0011454217601567507,0.005697777960449457,0.9930295348167419
iteration3,WEB11584.jpg,Only_Smoke,Both,1.0406692028045654,0.6447777152061462,0,2.818399661919102e-05,0.0019758902490139008,0.3532182276248932,0.6447777152061462
iteration3,WEB11585.jpg,Only_Smoke,Both,1.1346111297607422,0.3923492133617401,0,0.02803521417081356,0.25806838274002075,0.32154715061187744,0.3923492133617401
iteration3,WEB11586.jpg,Only_Smoke,Only_Smoke,0.9153454899787903,0.4003782868385315,1,0.17486558854579926,0.0726434737443924,0.4003782868385315,0.35211268067359924
iteration3,WEB11587.jpg,Only_Smoke,Only_Smoke,0.057375285774469376,0.944239616394043,1,0.016846949234604836,0.0010765526676550508,0.944239616394043,0.037836864590644836
iteration3,WEB11588.jpg,Only_Smoke,Only_Smoke,0.797360897064209,0.45051634311676025,1,0.007969523780047894,0.09676932543516159,0.45051634311676025,0.4447448253631592
iteration3,WEB11589.jpg,Only_Smoke,Only_Smoke,0.5852748155593872,0.5569527745246887,1,0.38059064745903015,0.013602493330836296,0.5569527745246887,0.048854053020477295
iteration3,WEB11590.jpg,Only_Smoke,Both,0.8187558054924011,0.5313743352890015,0,0.00891186948865652,0.01873375102877617,0.4409799873828888,0.5313743352890015
iteration3,WEB11591.jpg,Only_Smoke,Only_Smoke,0.06404805928468704,0.9379599094390869,1,0.002932952018454671,0.0026128729805350304,0.9379599094390869,0.056494198739528656
iteration3,WEB11592.jpg,Only_Smoke,Only_Smoke,0.6771083474159241,0.5080840587615967,1,0.04183076322078705,0.1403481662273407,0.5080840587615967,0.30973702669143677
iteration3,WEB11593.jpg,Only_Smoke,Only_Smoke,0.14038877189159393,0.8690203428268433,1,0.11037468910217285,0.012963147833943367,0.8690203428268433,0.007641823496669531
iteration3,WEB11594.jpg,Only_Smoke,Only_Smoke,0.008130784146487713,0.9919021725654602,1,2.3018916181172244e-05,0.00011080082185799256,0.9919021725654602,0.007963964715600014
iteration3,WEB11595.jpg,Both,Both,0.08326850831508636,0.9201040267944336,1,0.00418171426281333,0.030610546469688416,0.045103710144758224,0.9201040267944336
iteration3,WEB11596.jpg,Only_Smoke,Only_Smoke,0.4211452007293701,0.6562948226928711,1,7.0955034061626066e-06,0.008899909444153309,0.6562948226928711,0.334798127412796
iteration3,WEB11597.jpg,Only_Smoke,Only_Smoke,0.2793925404548645,0.7562429904937744,1,0.002950493013486266,0.0015292800962924957,0.7562429904937744,0.23927728831768036
iteration3,WEB11598.jpg,Only_Smoke,Only_Smoke,0.010878542438149452,0.9891803860664368,1,9.621972822060343e-06,0.003170839510858059,0.9891803860664368,0.0076391324400901794
iteration3,WEB11599.jpg,Both,Both,0.2268485724925995,0.7970414757728577,1,0.028635285794734955,0.12999194860458374,0.044331248849630356,0.7970414757728577
iteration3,WEB11600.jpg,Only_Smoke,Only_Smoke,0.070393867790699,0.9320266246795654,1,3.947103687096387e-05,0.004348175134509802,0.9320266246795654,0.06358570605516434
iteration3,WEB11601.jpg,Both,Both,0.032881155610084534,0.9676535725593567,1,0.0027854470536112785,0.015927206724882126,0.013633770868182182,0.9676535725593567
iteration3,WEB11602.jpg,Only_Smoke,Only_Smoke,0.03557299077510834,0.9650523066520691,1,4.761860054713907e-06,0.00012329463788773865,0.9650523066520691,0.034819696098566055
iteration3,WEB11603.jpg,Both,Both,0.06013442575931549,0.9416379332542419,1,6.595997547265142e-05,0.05461128056049347,0.003684877185150981,0.9416379332542419
iteration3,WEB11604.jpg,Only_Smoke,Neither,1.24651300907135,0.34491604566574097,0,0.34491604566574097,0.03454992547631264,0.287505567073822,0.3330284655094147
iteration3,WEB11605.jpg,Only_Smoke,Only_Smoke,0.008609557524323463,0.9914274215698242,1,0.0028480805922299623,0.0002520917041692883,0.9914274215698242,0.005472480319440365
iteration3,WEB11606.jpg,Both,Both,0.1453995257616043,0.8646767735481262,1,0.0006554033607244492,0.06312558799982071,0.07154221832752228,0.8646767735481262
iteration3,WEB11607.jpg,Only_Smoke,Only_Smoke,0.1819942146539688,0.8336061835289001,1,0.0001640244881855324,0.01947125419974327,0.8336061835289001,0.1467585265636444
iteration3,WEB11608.jpg,Both,Both,0.010842576622962952,0.9892159700393677,1,2.870969865398365e-06,0.0020251625683158636,0.008755993098020554,0.9892159700393677
iteration3,WEB11609.jpg,Only_Smoke,Both,0.926385760307312,0.6001551747322083,0,0.0003316983347758651,0.0035308715887367725,0.3959822952747345,0.6001551747322083
iteration3,WEB11610.jpg,Both,Both,0.11324268579483032,0.8929339051246643,1,1.3162342611394706e-06,0.0009600945631973445,0.10610462725162506,0.8929339051246643
iteration3,WEB11611.jpg,Both,Both,0.20212914049625397,0.8169894218444824,1,0.003822143655270338,0.03036327287554741,0.14882519841194153,0.8169894218444824
iteration3,WEB11612.jpg,Both,Both,0.09598459303379059,0.9084780216217041,1,4.3421790905995294e-05,0.006885875016450882,0.08459265530109406,0.9084780216217041
iteration3,WEB11613.jpg,Both,Both,0.06193534657359123,0.9399436712265015,1,4.794685810338706e-05,0.011687756516039371,0.04832068085670471,0.9399436712265015
iteration3,WEB11614.jpg,Only_Smoke,Both,0.7674545645713806,0.491199791431427,0,0.01906786486506462,0.025539174675941467,0.4641931354999542,0.491199791431427
iteration3,WEB11615.jpg,Only_Smoke,Only_Smoke,0.07677970826625824,0.9260938167572021,1,0.03121275082230568,0.007799443788826466,0.9260938167572021,0.03489388898015022
iteration3,WEB11616.jpg,Both,Both,0.003885815851390362,0.9961217045783997,1,1.1306697160762269e-05,9.314247290603817e-05,0.0037738338578492403,0.9961217045783997
iteration3,WEB11617.jpg,Both,Both,0.6838999390602112,0.504645049571991,1,1.1575352800718974e-05,0.00020568819309119135,0.49513763189315796,0.504645049571991
iteration3,WEB11618.jpg,Both,Both,0.049324940890073776,0.9518717527389526,1,1.9337161205612574e-08,6.0383244999684393e-05,0.048067864030599594,0.9518717527389526
iteration3,WEB11619.jpg,Both,Both,0.40391260385513306,0.6677024960517883,1,0.0011586331529542804,0.00024331557506229728,0.3308955430984497,0.6677024960517883
iteration3,WEB11620.jpg,Only_Smoke,Only_Smoke,0.5235199332237244,0.5924315452575684,1,5.02859111293219e-05,0.0054826894775033,0.5924315452575684,0.4020354151725769
iteration3,WEB11621.jpg,Only_Smoke,Only_Smoke,0.564799427986145,0.5684741735458374,1,0.0007420086185447872,0.005882231518626213,0.5684741735458374,0.4249016344547272
iteration3,WEB11622.jpg,Only_Smoke,Only_Smoke,0.30078449845314026,0.740237295627594,1,0.0011454521445557475,0.00307232397608459,0.740237295627594,0.25554490089416504
iteration3,WEB11623.jpg,Only_Smoke,Only_Smoke,0.13703317940235138,0.8719412684440613,1,0.015302308835089207,0.00370975979603827,0.8719412684440613,0.109046570956707
iteration3,WEB11624.jpg,Only_Smoke,Only_Smoke,0.14636097848415375,0.8638458251953125,1,0.054309453815221786,0.006779426708817482,0.8638458251953125,0.07506528496742249
iteration3,WEB11625.jpg,Both,Both,0.3495256304740906,0.7050224542617798,1,0.00012622977374121547,0.0027558619622141123,0.29209551215171814,0.7050224542617798
iteration3,WEB11626.jpg,Only_Smoke,Only_Smoke,0.1079292818903923,0.8976910710334778,1,0.006060188636183739,0.061942730098962784,0.8976910710334778,0.03430606797337532
iteration3,WEB11627.jpg,Both,Both,0.01851045712828636,0.9816598296165466,1,1.6822508769109845e-05,0.00011747538519557565,0.018205884844064713,0.9816598296165466
iteration3,WEB11628.jpg,Only_Smoke,Only_Smoke,0.0038358219899237156,0.9961715340614319,1,1.9127584891975857e-05,4.3804528104374185e-05,0.9961715340614319,0.0037655539344996214
iteration3,WEB11629.jpg,Only_Smoke,Only_Smoke,0.007273503113538027,0.9927529096603394,1,0.00023145126760937274,0.00035680545261129737,0.9927529096603394,0.006658787839114666
iteration3,WEB11630.jpg,Only_Smoke,Only_Smoke,0.4356354773044586,0.6468534469604492,1,0.008154282346367836,0.04343360289931297,0.6468534469604492,0.3015587031841278
iteration3,WEB11631.jpg,Only_Smoke,Only_Smoke,0.028447426855564117,0.9719533920288086,1,2.061764826066792e-05,0.00011050370085285977,0.9719533920288086,0.027915505692362785
iteration3,WEB11632.jpg,Only_Smoke,Only_Smoke,0.010433887131512165,0.9896203279495239,1,0.009728780016303062,0.00026684478507377207,0.9896203279495239,0.00038402804057113826
iteration3,WEB11633.jpg,Only_Smoke,Only_Smoke,0.004532777238637209,0.9954774975776672,1,6.90369824951631e-06,0.000310366740450263,0.9954774975776672,0.004205313511192799
iteration3,WEB11634.jpg,Both,Both,0.14124813675880432,0.8682738542556763,1,5.742926987295505e-06,0.08490779250860214,0.04681260511279106,0.8682738542556763
iteration3,WEB11635.jpg,Only_Smoke,Only_Smoke,0.28663262724876404,0.7507874965667725,1,0.24241462349891663,0.003832469927147031,0.7507874965667725,0.0029654018580913544
iteration3,WEB11636.jpg,Both,Both,0.0074435509741306305,0.9925841093063354,1,7.748060966150661e-07,0.0036319317296147346,0.00378321367315948,0.9925841093063354
iteration3,WEB11637.jpg,Both,Both,0.005612922832369804,0.9944028258323669,1,1.7526353701668995e-09,7.630488835275173e-05,0.005520883481949568,0.9944028258323669
iteration3,WEB11638.jpg,Both,Both,0.001456748810596764,0.9985443353652954,1,1.5320121837802958e-09,1.4415193618333433e-05,0.0014413256430998445,0.9985443353652954
iteration3,WEB11639.jpg,Both,Both,0.0026718415319919586,0.9973317384719849,1,6.219445225497111e-08,9.178119216812775e-05,0.0025764312595129013,0.9973317384719849
iteration3,WEB11640.jpg,Only_Smoke,Only_Smoke,0.5454196333885193,0.5795984864234924,1,0.027411317452788353,0.10740978270769119,0.5795984864234924,0.2855803966522217
iteration3,WEB11641.jpg,Only_Smoke,Only_Smoke,0.12853209674358368,0.8793853521347046,1,0.009685063734650612,0.00804179348051548,0.8793853521347046,0.10288786888122559
iteration3,WEB11642.jpg,Only_Smoke,Only_Smoke,0.21059133112430573,0.8101050853729248,1,0.0033468855544924736,0.01772330142557621,0.8101050853729248,0.16882474720478058
iteration3,WEB11643.jpg,Both,Both,0.07063616067171097,0.9318008422851562,1,0.0009662517695687711,0.060375239700078964,0.006857650820165873,0.9318008422851562
iteration3,WEB11644.jpg,Both,Both,0.016928108409047127,0.9832143783569336,1,4.715370323538082e-06,0.01633353903889656,0.00044739170698449016,0.9832143783569336
iteration3,WEB11645.jpg,Both,Both,0.02276652306318283,0.9774906635284424,1,1.2899737384941545e-06,0.022102035582065582,0.0004059260827489197,0.9774906635284424
iteration3,WEB11646.jpg,Both,Both,0.0997549444437027,0.9050591588020325,1,0.00010627328447299078,0.08612996339797974,0.008704586885869503,0.9050591588020325
iteration3,WEB11647.jpg,Both,Both,0.167319193482399,0.8459295630455017,1,0.0016121076187118888,0.13894023001194,0.013518089428544044,0.8459295630455017
iteration3,WEB11648.jpg,Both,Both,0.0851697325706482,0.9183564186096191,1,0.0009424469317309558,0.021998973563313484,0.05870215967297554,0.9183564186096191
iteration3,WEB11649.jpg,Both,Both,0.05905116721987724,0.942658543586731,1,0.0001156429570983164,0.008579513058066368,0.04864628612995148,0.942658543586731
iteration3,WEB11650.jpg,Only_Smoke,Only_Smoke,0.08534181863069534,0.9181983470916748,1,0.03022146038711071,0.001621177769266069,0.9181983470916748,0.049958907067775726
iteration3,WEB11651.jpg,Both,Both,0.18425528705120087,0.8317234516143799,1,6.479274816229008e-06,0.0003837919211946428,0.16788625717163086,0.8317234516143799
iteration3,WEB11652.jpg,Both,Both,0.2382277250289917,0.7880232334136963,1,0.0011080213589593768,0.0026562109123915434,0.20821256935596466,0.7880232334136963
iteration3,WEB11653.jpg,Only_Smoke,Both,2.87080979347229,0.9222898483276367,0,0.004790522623807192,0.016266603022813797,0.05665302649140358,0.9222898483276367
iteration3,WEB11654.jpg,Both,Both,0.10289913415908813,0.9022179841995239,1,0.001093958388082683,0.010524955578148365,0.08616303652524948,0.9022179841995239
iteration3,WEB11655.jpg,Both,Both,0.13821224868297577,0.8709138035774231,1,6.2611675275547896e-06,0.0012664459645748138,0.12781353294849396,0.8709138035774231
iteration3,WEB11656.jpg,Only_Smoke,Only_Smoke,0.06370875239372253,0.9382781982421875,1,0.026440011337399483,0.015474210493266582,0.9382781982421875,0.01980750449001789
iteration3,WEB11657.jpg,Both,Both,0.04892362281680107,0.9522538781166077,1,0.0005382623057812452,0.03200846537947655,0.015199422836303711,0.9522538781166077
iteration3,WEB11658.jpg,Both,Both,0.395041823387146,0.6736518740653992,1,0.018565259873867035,0.20828668773174286,0.09949620068073273,0.6736518740653992
iteration3,WEB11659.jpg,Both,Only_Fire,1.4005494117736816,0.37496447563171387,0,0.12659037113189697,0.37496447563171387,0.2519836723804474,0.24646151065826416
iteration3,WEB11660.jpg,Both,Both,0.20581410825252533,0.8139843940734863,1,0.000154027235112153,0.05078892037272453,0.13507269322872162,0.8139843940734863
iteration3,WEB11661.jpg,Both,Both,0.03896789625287056,0.9617815613746643,1,1.0550472325121518e-05,0.0020418940111994743,0.03616595268249512,0.9617815613746643
iteration3,WEB11662.jpg,Both,Both,0.06664244830608368,0.9355296492576599,1,7.632740562257823e-06,0.06351928412914276,0.0009434017119929194,0.9355296492576599
iteration3,WEB11663.jpg,Both,Both,0.03196552395820618,0.9685399532318115,1,2.2697737733778922e-07,0.0001801996841095388,0.031279537826776505,0.9685399532318115
iteration3,WEB11664.jpg,Only_Smoke,Both,2.1415250301361084,0.8438530564308167,0,0.00033526369952596724,0.03833606094121933,0.11747557669878006,0.8438530564308167
iteration3,WEB11665.jpg,Both,Both,0.14512643218040466,0.8649129271507263,1,7.163640111684799e-05,0.030817722901701927,0.10419770330190659,0.8649129271507263
iteration3,WEB11666.jpg,Only_Smoke,Both,1.3552855253219604,0.7203109860420227,0,0.003555434290319681,0.018259895965456963,0.25787365436553955,0.7203109860420227
iteration3,WEB11667.jpg,Both,Both,0.38875943422317505,0.6778973340988159,1,8.392092240683269e-06,0.30112093687057495,0.020973294973373413,0.6778973340988159
iteration3,WEB11668.jpg,Both,Only_Fire,1.5875029563903809,0.6098170280456543,0,0.0007430281839333475,0.6098170280456543,0.18500450253486633,0.20443543791770935
iteration3,WEB11669.jpg,Both,Both,0.6823693513870239,0.505418062210083,1,0.0004594487836584449,0.4023600220680237,0.0917624831199646,0.505418062210083
iteration3,WEB11670.jpg,Only_Smoke,Only_Smoke,0.6415650248527527,0.5264678597450256,1,0.0015361247351393104,0.00877650547772646,0.5264678597450256,0.463219553232193
iteration3,WEB11671.jpg,Only_Smoke,Only_Smoke,0.020865226164460182,0.9793509244918823,1,0.00010355968697695062,0.0005567184998653829,0.9793509244918823,0.019988738000392914
iteration3,WEB11672.jpg,Both,Both,0.0031596519984304905,0.9968453049659729,1,1.0166486390517093e-06,0.0027758467476814985,0.0003777946112677455,0.9968453049659729
iteration3,WEB11673.jpg,Only_Smoke,Only_Smoke,0.08058387786149979,0.9225775003433228,1,0.030027996748685837,0.009785461239516735,0.9225775003433228,0.037609051913022995
iteration3,WEB11674.jpg,Only_Smoke,Only_Smoke,0.2819172739982605,0.7543360590934753,1,0.02405622787773609,0.0737365186214447,0.7543360590934753,0.14787113666534424
iteration3,WEB11675.jpg,Only_Smoke,Only_Smoke,0.01722085103392601,0.982926607131958,1,2.3338391201832565e-06,0.0014298788737505674,0.982926607131958,0.01564115472137928
iteration3,WEB11676.jpg,Only_Smoke,Only_Smoke,0.00583729799836874,0.9941797256469727,1,0.0025065531954169273,0.0024553099647164345,0.9941797256469727,0.0008583848248235881
iteration3,WEB11677.jpg,Only_Smoke,Only_Smoke,0.056225478649139404,0.9453259706497192,1,1.4532007298839744e-05,0.0012194004375487566,0.9453259706497192,0.05344005674123764
iteration3,WEB11678.jpg,Only_Smoke,Only_Smoke,0.6451939344406128,0.524560809135437,1,0.006189764477312565,0.2252890169620514,0.524560809135437,0.2439604103565216
iteration3,WEB11679.jpg,Both,Both,0.18970699608325958,0.8272014856338501,1,7.827887748135254e-05,0.0626986175775528,0.11002159118652344,0.8272014856338501
iteration3,WEB11680.jpg,Only_Smoke,Only_Smoke,0.26335299015045166,0.7684705853462219,1,0.13549292087554932,0.03699043393135071,0.7684705853462219,0.059046078473329544
iteration3,WEB11681.jpg,Only_Smoke,Only_Smoke,0.011412928812205791,0.9886519312858582,1,0.005452567245811224,0.0002509567129891366,0.9886519312858582,0.005644547753036022
iteration3,WEB11682.jpg,Only_Smoke,Only_Smoke,0.1221509501338005,0.8850147724151611,1,0.008660742081701756,0.0013883503852412105,0.8850147724151611,0.1049361452460289
iteration3,WEB11683.jpg,Only_Smoke,Only_Smoke,0.11644020676612854,0.8900833129882812,1,0.0241540614515543,0.014832288958132267,0.8900833129882812,0.0709303691983223
iteration3,WEB11684.jpg,Both,Both,0.16565905511379242,0.8473351001739502,1,0.00294351764023304,0.12404170632362366,0.025679634883999825,0.8473351001739502
iteration3,WEB11685.jpg,Only_Smoke,Both,0.8313478827476501,0.562267541885376,0,4.427762178238481e-06,0.002266088267788291,0.43546193838119507,0.562267541885376
iteration3,WEB11686.jpg,Only_Smoke,Only_Smoke,0.22875598073005676,0.7955226302146912,1,0.0700613409280777,0.004124041646718979,0.7955226302146912,0.13029201328754425
iteration3,WEB11687.jpg,Only_Smoke,Only_Smoke,0.12933342158794403,0.878680944442749,1,0.014218566007912159,0.005923665128648281,0.878680944442749,0.10117679834365845
iteration3,WEB11688.jpg,Only_Smoke,Only_Smoke,0.09818194061517715,0.9064839482307434,1,0.0065144426189363,0.0016444126376882195,0.9064839482307434,0.0853571966290474
iteration3,WEB11689.jpg,Only_Smoke,Only_Smoke,0.25174620747566223,0.7774420380592346,1,0.05235335975885391,0.012773750349879265,0.7774420380592346,0.15743088722229004
iteration3,WEB11690.jpg,Both,Both,0.00010668662434909493,0.999893307685852,1,1.7059829104937307e-08,5.784719542134553e-05,4.881122731603682e-05,0.999893307685852
iteration3,WEB11691.jpg,Both,Only_Fire,2.103959560394287,0.8642137050628662,0,6.191417924128473e-05,0.8642137050628662,0.013751833699643612,0.12197252362966537
iteration3,WEB11692.jpg,Both,Both,0.3316953480243683,0.7177059650421143,1,0.007940171286463737,0.21148169040679932,0.06287220865488052,0.7177059650421143
iteration3,WEB11693.jpg,Only_Smoke,Only_Smoke,0.2751043140888214,0.7594928741455078,1,1.5130650353967212e-05,0.013298013247549534,0.7594928741455078,0.22719402611255646
iteration3,WEB11694.jpg,Only_Smoke,Only_Smoke,0.08782954514026642,0.9159169793128967,1,0.04539058730006218,0.01339665986597538,0.9159169793128967,0.025295736268162727
iteration3,WEB11695.jpg,Only_Smoke,Only_Smoke,0.40447574853897095,0.6673265695571899,1,0.0022929541300982237,0.01783708669245243,0.6673265695571899,0.3125433325767517
iteration3,WEB11696.jpg,Only_Smoke,Neither,7.752945423126221,0.9977248311042786,0,0.9977248311042786,0.0016242503188550472,0.00042947573820129037,0.0002214702108176425
iteration3,WEB11697.jpg,Only_Smoke,Only_Smoke,0.2536701261997223,0.7759477496147156,1,0.0022976486943662167,0.0071586803533136845,0.7759477496147156,0.2145959436893463
iteration3,WEB11698.jpg,Only_Smoke,Only_Smoke,0.26995211839675903,0.763416051864624,1,0.011394467204809189,0.018863031640648842,0.763416051864624,0.206326425075531
iteration3,WEB11699.jpg,Both,Only_Smoke,1.505749225616455,0.760403573513031,0,0.009769153781235218,0.007976221852004528,0.760403573513031,0.22185102105140686
iteration3,WEB11700.jpg,Only_Smoke,Neither,2.699875593185425,0.9130387902259827,0,0.9130387902259827,0.010124946013092995,0.06721387803554535,0.00962233915925026
iteration3,WEB11701.jpg,Only_Smoke,Only_Smoke,0.06857941299676895,0.933719277381897,1,2.5885901777655818e-05,0.00032271072268486023,0.933719277381897,0.06593205779790878
iteration3,WEB11702.jpg,Only_Smoke,Only_Smoke,0.7706879377365112,0.4626946747303009,1,0.3043442368507385,0.11066964268684387,0.4626946747303009,0.1222914382815361
iteration3,WEB11703.jpg,Both,Only_Fire,1.43007230758667,0.6298174858093262,0,0.00024282062076963484,0.6298174858093262,0.13064809143543243,0.23929160833358765
iteration3,WEB11704.jpg,Both,Both,0.026761317625641823,0.9735935926437378,1,0.0007121219532564282,0.023268818855285645,0.002425538608804345,0.9735935926437378
iteration3,WEB11705.jpg,Both,Both,0.0017744047800078988,0.9982271790504456,1,7.937179247186066e-10,2.2670799808111042e-05,0.0017500936519354582,0.9982271790504456
iteration3,WEB11706.jpg,Both,Both,0.3208601474761963,0.7255247235298157,1,3.2465948606841266e-05,0.009641656652092934,0.2648012042045593,0.7255247235298157
iteration3,WEB11707.jpg,Only_Smoke,Only_Smoke,0.03310030326247215,0.9674414992332458,1,0.0061976187862455845,0.0046525755897164345,0.9674414992332458,0.021708350628614426
iteration3,WEB11708.jpg,Only_Smoke,Only_Smoke,0.004275467246770859,0.9957336783409119,1,0.0030459945555776358,0.0001301233860431239,0.9957336783409119,0.001090199570171535
iteration3,WEB11709.jpg,Only_Smoke,Only_Smoke,0.017912408336997032,0.9822470545768738,1,0.0011388967977836728,0.0003945136850234121,0.9822470545768738,0.01621956191956997
iteration3,WEB11710.jpg,Only_Smoke,Only_Smoke,0.13184961676597595,0.8764727711677551,1,0.10582386702299118,0.000539435597602278,0.8764727711677551,0.017163870856165886
iteration3,WEB11711.jpg,Only_Smoke,Only_Smoke,0.17909786105155945,0.8360241055488586,1,0.1408378779888153,0.0018278257921338081,0.8360241055488586,0.02131015434861183
iteration3,WEB11712.jpg,Only_Smoke,Only_Smoke,0.26157253980636597,0.7698400020599365,1,0.10040395706892014,0.11415988951921463,0.7698400020599365,0.01559607032686472
iteration3,WEB11713.jpg,Both,Neither,2.2005467414855957,0.6914816498756409,0,0.6914816498756409,0.02341514825820923,0.17436061799526215,0.11074258387088776
iteration3,WEB11714.jpg,Both,Both,0.4950852394104004,0.6095189452171326,1,0.006201030220836401,0.0446842759847641,0.3395957946777344,0.6095189452171326
iteration3,WEB11715.jpg,Only_Smoke,Only_Smoke,0.08545368164777756,0.9180956482887268,1,0.035557299852371216,0.01522905845195055,0.9180956482887268,0.031117960810661316
iteration3,WEB11716.jpg,Only_Smoke,Only_Smoke,0.0007011815905570984,0.9992990493774414,1,1.2630737728613894e-05,6.939642480574548e-05,0.9992990493774414,0.0006189089035615325
iteration3,WEB11717.jpg,Both,Only_Smoke,1.7036824226379395,0.7829129099845886,0,0.00838429108262062,0.0266907699406147,0.7829129099845886,0.18201203644275665
iteration3,WEB11718.jpg,Only_Smoke,Only_Smoke,0.025093981996178627,0.9752182364463806,1,0.001413071295246482,0.011046096682548523,0.9752182364463806,0.012322541326284409
iteration3,WEB11719.jpg,Both,Both,0.0064270938746631145,0.9935935139656067,1,3.6806927283805635e-08,0.00510436249896884,0.0013020681217312813,0.9935935139656067
iteration3,WEB11720.jpg,Only_Smoke,Only_Smoke,0.34042835235595703,0.7114654779434204,1,0.2612948417663574,0.007981108501553535,0.7114654779434204,0.01925858110189438
iteration3,WEB11721.jpg,Both,Both,0.05855221673846245,0.9431290030479431,1,8.435034396825358e-05,0.04826371744275093,0.008522947318851948,0.9431290030479431
iteration3,WEB11722.jpg,Only_Smoke,Only_Smoke,0.0715433806180954,0.9309558868408203,1,0.06299832463264465,0.0014092616038396955,0.9309558868408203,0.004636483732610941
iteration3,WEB11723.jpg,Only_Smoke,Only_Smoke,0.003219066886231303,0.9967861175537109,1,1.2347797564871144e-05,5.76810743950773e-05,0.9967861175537109,0.003143824404105544
iteration3,WEB11724.jpg,Only_Smoke,Only_Smoke,1.1754447221755981,0.3086816668510437,1,0.20088501274585724,0.20563143491744995,0.3086816668510437,0.2848019301891327
iteration3,WEB11725.jpg,Only_Smoke,Only_Smoke,0.018453465774655342,0.981715738773346,1,0.003930225037038326,0.0003781479608733207,0.981715738773346,0.013975921086966991
iteration3,WEB11726.jpg,Only_Smoke,Only_Smoke,0.0013855629367753863,0.9986153841018677,1,7.797226317052264e-06,1.1298276149318554e-05,0.9986153841018677,0.0013655155198648572
iteration3,WEB11727.jpg,Only_Smoke,Only_Smoke,0.015654180198907852,0.9844676852226257,1,0.003935756627470255,0.00033545843325555325,0.9844676852226257,0.01126110926270485
iteration3,WEB11728.jpg,Only_Smoke,Both,1.7152537107467651,0.7941968441009521,0,0.0009559576865285635,0.024929147213697433,0.1799180656671524,0.7941968441009521
iteration3,WEB11729.jpg,Only_Fire,Only_Smoke,4.650073528289795,0.8987001180648804,0,0.028487972915172577,0.009560898877680302,0.8987001180648804,0.06325098872184753
iteration3,WEB11730.jpg,Both,Only_Smoke,0.7329674959182739,0.48176899552345276,0,0.001055223634466529,0.036694686859846115,0.48176899552345276,0.4804810583591461
iteration3,WEB11731.jpg,Only_Smoke,Only_Smoke,0.021944444626569748,0.9782946109771729,1,0.01504193153232336,0.0049181352369487286,0.9782946109771729,0.0017453886102885008
iteration3,WEB11732.jpg,Only_Smoke,Only_Smoke,0.038586489856243134,0.9621484875679016,1,1.8772911062114872e-05,0.0002674788993317634,0.9621484875679016,0.03756517544388771
iteration3,WEB11733.jpg,Only_Smoke,Neither,1.0623935461044312,0.6442679166793823,0,0.6442679166793823,0.0068663437850773335,0.3456275165081024,0.003238181583583355
iteration3,WEB11734.jpg,Both,Both,0.05043340101838112,0.9508172273635864,1,2.1826517695444636e-05,0.004692099057137966,0.04446886107325554,0.9508172273635864
iteration3,WEB11735.jpg,Only_Smoke,Neither,0.6987245082855225,0.5005611777305603,0,0.5005611777305603,0.0004782217147294432,0.497219055891037,0.001741509884595871
iteration3,WEB11736.jpg,Only_Smoke,Only_Smoke,0.5255712866783142,0.5912175178527832,1,0.1303258240222931,0.04046959429979324,0.5912175178527832,0.23798710107803345
iteration3,WEB11737.jpg,Both,Both,0.5725446939468384,0.5640881657600403,1,0.0558379702270031,0.05524667724967003,0.3248271942138672,0.5640881657600403
iteration3,WEB11738.jpg,Only_Smoke,Neither,2.841284990310669,0.9364616274833679,0,0.9364616274833679,0.002356186741963029,0.05835063382983208,0.0028314488008618355
iteration3,WEB11739.jpg,Only_Smoke,Only_Smoke,0.03963426873087883,0.9611408710479736,1,0.00020396406762301922,0.001513766124844551,0.9611408710479736,0.037141431123018265
iteration3,WEB11740.jpg,Only_Smoke,Only_Smoke,0.22537998855113983,0.7982128262519836,1,0.20177045464515686,1.5944140614010394e-05,0.7982128262519836,7.317473773582606e-07
iteration3,WEB11741.jpg,Only_Fire,Only_Smoke,3.4340298175811768,0.7212055325508118,0,0.16601592302322388,0.03225669264793396,0.7212055325508118,0.08052188158035278
iteration3,WEB11742.jpg,Only_Fire,Only_Smoke,6.3588948249816895,0.8549144864082336,0,0.0010854753199964762,0.00173127930611372,0.8549144864082336,0.14226876199245453
iteration3,WEB11743.jpg,Only_Smoke,Only_Smoke,0.00038521020906046033,0.9996148347854614,1,0.0002182166645070538,3.8671045331284404e-05,0.9996148347854614,0.00012826386955566704
iteration3,WEB11744.jpg,Only_Smoke,Only_Smoke,0.010336438193917274,0.9897168278694153,1,0.008231574669480324,0.00046775679220445454,0.9897168278694153,0.0015838895924389362
iteration3,WEB11745.jpg,Only_Smoke,Only_Smoke,0.013802087865769863,0.9862927198410034,1,0.0025048144161701202,0.0008612344972789288,0.9862927198410034,0.010341169312596321
iteration3,WEB11746.jpg,Only_Smoke,Neither,0.9948323965072632,0.61183762550354,0,0.61183762550354,0.008416615426540375,0.3697853982448578,0.00996027234941721
iteration3,WEB11747.jpg,Only_Smoke,Neither,0.7842758893966675,0.540081799030304,0,0.540081799030304,0.0018742586253210902,0.45645010471343994,0.001593814929947257
iteration3,WEB11748.jpg,Only_Smoke,Both,0.9252908825874329,0.5301308631896973,0,0.0008215988054871559,0.07263141870498657,0.3964160978794098,0.5301308631896973
iteration3,WEB11749.jpg,Only_Smoke,Only_Smoke,0.010617316700518131,0.9894388318061829,1,0.0033853440545499325,0.0007920708740130067,0.9894388318061829,0.006383838597685099
iteration3,WEB11750.jpg,Only_Smoke,Only_Smoke,0.028491223230957985,0.971910834312439,1,0.01799912564456463,0.009665335528552532,0.971910834312439,0.00042476668022572994
iteration3,WEB11751.jpg,Only_Smoke,Only_Smoke,0.053955208510160446,0.9474745392799377,1,0.006522484123706818,0.00045679029426537454,0.9474745392799377,0.04554620385169983
iteration3,WEB11752.jpg,Only_Smoke,Only_Smoke,0.006280210800468922,0.9937394857406616,1,8.508000348683709e-08,2.0623881937353872e-05,0.9937394857406616,0.0062398468144237995
iteration3,WEB11753.jpg,Only_Smoke,Only_Smoke,0.46675223112106323,0.6270354390144348,1,0.2565177083015442,0.016124553978443146,0.6270354390144348,0.10032228380441666
iteration3,WEB11754.jpg,Only_Smoke,Only_Smoke,0.013224862515926361,0.9868621826171875,1,0.00015371678455267102,0.00021191727137193084,0.9868621826171875,0.012772144749760628
iteration3,WEB11755.jpg,Only_Smoke,Only_Smoke,0.21737217903137207,0.80463045835495,1,0.0008550469065085053,0.1405894011259079,0.80463045835495,0.05392514541745186
iteration3,WEB11756.jpg,Only_Smoke,Only_Smoke,0.1258784532546997,0.8817220330238342,1,0.009570046328008175,0.0024812696501612663,0.8817220330238342,0.10622672736644745
iteration3,WEB11757.jpg,Both,Only_Smoke,1.914359450340271,0.816381573677063,0,0.004890480078756809,0.03129180520772934,0.816381573677063,0.1474362313747406
iteration3,WEB11758.jpg,Only_Smoke,Only_Smoke,0.004697122145444155,0.9953138828277588,1,0.0002622117754071951,0.0001246118190465495,0.9953138828277588,0.00429924763739109
iteration3,WEB11759.jpg,Both,Only_Smoke,1.390464186668396,0.5811059474945068,0,0.09834908694028854,0.07158530503511429,0.5811059474945068,0.2489597201347351
iteration3,WEB11760.jpg,Both,Only_Smoke,1.692196011543274,0.7981665134429932,0,7.34311033738777e-05,0.017645277082920074,0.7981665134429932,0.18411476910114288
iteration3,WEB11761.jpg,Only_Smoke,Only_Smoke,0.0003554189461283386,0.9996446371078491,1,2.3535609017244496e-08,1.7050408132490702e-05,0.9996446371078491,0.0003382852009963244
iteration3,WEB11762.jpg,Only_Smoke,Only_Smoke,0.030766919255256653,0.9697015881538391,1,3.4800257708411664e-05,0.000129404230392538,0.9697015881538391,0.03013421595096588
iteration3,WEB11763.jpg,Only_Smoke,Only_Smoke,0.010844227857887745,0.9892143607139587,1,0.006638126913458109,0.002212634775787592,0.9892143607139587,0.0019347966881468892
iteration3,WEB11764.jpg,Only_Smoke,Only_Smoke,0.03543182089924812,0.9651885628700256,1,0.00012695271288976073,0.00042856475920416415,0.9651885628700256,0.034256014972925186
iteration3,WEB11765.jpg,Only_Smoke,Only_Smoke,0.12139960378408432,0.8856799602508545,1,0.07119406759738922,0.014273279346525669,0.8856799602508545,0.028852684423327446
iteration3,WEB11766.jpg,Only_Smoke,Only_Smoke,0.005537171848118305,0.9944781064987183,1,0.00212932750582695,0.0018606683006510139,0.9944781064987183,0.0015318493824452162
iteration3,WEB11767.jpg,Only_Smoke,Only_Smoke,0.08939295262098312,0.9144861698150635,1,0.00217774068005383,0.01999739371240139,0.9144861698150635,0.06333871930837631
iteration3,WEB11768.jpg,Only_Smoke,Only_Smoke,0.07782552391290665,0.9251258373260498,1,0.008201194927096367,0.05733368545770645,0.9251258373260498,0.00933927483856678
iteration3,WEB11769.jpg,Only_Smoke,Only_Smoke,0.0876481682062149,0.9160830974578857,1,0.07856763154268265,0.0012672587763518095,0.9160830974578857,0.00408200453966856
iteration3,WEB11770.jpg,Both,Both,0.10650671273469925,0.8989689946174622,1,2.2970156351220794e-05,0.003790582064539194,0.09721744060516357,0.8989689946174622
iteration3,WEB11771.jpg,Only_Smoke,Only_Smoke,0.022285038605332375,0.9779614210128784,1,0.0018884192686527967,0.00027129112277179956,0.9779614210128784,0.019878849387168884
iteration3,WEB11772.jpg,Only_Smoke,Only_Smoke,0.004275942221283913,0.9957332015037537,1,7.524256216129288e-05,7.895141607150435e-05,0.9957332015037537,0.004112663678824902
iteration3,WEB11773.jpg,Only_Smoke,Only_Smoke,0.12034577131271362,0.8866138458251953,1,0.08806903660297394,0.009116253815591335,0.8866138458251953,0.016200890764594078
iteration3,WEB11774.jpg,Only_Smoke,Only_Smoke,0.004507263191044331,0.9955028891563416,1,0.00020038147340528667,0.0001228168694069609,0.9955028891563416,0.00417388416826725
iteration3,WEB11775.jpg,Both,Both,0.05212536081671715,0.9492098689079285,1,0.0004274848906788975,0.0014870039885863662,0.04887567460536957,0.9492098689079285
iteration3,WEB11776.jpg,Only_Smoke,Neither,2.1667308807373047,0.8835731148719788,0,0.8835731148719788,0.00020813204173464328,0.11455147713422775,0.0016672848723828793
iteration3,WEB11777.jpg,Both,Both,0.13195158541202545,0.8763834238052368,1,4.141397766943555e-06,0.0020426984410732985,0.12156974524259567,0.8763834238052368
iteration3,WEB11778.jpg,Only_Smoke,Only_Smoke,0.021483682096004486,0.9787454605102539,1,0.013929747976362705,0.004272108431905508,0.9787454605102539,0.0030527221970260143
iteration3,WEB11779.jpg,Only_Smoke,Only_Smoke,0.11775442212820053,0.8889143466949463,1,3.3128413633676246e-05,0.00470362976193428,0.8889143466949463,0.106348916888237
iteration3,WEB11780.jpg,Only_Smoke,Only_Smoke,0.035407427698373795,0.9652121067047119,1,0.03423677384853363,0.00023873556347098202,0.9652121067047119,0.00031236742506735027
iteration3,WEB11781.jpg,Only_Smoke,Both,1.2094948291778564,0.3650796711444855,0,0.08267777413129807,0.2538946270942688,0.29834794998168945,0.3650796711444855
iteration3,WEB11782.jpg,Both,Both,0.4809335470199585,0.6182060241699219,1,6.081289393478073e-05,0.0036308332346379757,0.3781023621559143,0.6182060241699219
iteration3,WEB11783.jpg,Only_Smoke,Only_Smoke,0.034930381923913956,0.9656726121902466,1,0.010694073513150215,0.0025244452990591526,0.9656726121902466,0.021108895540237427
iteration3,WEB11784.jpg,Only_Smoke,Neither,1.295602798461914,0.6105716228485107,0,0.6105716228485107,0.08307209610939026,0.2737328112125397,0.0326235294342041
iteration3,WEB11785.jpg,Both,Only_Smoke,3.6082637310028076,0.9712103605270386,0,0.0014312092680484056,0.0002595279074739665,0.9712103605270386,0.02709885872900486
iteration3,WEB11786.jpg,Only_Smoke,Only_Smoke,0.02302412874996662,0.9772388935089111,1,0.010339116677641869,0.0003022519813384861,0.9772388935089111,0.01211976632475853
iteration3,WEB11787.jpg,Only_Smoke,Only_Smoke,0.0031686832662671804,0.9968363046646118,1,0.0002450843167025596,6.5875421569217e-05,0.9968363046646118,0.002852797508239746
iteration3,WEB11788.jpg,Only_Smoke,Neither,1.4662436246871948,0.7631586790084839,0,0.7631586790084839,0.0004475247988011688,0.23079077899456024,0.005603078752756119
iteration3,WEB11789.jpg,Only_Smoke,Only_Smoke,0.004483172204345465,0.9955268502235413,1,0.0028544021770358086,0.00029159957193769515,0.9955268502235413,0.0013271969510242343
iteration3,WEB11790.jpg,Only_Smoke,Only_Smoke,0.00038020533975213766,0.9996198415756226,1,2.3979423531272914e-06,3.966673830291256e-06,0.9996198415756226,0.00037375351530499756
iteration3,WEB11791.jpg,Only_Smoke,Only_Smoke,0.23934555053710938,0.787142813205719,1,4.163031462667277e-06,0.0030630945693701506,0.787142813205719,0.20978999137878418
iteration3,WEB11792.jpg,Only_Smoke,Only_Smoke,0.4781741499900818,0.6199142336845398,1,3.6286950489738956e-05,0.016827916726469994,0.6199142336845398,0.36322155594825745
iteration3,WEB11793.jpg,Only_Smoke,Only_Smoke,0.5835409164428711,0.5579193234443665,1,0.41179633140563965,0.001688986667431891,0.5579193234443665,0.028595371171832085
iteration3,WEB11794.jpg,Only_Smoke,Only_Smoke,0.4996485114097595,0.6067438721656799,1,7.325500337174162e-05,0.0002639294834807515,0.6067438721656799,0.3929188847541809
iteration3,WEB11795.jpg,Only_Smoke,Only_Fire,2.084750175476074,0.8423684239387512,0,0.0040544308722019196,0.8423684239387512,0.12433817237615585,0.029238959774374962
iteration3,WEB11796.jpg,Only_Smoke,Only_Smoke,0.6440792679786682,0.5251458287239075,1,0.2982041537761688,0.16198867559432983,0.5251458287239075,0.014661414548754692
iteration3,WEB11797.jpg,Both,Both,0.5384661555290222,0.5836427807807922,1,1.1618772077781614e-06,0.0006100808968767524,0.41574594378471375,0.5836427807807922
iteration3,WEB11798.jpg,Only_Smoke,Only_Smoke,0.0018317601643502712,0.9981698989868164,1,1.2865014014096232e-06,0.0001238034456036985,0.9981698989868164,0.0017049286980181932
iteration3,WEB11799.jpg,Both,Both,0.024798301979899406,0.9755066633224487,1,1.3941911447545863e-06,0.00438898429274559,0.020103003829717636,0.9755066633224487
iteration3,WEB11800.jpg,Only_Smoke,Only_Smoke,0.04730582609772682,0.9537956714630127,1,0.023403003811836243,0.004862061236053705,0.9537956714630127,0.017939234152436256
iteration3,WEB11801.jpg,Only_Smoke,Both,1.408377766609192,0.7381204962730408,0,0.003380667185410857,0.013959124684333801,0.24453966319561005,0.7381204962730408
iteration3,WEB11802.jpg,Both,Both,0.34365856647491455,0.7091709971427917,1,0.0005564329912886024,0.27571988105773926,0.014552685432136059,0.7091709971427917
iteration3,WEB11803.jpg,Both,Both,0.5315265655517578,0.5877071022987366,1,1.6836248732943204e-06,0.41213980317115784,0.00015141018957365304,0.5877071022987366
iteration3,WEB11804.jpg,Only_Smoke,Only_Smoke,0.02401292324066162,0.9762731194496155,1,7.2993111643882e-06,0.00021549209486693144,0.9762731194496155,0.0235041044652462
iteration3,WEB11805.jpg,Both,Only_Smoke,3.1212515830993652,0.9543612003326416,0,3.413716331124306e-05,0.0015027193585410714,0.9543612003326416,0.04410194233059883
iteration3,WEB11806.jpg,Only_Smoke,Only_Smoke,0.08479514718055725,0.9187004566192627,1,5.232667717791628e-06,0.001251107081770897,0.9187004566192627,0.08004315942525864
