order,tensor,producer_node,op_type,fp32_absmax,int8_absmax,fp32_all_zero,int8_all_zero,diverged_to_zero,scale,zero_point
0,/model.0/conv/Conv_output_0,/model.0/conv/Conv,Conv,98.19371795654297,97.81751251220703,0,0,0,,
1,/model.0/conv/Conv_output_0_QuantizeLinear_Output,/model.0/conv/Conv_output_0_QuantizeLinear,QuantizeLinear,98.19371795654297,255.0,0,0,0,0.684492290019989,129.0
2,/model.0/conv/Conv_output_0_DequantizeLinear_Output,/model.0/conv/Conv_output_0_DequantizeLinear,DequantizeLinear,98.19371795654297,86.9305191040039,0,0,0,0.684492290019989,129.0
3,/model.0/act/Sigmoid_output_0,/model.0/act/Sigmoid,Sigmoid,1.0,1.0,0,0,0,,
4,/model.0/act/Sigmoid_output_0_QuantizeLinear_Output,/model.0/act/Sigmoid_output_0_QuantizeLinear,QuantizeLinear,1.0,255.0,0,0,0,0.00392156932502985,0.0
5,/model.0/act/Sigmoid_output_0_DequantizeLinear_Output,/model.0/act/Sigmoid_output_0_DequantizeLinear,DequantizeLinear,1.0,1.0000001192092896,0,0,0,0.00392156932502985,0.0
6,/model.0/act/Mul_output_0,/model.0/act/Mul,Mul,98.19371795654297,86.24603271484375,0,0,0,,
7,/model.0/act/Mul_output_0_QuantizeLinear_Output,/model.0/act/Mul_output_0_QuantizeLinear,QuantizeLinear,98.19371795654297,255.0,0,0,0,0.339510053396225,1.0
8,/model.0/act/Mul_output_0_DequantizeLinear_Output,/model.0/act/Mul_output_0_DequantizeLinear,DequantizeLinear,98.19371795654297,86.23554992675781,0,0,0,0.339510053396225,1.0
9,/model.1/conv/Conv_output_0,/model.1/conv/Conv,Conv,177.55892944335938,177.0831756591797,0,0,0,,
10,/model.1/conv/Conv_output_0_QuantizeLinear_Output,/model.1/conv/Conv_output_0_QuantizeLinear,QuantizeLinear,177.55892944335938,241.0,0,0,0,1.563035011291504,128.0
11,/model.1/conv/Conv_output_0_DequantizeLinear_Output,/model.1/conv/Conv_output_0_DequantizeLinear,DequantizeLinear,177.55892944335938,176.62295532226562,0,0,0,1.563035011291504,128.0
12,/model.1/act/Sigmoid_output_0,/model.1/act/Sigmoid,Sigmoid,1.0,1.0,0,0,0,,
13,/model.1/act/Sigmoid_output_0_QuantizeLinear_Output,/model.1/act/Sigmoid_output_0_QuantizeLinear,QuantizeLinear,1.0,255.0,0,0,0,0.00392156932502985,0.0
14,/model.1/act/Sigmoid_output_0_DequantizeLinear_Output,/model.1/act/Sigmoid_output_0_DequantizeLinear,DequantizeLinear,1.0,1.0000001192092896,0,0,0,0.00392156932502985,0.0
15,/model.1/act/Mul_output_0,/model.1/act/Mul,Mul,177.55892944335938,176.6229705810547,0,0,0,,
16,/model.1/act/Mul_output_0_QuantizeLinear_Output,/model.1/act/Mul_output_0_QuantizeLinear,QuantizeLinear,177.55892944335938,227.0,0,0,0,0.7789710164070129,0.0
17,/model.1/act/Mul_output_0_DequantizeLinear_Output,/model.1/act/Mul_output_0_DequantizeLinear,DequantizeLinear,177.55892944335938,176.826416015625,0,0,0,0.7789710164070129,0.0
18,/model.2/cv1/conv/Conv_output_0,/model.2/cv1/conv/Conv,Conv,214.54830932617188,212.28640747070312,0,0,0,,
19,/model.2/cv1/conv/Conv_output_0_QuantizeLinear_Output,/model.2/cv1/conv/Conv_output_0_QuantizeLinear,QuantizeLinear,214.54830932617188,255.0,0,0,0,1.1230556964874268,155.0
20,/model.2/cv1/conv/Conv_output_0_DequantizeLinear_Output,/model.2/cv1/conv/Conv_output_0_DequantizeLinear,DequantizeLinear,214.54830932617188,174.07363891601562,0,0,0,1.1230556964874268,155.0
21,/model.2/cv1/act/Sigmoid_output_0,/model.2/cv1/act/Sigmoid,Sigmoid,1.0,1.0,0,0,0,,
22,/model.2/cv1/act/Sigmoid_output_0_QuantizeLinear_Output,/model.2/cv1/act/Sigmoid_output_0_QuantizeLinear,QuantizeLinear,1.0,255.0,0,0,0,0.00392156932502985,0.0
23,/model.2/cv1/act/Sigmoid_output_0_DequantizeLinear_Output,/model.2/cv1/act/Sigmoid_output_0_DequantizeLinear,DequantizeLinear,1.0,1.0000001192092896,0,0,0,0.00392156932502985,0.0
24,/model.2/cv1/act/Mul_output_0,/model.2/cv1/act/Mul,Mul,117.031982421875,112.30558776855469,0,0,0,,
25,/model.2/cv1/act/Mul_output_0_QuantizeLinear_Output,/model.2/cv1/act/Mul_output_0_QuantizeLinear,QuantizeLinear,117.031982421875,255.0,0,0,0,0.44233477115631104,1.0
26,/model.2/cv1/act/Mul_output_0_DequantizeLinear_Output,/model.2/cv1/act/Mul_output_0_DequantizeLinear,DequantizeLinear,117.031982421875,112.35303497314453,0,0,0,0.44233477115631104,1.0
27,/model.2/Split_output_0,/model.2/Split,Split,117.031982421875,112.35303497314453,0,0,0,,
28,/model.2/Split_output_1,/model.2/Split,Split,68.26998901367188,67.2348861694336,0,0,0,,
29,/model.2/Split_output_0_QuantizeLinear_Output,/model.2/Split_output_0_QuantizeLinear,QuantizeLinear,117.031982421875,255.0,0,0,0,0.44233477115631104,1.0
30,/model.2/Split_output_1_QuantizeLinear_Output,/model.2/Split_output_1_QuantizeLinear,QuantizeLinear,68.26998901367188,153.0,0,0,0,0.44233477115631104,1.0
31,/model.2/Split_output_0_DequantizeLinear_Output,/model.2/Split_output_0_DequantizeLinear,DequantizeLinear,117.031982421875,112.35303497314453,0,0,0,0.44233477115631104,1.0
32,/model.2/Split_output_1_DequantizeLinear_Output,/model.2/Split_output_1_DequantizeLinear,DequantizeLinear,68.26998901367188,67.2348861694336,0,0,0,0.44233477115631104,1.0
33,/model.2/m.0/cv1/conv/Conv_output_0,/model.2/m.0/cv1/conv/Conv,Conv,17.433990478515625,17.124832153320312,0,0,0,,
34,/model.2/m.0/cv1/conv/Conv_output_0_QuantizeLinear_Output,/model.2/m.0/cv1/conv/Conv_output_0_QuantizeLinear,QuantizeLinear,17.433990478515625,252.0,0,0,0,0.10550621896982193,177.0
35,/model.2/m.0/cv1/conv/Conv_output_0_DequantizeLinear_Output,/model.2/m.0/cv1/conv/Conv_output_0_DequantizeLinear,DequantizeLinear,17.433990478515625,17.09200668334961,0,0,0,0.10550621896982193,177.0
36,/model.2/m.0/cv1/act/Sigmoid_output_0,/model.2/m.0/cv1/act/Sigmoid,Sigmoid,0.9996407628059387,0.9996341466903687,0,0,0,,
37,/model.2/m.0/cv1/act/Sigmoid_output_0_QuantizeLinear_Output,/model.2/m.0/cv1/act/Sigmoid_output_0_QuantizeLinear,QuantizeLinear,0.9996407628059387,255.0,0,0,0,0.0039205425418913364,0.0
38,/model.2/m.0/cv1/act/Sigmoid_output_0_DequantizeLinear_Output,/model.2/m.0/cv1/act/Sigmoid_output_0_DequantizeLinear,DequantizeLinear,0.9996407628059387,0.999738335609436,0,0,0,0.0039205425418913364,0.0
39,/model.2/m.0/cv1/act/Mul_output_0,/model.2/m.0/cv1/act/Mul,Mul,7.928361892700195,7.910895824432373,0,0,0,,
40,/model.2/m.0/cv1/act/Mul_output_0_QuantizeLinear_Output,/model.2/m.0/cv1/act/Mul_output_0_QuantizeLinear,QuantizeLinear,7.928361892700195,245.0,0,0,0,0.033429425209760666,8.0
41,/model.2/m.0/cv1/act/Mul_output_0_DequantizeLinear_Output,/model.2/m.0/cv1/act/Mul_output_0_DequantizeLinear,DequantizeLinear,7.928361892700195,7.922773838043213,0,0,0,0.033429425209760666,8.0
42,/model.2/m.0/cv2/conv/Conv_output_0,/model.2/m.0/cv2/conv/Conv,Conv,81.02581024169922,76.28301239013672,0,0,0,,
43,/model.2/m.0/cv2/conv/Conv_output_0_QuantizeLinear_Output,/model.2/m.0/cv2/conv/Conv_output_0_QuantizeLinear,QuantizeLinear,81.02581024169922,214.0,0,0,0,0.5916031002998352,140.0
44,/model.2/m.0/cv2/conv/Conv_output_0_DequantizeLinear_Output,/model.2/m.0/cv2/conv/Conv_output_0_DequantizeLinear,DequantizeLinear,81.02581024169922,76.31680297851562,0,0,0,0.5916031002998352,140.0
45,/model.2/m.0/cv2/act/Sigmoid_output_0,/model.2/m.0/cv2/act/Sigmoid,Sigmoid,1.0,1.0,0,0,0,,
46,/model.2/m.0/cv2/act/Sigmoid_output_0_QuantizeLinear_Output,/model.2/m.0/cv2/act/Sigmoid_output_0_QuantizeLinear,QuantizeLinear,1.0,255.0,0,0,0,0.00392156932502985,0.0
47,/model.2/m.0/cv2/act/Sigmoid_output_0_DequantizeLinear_Output,/model.2/m.0/cv2/act/Sigmoid_output_0_DequantizeLinear,DequantizeLinear,1.0,1.0000001192092896,0,0,0,0.00392156932502985,0.0
48,/model.2/m.0/cv2/act/Mul_output_0,/model.2/m.0/cv2/act/Mul,Mul,43.49214553833008,43.77863311767578,0,0,0,,
49,/model.2/m.0/cv2/act/Mul_output_0_QuantizeLinear_Output,/model.2/m.0/cv2/act/Mul_output_0_QuantizeLinear,QuantizeLinear,43.49214553833008,164.0,0,0,0,0.2681736350059509,1.0
50,/model.2/m.0/cv2/act/Mul_output_0_DequantizeLinear_Output,/model.2/m.0/cv2/act/Mul_output_0_DequantizeLinear,DequantizeLinear,43.49214553833008,43.712303161621094,0,0,0,0.2681736350059509,1.0
51,/model.2/m.0/Add_output_0,/model.2/m.0/Add,Add,68.90814208984375,69.50201416015625,0,0,0,,
52,/model.2/m.0/Add_output_0_QuantizeLinear_Output,/model.2/m.0/Add_output_0_QuantizeLinear,QuantizeLinear,68.90814208984375,230.0,0,0,0,0.30545029044151306,2.0
53,/model.2/m.0/Add_output_0_DequantizeLinear_Output,/model.2/m.0/Add_output_0_DequantizeLinear,DequantizeLinear,68.90814208984375,69.64266967773438,0,0,0,0.30545029044151306,2.0
54,/model.2/Concat_output_0,/model.2/Concat,Concat,117.031982421875,112.35303497314453,0,0,0,,
55,/model.2/Concat_output_0_QuantizeLinear_Output,/model.2/Concat_output_0_QuantizeLinear,QuantizeLinear,117.031982421875,254.0,0,0,0,0.44342678785324097,1.0
56,/model.2/Concat_output_0_DequantizeLinear_Output,/model.2/Concat_output_0_DequantizeLinear,DequantizeLinear,117.031982421875,112.18697357177734,0,0,0,0.44342678785324097,1.0
57,/model.2/cv2/conv/Conv_output_0,/model.2/cv2/conv/Conv,Conv,97.59835052490234,95.78013610839844,0,0,0,,
58,/model.2/cv2/conv/Conv_output_0_QuantizeLinear_Output,/model.2/cv2/conv/Conv_output_0_QuantizeLinear,QuantizeLinear,97.59835052490234,223.0,0,0,0,0.635811984539032,177.0
59,/model.2/cv2/conv/Conv_output_0_DequantizeLinear_Output,/model.2/cv2/conv/Conv_output_0_DequantizeLinear,DequantizeLinear,97.59835052490234,96.00760650634766,0,0,0,0.635811984539032,177.0
60,/model.2/cv2/act/Sigmoid_output_0,/model.2/cv2/act/Sigmoid,Sigmoid,1.0,1.0,0,0,0,,
61,/model.2/cv2/act/Sigmoid_output_0_QuantizeLinear_Output,/model.2/cv2/act/Sigmoid_output_0_QuantizeLinear,QuantizeLinear,1.0,255.0,0,0,0,0.003921568859368563,0.0
62,/model.2/cv2/act/Sigmoid_output_0_DequantizeLinear_Output,/model.2/cv2/act/Sigmoid_output_0_DequantizeLinear,DequantizeLinear,1.0,1.0,0,0,0,0.003921568859368563,0.0
63,/model.2/cv2/act/Mul_output_0,/model.2/cv2/act/Mul,Mul,29.994096755981445,29.247350692749023,0,0,0,,
64,/model.2/cv2/act/Mul_output_0_QuantizeLinear_Output,/model.2/cv2/act/Mul_output_0_QuantizeLinear,QuantizeLinear,29.994096755981445,150.0,0,0,0,0.19658353924751282,1.0
65,/model.2/cv2/act/Mul_output_0_DequantizeLinear_Output,/model.2/cv2/act/Mul_output_0_DequantizeLinear,DequantizeLinear,29.994096755981445,29.29094696044922,0,0,0,0.19658353924751282,1.0
66,/model.3/conv/Conv_output_0,/model.3/conv/Conv,Conv,16.091493606567383,15.502558708190918,0,0,0,,
67,/model.3/conv/Conv_output_0_QuantizeLinear_Output,/model.3/conv/Conv_output_0_QuantizeLinear,QuantizeLinear,16.091493606567383,213.0,0,0,0,0.14355862140655518,135.0
68,/model.3/conv/Conv_output_0_DequantizeLinear_Output,/model.3/conv/Conv_output_0_DequantizeLinear,DequantizeLinear,16.091493606567383,15.504331588745117,0,0,0,0.14355862140655518,135.0
69,/model.3/act/Sigmoid_output_0,/model.3/act/Sigmoid,Sigmoid,0.9999881982803345,0.9999862909317017,0,0,0,,
70,/model.3/act/Sigmoid_output_0_QuantizeLinear_Output,/model.3/act/Sigmoid_output_0_QuantizeLinear,QuantizeLinear,0.9999881982803345,255.0,0,0,0,0.003921568859368563,0.0
71,/model.3/act/Sigmoid_output_0_DequantizeLinear_Output,/model.3/act/Sigmoid_output_0_DequantizeLinear,DequantizeLinear,0.9999881982803345,1.0,0,0,0,0.003921568859368563,0.0
72,/model.3/act/Mul_output_0,/model.3/act/Mul,Mul,11.351375579833984,11.197572708129883,0,0,0,,
73,/model.3/act/Mul_output_0_QuantizeLinear_Output,/model.3/act/Mul_output_0_QuantizeLinear,QuantizeLinear,11.351375579833984,167.0,0,0,0,0.06848941743373871,4.0
74,/model.3/act/Mul_output_0_DequantizeLinear_Output,/model.3/act/Mul_output_0_DequantizeLinear,DequantizeLinear,11.351375579833984,11.163775444030762,0,0,0,0.06848941743373871,4.0
75,/model.4/cv1/conv/Conv_output_0,/model.4/cv1/conv/Conv,Conv,15.067728042602539,15.576623916625977,0,0,0,,
76,/model.4/cv1/conv/Conv_output_0_QuantizeLinear_Output,/model.4/cv1/conv/Conv_output_0_QuantizeLinear,QuantizeLinear,15.067728042602539,235.0,0,0,0,0.10739009082317352,144.0
77,/model.4/cv1/conv/Conv_output_0_DequantizeLinear_Output,/model.4/cv1/conv/Conv_output_0_DequantizeLinear,DequantizeLinear,15.067728042602539,15.464173316955566,0,0,0,0.10739009082317352,144.0
78,/model.4/cv1/act/Sigmoid_output_0,/model.4/cv1/act/Sigmoid,Sigmoid,0.9999760389328003,0.9999430775642395,0,0,0,,
79,/model.4/cv1/act/Sigmoid_output_0_QuantizeLinear_Output,/model.4/cv1/act/Sigmoid_output_0_QuantizeLinear,QuantizeLinear,0.9999760389328003,255.0,0,0,0,0.0039215427823364735,0.0
80,/model.4/cv1/act/Sigmoid_output_0_DequantizeLinear_Output,/model.4/cv1/act/Sigmoid_output_0_DequantizeLinear,DequantizeLinear,0.9999760389328003,0.9999933838844299,0,0,0,0.0039215427823364735,0.0
81,/model.4/cv1/act/Mul_output_0,/model.4/cv1/act/Mul,Mul,10.64047908782959,9.772433280944824,0,0,0,,
82,/model.4/cv1/act/Mul_output_0_QuantizeLinear_Output,/model.4/cv1/act/Mul_output_0_QuantizeLinear,QuantizeLinear,10.64047908782959,210.0,0,0,0,0.04788936302065849,6.0
83,/model.4/cv1/act/Mul_output_0_DequantizeLinear_Output,/model.4/cv1/act/Mul_output_0_DequantizeLinear,DequantizeLinear,10.64047908782959,9.769430160522461,0,0,0,0.04788936302065849,6.0
84,/model.4/Split_output_0,/model.4/Split,Split,10.64047908782959,9.769430160522461,0,0,0,,
85,/model.4/Split_output_1,/model.4/Split,Split,6.092362880706787,6.081949234008789,0,0,0,,
86,/model.4/Split_output_0_QuantizeLinear_Output,/model.4/Split_output_0_QuantizeLinear,QuantizeLinear,10.64047908782959,210.0,0,0,0,0.04788936302065849,6.0
87,/model.4/Split_output_1_QuantizeLinear_Output,/model.4/Split_output_1_QuantizeLinear,QuantizeLinear,6.092362880706787,133.0,0,0,0,0.04788936302065849,6.0
88,/model.4/Split_output_0_DequantizeLinear_Output,/model.4/Split_output_0_DequantizeLinear,DequantizeLinear,10.64047908782959,9.769430160522461,0,0,0,0.04788936302065849,6.0
89,/model.4/Split_output_1_DequantizeLinear_Output,/model.4/Split_output_1_DequantizeLinear,DequantizeLinear,6.092362880706787,6.081949234008789,0,0,0,0.04788936302065849,6.0
90,/model.4/m.0/cv1/conv/Conv_output_0,/model.4/m.0/cv1/conv/Conv,Conv,7.173346519470215,7.280205726623535,0,0,0,,
91,/model.4/m.0/cv1/conv/Conv_output_0_QuantizeLinear_Output,/model.4/m.0/cv1/conv/Conv_output_0_QuantizeLinear,QuantizeLinear,7.173346519470215,205.0,0,0,0,0.0825745016336441,117.0
92,/model.4/m.0/cv1/conv/Conv_output_0_DequantizeLinear_Output,/model.4/m.0/cv1/conv/Conv_output_0_DequantizeLinear,DequantizeLinear,7.173346519470215,7.266556262969971,0,0,0,0.0825745016336441,117.0
93,/model.4/m.0/cv1/act/Sigmoid_output_0,/model.4/m.0/cv1/act/Sigmoid,Sigmoid,0.9992338418960571,0.9993019104003906,0,0,0,,
94,/model.4/m.0/cv1/act/Sigmoid_output_0_QuantizeLinear_Output,/model.4/m.0/cv1/act/Sigmoid_output_0_QuantizeLinear,QuantizeLinear,0.9992338418960571,255.0,0,0,0,0.003921525087207556,0.0
95,/model.4/m.0/cv1/act/Sigmoid_output_0_DequantizeLinear_Output,/model.4/m.0/cv1/act/Sigmoid_output_0_DequantizeLinear,DequantizeLinear,0.9992338418960571,0.9999889135360718,0,0,0,0.003921525087207556,0.0
96,/model.4/m.0/cv1/act/Mul_output_0,/model.4/m.0/cv1/act/Mul,Mul,7.167850494384766,7.266475677490234,0,0,0,,
97,/model.4/m.0/cv1/act/Mul_output_0_QuantizeLinear_Output,/model.4/m.0/cv1/act/Mul_output_0_QuantizeLinear,QuantizeLinear,7.167850494384766,165.0,0,0,0,0.04583011567592621,6.0
98,/model.4/m.0/cv1/act/Mul_output_0_DequantizeLinear_Output,/model.4/m.0/cv1/act/Mul_output_0_DequantizeLinear,DequantizeLinear,7.167850494384766,7.286988258361816,0,0,0,0.04583011567592621,6.0
99,/model.4/m.0/cv2/conv/Conv_output_0,/model.4/m.0/cv2/conv/Conv,Conv,15.324333190917969,14.6014986038208,0,0,0,,
100,/model.4/m.0/cv2/conv/Conv_output_0_QuantizeLinear_Output,/model.4/m.0/cv2/conv/Conv_output_0_QuantizeLinear,QuantizeLinear,15.324333190917969,230.0,0,0,0,0.10252895206212997,154.0
101,/model.4/m.0/cv2/conv/Conv_output_0_DequantizeLinear_Output,/model.4/m.0/cv2/conv/Conv_output_0_DequantizeLinear,DequantizeLinear,15.324333190917969,14.559111595153809,0,0,0,0.10252895206212997,154.0
102,/model.4/m.0/cv2/act/Sigmoid_output_0,/model.4/m.0/cv2/act/Sigmoid,Sigmoid,0.9996036291122437,0.9995871782302856,0,0,0,,
103,/model.4/m.0/cv2/act/Sigmoid_output_0_QuantizeLinear_Output,/model.4/m.0/cv2/act/Sigmoid_output_0_QuantizeLinear,QuantizeLinear,0.9996036291122437,255.0,0,0,0,0.003921445459127426,0.0
104,/model.4/m.0/cv2/act/Sigmoid_output_0_DequantizeLinear_Output,/model.4/m.0/cv2/act/Sigmoid_output_0_DequantizeLinear,DequantizeLinear,0.9996036291122437,0.9999685883522034,0,0,0,0.003921445459127426,0.0
105,/model.4/m.0/cv2/act/Mul_output_0,/model.4/m.0/cv2/act/Mul,Mul,7.829554080963135,7.791955947875977,0,0,0,,
106,/model.4/m.0/cv2/act/Mul_output_0_QuantizeLinear_Output,/model.4/m.0/cv2/act/Mul_output_0_QuantizeLinear,QuantizeLinear,7.829554080963135,194.0,0,0,0,0.04176052659749985,7.0
107,/model.4/m.0/cv2/act/Mul_output_0_DequantizeLinear_Output,/model.4/m.0/cv2/act/Mul_output_0_DequantizeLinear,DequantizeLinear,7.829554080963135,7.809218406677246,0,0,0,0.04176052659749985,7.0
108,/model.4/m.0/Add_output_0,/model.4/m.0/Add,Add,11.160355567932129,11.362584114074707,0,0,0,,
109,/model.4/m.0/Add_output_0_QuantizeLinear_Output,/model.4/m.0/Add_output_0_QuantizeLinear,QuantizeLinear,11.160355567932129,227.0,0,0,0,0.05268890783190727,11.0
110,/model.4/m.0/Add_output_0_DequantizeLinear_Output,/model.4/m.0/Add_output_0_DequantizeLinear,DequantizeLinear,11.160355567932129,11.380804061889648,0,0,0,0.05268890783190727,11.0
111,/model.4/Concat_output_0,/model.4/Concat,Concat,11.160355567932129,11.380804061889648,0,0,0,,
112,/model.4/Concat_output_0_QuantizeLinear_Output,/model.4/Concat_output_0_QuantizeLinear,QuantizeLinear,11.160355567932129,227.0,0,0,0,0.05268890783190727,11.0
113,/model.4/Concat_output_0_DequantizeLinear_Output,/model.4/Concat_output_0_DequantizeLinear,DequantizeLinear,11.160355567932129,11.380804061889648,0,0,0,0.05268890783190727,11.0
114,/model.4/cv2/conv/Conv_output_0,/model.4/cv2/conv/Conv,Conv,11.154073715209961,11.304000854492188,0,0,0,,
115,/model.4/cv2/conv/Conv_output_0_QuantizeLinear_Output,/model.4/cv2/conv/Conv_output_0_QuantizeLinear,QuantizeLinear,11.154073715209961,236.0,0,0,0,0.09401611238718033,142.0
116,/model.4/cv2/conv/Conv_output_0_DequantizeLinear_Output,/model.4/cv2/conv/Conv_output_0_DequantizeLinear,DequantizeLinear,11.154073715209961,11.281933784484863,0,0,0,0.09401611238718033,142.0
117,/model.4/cv2/act/Sigmoid_output_0,/model.4/cv2/act/Sigmoid,Sigmoid,0.9998311996459961,0.9998548030853271,0,0,0,,
118,/model.4/cv2/act/Sigmoid_output_0_QuantizeLinear_Output,/model.4/cv2/act/Sigmoid_output_0_QuantizeLinear,QuantizeLinear,0.9998311996459961,255.0,0,0,0,0.003921472933143377,0.0
119,/model.4/cv2/act/Sigmoid_output_0_DequantizeLinear_Output,/model.4/cv2/act/Sigmoid_output_0_DequantizeLinear,DequantizeLinear,0.9998311996459961,0.9999756217002869,0,0,0,0.003921472933143377,0.0
120,/model.4/cv2/act/Mul_output_0,/model.4/cv2/act/Mul,Mul,8.685626029968262,8.837299346923828,0,0,0,,
121,/model.4/cv2/act/Mul_output_0_QuantizeLinear_Output,/model.4/cv2/act/Mul_output_0_QuantizeLinear,QuantizeLinear,8.685626029968262,214.0,0,0,0,0.042735397815704346,7.0
122,/model.4/cv2/act/Mul_output_0_DequantizeLinear_Output,/model.4/cv2/act/Mul_output_0_DequantizeLinear,DequantizeLinear,8.685626029968262,8.846227645874023,0,0,0,0.042735397815704346,7.0
123,/model.5/conv/Conv_output_0,/model.5/conv/Conv,Conv,7.333230018615723,7.2647786140441895,0,0,0,,
124,/model.5/conv/Conv_output_0_QuantizeLinear_Output,/model.5/conv/Conv_output_0_QuantizeLinear,QuantizeLinear,7.333230018615723,209.0,0,0,0,0.08170589059591293,123.0
125,/model.5/conv/Conv_output_0_DequantizeLinear_Output,/model.5/conv/Conv_output_0_DequantizeLinear,DequantizeLinear,7.333230018615723,7.271824359893799,0,0,0,0.08170589059591293,123.0
126,/model.5/act/Sigmoid_output_0,/model.5/act/Sigmoid,Sigmoid,0.9991903305053711,0.9991129636764526,0,0,0,,
127,/model.5/act/Sigmoid_output_0_QuantizeLinear_Output,/model.5/act/Sigmoid_output_0_QuantizeLinear,QuantizeLinear,0.9991903305053711,255.0,0,0,0,0.00392148457467556,0.0
128,/model.5/act/Sigmoid_output_0_DequantizeLinear_Output,/model.5/act/Sigmoid_output_0_DequantizeLinear,DequantizeLinear,0.9991903305053711,0.9999785423278809,0,0,0,0.00392148457467556,0.0
129,/model.5/act/Mul_output_0,/model.5/act/Mul,Mul,7.112324237823486,7.026556015014648,0,0,0,,
130,/model.5/act/Mul_output_0_QuantizeLinear_Output,/model.5/act/Mul_output_0_QuantizeLinear,QuantizeLinear,7.112324237823486,168.0,0,0,0,0.043267872184515,6.0
131,/model.5/act/Mul_output_0_DequantizeLinear_Output,/model.5/act/Mul_output_0_DequantizeLinear,DequantizeLinear,7.112324237823486,7.009395122528076,0,0,0,0.043267872184515,6.0
132,/model.6/cv1/conv/Conv_output_0,/model.6/cv1/conv/Conv,Conv,8.36970329284668,8.29536247253418,0,0,0,,
133,/model.6/cv1/conv/Conv_output_0_QuantizeLinear_Output,/model.6/cv1/conv/Conv_output_0_QuantizeLinear,QuantizeLinear,8.36970329284668,214.0,0,0,0,0.09981868416070938,131.0
134,/model.6/cv1/conv/Conv_output_0_DequantizeLinear_Output,/model.6/cv1/conv/Conv_output_0_DequantizeLinear,DequantizeLinear,8.36970329284668,8.284951210021973,0,0,0,0.09981868416070938,131.0
135,/model.6/cv1/act/Sigmoid_output_0,/model.6/cv1/act/Sigmoid,Sigmoid,0.9997682571411133,0.9997477531433105,0,0,0,,
136,/model.6/cv1/act/Sigmoid_output_0_QuantizeLinear_Output,/model.6/cv1/act/Sigmoid_output_0_QuantizeLinear,QuantizeLinear,0.9997682571411133,255.0,0,0,0,0.00392155209556222,0.0
137,/model.6/cv1/act/Sigmoid_output_0_DequantizeLinear_Output,/model.6/cv1/act/Sigmoid_output_0_DequantizeLinear,DequantizeLinear,0.9997682571411133,0.999995768070221,0,0,0,0.00392155209556222,0.0
138,/model.6/cv1/act/Mul_output_0,/model.6/cv1/act/Mul,Mul,8.36776351928711,8.284915924072266,0,0,0,,
139,/model.6/cv1/act/Mul_output_0_QuantizeLinear_Output,/model.6/cv1/act/Mul_output_0_QuantizeLinear,QuantizeLinear,8.36776351928711,173.0,0,0,0,0.04963633790612221,6.0
140,/model.6/cv1/act/Mul_output_0_DequantizeLinear_Output,/model.6/cv1/act/Mul_output_0_DequantizeLinear,DequantizeLinear,8.36776351928711,8.289268493652344,0,0,0,0.04963633790612221,6.0
141,/model.6/Split_output_0,/model.6/Split,Split,6.725551128387451,6.154905796051025,0,0,0,,
142,/model.6/Split_output_1,/model.6/Split,Split,8.36776351928711,8.289268493652344,0,0,0,,
143,/model.6/Split_output_0_QuantizeLinear_Output,/model.6/Split_output_0_QuantizeLinear,QuantizeLinear,6.725551128387451,130.0,0,0,0,0.04963633790612221,6.0
144,/model.6/Split_output_1_QuantizeLinear_Output,/model.6/Split_output_1_QuantizeLinear,QuantizeLinear,8.36776351928711,173.0,0,0,0,0.04963633790612221,6.0
145,/model.6/Split_output_0_DequantizeLinear_Output,/model.6/Split_output_0_DequantizeLinear,DequantizeLinear,6.725551128387451,6.154905796051025,0,0,0,0.04963633790612221,6.0
146,/model.6/Split_output_1_DequantizeLinear_Output,/model.6/Split_output_1_DequantizeLinear,DequantizeLinear,8.36776351928711,8.289268493652344,0,0,0,0.04963633790612221,6.0
147,/model.6/m.0/cv1/conv/Conv_output_0,/model.6/m.0/cv1/conv/Conv,Conv,3.510986804962158,3.294675827026367,0,0,0,,
148,/model.6/m.0/cv2/conv/Conv_output_0,/model.6/m.0/cv2/conv/Conv,Conv,9.001519203186035,8.815537452697754,0,0,0,,
149,/model.6/m.0/cv1/conv/Conv_output_0_QuantizeLinear_Output,/model.6/m.0/cv1/conv/Conv_output_0_QuantizeLinear,QuantizeLinear,3.510986804962158,187.0,0,0,0,0.058720532804727554,137.0
150,/model.6/m.0/cv2/conv/Conv_output_0_QuantizeLinear_Output,/model.6/m.0/cv2/conv/Conv_output_0_QuantizeLinear,QuantizeLinear,9.001519203186035,158.0,0,0,0,0.13085328042507172,99.0
151,/model.6/m.0/cv1/conv/Conv_output_0_DequantizeLinear_Output,/model.6/m.0/cv1/conv/Conv_output_0_DequantizeLinear,DequantizeLinear,3.510986804962158,3.2883498668670654,0,0,0,0.058720532804727554,137.0
152,/model.6/m.0/cv2/conv/Conv_output_0_DequantizeLinear_Output,/model.6/m.0/cv2/conv/Conv_output_0_DequantizeLinear,DequantizeLinear,9.001519203186035,8.767169952392578,0,0,0,0.13085328042507172,99.0
153,/model.6/m.0/cv1/act/Sigmoid_output_0,/model.6/m.0/cv1/act/Sigmoid,Sigmoid,0.9507324695587158,0.9495989084243774,0,0,0,,
154,/model.6/m.0/cv2/act/Sigmoid_output_0,/model.6/m.0/cv2/act/Sigmoid,Sigmoid,0.9995732307434082,0.9995564818382263,0,0,0,,
155,/model.6/m.0/cv1/act/Sigmoid_output_0_QuantizeLinear_Output,/model.6/m.0/cv1/act/Sigmoid_output_0_QuantizeLinear,QuantizeLinear,0.9507324695587158,242.0,0,0,0,0.00391772948205471,0.0
156,/model.6/m.0/cv2/act/Sigmoid_output_0_QuantizeLinear_Output,/model.6/m.0/cv2/act/Sigmoid_output_0_QuantizeLinear,QuantizeLinear,0.9995732307434082,255.0,0,0,0,0.003921568859368563,0.0
157,/model.6/m.0/cv1/act/Sigmoid_output_0_DequantizeLinear_Output,/model.6/m.0/cv1/act/Sigmoid_output_0_DequantizeLinear,DequantizeLinear,0.9507324695587158,0.9480905532836914,0,0,0,0.00391772948205471,0.0
158,/model.6/m.0/cv2/act/Sigmoid_output_0_DequantizeLinear_Output,/model.6/m.0/cv2/act/Sigmoid_output_0_DequantizeLinear,DequantizeLinear,0.9995732307434082,1.0,0,0,0,0.003921568859368563,0.0
159,/model.6/m.0/cv1/act/Mul_output_0,/model.6/m.0/cv1/act/Mul,Mul,2.8141369819641113,2.7836191654205322,0,0,0,,
160,/model.6/m.0/cv2/act/Mul_output_0,/model.6/m.0/cv2/act/Mul,Mul,7.755358695983887,7.720343589782715,0,0,0,,
161,/model.6/m.0/cv1/act/Mul_output_0_QuantizeLinear_Output,/model.6/m.0/cv1/act/Mul_output_0_QuantizeLinear,QuantizeLinear,2.8141369819641113,109.0,0,0,0,0.02823428437113762,10.0
162,/model.6/m.0/cv2/act/Mul_output_0_QuantizeLinear_Output,/model.6/m.0/cv2/act/Mul_output_0_QuantizeLinear,QuantizeLinear,7.755358695983887,98.0,0,0,0,0.08102544397115707,3.0
163,/model.6/m.0/cv1/act/Mul_output_0_DequantizeLinear_Output,/model.6/m.0/cv1/act/Mul_output_0_DequantizeLinear,DequantizeLinear,2.8141369819641113,2.795194149017334,0,0,0,0.02823428437113762,10.0
164,/model.6/m.0/cv2/act/Mul_output_0_DequantizeLinear_Output,/model.6/m.0/cv2/act/Mul_output_0_DequantizeLinear,DequantizeLinear,7.755358695983887,7.697417259216309,0,0,0,0.08102544397115707,3.0
165,/model.6/m.0/m/m.0/cv1/conv/Conv_output_0,/model.6/m.0/m/m.0/cv1/conv/Conv,Conv,5.543435096740723,5.520411014556885,0,0,0,,
166,/model.6/m.0/m/m.0/cv1/conv/Conv_output_0_QuantizeLinear_Output,/model.6/m.0/m/m.0/cv1/conv/Conv_output_0_QuantizeLinear,QuantizeLinear,5.543435096740723,194.0,0,0,0,0.07016759365797043,129.0
167,/model.6/m.0/m/m.0/cv1/conv/Conv_output_0_DequantizeLinear_Output,/model.6/m.0/m/m.0/cv1/conv/Conv_output_0_DequantizeLinear,DequantizeLinear,5.543435096740723,5.543240070343018,0,0,0,0.07016759365797043,129.0
168,/model.6/m.0/m/m.0/cv1/act/Sigmoid_output_0,/model.6/m.0/m/m.0/cv1/act/Sigmoid,Sigmoid,0.9893217086791992,0.9896554350852966,0,0,0,,
169,/model.6/m.0/m/m.0/cv1/act/Sigmoid_output_0_QuantizeLinear_Output,/model.6/m.0/m/m.0/cv1/act/Sigmoid_output_0_QuantizeLinear,QuantizeLinear,0.9893217086791992,252.0,0,0,0,0.003920986782759428,0.0
170,/model.6/m.0/m/m.0/cv1/act/Sigmoid_output_0_DequantizeLinear_Output,/model.6/m.0/m/m.0/cv1/act/Sigmoid_output_0_DequantizeLinear,DequantizeLinear,0.9893217086791992,0.9880886673927307,0,0,0,0.003920986782759428,0.0
171,/model.6/m.0/m/m.0/cv1/act/Mul_output_0,/model.6/m.0/m/m.0/cv1/act/Mul,Mul,4.480443954467773,4.506567001342773,0,0,0,,
172,/model.6/m.0/m/m.0/cv1/act/Mul_output_0_QuantizeLinear_Output,/model.6/m.0/m/m.0/cv1/act/Mul_output_0_QuantizeLinear,QuantizeLinear,4.480443954467773,134.0,0,0,0,0.03565848991274834,8.0
173,/model.6/m.0/m/m.0/cv1/act/Mul_output_0_DequantizeLinear_Output,/model.6/m.0/m/m.0/cv1/act/Mul_output_0_DequantizeLinear,DequantizeLinear,4.480443954467773,4.492969512939453,0,0,0,0.03565848991274834,8.0
174,/model.6/m.0/m/m.0/cv2/conv/Conv_output_0,/model.6/m.0/m/m.0/cv2/conv/Conv,Conv,4.2769365310668945,4.40635347366333,0,0,0,,
175,/model.6/m.0/m/m.0/cv2/conv/Conv_output_0_QuantizeLinear_Output,/model.6/m.0/m/m.0/cv2/conv/Conv_output_0_QuantizeLinear,QuantizeLinear,4.2769365310668945,207.0,0,0,0,0.06584373861551285,144.0
176,/model.6/m.0/m/m.0/cv2/conv/Conv_output_0_DequantizeLinear_Output,/model.6/m.0/m/m.0/cv2/conv/Conv_output_0_DequantizeLinear,DequantizeLinear,4.2769365310668945,4.411530494689941,0,0,0,0.06584373861551285,144.0
177,/model.6/m.0/m/m.0/cv2/act/Sigmoid_output_0,/model.6/m.0/m/m.0/cv2/act/Sigmoid,Sigmoid,0.9711148142814636,0.9844520092010498,0,0,0,,
178,/model.6/m.0/m/m.0/cv2/act/Sigmoid_output_0_QuantizeLinear_Output,/model.6/m.0/m/m.0/cv2/act/Sigmoid_output_0_QuantizeLinear,QuantizeLinear,0.9711148142814636,251.0,0,0,0,0.003918900620192289,0.0
179,/model.6/m.0/m/m.0/cv2/act/Sigmoid_output_0_DequantizeLinear_Output,/model.6/m.0/m/m.0/cv2/act/Sigmoid_output_0_DequantizeLinear,DequantizeLinear,0.9711148142814636,0.9836440682411194,0,0,0,0.003918900620192289,0.0
180,/model.6/m.0/m/m.0/cv2/act/Mul_output_0,/model.6/m.0/m/m.0/cv2/act/Mul,Mul,3.4135823249816895,4.08030891418457,0,0,0,,
181,/model.6/m.0/m/m.0/cv2/act/Mul_output_0_QuantizeLinear_Output,/model.6/m.0/m/m.0/cv2/act/Mul_output_0_QuantizeLinear,QuantizeLinear,3.4135823249816895,147.0,0,0,0,0.02966940589249134,9.0
182,/model.6/m.0/m/m.0/cv2/act/Mul_output_0_DequantizeLinear_Output,/model.6/m.0/m/m.0/cv2/act/Mul_output_0_DequantizeLinear,DequantizeLinear,3.4135823249816895,4.0943779945373535,0,0,0,0.02966940589249134,9.0
183,/model.6/m.0/m/m.0/Add_output_0,/model.6/m.0/m/m.0/Add,Add,4.304549217224121,3.9249722957611084,0,0,0,,
184,/model.6/m.0/m/m.0/Add_output_0_QuantizeLinear_Output,/model.6/m.0/m/m.0/Add_output_0_QuantizeLinear,QuantizeLinear,4.304549217224121,110.0,0,0,0,0.04104781895875931,14.0
185,/model.6/m.0/m/m.0/Add_output_0_DequantizeLinear_Output,/model.6/m.0/m/m.0/Add_output_0_DequantizeLinear,DequantizeLinear,4.304549217224121,3.9405906200408936,0,0,0,0.04104781895875931,14.0
186,/model.6/m.0/m/m.1/cv1/conv/Conv_output_0,/model.6/m.0/m/m.1/cv1/conv/Conv,Conv,6.111514568328857,6.391338348388672,0,0,0,,
187,/model.6/m.0/m/m.1/cv1/conv/Conv_output_0_QuantizeLinear_Output,/model.6/m.0/m/m.1/cv1/conv/Conv_output_0_QuantizeLinear,QuantizeLinear,6.111514568328857,184.0,0,0,0,0.07483455538749695,132.0
188,/model.6/m.0/m/m.1/cv1/conv/Conv_output_0_DequantizeLinear_Output,/model.6/m.0/m/m.1/cv1/conv/Conv_output_0_DequantizeLinear,DequantizeLinear,6.111514568328857,6.360937118530273,0,0,0,0.07483455538749695,132.0
189,/model.6/m.0/m/m.1/cv1/act/Sigmoid_output_0,/model.6/m.0/m/m.1/cv1/act/Sigmoid,Sigmoid,0.9720413684844971,0.9799916744232178,0,0,0,,
190,/model.6/m.0/m/m.1/cv1/act/Sigmoid_output_0_QuantizeLinear_Output,/model.6/m.0/m/m.1/cv1/act/Sigmoid_output_0_QuantizeLinear,QuantizeLinear,0.9720413684844971,250.0,0,0,0,0.00392118189483881,0.0
191,/model.6/m.0/m/m.1/cv1/act/Sigmoid_output_0_DequantizeLinear_Output,/model.6/m.0/m/m.1/cv1/act/Sigmoid_output_0_DequantizeLinear,DequantizeLinear,0.9720413684844971,0.9802954792976379,0,0,0,0.00392118189483881,0.0
192,/model.6/m.0/m/m.1/cv1/act/Mul_output_0,/model.6/m.0/m/m.1/cv1/act/Mul,Mul,3.449455738067627,3.8147189617156982,0,0,0,,
193,/model.6/m.0/m/m.1/cv1/act/Mul_output_0_QuantizeLinear_Output,/model.6/m.0/m/m.1/cv1/act/Mul_output_0_QuantizeLinear,QuantizeLinear,3.449455738067627,109.0,0,0,0,0.037261899560689926,7.0
194,/model.6/m.0/m/m.1/cv1/act/Mul_output_0_DequantizeLinear_Output,/model.6/m.0/m/m.1/cv1/act/Mul_output_0_DequantizeLinear,DequantizeLinear,3.449455738067627,3.8007137775421143,0,0,0,0.037261899560689926,7.0
195,/model.6/m.0/m/m.1/cv2/conv/Conv_output_0,/model.6/m.0/m/m.1/cv2/conv/Conv,Conv,6.271906852722168,6.320573329925537,0,0,0,,
196,/model.6/m.0/m/m.1/cv2/conv/Conv_output_0_QuantizeLinear_Output,/model.6/m.0/m/m.1/cv2/conv/Conv_output_0_QuantizeLinear,QuantizeLinear,6.271906852722168,187.0,0,0,0,0.11046367138624191,130.0
197,/model.6/m.0/m/m.1/cv2/conv/Conv_output_0_DequantizeLinear_Output,/model.6/m.0/m/m.1/cv2/conv/Conv_output_0_DequantizeLinear,DequantizeLinear,6.271906852722168,6.29642915725708,0,0,0,0.11046367138624191,130.0
198,/model.6/m.0/m/m.1/cv2/act/Sigmoid_output_0,/model.6/m.0/m/m.1/cv2/act/Sigmoid,Sigmoid,0.9981149435043335,0.9981604814529419,0,0,0,,
199,/model.6/m.0/m/m.1/cv2/act/Sigmoid_output_0_QuantizeLinear_Output,/model.6/m.0/m/m.1/cv2/act/Sigmoid_output_0_QuantizeLinear,QuantizeLinear,0.9981149435043335,255.0,0,0,0,0.00392156420275569,0.0
200,/model.6/m.0/m/m.1/cv2/act/Sigmoid_output_0_DequantizeLinear_Output,/model.6/m.0/m/m.1/cv2/act/Sigmoid_output_0_DequantizeLinear,DequantizeLinear,0.9981149435043335,0.9999988675117493,0,0,0,0.00392156420275569,0.0
201,/model.6/m.0/m/m.1/cv2/act/Mul_output_0,/model.6/m.0/m/m.1/cv2/act/Mul,Mul,6.26008415222168,6.296422004699707,0,0,0,,
202,/model.6/m.0/m/m.1/cv2/act/Mul_output_0_QuantizeLinear_Output,/model.6/m.0/m/m.1/cv2/act/Mul_output_0_QuantizeLinear,QuantizeLinear,6.26008415222168,119.0,0,0,0,0.05511848255991936,5.0
203,/model.6/m.0/m/m.1/cv2/act/Mul_output_0_DequantizeLinear_Output,/model.6/m.0/m/m.1/cv2/act/Mul_output_0_DequantizeLinear,DequantizeLinear,6.26008415222168,6.283506870269775,0,0,0,0.05511848255991936,5.0
204,/model.6/m.0/m/m.1/Add_output_0,/model.6/m.0/m/m.1/Add,Add,7.487982749938965,7.561911106109619,0,0,0,,
205,/model.6/m.0/m/m.1/Add_output_0_QuantizeLinear_Output,/model.6/m.0/m/m.1/Add_output_0_QuantizeLinear,QuantizeLinear,7.487982749938965,118.0,0,0,0,0.07105620205402374,12.0
206,/model.6/m.0/m/m.1/Add_output_0_DequantizeLinear_Output,/model.6/m.0/m/m.1/Add_output_0_DequantizeLinear,DequantizeLinear,7.487982749938965,7.531957626342773,0,0,0,0.07105620205402374,12.0
207,/model.6/m.0/Concat_output_0,/model.6/m.0/Concat,Concat,7.755358695983887,7.697417259216309,0,0,0,,
208,/model.6/m.0/Concat_output_0_QuantizeLinear_Output,/model.6/m.0/Concat_output_0_QuantizeLinear,QuantizeLinear,7.755358695983887,103.0,0,0,0,0.08320939540863037,10.0
209,/model.6/m.0/Concat_output_0_DequantizeLinear_Output,/model.6/m.0/Concat_output_0_DequantizeLinear,DequantizeLinear,7.755358695983887,7.738473892211914,0,0,0,0.08320939540863037,10.0
210,/model.6/m.0/cv3/conv/Conv_output_0,/model.6/m.0/cv3/conv/Conv,Conv,5.667973518371582,5.906081199645996,0,0,0,,
211,/model.6/m.0/cv3/conv/Conv_output_0_QuantizeLinear_Output,/model.6/m.0/cv3/conv/Conv_output_0_QuantizeLinear,QuantizeLinear,5.667973518371582,185.0,0,0,0,0.09107577800750732,120.0
212,/model.6/m.0/cv3/conv/Conv_output_0_DequantizeLinear_Output,/model.6/m.0/cv3/conv/Conv_output_0_DequantizeLinear,DequantizeLinear,5.667973518371582,5.919925689697266,0,0,0,0.09107577800750732,120.0
213,/model.6/m.0/cv3/act/Sigmoid_output_0,/model.6/m.0/cv3/act/Sigmoid,Sigmoid,0.9965571165084839,0.9973217844963074,0,0,0,,
214,/model.6/m.0/cv3/act/Sigmoid_output_0_QuantizeLinear_Output,/model.6/m.0/cv3/act/Sigmoid_output_0_QuantizeLinear,QuantizeLinear,0.9965571165084839,254.0,0,0,0,0.003921551629900932,0.0
215,/model.6/m.0/cv3/act/Sigmoid_output_0_DequantizeLinear_Output,/model.6/m.0/cv3/act/Sigmoid_output_0_DequantizeLinear,DequantizeLinear,0.9965571165084839,0.9960741400718689,0,0,0,0.003921551629900932,0.0
216,/model.6/m.0/cv3/act/Mul_output_0,/model.6/m.0/cv3/act/Mul,Mul,5.648459434509277,5.8966851234436035,0,0,0,,
217,/model.6/m.0/cv3/act/Mul_output_0_QuantizeLinear_Output,/model.6/m.0/cv3/act/Mul_output_0_QuantizeLinear,QuantizeLinear,5.648459434509277,125.0,0,0,0,0.0494668185710907,6.0
218,/model.6/m.0/cv3/act/Mul_output_0_DequantizeLinear_Output,/model.6/m.0/cv3/act/Mul_output_0_DequantizeLinear,DequantizeLinear,5.648459434509277,5.886551380157471,0,0,0,0.0494668185710907,6.0
219,/model.6/Concat_output_0,/model.6/Concat,Concat,8.36776351928711,8.289268493652344,0,0,0,,
220,/model.6/Concat_output_0_QuantizeLinear_Output,/model.6/Concat_output_0_QuantizeLinear,QuantizeLinear,8.36776351928711,173.0,0,0,0,0.04963633790612221,6.0
221,/model.6/Concat_output_0_DequantizeLinear_Output,/model.6/Concat_output_0_DequantizeLinear,DequantizeLinear,8.36776351928711,8.289268493652344,0,0,0,0.04963633790612221,6.0
222,/model.6/cv2/conv/Conv_output_0,/model.6/cv2/conv/Conv,Conv,8.082611083984375,7.767516136169434,0,0,0,,
223,/model.6/cv2/conv/Conv_output_0_QuantizeLinear_Output,/model.6/cv2/conv/Conv_output_0_QuantizeLinear,QuantizeLinear,8.082611083984375,226.0,0,0,0,0.08146554976701736,131.0
224,/model.6/cv2/conv/Conv_output_0_DequantizeLinear_Output,/model.6/cv2/conv/Conv_output_0_DequantizeLinear,DequantizeLinear,8.082611083984375,7.739227294921875,0,0,0,0.08146554976701736,131.0
225,/model.6/cv2/act/Sigmoid_output_0,/model.6/cv2/act/Sigmoid,Sigmoid,0.9996912479400635,0.9995648264884949,0,0,0,,
226,/model.6/cv2/act/Sigmoid_output_0_QuantizeLinear_Output,/model.6/cv2/act/Sigmoid_output_0_QuantizeLinear,QuantizeLinear,0.9996912479400635,255.0,0,0,0,0.003921411465853453,0.0
227,/model.6/cv2/act/Sigmoid_output_0_DequantizeLinear_Output,/model.6/cv2/act/Sigmoid_output_0_DequantizeLinear,DequantizeLinear,0.9996912479400635,0.9999599456787109,0,0,0,0.003921411465853453,0.0
228,/model.6/cv2/act/Mul_output_0,/model.6/cv2/act/Mul,Mul,8.08011531829834,7.738917350769043,0,0,0,,
229,/model.6/cv2/act/Mul_output_0_QuantizeLinear_Output,/model.6/cv2/act/Mul_output_0_QuantizeLinear,QuantizeLinear,8.08011531829834,197.0,0,0,0,0.0407981239259243,7.0
230,/model.6/cv2/act/Mul_output_0_DequantizeLinear_Output,/model.6/cv2/act/Mul_output_0_DequantizeLinear,DequantizeLinear,8.08011531829834,7.751643657684326,0,0,0,0.0407981239259243,7.0
231,/model.7/conv/Conv_output_0,/model.7/conv/Conv,Conv,9.05134105682373,9.2755765914917,0,0,0,,
232,/model.7/conv/Conv_output_0_QuantizeLinear_Output,/model.7/conv/Conv_output_0_QuantizeLinear,QuantizeLinear,9.05134105682373,196.0,0,0,0,0.09254104644060135,140.0
233,/model.7/conv/Conv_output_0_DequantizeLinear_Output,/model.7/conv/Conv_output_0_DequantizeLinear,DequantizeLinear,9.05134105682373,9.254104614257812,0,0,0,0.09254104644060135,140.0
234,/model.7/act/Sigmoid_output_0,/model.7/act/Sigmoid,Sigmoid,0.9939436912536621,0.9944162368774414,0,0,0,,
235,/model.7/act/Sigmoid_output_0_QuantizeLinear_Output,/model.7/act/Sigmoid_output_0_QuantizeLinear,QuantizeLinear,0.9939436912536621,254.0,0,0,0,0.003921474330127239,0.0
236,/model.7/act/Sigmoid_output_0_DequantizeLinear_Output,/model.7/act/Sigmoid_output_0_DequantizeLinear,DequantizeLinear,0.9939436912536621,0.996054470539093,0,0,0,0.003921474330127239,0.0
237,/model.7/act/Mul_output_0,/model.7/act/Mul,Mul,5.069694995880127,5.16185188293457,0,0,0,,
238,/model.7/act/Mul_output_0_QuantizeLinear_Output,/model.7/act/Mul_output_0_QuantizeLinear,QuantizeLinear,5.069694995880127,128.0,0,0,0,0.04280180111527443,7.0
239,/model.7/act/Mul_output_0_DequantizeLinear_Output,/model.7/act/Mul_output_0_DequantizeLinear,DequantizeLinear,5.069694995880127,5.179018020629883,0,0,0,0.04280180111527443,7.0
240,/model.8/cv1/conv/Conv_output_0,/model.8/cv1/conv/Conv,Conv,10.088725090026855,10.322870254516602,0,0,0,,
241,/model.8/cv1/conv/Conv_output_0_QuantizeLinear_Output,/model.8/cv1/conv/Conv_output_0_QuantizeLinear,QuantizeLinear,10.088725090026855,213.0,0,0,0,0.1117391288280487,121.0
242,/model.8/cv1/conv/Conv_output_0_DequantizeLinear_Output,/model.8/cv1/conv/Conv_output_0_DequantizeLinear,DequantizeLinear,10.088725090026855,10.279999732971191,0,0,0,0.1117391288280487,121.0
243,/model.8/cv1/act/Sigmoid_output_0,/model.8/cv1/act/Sigmoid,Sigmoid,0.9999584555625916,0.9999656677246094,0,0,0,,
244,/model.8/cv1/act/Sigmoid_output_0_QuantizeLinear_Output,/model.8/cv1/act/Sigmoid_output_0_QuantizeLinear,QuantizeLinear,0.9999584555625916,255.0,0,0,0,0.003921567462384701,0.0
245,/model.8/cv1/act/Sigmoid_output_0_DequantizeLinear_Output,/model.8/cv1/act/Sigmoid_output_0_DequantizeLinear,DequantizeLinear,0.9999584555625916,0.9999997019767761,0,0,0,0.003921567462384701,0.0
246,/model.8/cv1/act/Mul_output_0,/model.8/cv1/act/Mul,Mul,10.088306427001953,10.279996871948242,0,0,0,,
247,/model.8/cv1/act/Mul_output_0_QuantizeLinear_Output,/model.8/cv1/act/Mul_output_0_QuantizeLinear,QuantizeLinear,10.088306427001953,176.0,0,0,0,0.06001203879714012,5.0
248,/model.8/cv1/act/Mul_output_0_DequantizeLinear_Output,/model.8/cv1/act/Mul_output_0_DequantizeLinear,DequantizeLinear,10.088306427001953,10.26205825805664,0,0,0,0.06001203879714012,5.0
249,/model.8/Split_output_0,/model.8/Split,Split,10.088306427001953,10.26205825805664,0,0,0,,
250,/model.8/Split_output_1,/model.8/Split,Split,8.943952560424805,9.06181812286377,0,0,0,,
251,/model.8/Split_output_0_QuantizeLinear_Output,/model.8/Split_output_0_QuantizeLinear,QuantizeLinear,10.088306427001953,176.0,0,0,0,0.06001203879714012,5.0
252,/model.8/Split_output_1_QuantizeLinear_Output,/model.8/Split_output_1_QuantizeLinear,QuantizeLinear,8.943952560424805,156.0,0,0,0,0.06001203879714012,5.0
253,/model.8/Split_output_0_DequantizeLinear_Output,/model.8/Split_output_0_DequantizeLinear,DequantizeLinear,10.088306427001953,10.26205825805664,0,0,0,0.06001203879714012,5.0
254,/model.8/Split_output_1_DequantizeLinear_Output,/model.8/Split_output_1_DequantizeLinear,DequantizeLinear,8.943952560424805,9.06181812286377,0,0,0,0.06001203879714012,5.0
255,/model.8/m.0/cv1/conv/Conv_output_0,/model.8/m.0/cv1/conv/Conv,Conv,4.413220405578613,4.250959396362305,0,0,0,,
256,/model.8/m.0/cv2/conv/Conv_output_0,/model.8/m.0/cv2/conv/Conv,Conv,8.608736038208008,8.876241683959961,0,0,0,,
257,/model.8/m.0/cv1/conv/Conv_output_0_QuantizeLinear_Output,/model.8/m.0/cv1/conv/Conv_output_0_QuantizeLinear,QuantizeLinear,4.413220405578613,221.0,0,0,0,0.05442093312740326,145.0
258,/model.8/m.0/cv2/conv/Conv_output_0_QuantizeLinear_Output,/model.8/m.0/cv2/conv/Conv_output_0_QuantizeLinear,QuantizeLinear,8.608736038208008,171.0,0,0,0,0.1362944096326828,106.0
259,/model.8/m.0/cv1/conv/Conv_output_0_DequantizeLinear_Output,/model.8/m.0/cv1/conv/Conv_output_0_DequantizeLinear,DequantizeLinear,4.413220405578613,4.244832992553711,0,0,0,0.05442093312740326,145.0
260,/model.8/m.0/cv2/conv/Conv_output_0_DequantizeLinear_Output,/model.8/m.0/cv2/conv/Conv_output_0_DequantizeLinear,DequantizeLinear,8.608736038208008,8.859136581420898,0,0,0,0.1362944096326828,106.0
261,/model.8/m.0/cv1/act/Sigmoid_output_0,/model.8/m.0/cv1/act/Sigmoid,Sigmoid,0.9820559024810791,0.9842647314071655,0,0,0,,
262,/model.8/m.0/cv2/act/Sigmoid_output_0,/model.8/m.0/cv2/act/Sigmoid,Sigmoid,0.9998174905776978,0.999858021736145,0,0,0,,
263,/model.8/m.0/cv1/act/Sigmoid_output_0_QuantizeLinear_Output,/model.8/m.0/cv1/act/Sigmoid_output_0_QuantizeLinear,QuantizeLinear,0.9820559024810791,252.0,0,0,0,0.003911745268851519,0.0
264,/model.8/m.0/cv2/act/Sigmoid_output_0_QuantizeLinear_Output,/model.8/m.0/cv2/act/Sigmoid_output_0_QuantizeLinear,QuantizeLinear,0.9998174905776978,255.0,0,0,0,0.003921568859368563,0.0
265,/model.8/m.0/cv1/act/Sigmoid_output_0_DequantizeLinear_Output,/model.8/m.0/cv1/act/Sigmoid_output_0_DequantizeLinear,DequantizeLinear,0.9820559024810791,0.9857597947120667,0,0,0,0.003911745268851519,0.0
266,/model.8/m.0/cv2/act/Sigmoid_output_0_DequantizeLinear_Output,/model.8/m.0/cv2/act/Sigmoid_output_0_DequantizeLinear,DequantizeLinear,0.9998174905776978,1.0,0,0,0,0.003921568859368563,0.0
267,/model.8/m.0/cv1/act/Mul_output_0,/model.8/m.0/cv1/act/Mul,Mul,3.930567741394043,4.077093601226807,0,0,0,,
268,/model.8/m.0/cv2/act/Mul_output_0,/model.8/m.0/cv2/act/Mul,Mul,8.607165336608887,8.859136581420898,0,0,0,,
269,/model.8/m.0/cv1/act/Mul_output_0_QuantizeLinear_Output,/model.8/m.0/cv1/act/Mul_output_0_QuantizeLinear,QuantizeLinear,3.930567741394043,177.0,0,0,0,0.024511434137821198,11.0
270,/model.8/m.0/cv2/act/Mul_output_0_QuantizeLinear_Output,/model.8/m.0/cv2/act/Mul_output_0_QuantizeLinear,QuantizeLinear,8.607165336608887,113.0,0,0,0,0.08073810487985611,3.0
271,/model.8/m.0/cv1/act/Mul_output_0_DequantizeLinear_Output,/model.8/m.0/cv1/act/Mul_output_0_DequantizeLinear,DequantizeLinear,3.930567741394043,4.0688982009887695,0,0,0,0.024511434137821198,11.0
272,/model.8/m.0/cv2/act/Mul_output_0_DequantizeLinear_Output,/model.8/m.0/cv2/act/Mul_output_0_DequantizeLinear,DequantizeLinear,8.607165336608887,8.88119125366211,0,0,0,0.08073810487985611,3.0
273,/model.8/m.0/m/m.0/cv1/conv/Conv_output_0,/model.8/m.0/m/m.0/cv1/conv/Conv,Conv,7.866833686828613,8.010029792785645,0,0,0,,
274,/model.8/m.0/m/m.0/cv1/conv/Conv_output_0_QuantizeLinear_Output,/model.8/m.0/m/m.0/cv1/conv/Conv_output_0_QuantizeLinear,QuantizeLinear,7.866833686828613,200.0,0,0,0,0.08393795788288116,129.0
275,/model.8/m.0/m/m.0/cv1/conv/Conv_output_0_DequantizeLinear_Output,/model.8/m.0/m/m.0/cv1/conv/Conv_output_0_DequantizeLinear,DequantizeLinear,7.866833686828613,7.9741058349609375,0,0,0,0.08393795788288116,129.0
276,/model.8/m.0/m/m.0/cv1/act/Sigmoid_output_0,/model.8/m.0/m/m.0/cv1/act/Sigmoid,Sigmoid,0.9972671270370483,0.9974256753921509,0,0,0,,
277,/model.8/m.0/m/m.0/cv1/act/Sigmoid_output_0_QuantizeLinear_Output,/model.8/m.0/m/m.0/cv1/act/Sigmoid_output_0_QuantizeLinear,QuantizeLinear,0.9972671270370483,254.0,0,0,0,0.003921471070498228,0.0
278,/model.8/m.0/m/m.0/cv1/act/Sigmoid_output_0_DequantizeLinear_Output,/model.8/m.0/m/m.0/cv1/act/Sigmoid_output_0_DequantizeLinear,DequantizeLinear,0.9972671270370483,0.9960536360740662,0,0,0,0.003921471070498228,0.0
279,/model.8/m.0/m/m.0/cv1/act/Mul_output_0,/model.8/m.0/m/m.0/cv1/act/Mul,Mul,5.883535861968994,5.936076641082764,0,0,0,,
280,/model.8/m.0/m/m.0/cv1/act/Mul_output_0_QuantizeLinear_Output,/model.8/m.0/m/m.0/cv1/act/Mul_output_0_QuantizeLinear,QuantizeLinear,5.883535861968994,146.0,0,0,0,0.04266691580414772,7.0
281,/model.8/m.0/m/m.0/cv1/act/Mul_output_0_DequantizeLinear_Output,/model.8/m.0/m/m.0/cv1/act/Mul_output_0_DequantizeLinear,DequantizeLinear,5.883535861968994,5.93070125579834,0,0,0,0.04266691580414772,7.0
282,/model.8/m.0/m/m.0/cv2/conv/Conv_output_0,/model.8/m.0/m/m.0/cv2/conv/Conv,Conv,9.159461975097656,7.804920196533203,0,0,0,,
283,/model.8/m.0/m/m.0/cv2/conv/Conv_output_0_QuantizeLinear_Output,/model.8/m.0/m/m.0/cv2/conv/Conv_output_0_QuantizeLinear,QuantizeLinear,9.159461975097656,201.0,0,0,0,0.09909306466579437,124.0
284,/model.8/m.0/m/m.0/cv2/conv/Conv_output_0_DequantizeLinear_Output,/model.8/m.0/m/m.0/cv2/conv/Conv_output_0_DequantizeLinear,DequantizeLinear,9.159461975097656,7.828351974487305,0,0,0,0.09909306466579437,124.0
285,/model.8/m.0/m/m.0/cv2/act/Sigmoid_output_0,/model.8/m.0/m/m.0/cv2/act/Sigmoid,Sigmoid,0.9998947978019714,0.9995146989822388,0,0,0,,
286,/model.8/m.0/m/m.0/cv2/act/Sigmoid_output_0_QuantizeLinear_Output,/model.8/m.0/m/m.0/cv2/act/Sigmoid_output_0_QuantizeLinear,QuantizeLinear,0.9998947978019714,255.0,0,0,0,0.0039215595461428165,0.0
287,/model.8/m.0/m/m.0/cv2/act/Sigmoid_output_0_DequantizeLinear_Output,/model.8/m.0/m/m.0/cv2/act/Sigmoid_output_0_DequantizeLinear,DequantizeLinear,0.9998947978019714,0.9999976754188538,0,0,0,0.0039215595461428165,0.0
288,/model.8/m.0/m/m.0/cv2/act/Mul_output_0,/model.8/m.0/m/m.0/cv2/act/Mul,Mul,9.158498764038086,7.630148410797119,0,0,0,,
289,/model.8/m.0/m/m.0/cv2/act/Mul_output_0_QuantizeLinear_Output,/model.8/m.0/m/m.0/cv2/act/Mul_output_0_QuantizeLinear,QuantizeLinear,9.158498764038086,151.0,0,0,0,0.05211960896849632,5.0
290,/model.8/m.0/m/m.0/cv2/act/Mul_output_0_DequantizeLinear_Output,/model.8/m.0/m/m.0/cv2/act/Mul_output_0_DequantizeLinear,DequantizeLinear,9.158498764038086,7.609462738037109,0,0,0,0.05211960896849632,5.0
291,/model.8/m.0/m/m.0/Add_output_0,/model.8/m.0/m/m.0/Add,Add,9.055813789367676,7.710342884063721,0,0,0,,
292,/model.8/m.0/m/m.0/Add_output_0_QuantizeLinear_Output,/model.8/m.0/m/m.0/Add_output_0_QuantizeLinear,QuantizeLinear,9.055813789367676,158.0,0,0,0,0.052278999239206314,11.0
293,/model.8/m.0/m/m.0/Add_output_0_DequantizeLinear_Output,/model.8/m.0/m/m.0/Add_output_0_DequantizeLinear,DequantizeLinear,9.055813789367676,7.6850128173828125,0,0,0,0.052278999239206314,11.0
294,/model.8/m.0/m/m.1/cv1/conv/Conv_output_0,/model.8/m.0/m/m.1/cv1/conv/Conv,Conv,7.415520668029785,7.456568717956543,0,0,0,,
295,/model.8/m.0/m/m.1/cv1/conv/Conv_output_0_QuantizeLinear_Output,/model.8/m.0/m/m.1/cv1/conv/Conv_output_0_QuantizeLinear,QuantizeLinear,7.415520668029785,196.0,0,0,0,0.0825122520327568,128.0
296,/model.8/m.0/m/m.1/cv1/conv/Conv_output_0_DequantizeLinear_Output,/model.8/m.0/m/m.1/cv1/conv/Conv_output_0_DequantizeLinear,DequantizeLinear,7.415520668029785,7.426102638244629,0,0,0,0.0825122520327568,128.0
297,/model.8/m.0/m/m.1/cv1/act/Sigmoid_output_0,/model.8/m.0/m/m.1/cv1/act/Sigmoid,Sigmoid,0.9960445165634155,0.9963552951812744,0,0,0,,
298,/model.8/m.0/m/m.1/cv1/act/Sigmoid_output_0_QuantizeLinear_Output,/model.8/m.0/m/m.1/cv1/act/Sigmoid_output_0_QuantizeLinear,QuantizeLinear,0.9960445165634155,254.0,0,0,0,0.003921455703675747,0.0
299,/model.8/m.0/m/m.1/cv1/act/Sigmoid_output_0_DequantizeLinear_Output,/model.8/m.0/m/m.1/cv1/act/Sigmoid_output_0_DequantizeLinear,DequantizeLinear,0.9960445165634155,0.9960497617721558,0,0,0,0.003921455703675747,0.0
300,/model.8/m.0/m/m.1/cv1/act/Mul_output_0,/model.8/m.0/m/m.1/cv1/act/Mul,Mul,5.506824970245361,5.5886688232421875,0,0,0,,
301,/model.8/m.0/m/m.1/cv1/act/Mul_output_0_QuantizeLinear_Output,/model.8/m.0/m/m.1/cv1/act/Mul_output_0_QuantizeLinear,QuantizeLinear,5.506824970245361,140.0,0,0,0,0.04208746924996376,7.0
302,/model.8/m.0/m/m.1/cv1/act/Mul_output_0_DequantizeLinear_Output,/model.8/m.0/m/m.1/cv1/act/Mul_output_0_DequantizeLinear,DequantizeLinear,5.506824970245361,5.597633361816406,0,0,0,0.04208746924996376,7.0
303,/model.8/m.0/m/m.1/cv2/conv/Conv_output_0,/model.8/m.0/m/m.1/cv2/conv/Conv,Conv,10.13212776184082,9.93410587310791,0,0,0,,
304,/model.8/m.0/m/m.1/cv2/conv/Conv_output_0_QuantizeLinear_Output,/model.8/m.0/m/m.1/cv2/conv/Conv_output_0_QuantizeLinear,QuantizeLinear,10.13212776184082,214.0,0,0,0,0.12043768912553787,132.0
305,/model.8/m.0/m/m.1/cv2/conv/Conv_output_0_DequantizeLinear_Output,/model.8/m.0/m/m.1/cv2/conv/Conv_output_0_DequantizeLinear,DequantizeLinear,10.13212776184082,9.875890731811523,0,0,0,0.12043768912553787,132.0
306,/model.8/m.0/m/m.1/cv2/act/Sigmoid_output_0,/model.8/m.0/m/m.1/cv2/act/Sigmoid,Sigmoid,0.99996018409729,0.9999486207962036,0,0,0,,
307,/model.8/m.0/m/m.1/cv2/act/Sigmoid_output_0_QuantizeLinear_Output,/model.8/m.0/m/m.1/cv2/act/Sigmoid_output_0_QuantizeLinear,QuantizeLinear,0.99996018409729,255.0,0,0,0,0.0039215669967234135,0.0
308,/model.8/m.0/m/m.1/cv2/act/Sigmoid_output_0_DequantizeLinear_Output,/model.8/m.0/m/m.1/cv2/act/Sigmoid_output_0_DequantizeLinear,DequantizeLinear,0.99996018409729,0.9999995827674866,0,0,0,0.0039215669967234135,0.0
309,/model.8/m.0/m/m.1/cv2/act/Mul_output_0,/model.8/m.0/m/m.1/cv2/act/Mul,Mul,10.13172435760498,9.875886917114258,0,0,0,,
310,/model.8/m.0/m/m.1/cv2/act/Mul_output_0_QuantizeLinear_Output,/model.8/m.0/m/m.1/cv2/act/Mul_output_0_QuantizeLinear,QuantizeLinear,10.13172435760498,172.0,0,0,0,0.059092529118061066,5.0
311,/model.8/m.0/m/m.1/cv2/act/Mul_output_0_DequantizeLinear_Output,/model.8/m.0/m/m.1/cv2/act/Mul_output_0_DequantizeLinear,DequantizeLinear,10.13172435760498,9.868452072143555,0,0,0,0.059092529118061066,5.0
312,/model.8/m.0/m/m.1/Add_output_0,/model.8/m.0/m/m.1/Add,Add,13.872965812683105,13.903103828430176,0,0,0,,
313,/model.8/m.0/m/m.1/Add_output_0_QuantizeLinear_Output,/model.8/m.0/m/m.1/Add_output_0_QuantizeLinear,QuantizeLinear,13.872965812683105,178.0,0,0,0,0.08261673897504807,10.0
314,/model.8/m.0/m/m.1/Add_output_0_DequantizeLinear_Output,/model.8/m.0/m/m.1/Add_output_0_DequantizeLinear,DequantizeLinear,13.872965812683105,13.87961196899414,0,0,0,0.08261673897504807,10.0
315,/model.8/m.0/Concat_output_0,/model.8/m.0/Concat,Concat,13.872965812683105,13.87961196899414,0,0,0,,
316,/model.8/m.0/Concat_output_0_QuantizeLinear_Output,/model.8/m.0/Concat_output_0_QuantizeLinear,QuantizeLinear,13.872965812683105,177.0,0,0,0,0.0829220712184906,10.0
317,/model.8/m.0/Concat_output_0_DequantizeLinear_Output,/model.8/m.0/Concat_output_0_DequantizeLinear,DequantizeLinear,13.872965812683105,13.847986221313477,0,0,0,0.0829220712184906,10.0
318,/model.8/m.0/cv3/conv/Conv_output_0,/model.8/m.0/cv3/conv/Conv,Conv,6.7062811851501465,6.782712459564209,0,0,0,,
319,/model.8/m.0/cv3/conv/Conv_output_0_QuantizeLinear_Output,/model.8/m.0/cv3/conv/Conv_output_0_QuantizeLinear,QuantizeLinear,6.7062811851501465,177.0,0,0,0,0.08635178208351135,122.0
320,/model.8/m.0/cv3/conv/Conv_output_0_DequantizeLinear_Output,/model.8/m.0/cv3/conv/Conv_output_0_DequantizeLinear,DequantizeLinear,6.7062811851501465,6.82179069519043,0,0,0,0.08635178208351135,122.0
321,/model.8/m.0/cv3/act/Sigmoid_output_0,/model.8/m.0/cv3/act/Sigmoid,Sigmoid,0.9918851256370544,0.9914169311523438,0,0,0,,
322,/model.8/m.0/cv3/act/Sigmoid_output_0_QuantizeLinear_Output,/model.8/m.0/cv3/act/Sigmoid_output_0_QuantizeLinear,QuantizeLinear,0.9918851256370544,253.0,0,0,0,0.003921526949852705,0.0
323,/model.8/m.0/cv3/act/Sigmoid_output_0_DequantizeLinear_Output,/model.8/m.0/cv3/act/Sigmoid_output_0_DequantizeLinear,DequantizeLinear,0.9918851256370544,0.9921463131904602,0,0,0,0.003921526949852705,0.0
324,/model.8/m.0/cv3/act/Mul_output_0,/model.8/m.0/cv3/act/Mul,Mul,4.766912937164307,4.712048053741455,0,0,0,,
325,/model.8/m.0/cv3/act/Mul_output_0_QuantizeLinear_Output,/model.8/m.0/cv3/act/Mul_output_0_QuantizeLinear,QuantizeLinear,4.766912937164307,108.0,0,0,0,0.04601345583796501,6.0
326,/model.8/m.0/cv3/act/Mul_output_0_DequantizeLinear_Output,/model.8/m.0/cv3/act/Mul_output_0_DequantizeLinear,DequantizeLinear,4.766912937164307,4.69337272644043,0,0,0,0.04601345583796501,6.0
327,/model.8/Concat_output_0,/model.8/Concat,Concat,10.088306427001953,10.26205825805664,0,0,0,,
328,/model.8/Concat_output_0_QuantizeLinear_Output,/model.8/Concat_output_0_QuantizeLinear,QuantizeLinear,10.088306427001953,176.0,0,0,0,0.06001203879714012,5.0
329,/model.8/Concat_output_0_DequantizeLinear_Output,/model.8/Concat_output_0_DequantizeLinear,DequantizeLinear,10.088306427001953,10.26205825805664,0,0,0,0.06001203879714012,5.0
330,/model.8/cv2/conv/Conv_output_0,/model.8/cv2/conv/Conv,Conv,7.486783504486084,7.492471218109131,0,0,0,,
331,/model.8/cv2/conv/Conv_output_0_QuantizeLinear_Output,/model.8/cv2/conv/Conv_output_0_QuantizeLinear,QuantizeLinear,7.486783504486084,216.0,0,0,0,0.0881846696138382,146.0
332,/model.8/cv2/conv/Conv_output_0_DequantizeLinear_Output,/model.8/cv2/conv/Conv_output_0_DequantizeLinear,DequantizeLinear,7.486783504486084,7.495697021484375,0,0,0,0.0881846696138382,146.0
333,/model.8/cv2/act/Sigmoid_output_0,/model.8/cv2/act/Sigmoid,Sigmoid,0.9973753094673157,0.9979192018508911,0,0,0,,
334,/model.8/cv2/act/Sigmoid_output_0_QuantizeLinear_Output,/model.8/cv2/act/Sigmoid_output_0_QuantizeLinear,QuantizeLinear,0.9973753094673157,254.0,0,0,0,0.003921316936612129,0.0
335,/model.8/cv2/act/Sigmoid_output_0_DequantizeLinear_Output,/model.8/cv2/act/Sigmoid_output_0_DequantizeLinear,DequantizeLinear,0.9973753094673157,0.9960144758224487,0,0,0,0.003921316936612129,0.0
336,/model.8/cv2/act/Mul_output_0,/model.8/cv2/act/Mul,Mul,5.92457389831543,6.148324489593506,0,0,0,,
337,/model.8/cv2/act/Mul_output_0_QuantizeLinear_Output,/model.8/cv2/act/Mul_output_0_QuantizeLinear,QuantizeLinear,5.92457389831543,165.0,0,0,0,0.03895358741283417,7.0
338,/model.8/cv2/act/Mul_output_0_DequantizeLinear_Output,/model.8/cv2/act/Mul_output_0_DequantizeLinear,DequantizeLinear,5.92457389831543,6.154666900634766,0,0,0,0.03895358741283417,7.0
339,/model.9/cv1/conv/Conv_output_0,/model.9/cv1/conv/Conv,Conv,7.246798038482666,6.842952251434326,0,0,0,,
340,/model.9/cv1/conv/Conv_output_0_QuantizeLinear_Output,/model.9/cv1/conv/Conv_output_0_QuantizeLinear,QuantizeLinear,7.246798038482666,201.0,0,0,0,0.07573623210191727,111.0
341,/model.9/cv1/conv/Conv_output_0_DequantizeLinear_Output,/model.9/cv1/conv/Conv_output_0_DequantizeLinear,DequantizeLinear,7.246798038482666,6.816260814666748,0,0,0,0.07573623210191727,111.0
342,/model.9/m/MaxPool_output_0,/model.9/m/MaxPool,MaxPool,7.246798038482666,6.816260814666748,0,0,0,,
343,/model.9/m/MaxPool_output_0_QuantizeLinear_Output,/model.9/m/MaxPool_output_0_QuantizeLinear,QuantizeLinear,7.246798038482666,201.0,0,0,0,0.07573623210191727,111.0
344,/model.9/m/MaxPool_output_0_DequantizeLinear_Output,/model.9/m/MaxPool_output_0_DequantizeLinear,DequantizeLinear,7.246798038482666,6.816260814666748,0,0,0,0.07573623210191727,111.0
345,/model.9/m_1/MaxPool_output_0,/model.9/m_1/MaxPool,MaxPool,7.246798038482666,6.816260814666748,0,0,0,,
346,/model.9/m_1/MaxPool_output_0_QuantizeLinear_Output,/model.9/m_1/MaxPool_output_0_QuantizeLinear,QuantizeLinear,7.246798038482666,201.0,0,0,0,0.07573623210191727,111.0
347,/model.9/m_1/MaxPool_output_0_DequantizeLinear_Output,/model.9/m_1/MaxPool_output_0_DequantizeLinear,DequantizeLinear,7.246798038482666,6.816260814666748,0,0,0,0.07573623210191727,111.0
348,/model.9/m_2/MaxPool_output_0,/model.9/m_2/MaxPool,MaxPool,7.246798038482666,6.816260814666748,0,0,0,,
349,/model.9/m_2/MaxPool_output_0_QuantizeLinear_Output,/model.9/m_2/MaxPool_output_0_QuantizeLinear,QuantizeLinear,7.246798038482666,201.0,0,0,0,0.07573623210191727,111.0
350,/model.9/m_2/MaxPool_output_0_DequantizeLinear_Output,/model.9/m_2/MaxPool_output_0_DequantizeLinear,DequantizeLinear,7.246798038482666,6.816260814666748,0,0,0,0.07573623210191727,111.0
351,/model.9/Concat_output_0,/model.9/Concat,Concat,7.246798038482666,6.816260814666748,0,0,0,,
352,/model.9/Concat_output_0_QuantizeLinear_Output,/model.9/Concat_output_0_QuantizeLinear,QuantizeLinear,7.246798038482666,201.0,0,0,0,0.07573623210191727,111.0
353,/model.9/Concat_output_0_DequantizeLinear_Output,/model.9/Concat_output_0_DequantizeLinear,DequantizeLinear,7.246798038482666,6.816260814666748,0,0,0,0.07573623210191727,111.0
354,/model.9/cv2/conv/Conv_output_0,/model.9/cv2/conv/Conv,Conv,11.051813125610352,11.589910507202148,0,0,0,,
355,/model.9/cv2/conv/Conv_output_0_QuantizeLinear_Output,/model.9/cv2/conv/Conv_output_0_QuantizeLinear,QuantizeLinear,11.051813125610352,229.0,0,0,0,0.08571135997772217,166.0
356,/model.9/cv2/conv/Conv_output_0_DequantizeLinear_Output,/model.9/cv2/conv/Conv_output_0_DequantizeLinear,DequantizeLinear,11.051813125610352,11.571033477783203,0,0,0,0.08571135997772217,166.0
357,/model.9/cv2/act/Sigmoid_output_0,/model.9/cv2/act/Sigmoid,Sigmoid,0.986301064491272,0.9955028295516968,0,0,0,,
358,/model.9/cv2/act/Sigmoid_output_0_QuantizeLinear_Output,/model.9/cv2/act/Sigmoid_output_0_QuantizeLinear,QuantizeLinear,0.986301064491272,254.0,0,0,0,0.0039196196012198925,0.0
359,/model.9/cv2/act/Sigmoid_output_0_DequantizeLinear_Output,/model.9/cv2/act/Sigmoid_output_0_DequantizeLinear,DequantizeLinear,0.986301064491272,0.9955833554267883,0,0,0,0.0039196196012198925,0.0
360,/model.9/cv2/act/Mul_output_0,/model.9/cv2/act/Mul,Mul,4.2180562019348145,5.375966548919678,0,0,0,,
361,/model.9/cv2/act/Mul_output_0_QuantizeLinear_Output,/model.9/cv2/act/Mul_output_0_QuantizeLinear,QuantizeLinear,4.2180562019348145,183.0,0,0,0,0.030906550586223602,9.0
362,/model.9/cv2/act/Mul_output_0_DequantizeLinear_Output,/model.9/cv2/act/Mul_output_0_DequantizeLinear,DequantizeLinear,4.2180562019348145,5.377739906311035,0,0,0,0.030906550586223602,9.0
363,/model.9/Add_output_0,/model.9/Add,Add,7.279116153717041,7.284111976623535,0,0,0,,
364,/model.9/Add_output_0_QuantizeLinear_Output,/model.9/Add_output_0_QuantizeLinear,QuantizeLinear,7.279116153717041,195.0,0,0,0,0.04033692181110382,14.0
365,/model.9/Add_output_0_DequantizeLinear_Output,/model.9/Add_output_0_DequantizeLinear,DequantizeLinear,7.279116153717041,7.30098295211792,0,0,0,0.04033692181110382,14.0
366,/model.10/cv1/conv/Conv_output_0,/model.10/cv1/conv/Conv,Conv,8.180007934570312,8.888340950012207,0,0,0,,
367,/model.10/cv1/conv/Conv_output_0_QuantizeLinear_Output,/model.10/cv1/conv/Conv_output_0_QuantizeLinear,QuantizeLinear,8.180007934570312,206.0,0,0,0,0.10242515057325363,119.0
368,/model.10/cv1/conv/Conv_output_0_DequantizeLinear_Output,/model.10/cv1/conv/Conv_output_0_DequantizeLinear,DequantizeLinear,8.180007934570312,8.910987854003906,0,0,0,0.10242515057325363,119.0
369,/model.10/cv1/act/Sigmoid_output_0,/model.10/cv1/act/Sigmoid,Sigmoid,0.9997198581695557,0.9998651742935181,0,0,0,,
370,/model.10/cv1/act/Sigmoid_output_0_QuantizeLinear_Output,/model.10/cv1/act/Sigmoid_output_0_QuantizeLinear,QuantizeLinear,0.9997198581695557,255.0,0,0,0,0.003921564668416977,0.0
371,/model.10/cv1/act/Sigmoid_output_0_DequantizeLinear_Output,/model.10/cv1/act/Sigmoid_output_0_DequantizeLinear,DequantizeLinear,0.9997198581695557,0.9999989867210388,0,0,0,0.003921564668416977,0.0
372,/model.10/cv1/act/Mul_output_0,/model.10/cv1/act/Mul,Mul,8.177716255187988,8.910979270935059,0,0,0,,
373,/model.10/cv1/act/Mul_output_0_QuantizeLinear_Output,/model.10/cv1/act/Mul_output_0_QuantizeLinear,QuantizeLinear,8.177716255187988,165.0,0,0,0,0.05556999146938324,5.0
374,/model.10/cv1/act/Mul_output_0_DequantizeLinear_Output,/model.10/cv1/act/Mul_output_0_DequantizeLinear,DequantizeLinear,8.177716255187988,8.891199111938477,0,0,0,0.05556999146938324,5.0
375,/model.10/Split_output_0,/model.10/Split,Split,8.177716255187988,8.891199111938477,0,0,0,,
376,/model.10/Split_output_1,/model.10/Split,Split,7.179586887359619,7.501948833465576,0,0,0,,
377,/model.10/Split_output_0_QuantizeLinear_Output,/model.10/Split_output_0_QuantizeLinear,QuantizeLinear,8.177716255187988,165.0,0,0,0,0.05556999146938324,5.0
378,/model.10/Split_output_1_QuantizeLinear_Output,/model.10/Split_output_1_QuantizeLinear,QuantizeLinear,7.179586887359619,140.0,0,0,0,0.05556999146938324,5.0
379,/model.10/Split_output_0_DequantizeLinear_Output,/model.10/Split_output_0_DequantizeLinear,DequantizeLinear,8.177716255187988,8.891199111938477,0,0,0,0.05556999146938324,5.0
380,/model.10/Split_output_1_DequantizeLinear_Output,/model.10/Split_output_1_DequantizeLinear,DequantizeLinear,7.179586887359619,7.501948833465576,0,0,0,0.05556999146938324,5.0
381,/model.10/m/m.0/attn/qkv/conv/Conv_output_0,/model.10/m/m.0/attn/qkv/conv/Conv,Conv,9.661214828491211,10.303116798400879,0,0,0,,
382,/model.10/m/m.0/attn/qkv/conv/Conv_output_0_QuantizeLinear_Output,/model.10/m/m.0/attn/qkv/conv/Conv_output_0_QuantizeLinear,QuantizeLinear,9.661214828491211,219.0,0,0,0,0.10161752253770828,138.0
383,/model.10/m/m.0/attn/qkv/conv/Conv_output_0_DequantizeLinear_Output,/model.10/m/m.0/attn/qkv/conv/Conv_output_0_DequantizeLinear,DequantizeLinear,9.661214828491211,10.2633695602417,0,0,0,0.10161752253770828,138.0
384,/model.10/m/m.0/attn/Reshape_output_0,/model.10/m/m.0/attn/Reshape,Reshape,9.661214828491211,10.2633695602417,0,0,0,,
385,/model.10/m/m.0/attn/Reshape_output_0_QuantizeLinear_Output,/model.10/m/m.0/attn/Reshape_output_0_QuantizeLinear,QuantizeLinear,9.661214828491211,219.0,0,0,0,0.10161752253770828,138.0
386,/model.10/m/m.0/attn/Reshape_output_0_DequantizeLinear_Output,/model.10/m/m.0/attn/Reshape_output_0_DequantizeLinear,DequantizeLinear,9.661214828491211,10.2633695602417,0,0,0,0.10161752253770828,138.0
387,/model.10/m/m.0/attn/Split_output_0,/model.10/m/m.0/attn/Split,Split,4.694591522216797,4.9792585372924805,0,0,0,,
388,/model.10/m/m.0/attn/Split_output_1,/model.10/m/m.0/attn/Split,Split,6.9545745849609375,6.300286293029785,0,0,0,,
389,/model.10/m/m.0/attn/Split_output_2,/model.10/m/m.0/attn/Split,Split,9.661214828491211,10.2633695602417,0,0,0,,
390,/model.10/m/m.0/attn/Split_output_0_QuantizeLinear_Output,/model.10/m/m.0/attn/Split_output_0_QuantizeLinear,QuantizeLinear,4.694591522216797,182.0,0,0,0,0.10161752253770828,138.0
391,/model.10/m/m.0/attn/Split_output_1_QuantizeLinear_Output,/model.10/m/m.0/attn/Split_output_1_QuantizeLinear,QuantizeLinear,6.9545745849609375,177.0,0,0,0,0.10161752253770828,138.0
392,/model.10/m/m.0/attn/Split_output_2_QuantizeLinear_Output,/model.10/m/m.0/attn/Split_output_2_QuantizeLinear,QuantizeLinear,9.661214828491211,219.0,0,0,0,0.10161752253770828,138.0
393,/model.10/m/m.0/attn/Split_output_0_DequantizeLinear_Output,/model.10/m/m.0/attn/Split_output_0_DequantizeLinear,DequantizeLinear,4.694591522216797,4.9792585372924805,0,0,0,0.10161752253770828,138.0
394,/model.10/m/m.0/attn/Split_output_1_DequantizeLinear_Output,/model.10/m/m.0/attn/Split_output_1_DequantizeLinear,DequantizeLinear,6.9545745849609375,6.300286293029785,0,0,0,0.10161752253770828,138.0
395,/model.10/m/m.0/attn/Split_output_2_DequantizeLinear_Output,/model.10/m/m.0/attn/Split_output_2_DequantizeLinear,DequantizeLinear,9.661214828491211,10.2633695602417,0,0,0,0.10161752253770828,138.0
396,/model.10/m/m.0/attn/Transpose_output_0,/model.10/m/m.0/attn/Transpose,Transpose,4.694591522216797,4.9792585372924805,0,0,0,,
397,/model.10/m/m.0/attn/Reshape_2_output_0,/model.10/m/m.0/attn/Reshape_2,Reshape,9.661214828491211,10.2633695602417,0,0,0,,
398,/model.10/m/m.0/attn/Transpose_output_0_QuantizeLinear_Output,/model.10/m/m.0/attn/Transpose_output_0_QuantizeLinear,QuantizeLinear,4.694591522216797,182.0,0,0,0,0.10161752253770828,138.0
399,/model.10/m/m.0/attn/Reshape_2_output_0_QuantizeLinear_Output,/model.10/m/m.0/attn/Reshape_2_output_0_QuantizeLinear,QuantizeLinear,9.661214828491211,219.0,0,0,0,0.10161752253770828,138.0
400,/model.10/m/m.0/attn/Transpose_output_0_DequantizeLinear_Output,/model.10/m/m.0/attn/Transpose_output_0_DequantizeLinear,DequantizeLinear,4.694591522216797,4.9792585372924805,0,0,0,0.10161752253770828,138.0
401,/model.10/m/m.0/attn/Reshape_2_output_0_DequantizeLinear_Output,/model.10/m/m.0/attn/Reshape_2_output_0_DequantizeLinear,DequantizeLinear,9.661214828491211,10.2633695602417,0,0,0,0.10161752253770828,138.0
402,/model.10/m/m.0/attn/MatMul_output_0,/model.10/m/m.0/attn/MatMul,MatMul,80.70298767089844,78.40623474121094,0,0,0,,
403,/model.10/m/m.0/attn/pe/conv/Conv_output_0,/model.10/m/m.0/attn/pe/conv/Conv,Conv,5.54781436920166,5.580913543701172,0,0,0,,
404,/model.10/m/m.0/attn/MatMul_output_0_QuantizeLinear_Output,/model.10/m/m.0/attn/MatMul_output_0_QuantizeLinear,QuantizeLinear,80.70298767089844,224.0,0,0,0,0.7426769733428955,118.0
405,/model.10/m/m.0/attn/pe/conv/Conv_output_0_QuantizeLinear_Output,/model.10/m/m.0/attn/pe/conv/Conv_output_0_QuantizeLinear,QuantizeLinear,5.54781436920166,180.0,0,0,0,0.0662631094455719,112.0
406,/model.10/m/m.0/attn/MatMul_output_0_DequantizeLinear_Output,/model.10/m/m.0/attn/MatMul_output_0_DequantizeLinear,DequantizeLinear,80.70298767089844,78.72376251220703,0,0,0,0.7426769733428955,118.0
407,/model.10/m/m.0/attn/pe/conv/Conv_output_0_DequantizeLinear_Output,/model.10/m/m.0/attn/pe/conv/Conv_output_0_DequantizeLinear,DequantizeLinear,5.54781436920166,5.56610107421875,0,0,0,0.0662631094455719,112.0
408,/model.10/m/m.0/attn/Mul_output_0,/model.10/m/m.0/attn/Mul,Mul,14.266407012939453,13.916526794433594,0,0,0,,
409,/model.10/m/m.0/attn/Mul_output_0_QuantizeLinear_Output,/model.10/m/m.0/attn/Mul_output_0_QuantizeLinear,QuantizeLinear,14.266407012939453,224.0,0,0,0,0.13128797709941864,118.0
410,/model.10/m/m.0/attn/Mul_output_0_DequantizeLinear_Output,/model.10/m/m.0/attn/Mul_output_0_DequantizeLinear,DequantizeLinear,14.266407012939453,13.916525840759277,0,0,0,0.13128797709941864,118.0
411,/model.10/m/m.0/attn/Softmax_output_0,/model.10/m/m.0/attn/Softmax,Softmax,0.4736519455909729,0.44063082337379456,0,0,0,,
412,/model.10/m/m.0/attn/Softmax_output_0_QuantizeLinear_Output,/model.10/m/m.0/attn/Softmax_output_0_QuantizeLinear,QuantizeLinear,0.4736519455909729,112.0,0,0,0,0.003921568859368563,0.0
413,/model.10/m/m.0/attn/Softmax_output_0_DequantizeLinear_Output,/model.10/m/m.0/attn/Softmax_output_0_DequantizeLinear,DequantizeLinear,0.4736519455909729,0.4392157196998596,0,0,0,0.003921568859368563,0.0
414,/model.10/m/m.0/attn/Transpose_1_output_0,/model.10/m/m.0/attn/Transpose_1,Transpose,0.4736519455909729,0.4392157196998596,0,0,0,,
415,/model.10/m/m.0/attn/Transpose_1_output_0_QuantizeLinear_Output,/model.10/m/m.0/attn/Transpose_1_output_0_QuantizeLinear,QuantizeLinear,0.4736519455909729,112.0,0,0,0,0.003921568859368563,0.0
416,/model.10/m/m.0/attn/Transpose_1_output_0_DequantizeLinear_Output,/model.10/m/m.0/attn/Transpose_1_output_0_DequantizeLinear,DequantizeLinear,0.4736519455909729,0.4392157196998596,0,0,0,0.003921568859368563,0.0
417,/model.10/m/m.0/attn/MatMul_1_output_0,/model.10/m/m.0/attn/MatMul_1,MatMul,4.532458305358887,5.09083890914917,0,0,0,,
418,/model.10/m/m.0/attn/MatMul_1_output_0_QuantizeLinear_Output,/model.10/m/m.0/attn/MatMul_1_output_0_QuantizeLinear,QuantizeLinear,4.532458305358887,206.0,0,0,0,0.07174540311098099,144.0
419,/model.10/m/m.0/attn/MatMul_1_output_0_DequantizeLinear_Output,/model.10/m/m.0/attn/MatMul_1_output_0_DequantizeLinear,DequantizeLinear,4.532458305358887,5.093923568725586,0,0,0,0.07174540311098099,144.0
420,/model.10/m/m.0/attn/Reshape_1_output_0,/model.10/m/m.0/attn/Reshape_1,Reshape,4.532458305358887,5.093923568725586,0,0,0,,
421,/model.10/m/m.0/attn/Reshape_1_output_0_QuantizeLinear_Output,/model.10/m/m.0/attn/Reshape_1_output_0_QuantizeLinear,QuantizeLinear,4.532458305358887,206.0,0,0,0,0.07174540311098099,144.0
422,/model.10/m/m.0/attn/Reshape_1_output_0_DequantizeLinear_Output,/model.10/m/m.0/attn/Reshape_1_output_0_DequantizeLinear,DequantizeLinear,4.532458305358887,5.093923568725586,0,0,0,0.07174540311098099,144.0
423,/model.10/m/m.0/attn/Add_output_0,/model.10/m/m.0/attn/Add,Add,4.915274620056152,4.349533557891846,0,0,0,,
424,/model.10/m/m.0/attn/Add_output_0_QuantizeLinear_Output,/model.10/m/m.0/attn/Add_output_0_QuantizeLinear,QuantizeLinear,4.915274620056152,204.0,0,0,0,0.05431326478719711,140.0
425,/model.10/m/m.0/attn/Add_output_0_DequantizeLinear_Output,/model.10/m/m.0/attn/Add_output_0_DequantizeLinear,DequantizeLinear,4.915274620056152,4.345061302185059,0,0,0,0.05431326478719711,140.0
426,/model.10/m/m.0/attn/proj/conv/Conv_output_0,/model.10/m/m.0/attn/proj/conv/Conv,Conv,7.232266902923584,6.972559452056885,0,0,0,,
427,/model.10/m/m.0/attn/proj/conv/Conv_output_0_QuantizeLinear_Output,/model.10/m/m.0/attn/proj/conv/Conv_output_0_QuantizeLinear,QuantizeLinear,7.232266902923584,241.0,0,0,0,0.060113899409770966,125.0
428,/model.10/m/m.0/attn/proj/conv/Conv_output_0_DequantizeLinear_Output,/model.10/m/m.0/attn/proj/conv/Conv_output_0_DequantizeLinear,DequantizeLinear,7.232266902923584,6.973212242126465,0,0,0,0.060113899409770966,125.0
429,/model.10/m/m.0/Add_output_0,/model.10/m/m.0/Add,Add,8.630362510681152,8.430920600891113,0,0,0,,
430,/model.10/m/m.0/Add_output_0_QuantizeLinear_Output,/model.10/m/m.0/Add_output_0_QuantizeLinear,QuantizeLinear,8.630362510681152,186.0,0,0,0,0.08699548989534378,89.0
431,/model.10/m/m.0/Add_output_0_DequantizeLinear_Output,/model.10/m/m.0/Add_output_0_DequantizeLinear,DequantizeLinear,8.630362510681152,8.438562393188477,0,0,0,0.08699548989534378,89.0
432,/model.10/m/m.0/ffn/ffn.0/conv/Conv_output_0,/model.10/m/m.0/ffn/ffn.0/conv/Conv,Conv,7.781735420227051,7.401729106903076,0,0,0,,
433,/model.10/m/m.0/ffn/ffn.0/conv/Conv_output_0_QuantizeLinear_Output,/model.10/m/m.0/ffn/ffn.0/conv/Conv_output_0_QuantizeLinear,QuantizeLinear,7.781735420227051,214.0,0,0,0,0.059288136661052704,144.0
434,/model.10/m/m.0/ffn/ffn.0/conv/Conv_output_0_DequantizeLinear_Output,/model.10/m/m.0/ffn/ffn.0/conv/Conv_output_0_DequantizeLinear,DequantizeLinear,7.781735420227051,7.411016941070557,0,0,0,0.059288136661052704,144.0
435,/model.10/m/m.0/ffn/ffn.0/act/Sigmoid_output_0,/model.10/m/m.0/ffn/ffn.0/act/Sigmoid,Sigmoid,0.9843372106552124,0.9844828248023987,0,0,0,,
436,/model.10/m/m.0/ffn/ffn.0/act/Sigmoid_output_0_QuantizeLinear_Output,/model.10/m/m.0/ffn/ffn.0/act/Sigmoid_output_0_QuantizeLinear,QuantizeLinear,0.9843372106552124,251.0,0,0,0,0.003916093148291111,0.0
437,/model.10/m/m.0/ffn/ffn.0/act/Sigmoid_output_0_DequantizeLinear_Output,/model.10/m/m.0/ffn/ffn.0/act/Sigmoid_output_0_DequantizeLinear,DequantizeLinear,0.9843372106552124,0.9829393625259399,0,0,0,0.003916093148291111,0.0
438,/model.10/m/m.0/ffn/ffn.0/act/Mul_output_0,/model.10/m/m.0/ffn/ffn.0/act/Mul,Mul,4.075829029083252,4.079364776611328,0,0,0,,
439,/model.10/m/m.0/ffn/ffn.0/act/Mul_output_0_QuantizeLinear_Output,/model.10/m/m.0/ffn/ffn.0/act/Mul_output_0_QuantizeLinear,QuantizeLinear,4.075829029083252,162.0,0,0,0,0.02683074027299881,10.0
440,/model.10/m/m.0/ffn/ffn.0/act/Mul_output_0_DequantizeLinear_Output,/model.10/m/m.0/ffn/ffn.0/act/Mul_output_0_DequantizeLinear,DequantizeLinear,4.075829029083252,4.078272342681885,0,0,0,0.02683074027299881,10.0
441,/model.10/m/m.0/ffn/ffn.1/conv/Conv_output_0,/model.10/m/m.0/ffn/ffn.1/conv/Conv,Conv,7.965505599975586,7.709420680999756,0,0,0,,
442,/model.10/m/m.0/ffn/ffn.1/conv/Conv_output_0_QuantizeLinear_Output,/model.10/m/m.0/ffn/ffn.1/conv/Conv_output_0_QuantizeLinear,QuantizeLinear,7.965505599975586,207.0,0,0,0,0.11251635104417801,138.0
443,/model.10/m/m.0/ffn/ffn.1/conv/Conv_output_0_DequantizeLinear_Output,/model.10/m/m.0/ffn/ffn.1/conv/Conv_output_0_DequantizeLinear,DequantizeLinear,7.965505599975586,7.763628005981445,0,0,0,0.11251635104417801,138.0
444,/model.10/m/m.0/Add_1_output_0,/model.10/m/m.0/Add_1,Add,8.535608291625977,8.40614128112793,0,0,0,,
445,/model.10/m/m.0/Add_1_output_0_QuantizeLinear_Output,/model.10/m/m.0/Add_1_output_0_QuantizeLinear,QuantizeLinear,8.535608291625977,204.0,0,0,0,0.10757821798324585,126.0
446,/model.10/m/m.0/Add_1_output_0_DequantizeLinear_Output,/model.10/m/m.0/Add_1_output_0_DequantizeLinear,DequantizeLinear,8.535608291625977,8.391100883483887,0,0,0,0.10757821798324585,126.0
447,/model.10/Concat_output_0,/model.10/Concat,Concat,8.535608291625977,8.891199111938477,0,0,0,,
448,/model.10/Concat_output_0_QuantizeLinear_Output,/model.10/Concat_output_0_QuantizeLinear,QuantizeLinear,8.535608291625977,209.0,0,0,0,0.10757821798324585,126.0
449,/model.10/Concat_output_0_DequantizeLinear_Output,/model.10/Concat_output_0_DequantizeLinear,DequantizeLinear,8.535608291625977,8.92899227142334,0,0,0,0.10757821798324585,126.0
450,/model.10/cv2/conv/Conv_output_0,/model.10/cv2/conv/Conv,Conv,11.995283126831055,12.051492691040039,0,0,0,,
451,/model.10/cv2/conv/Conv_output_0_QuantizeLinear_Output,/model.10/cv2/conv/Conv_output_0_QuantizeLinear,QuantizeLinear,11.995283126831055,206.0,0,0,0,0.13183709979057312,140.0
452,/model.10/cv2/conv/Conv_output_0_DequantizeLinear_Output,/model.10/cv2/conv/Conv_output_0_DequantizeLinear,DequantizeLinear,11.995283126831055,11.997176170349121,0,0,0,0.13183709979057312,140.0
453,/model.10/cv2/act/Sigmoid_output_0,/model.10/cv2/act/Sigmoid,Sigmoid,0.9999346733093262,0.9998337030410767,0,0,0,,
454,/model.10/cv2/act/Sigmoid_output_0_QuantizeLinear_Output,/model.10/cv2/act/Sigmoid_output_0_QuantizeLinear,QuantizeLinear,0.9999346733093262,255.0,0,0,0,0.003921567462384701,0.0
455,/model.10/cv2/act/Sigmoid_output_0_DequantizeLinear_Output,/model.10/cv2/act/Sigmoid_output_0_DequantizeLinear,DequantizeLinear,0.9999346733093262,0.9999997019767761,0,0,0,0.003921567462384701,0.0
456,/model.10/cv2/act/Mul_output_0,/model.10/cv2/act/Mul,Mul,9.634512901306152,8.701245307922363,0,0,0,,
457,/model.10/cv2/act/Mul_output_0_QuantizeLinear_Output,/model.10/cv2/act/Mul_output_0_QuantizeLinear,QuantizeLinear,9.634512901306152,148.0,0,0,0,0.06071671470999718,5.0
458,/model.10/cv2/act/Mul_output_0_DequantizeLinear_Output,/model.10/cv2/act/Mul_output_0_DequantizeLinear,DequantizeLinear,9.634512901306152,8.682490348815918,0,0,0,0.06071671470999718,5.0
459,/model.11/Resize_output_0,/model.11/Resize,Resize,9.634512901306152,8.682490348815918,0,0,0,,
460,/model.11/Resize_output_0_QuantizeLinear_Output,/model.11/Resize_output_0_QuantizeLinear,QuantizeLinear,9.634512901306152,148.0,0,0,0,0.06071671470999718,5.0
461,/model.11/Resize_output_0_DequantizeLinear_Output,/model.11/Resize_output_0_DequantizeLinear,DequantizeLinear,9.634512901306152,8.682490348815918,0,0,0,0.06071671470999718,5.0
462,/model.12/Concat_output_0,/model.12/Concat,Concat,9.634512901306152,8.682490348815918,0,0,0,,
463,/model.12/Concat_output_0_QuantizeLinear_Output,/model.12/Concat_output_0_QuantizeLinear,QuantizeLinear,9.634512901306152,148.0,0,0,0,0.06071671470999718,5.0
464,/model.12/Concat_output_0_DequantizeLinear_Output,/model.12/Concat_output_0_DequantizeLinear,DequantizeLinear,9.634512901306152,8.682490348815918,0,0,0,0.06071671470999718,5.0
465,/model.13/cv1/conv/Conv_output_0,/model.13/cv1/conv/Conv,Conv,8.359302520751953,7.521749973297119,0,0,0,,
466,/model.13/cv1/conv/Conv_output_0_QuantizeLinear_Output,/model.13/cv1/conv/Conv_output_0_QuantizeLinear,QuantizeLinear,8.359302520751953,220.0,0,0,0,0.09637176245450974,153.0
467,/model.13/cv1/conv/Conv_output_0_DequantizeLinear_Output,/model.13/cv1/conv/Conv_output_0_DequantizeLinear,DequantizeLinear,8.359302520751953,7.516997337341309,0,0,0,0.09637176245450974,153.0
468,/model.13/cv1/act/Sigmoid_output_0,/model.13/cv1/act/Sigmoid,Sigmoid,0.9985401630401611,0.9984328150749207,0,0,0,,
469,/model.13/cv1/act/Sigmoid_output_0_QuantizeLinear_Output,/model.13/cv1/act/Sigmoid_output_0_QuantizeLinear,QuantizeLinear,0.9985401630401611,255.0,0,0,0,0.003921366762369871,0.0
470,/model.13/cv1/act/Sigmoid_output_0_DequantizeLinear_Output,/model.13/cv1/act/Sigmoid_output_0_DequantizeLinear,DequantizeLinear,0.9985401630401611,0.9999485015869141,0,0,0,0.003921366762369871,0.0
471,/model.13/cv1/act/Mul_output_0,/model.13/cv1/act/Mul,Mul,6.5184102058410645,6.456575870513916,0,0,0,,
472,/model.13/cv1/act/Mul_output_0_QuantizeLinear_Output,/model.13/cv1/act/Mul_output_0_QuantizeLinear,QuantizeLinear,6.5184102058410645,169.0,0,0,0,0.03981328755617142,7.0
473,/model.13/cv1/act/Mul_output_0_DequantizeLinear_Output,/model.13/cv1/act/Mul_output_0_DequantizeLinear,DequantizeLinear,6.5184102058410645,6.4497528076171875,0,0,0,0.03981328755617142,7.0
474,/model.13/Split_output_0,/model.13/Split,Split,6.5184102058410645,6.250686168670654,0,0,0,,
475,/model.13/Split_output_1,/model.13/Split,Split,4.864931583404541,6.4497528076171875,0,0,0,,
476,/model.13/Split_output_0_QuantizeLinear_Output,/model.13/Split_output_0_QuantizeLinear,QuantizeLinear,6.5184102058410645,164.0,0,0,0,0.03981328755617142,7.0
477,/model.13/Split_output_1_QuantizeLinear_Output,/model.13/Split_output_1_QuantizeLinear,QuantizeLinear,4.864931583404541,169.0,0,0,0,0.03981328755617142,7.0
478,/model.13/Split_output_0_DequantizeLinear_Output,/model.13/Split_output_0_DequantizeLinear,DequantizeLinear,6.5184102058410645,6.250686168670654,0,0,0,0.03981328755617142,7.0
479,/model.13/Split_output_1_DequantizeLinear_Output,/model.13/Split_output_1_DequantizeLinear,DequantizeLinear,4.864931583404541,6.4497528076171875,0,0,0,0.03981328755617142,7.0
480,/model.13/m.0/cv1/conv/Conv_output_0,/model.13/m.0/cv1/conv/Conv,Conv,4.404685974121094,4.5403242111206055,0,0,0,,
481,/model.13/m.0/cv2/conv/Conv_output_0,/model.13/m.0/cv2/conv/Conv,Conv,9.659201622009277,10.308416366577148,0,0,0,,
482,/model.13/m.0/cv1/conv/Conv_output_0_QuantizeLinear_Output,/model.13/m.0/cv1/conv/Conv_output_0_QuantizeLinear,QuantizeLinear,4.404685974121094,177.0,0,0,0,0.05002078786492348,115.0
483,/model.13/m.0/cv2/conv/Conv_output_0_QuantizeLinear_Output,/model.13/m.0/cv2/conv/Conv_output_0_QuantizeLinear,QuantizeLinear,9.659201622009277,221.0,0,0,0,0.10927814990282059,141.0
484,/model.13/m.0/cv1/conv/Conv_output_0_DequantizeLinear_Output,/model.13/m.0/cv1/conv/Conv_output_0_DequantizeLinear,DequantizeLinear,4.404685974121094,4.551891803741455,0,0,0,0.05002078786492348,115.0
485,/model.13/m.0/cv2/conv/Conv_output_0_DequantizeLinear_Output,/model.13/m.0/cv2/conv/Conv_output_0_DequantizeLinear,DequantizeLinear,9.659201622009277,10.272146224975586,0,0,0,0.10927814990282059,141.0
486,/model.13/m.0/cv1/act/Sigmoid_output_0,/model.13/m.0/cv1/act/Sigmoid,Sigmoid,0.9500265717506409,0.9569458961486816,0,0,0,,
487,/model.13/m.0/cv2/act/Sigmoid_output_0,/model.13/m.0/cv2/act/Sigmoid,Sigmoid,0.9998787641525269,0.9998403191566467,0,0,0,,
488,/model.13/m.0/cv1/act/Sigmoid_output_0_QuantizeLinear_Output,/model.13/m.0/cv1/act/Sigmoid_output_0_QuantizeLinear,QuantizeLinear,0.9500265717506409,244.0,0,0,0,0.003918016329407692,0.0
489,/model.13/m.0/cv2/act/Sigmoid_output_0_QuantizeLinear_Output,/model.13/m.0/cv2/act/Sigmoid_output_0_QuantizeLinear,QuantizeLinear,0.9998787641525269,255.0,0,0,0,0.0039215534925460815,0.0
490,/model.13/m.0/cv1/act/Sigmoid_output_0_DequantizeLinear_Output,/model.13/m.0/cv1/act/Sigmoid_output_0_DequantizeLinear,DequantizeLinear,0.9500265717506409,0.9559959769248962,0,0,0,0.003918016329407692,0.0
491,/model.13/m.0/cv2/act/Sigmoid_output_0_DequantizeLinear_Output,/model.13/m.0/cv2/act/Sigmoid_output_0_DequantizeLinear,DequantizeLinear,0.9998787641525269,0.9999961256980896,0,0,0,0.0039215534925460815,0.0
492,/model.13/m.0/cv1/act/Mul_output_0,/model.13/m.0/cv1/act/Mul,Mul,2.7978267669677734,2.9648196697235107,0,0,0,,
493,/model.13/m.0/cv2/act/Mul_output_0,/model.13/m.0/cv2/act/Mul,Mul,9.016739845275879,8.742218017578125,0,0,0,,
494,/model.13/m.0/cv1/act/Mul_output_0_QuantizeLinear_Output,/model.13/m.0/cv1/act/Mul_output_0_QuantizeLinear,QuantizeLinear,2.7978267669677734,114.0,0,0,0,0.028540318831801414,10.0
495,/model.13/m.0/cv2/act/Mul_output_0_QuantizeLinear_Output,/model.13/m.0/cv2/act/Mul_output_0_QuantizeLinear,QuantizeLinear,9.016739845275879,181.0,0,0,0,0.05000291392207146,6.0
496,/model.13/m.0/cv1/act/Mul_output_0_DequantizeLinear_Output,/model.13/m.0/cv1/act/Mul_output_0_DequantizeLinear,DequantizeLinear,2.7978267669677734,2.9681930541992188,0,0,0,0.028540318831801414,10.0
497,/model.13/m.0/cv2/act/Mul_output_0_DequantizeLinear_Output,/model.13/m.0/cv2/act/Mul_output_0_DequantizeLinear,DequantizeLinear,9.016739845275879,8.750510215759277,0,0,0,0.05000291392207146,6.0
498,/model.13/m.0/m/m.0/cv1/conv/Conv_output_0,/model.13/m.0/m/m.0/cv1/conv/Conv,Conv,5.232949733734131,5.19617223739624,0,0,0,,
499,/model.13/m.0/m/m.0/cv1/conv/Conv_output_0_QuantizeLinear_Output,/model.13/m.0/m/m.0/cv1/conv/Conv_output_0_QuantizeLinear,QuantizeLinear,5.232949733734131,197.0,0,0,0,0.08473237603902817,136.0
500,/model.13/m.0/m/m.0/cv1/conv/Conv_output_0_DequantizeLinear_Output,/model.13/m.0/m/m.0/cv1/conv/Conv_output_0_DequantizeLinear,DequantizeLinear,5.232949733734131,5.168674945831299,0,0,0,0.08473237603902817,136.0
501,/model.13/m.0/m/m.0/cv1/act/Sigmoid_output_0,/model.13/m.0/m/m.0/cv1/act/Sigmoid,Sigmoid,0.9898387789726257,0.9943401217460632,0,0,0,,
502,/model.13/m.0/m/m.0/cv1/act/Sigmoid_output_0_QuantizeLinear_Output,/model.13/m.0/m/m.0/cv1/act/Sigmoid_output_0_QuantizeLinear,QuantizeLinear,0.9898387789726257,254.0,0,0,0,0.003921411465853453,0.0
503,/model.13/m.0/m/m.0/cv1/act/Sigmoid_output_0_DequantizeLinear_Output,/model.13/m.0/m/m.0/cv1/act/Sigmoid_output_0_DequantizeLinear,DequantizeLinear,0.9898387789726257,0.9960384964942932,0,0,0,0.003921411465853453,0.0
504,/model.13/m.0/m/m.0/cv1/act/Mul_output_0,/model.13/m.0/m/m.0/cv1/act/Mul,Mul,4.532436370849609,5.148199081420898,0,0,0,,
505,/model.13/m.0/m/m.0/cv1/act/Mul_output_0_QuantizeLinear_Output,/model.13/m.0/m/m.0/cv1/act/Mul_output_0_QuantizeLinear,QuantizeLinear,4.532436370849609,133.0,0,0,0,0.040793277323246,7.0
506,/model.13/m.0/m/m.0/cv1/act/Mul_output_0_DequantizeLinear_Output,/model.13/m.0/m/m.0/cv1/act/Mul_output_0_DequantizeLinear,DequantizeLinear,4.532436370849609,5.139953136444092,0,0,0,0.040793277323246,7.0
507,/model.13/m.0/m/m.0/cv2/conv/Conv_output_0,/model.13/m.0/m/m.0/cv2/conv/Conv,Conv,6.124200344085693,6.66402530670166,0,0,0,,
508,/model.13/m.0/m/m.0/cv2/conv/Conv_output_0_QuantizeLinear_Output,/model.13/m.0/m/m.0/cv2/conv/Conv_output_0_QuantizeLinear,QuantizeLinear,6.124200344085693,186.0,0,0,0,0.09690554440021515,143.0
509,/model.13/m.0/m/m.0/cv2/conv/Conv_output_0_DequantizeLinear_Output,/model.13/m.0/m/m.0/cv2/conv/Conv_output_0_DequantizeLinear,DequantizeLinear,6.124200344085693,6.6864824295043945,0,0,0,0.09690554440021515,143.0
510,/model.13/m.0/m/m.0/cv2/act/Sigmoid_output_0,/model.13/m.0/m/m.0/cv2/act/Sigmoid,Sigmoid,0.9910271167755127,0.9847369194030762,0,0,0,,
511,/model.13/m.0/m/m.0/cv2/act/Sigmoid_output_0_QuantizeLinear_Output,/model.13/m.0/m/m.0/cv2/act/Sigmoid_output_0_QuantizeLinear,QuantizeLinear,0.9910271167755127,251.0,0,0,0,0.0039214929565787315,0.0
512,/model.13/m.0/m/m.0/cv2/act/Sigmoid_output_0_DequantizeLinear_Output,/model.13/m.0/m/m.0/cv2/act/Sigmoid_output_0_DequantizeLinear,DequantizeLinear,0.9910271167755127,0.9842947125434875,0,0,0,0.0039214929565787315,0.0
513,/model.13/m.0/m/m.0/cv2/act/Mul_output_0,/model.13/m.0/m/m.0/cv2/act/Mul,Mul,4.662322998046875,4.101495265960693,0,0,0,,
514,/model.13/m.0/m/m.0/cv2/act/Mul_output_0_QuantizeLinear_Output,/model.13/m.0/m/m.0/cv2/act/Mul_output_0_QuantizeLinear,QuantizeLinear,4.662322998046875,100.0,0,0,0,0.04366815462708473,6.0
515,/model.13/m.0/m/m.0/cv2/act/Mul_output_0_DequantizeLinear_Output,/model.13/m.0/m/m.0/cv2/act/Mul_output_0_DequantizeLinear,DequantizeLinear,4.662322998046875,4.104806423187256,0,0,0,0.04366815462708473,6.0
516,/model.13/m.0/m/m.0/Add_output_0,/model.13/m.0/m/m.0/Add,Add,5.54805850982666,5.435909271240234,0,0,0,,
517,/model.13/m.0/m/m.0/Add_output_0_QuantizeLinear_Output,/model.13/m.0/m/m.0/Add_output_0_QuantizeLinear,QuantizeLinear,5.54805850982666,106.0,0,0,0,0.056586552411317825,10.0
518,/model.13/m.0/m/m.0/Add_output_0_DequantizeLinear_Output,/model.13/m.0/m/m.0/Add_output_0_DequantizeLinear,DequantizeLinear,5.54805850982666,5.432309150695801,0,0,0,0.056586552411317825,10.0
519,/model.13/m.0/m/m.1/cv1/conv/Conv_output_0,/model.13/m.0/m/m.1/cv1/conv/Conv,Conv,5.435168266296387,5.07449197769165,0,0,0,,
520,/model.13/m.0/m/m.1/cv1/conv/Conv_output_0_QuantizeLinear_Output,/model.13/m.0/m/m.1/cv1/conv/Conv_output_0_QuantizeLinear,QuantizeLinear,5.435168266296387,187.0,0,0,0,0.08419889956712723,154.0
521,/model.13/m.0/m/m.1/cv1/conv/Conv_output_0_DequantizeLinear_Output,/model.13/m.0/m/m.1/cv1/conv/Conv_output_0_DequantizeLinear,DequantizeLinear,5.435168266296387,5.051933765411377,0,0,0,0.08419889956712723,154.0
522,/model.13/m.0/m/m.1/cv1/act/Sigmoid_output_0,/model.13/m.0/m/m.1/cv1/act/Sigmoid,Sigmoid,0.9787272810935974,0.9415063858032227,0,0,0,,
523,/model.13/m.0/m/m.1/cv1/act/Sigmoid_output_0_QuantizeLinear_Output,/model.13/m.0/m/m.1/cv1/act/Sigmoid_output_0_QuantizeLinear,QuantizeLinear,0.9787272810935974,240.0,0,0,0,0.003920769318938255,0.0
524,/model.13/m.0/m/m.1/cv1/act/Sigmoid_output_0_DequantizeLinear_Output,/model.13/m.0/m/m.1/cv1/act/Sigmoid_output_0_DequantizeLinear,DequantizeLinear,0.9787272810935974,0.9409846067428589,0,0,0,0.003920769318938255,0.0
525,/model.13/m.0/m/m.1/cv1/act/Mul_output_0,/model.13/m.0/m/m.1/cv1/act/Mul,Mul,3.747380256652832,2.6145856380462646,0,0,0,,
526,/model.13/m.0/m/m.1/cv1/act/Mul_output_0_QuantizeLinear_Output,/model.13/m.0/m/m.1/cv1/act/Mul_output_0_QuantizeLinear,QuantizeLinear,3.747380256652832,84.0,0,0,0,0.03440973162651062,8.0
527,/model.13/m.0/m/m.1/cv1/act/Mul_output_0_DequantizeLinear_Output,/model.13/m.0/m/m.1/cv1/act/Mul_output_0_DequantizeLinear,DequantizeLinear,3.747380256652832,2.6151394844055176,0,0,0,0.03440973162651062,8.0
528,/model.13/m.0/m/m.1/cv2/conv/Conv_output_0,/model.13/m.0/m/m.1/cv2/conv/Conv,Conv,9.498434066772461,9.924389839172363,0,0,0,,
529,/model.13/m.0/m/m.1/cv2/conv/Conv_output_0_QuantizeLinear_Output,/model.13/m.0/m/m.1/cv2/conv/Conv_output_0_QuantizeLinear,QuantizeLinear,9.498434066772461,175.0,0,0,0,0.13221722841262817,100.0
530,/model.13/m.0/m/m.1/cv2/conv/Conv_output_0_DequantizeLinear_Output,/model.13/m.0/m/m.1/cv2/conv/Conv_output_0_DequantizeLinear,DequantizeLinear,9.498434066772461,9.916292190551758,0,0,0,0.13221722841262817,100.0
531,/model.13/m.0/m/m.1/cv2/act/Sigmoid_output_0,/model.13/m.0/m/m.1/cv2/act/Sigmoid,Sigmoid,0.9999250173568726,0.999950647354126,0,0,0,,
532,/model.13/m.0/m/m.1/cv2/act/Sigmoid_output_0_QuantizeLinear_Output,/model.13/m.0/m/m.1/cv2/act/Sigmoid_output_0_QuantizeLinear,QuantizeLinear,0.9999250173568726,255.0,0,0,0,0.003921568859368563,0.0
533,/model.13/m.0/m/m.1/cv2/act/Sigmoid_output_0_DequantizeLinear_Output,/model.13/m.0/m/m.1/cv2/act/Sigmoid_output_0_DequantizeLinear,DequantizeLinear,0.9999250173568726,1.0,0,0,0,0.003921568859368563,0.0
534,/model.13/m.0/m/m.1/cv2/act/Mul_output_0,/model.13/m.0/m/m.1/cv2/act/Mul,Mul,9.497721672058105,9.916292190551758,0,0,0,,
535,/model.13/m.0/m/m.1/cv2/act/Mul_output_0_QuantizeLinear_Output,/model.13/m.0/m/m.1/cv2/act/Mul_output_0_QuantizeLinear,QuantizeLinear,9.497721672058105,124.0,0,0,0,0.08171577751636505,3.0
536,/model.13/m.0/m/m.1/cv2/act/Mul_output_0_DequantizeLinear_Output,/model.13/m.0/m/m.1/cv2/act/Mul_output_0_DequantizeLinear,DequantizeLinear,9.497721672058105,9.887609481811523,0,0,0,0.08171577751636505,3.0
537,/model.13/m.0/m/m.1/Add_output_0,/model.13/m.0/m/m.1/Add,Add,11.730392456054688,12.993907928466797,0,0,0,,
538,/model.13/m.0/m/m.1/Add_output_0_QuantizeLinear_Output,/model.13/m.0/m/m.1/Add_output_0_QuantizeLinear,QuantizeLinear,11.730392456054688,149.0,0,0,0,0.09266120940446854,9.0
539,/model.13/m.0/m/m.1/Add_output_0_DequantizeLinear_Output,/model.13/m.0/m/m.1/Add_output_0_DequantizeLinear,DequantizeLinear,11.730392456054688,12.972569465637207,0,0,0,0.09266120940446854,9.0
540,/model.13/m.0/Concat_output_0,/model.13/m.0/Concat,Concat,11.730392456054688,12.972569465637207,0,0,0,,
541,/model.13/m.0/Concat_output_0_QuantizeLinear_Output,/model.13/m.0/Concat_output_0_QuantizeLinear,QuantizeLinear,11.730392456054688,149.0,0,0,0,0.09266120940446854,9.0
542,/model.13/m.0/Concat_output_0_DequantizeLinear_Output,/model.13/m.0/Concat_output_0_DequantizeLinear,DequantizeLinear,11.730392456054688,12.972569465637207,0,0,0,0.09266120940446854,9.0
543,/model.13/m.0/cv3/conv/Conv_output_0,/model.13/m.0/cv3/conv/Conv,Conv,6.47489595413208,7.512218475341797,0,0,0,,
544,/model.13/m.0/cv3/conv/Conv_output_0_QuantizeLinear_Output,/model.13/m.0/cv3/conv/Conv_output_0_QuantizeLinear,QuantizeLinear,6.47489595413208,198.0,0,0,0,0.0807400718331337,133.0
545,/model.13/m.0/cv3/conv/Conv_output_0_DequantizeLinear_Output,/model.13/m.0/cv3/conv/Conv_output_0_DequantizeLinear,DequantizeLinear,6.47489595413208,7.508826732635498,0,0,0,0.0807400718331337,133.0
546,/model.13/m.0/cv3/act/Sigmoid_output_0,/model.13/m.0/cv3/act/Sigmoid,Sigmoid,0.9984607696533203,0.9947699904441833,0,0,0,,
547,/model.13/m.0/cv3/act/Sigmoid_output_0_QuantizeLinear_Output,/model.13/m.0/cv3/act/Sigmoid_output_0_QuantizeLinear,QuantizeLinear,0.9984607696533203,254.0,0,0,0,0.0039213551208376884,0.0
548,/model.13/m.0/cv3/act/Sigmoid_output_0_DequantizeLinear_Output,/model.13/m.0/cv3/act/Sigmoid_output_0_DequantizeLinear,DequantizeLinear,0.9984607696533203,0.9960241913795471,0,0,0,0.0039213551208376884,0.0
549,/model.13/m.0/cv3/act/Mul_output_0,/model.13/m.0/cv3/act/Mul,Mul,6.464929580688477,5.22723913192749,0,0,0,,
550,/model.13/m.0/cv3/act/Mul_output_0_QuantizeLinear_Output,/model.13/m.0/cv3/act/Mul_output_0_QuantizeLinear,QuantizeLinear,6.464929580688477,139.0,0,0,0,0.03958899900317192,7.0
551,/model.13/m.0/cv3/act/Mul_output_0_DequantizeLinear_Output,/model.13/m.0/cv3/act/Mul_output_0_DequantizeLinear,DequantizeLinear,6.464929580688477,5.225748062133789,0,0,0,0.03958899900317192,7.0
552,/model.13/Concat_output_0,/model.13/Concat,Concat,6.5184102058410645,6.4497528076171875,0,0,0,,
553,/model.13/Concat_output_0_QuantizeLinear_Output,/model.13/Concat_output_0_QuantizeLinear,QuantizeLinear,6.5184102058410645,169.0,0,0,0,0.03981328755617142,7.0
554,/model.13/Concat_output_0_DequantizeLinear_Output,/model.13/Concat_output_0_DequantizeLinear,DequantizeLinear,6.5184102058410645,6.4497528076171875,0,0,0,0.03981328755617142,7.0
555,/model.13/cv2/conv/Conv_output_0,/model.13/cv2/conv/Conv,Conv,7.45920991897583,6.562429904937744,0,0,0,,
556,/model.13/cv2/conv/Conv_output_0_QuantizeLinear_Output,/model.13/cv2/conv/Conv_output_0_QuantizeLinear,QuantizeLinear,7.45920991897583,229.0,0,0,0,0.10452255606651306,173.0
557,/model.13/cv2/conv/Conv_output_0_DequantizeLinear_Output,/model.13/cv2/conv/Conv_output_0_DequantizeLinear,DequantizeLinear,7.45920991897583,6.584920883178711,0,0,0,0.10452255606651306,173.0
558,/model.13/cv2/act/Sigmoid_output_0,/model.13/cv2/act/Sigmoid,Sigmoid,0.9994242191314697,0.9971376657485962,0,0,0,,
559,/model.13/cv2/act/Sigmoid_output_0_QuantizeLinear_Output,/model.13/cv2/act/Sigmoid_output_0_QuantizeLinear,QuantizeLinear,0.9994242191314697,254.0,0,0,0,0.003920786548405886,0.0
560,/model.13/cv2/act/Sigmoid_output_0_DequantizeLinear_Output,/model.13/cv2/act/Sigmoid_output_0_DequantizeLinear,DequantizeLinear,0.9994242191314697,0.9958797693252563,0,0,0,0.003920786548405886,0.0
561,/model.13/cv2/act/Mul_output_0,/model.13/cv2/act/Mul,Mul,7.4549150466918945,5.829145908355713,0,0,0,,
562,/model.13/cv2/act/Mul_output_0_QuantizeLinear_Output,/model.13/cv2/act/Mul_output_0_QuantizeLinear,QuantizeLinear,7.4549150466918945,177.0,0,0,0,0.034498367458581924,8.0
563,/model.13/cv2/act/Mul_output_0_DequantizeLinear_Output,/model.13/cv2/act/Mul_output_0_DequantizeLinear,DequantizeLinear,7.4549150466918945,5.83022403717041,0,0,0,0.034498367458581924,8.0
564,/model.14/Resize_output_0,/model.14/Resize,Resize,7.4549150466918945,5.83022403717041,0,0,0,,
565,/model.14/Resize_output_0_QuantizeLinear_Output,/model.14/Resize_output_0_QuantizeLinear,QuantizeLinear,7.4549150466918945,177.0,0,0,0,0.034498367458581924,8.0
566,/model.14/Resize_output_0_DequantizeLinear_Output,/model.14/Resize_output_0_DequantizeLinear,DequantizeLinear,7.4549150466918945,5.83022403717041,0,0,0,0.034498367458581924,8.0
567,/model.15/Concat_output_0,/model.15/Concat,Concat,8.685626029968262,8.846227645874023,0,0,0,,
568,/model.15/Concat_output_0_QuantizeLinear_Output,/model.15/Concat_output_0_QuantizeLinear,QuantizeLinear,8.685626029968262,214.0,0,0,0,0.042735397815704346,7.0
569,/model.15/Concat_output_0_DequantizeLinear_Output,/model.15/Concat_output_0_DequantizeLinear,DequantizeLinear,8.685626029968262,8.846227645874023,0,0,0,0.042735397815704346,7.0
570,/model.16/cv1/conv/Conv_output_0,/model.16/cv1/conv/Conv,Conv,6.790337085723877,6.764666557312012,0,0,0,,
571,/model.16/cv1/conv/Conv_output_0_QuantizeLinear_Output,/model.16/cv1/conv/Conv_output_0_QuantizeLinear,QuantizeLinear,6.790337085723877,233.0,0,0,0,0.08113126456737518,158.0
572,/model.16/cv1/conv/Conv_output_0_DequantizeLinear_Output,/model.16/cv1/conv/Conv_output_0_DequantizeLinear,DequantizeLinear,6.790337085723877,6.7338948249816895,0,0,0,0.08113126456737518,158.0
573,/model.16/cv1/act/Sigmoid_output_0,/model.16/cv1/act/Sigmoid,Sigmoid,0.9982755780220032,0.9977280497550964,0,0,0,,
574,/model.16/cv1/act/Sigmoid_output_0_QuantizeLinear_Output,/model.16/cv1/act/Sigmoid_output_0_QuantizeLinear,QuantizeLinear,0.9982755780220032,255.0,0,0,0,0.0039200796745717525,0.0
575,/model.16/cv1/act/Sigmoid_output_0_DequantizeLinear_Output,/model.16/cv1/act/Sigmoid_output_0_DequantizeLinear,DequantizeLinear,0.9982755780220032,0.9996203184127808,0,0,0,0.0039200796745717525,0.0
576,/model.16/cv1/act/Mul_output_0,/model.16/cv1/act/Mul,Mul,6.350162506103516,6.0825347900390625,0,0,0,,
577,/model.16/cv1/act/Mul_output_0_QuantizeLinear_Output,/model.16/cv1/act/Mul_output_0_QuantizeLinear,QuantizeLinear,6.350162506103516,199.0,0,0,0,0.031966354697942734,9.0
578,/model.16/cv1/act/Mul_output_0_DequantizeLinear_Output,/model.16/cv1/act/Mul_output_0_DequantizeLinear,DequantizeLinear,6.350162506103516,6.073607444763184,0,0,0,0.031966354697942734,9.0
579,/model.16/Split_output_0,/model.16/Split,Split,6.350162506103516,6.073607444763184,0,0,0,,
580,/model.16/Split_output_1,/model.16/Split,Split,5.469259738922119,5.562145709991455,0,0,0,,
581,/model.16/Split_output_0_QuantizeLinear_Output,/model.16/Split_output_0_QuantizeLinear,QuantizeLinear,6.350162506103516,199.0,0,0,0,0.031966354697942734,9.0
582,/model.16/Split_output_1_QuantizeLinear_Output,/model.16/Split_output_1_QuantizeLinear,QuantizeLinear,5.469259738922119,183.0,0,0,0,0.031966354697942734,9.0
583,/model.16/Split_output_0_DequantizeLinear_Output,/model.16/Split_output_0_DequantizeLinear,DequantizeLinear,6.350162506103516,6.073607444763184,0,0,0,0.031966354697942734,9.0
584,/model.16/Split_output_1_DequantizeLinear_Output,/model.16/Split_output_1_DequantizeLinear,DequantizeLinear,5.469259738922119,5.562145709991455,0,0,0,0.031966354697942734,9.0
585,/model.16/m.0/cv1/conv/Conv_output_0,/model.16/m.0/cv1/conv/Conv,Conv,3.234417676925659,3.438263416290283,0,0,0,,
586,/model.16/m.0/cv2/conv/Conv_output_0,/model.16/m.0/cv2/conv/Conv,Conv,7.003293991088867,6.874341011047363,0,0,0,,
587,/model.16/m.0/cv1/conv/Conv_output_0_QuantizeLinear_Output,/model.16/m.0/cv1/conv/Conv_output_0_QuantizeLinear,QuantizeLinear,3.234417676925659,221.0,0,0,0,0.029681870713829994,133.0
588,/model.16/m.0/cv2/conv/Conv_output_0_QuantizeLinear_Output,/model.16/m.0/cv2/conv/Conv_output_0_QuantizeLinear,QuantizeLinear,7.003293991088867,168.0,0,0,0,0.10320962965488434,103.0
589,/model.16/m.0/cv1/conv/Conv_output_0_DequantizeLinear_Output,/model.16/m.0/cv1/conv/Conv_output_0_DequantizeLinear,DequantizeLinear,3.234417676925659,3.4430971145629883,0,0,0,0.029681870713829994,133.0
590,/model.16/m.0/cv2/conv/Conv_output_0_DequantizeLinear_Output,/model.16/m.0/cv2/conv/Conv_output_0_DequantizeLinear,DequantizeLinear,7.003293991088867,6.915045261383057,0,0,0,0.10320962965488434,103.0
591,/model.16/m.0/cv1/act/Sigmoid_output_0,/model.16/m.0/cv1/act/Sigmoid,Sigmoid,0.9323349595069885,0.9316301941871643,0,0,0,,
592,/model.16/m.0/cv2/act/Sigmoid_output_0,/model.16/m.0/cv2/act/Sigmoid,Sigmoid,0.9990918636322021,0.998781144618988,0,0,0,,
593,/model.16/m.0/cv1/act/Sigmoid_output_0_QuantizeLinear_Output,/model.16/m.0/cv1/act/Sigmoid_output_0_QuantizeLinear,QuantizeLinear,0.9323349595069885,244.0,0,0,0,0.003819704055786133,0.0
594,/model.16/m.0/cv2/act/Sigmoid_output_0_QuantizeLinear_Output,/model.16/m.0/cv2/act/Sigmoid_output_0_QuantizeLinear,QuantizeLinear,0.9990918636322021,255.0,0,0,0,0.003921567928045988,0.0
595,/model.16/m.0/cv1/act/Sigmoid_output_0_DequantizeLinear_Output,/model.16/m.0/cv1/act/Sigmoid_output_0_DequantizeLinear,DequantizeLinear,0.9323349595069885,0.9320077896118164,0,0,0,0.003819704055786133,0.0
596,/model.16/m.0/cv2/act/Sigmoid_output_0_DequantizeLinear_Output,/model.16/m.0/cv2/act/Sigmoid_output_0_DequantizeLinear,DequantizeLinear,0.9990918636322021,0.9999998211860657,0,0,0,0.003921567928045988,0.0
597,/model.16/m.0/cv1/act/Mul_output_0,/model.16/m.0/cv1/act/Mul,Mul,2.4456288814544678,2.434408664703369,0,0,0,,
598,/model.16/m.0/cv2/act/Mul_output_0,/model.16/m.0/cv2/act/Mul,Mul,6.996933937072754,6.708624362945557,0,0,0,,
599,/model.16/m.0/cv1/act/Mul_output_0_QuantizeLinear_Output,/model.16/m.0/cv1/act/Mul_output_0_QuantizeLinear,QuantizeLinear,2.4456288814544678,182.0,0,0,0,0.014935708604753017,19.0
600,/model.16/m.0/cv2/act/Mul_output_0_QuantizeLinear_Output,/model.16/m.0/cv2/act/Mul_output_0_QuantizeLinear,QuantizeLinear,6.996933937072754,111.0,0,0,0,0.0628003254532814,4.0
601,/model.16/m.0/cv1/act/Mul_output_0_DequantizeLinear_Output,/model.16/m.0/cv1/act/Mul_output_0_DequantizeLinear,DequantizeLinear,2.4456288814544678,2.4345204830169678,0,0,0,0.014935708604753017,19.0
602,/model.16/m.0/cv2/act/Mul_output_0_DequantizeLinear_Output,/model.16/m.0/cv2/act/Mul_output_0_DequantizeLinear,DequantizeLinear,6.996933937072754,6.719635009765625,0,0,0,0.0628003254532814,4.0
603,/model.16/m.0/m/m.0/cv1/conv/Conv_output_0,/model.16/m.0/m/m.0/cv1/conv/Conv,Conv,8.004772186279297,7.359562873840332,0,0,0,,
604,/model.16/m.0/m/m.0/cv1/conv/Conv_output_0_QuantizeLinear_Output,/model.16/m.0/m/m.0/cv1/conv/Conv_output_0_QuantizeLinear,QuantizeLinear,8.004772186279297,198.0,0,0,0,0.08356457948684692,110.0
605,/model.16/m.0/m/m.0/cv1/conv/Conv_output_0_DequantizeLinear_Output,/model.16/m.0/m/m.0/cv1/conv/Conv_output_0_DequantizeLinear,DequantizeLinear,8.004772186279297,7.353682994842529,0,0,0,0.08356457948684692,110.0
606,/model.16/m.0/m/m.0/cv1/act/Sigmoid_output_0,/model.16/m.0/m/m.0/cv1/act/Sigmoid,Sigmoid,0.9996662139892578,0.999360203742981,0,0,0,,
607,/model.16/m.0/m/m.0/cv1/act/Sigmoid_output_0_QuantizeLinear_Output,/model.16/m.0/m/m.0/cv1/act/Sigmoid_output_0_QuantizeLinear,QuantizeLinear,0.9996662139892578,255.0,0,0,0,0.003921547904610634,0.0
608,/model.16/m.0/m/m.0/cv1/act/Sigmoid_output_0_DequantizeLinear_Output,/model.16/m.0/m/m.0/cv1/act/Sigmoid_output_0_DequantizeLinear,DequantizeLinear,0.9996662139892578,0.999994695186615,0,0,0,0.003921547904610634,0.0
609,/model.16/m.0/m/m.0/cv1/act/Mul_output_0,/model.16/m.0/m/m.0/cv1/act/Mul,Mul,8.002099990844727,7.353643894195557,0,0,0,,
610,/model.16/m.0/m/m.0/cv1/act/Mul_output_0_QuantizeLinear_Output,/model.16/m.0/m/m.0/cv1/act/Mul_output_0_QuantizeLinear,QuantizeLinear,8.002099990844727,157.0,0,0,0,0.04876083508133888,6.0
611,/model.16/m.0/m/m.0/cv1/act/Mul_output_0_DequantizeLinear_Output,/model.16/m.0/m/m.0/cv1/act/Mul_output_0_DequantizeLinear,DequantizeLinear,8.002099990844727,7.36288595199585,0,0,0,0.04876083508133888,6.0
612,/model.16/m.0/m/m.0/cv2/conv/Conv_output_0,/model.16/m.0/m/m.0/cv2/conv/Conv,Conv,7.7373223304748535,7.643020153045654,0,0,0,,
613,/model.16/m.0/m/m.0/cv2/conv/Conv_output_0_QuantizeLinear_Output,/model.16/m.0/m/m.0/cv2/conv/Conv_output_0_QuantizeLinear,QuantizeLinear,7.7373223304748535,209.0,0,0,0,0.08414655178785324,122.0
614,/model.16/m.0/m/m.0/cv2/conv/Conv_output_0_DequantizeLinear_Output,/model.16/m.0/m/m.0/cv2/conv/Conv_output_0_DequantizeLinear,DequantizeLinear,7.7373223304748535,7.657336235046387,0,0,0,0.08414655178785324,122.0
615,/model.16/m.0/m/m.0/cv2/act/Sigmoid_output_0,/model.16/m.0/m/m.0/cv2/act/Sigmoid,Sigmoid,0.9995639324188232,0.9993387460708618,0,0,0,,
616,/model.16/m.0/m/m.0/cv2/act/Sigmoid_output_0_QuantizeLinear_Output,/model.16/m.0/m/m.0/cv2/act/Sigmoid_output_0_QuantizeLinear,QuantizeLinear,0.9995639324188232,255.0,0,0,0,0.003921515308320522,0.0
617,/model.16/m.0/m/m.0/cv2/act/Sigmoid_output_0_DequantizeLinear_Output,/model.16/m.0/m/m.0/cv2/act/Sigmoid_output_0_DequantizeLinear,DequantizeLinear,0.9995639324188232,0.9999864101409912,0,0,0,0.003921515308320522,0.0
618,/model.16/m.0/m/m.0/cv2/act/Mul_output_0,/model.16/m.0/m/m.0/cv2/act/Mul,Mul,7.733948230743408,7.320650577545166,0,0,0,,
619,/model.16/m.0/m/m.0/cv2/act/Mul_output_0_QuantizeLinear_Output,/model.16/m.0/m/m.0/cv2/act/Mul_output_0_QuantizeLinear,QuantizeLinear,7.733948230743408,169.0,0,0,0,0.04503116011619568,6.0
620,/model.16/m.0/m/m.0/cv2/act/Mul_output_0_DequantizeLinear_Output,/model.16/m.0/m/m.0/cv2/act/Mul_output_0_DequantizeLinear,DequantizeLinear,7.733948230743408,7.340079307556152,0,0,0,0.04503116011619568,6.0
621,/model.16/m.0/m/m.0/Add_output_0,/model.16/m.0/m/m.0/Add,Add,8.222136497497559,7.608922004699707,0,0,0,,
622,/model.16/m.0/m/m.0/Add_output_0_QuantizeLinear_Output,/model.16/m.0/m/m.0/Add_output_0_QuantizeLinear,QuantizeLinear,8.222136497497559,181.0,0,0,0,0.04503979906439781,12.0
623,/model.16/m.0/m/m.0/Add_output_0_DequantizeLinear_Output,/model.16/m.0/m/m.0/Add_output_0_DequantizeLinear,DequantizeLinear,8.222136497497559,7.611725807189941,0,0,0,0.04503979906439781,12.0
624,/model.16/m.0/m/m.1/cv1/conv/Conv_output_0,/model.16/m.0/m/m.1/cv1/conv/Conv,Conv,8.053050994873047,7.608774662017822,0,0,0,,
625,/model.16/m.0/m/m.1/cv1/conv/Conv_output_0_QuantizeLinear_Output,/model.16/m.0/m/m.1/cv1/conv/Conv_output_0_QuantizeLinear,QuantizeLinear,8.053050994873047,219.0,0,0,0,0.06856812536716461,147.0
626,/model.16/m.0/m/m.1/cv1/conv/Conv_output_0_DequantizeLinear_Output,/model.16/m.0/m/m.1/cv1/conv/Conv_output_0_DequantizeLinear,DequantizeLinear,8.053050994873047,7.611062049865723,0,0,0,0.06856812536716461,147.0
627,/model.16/m.0/m/m.1/cv1/act/Sigmoid_output_0,/model.16/m.0/m/m.1/cv1/act/Sigmoid,Sigmoid,0.9911869168281555,0.9928743839263916,0,0,0,,
628,/model.16/m.0/m/m.1/cv1/act/Sigmoid_output_0_QuantizeLinear_Output,/model.16/m.0/m/m.1/cv1/act/Sigmoid_output_0_QuantizeLinear,QuantizeLinear,0.9911869168281555,253.0,0,0,0,0.003919204231351614,0.0
629,/model.16/m.0/m/m.1/cv1/act/Sigmoid_output_0_DequantizeLinear_Output,/model.16/m.0/m/m.1/cv1/act/Sigmoid_output_0_DequantizeLinear,DequantizeLinear,0.9911869168281555,0.9915586709976196,0,0,0,0.003919204231351614,0.0
630,/model.16/m.0/m/m.1/cv1/act/Mul_output_0,/model.16/m.0/m/m.1/cv1/act/Mul,Mul,4.681046485900879,4.895230770111084,0,0,0,,
631,/model.16/m.0/m/m.1/cv1/act/Mul_output_0_QuantizeLinear_Output,/model.16/m.0/m/m.1/cv1/act/Mul_output_0_QuantizeLinear,QuantizeLinear,4.681046485900879,171.0,0,0,0,0.030144859105348587,9.0
632,/model.16/m.0/m/m.1/cv1/act/Mul_output_0_DequantizeLinear_Output,/model.16/m.0/m/m.1/cv1/act/Mul_output_0_DequantizeLinear,DequantizeLinear,4.681046485900879,4.883467197418213,0,0,0,0.030144859105348587,9.0
633,/model.16/m.0/m/m.1/cv2/conv/Conv_output_0,/model.16/m.0/m/m.1/cv2/conv/Conv,Conv,14.772809982299805,14.842569351196289,0,0,0,,
634,/model.16/m.0/m/m.1/cv2/conv/Conv_output_0_QuantizeLinear_Output,/model.16/m.0/m/m.1/cv2/conv/Conv_output_0_QuantizeLinear,QuantizeLinear,14.772809982299805,215.0,0,0,0,0.15534186363220215,119.0
635,/model.16/m.0/m/m.1/cv2/conv/Conv_output_0_DequantizeLinear_Output,/model.16/m.0/m/m.1/cv2/conv/Conv_output_0_DequantizeLinear,DequantizeLinear,14.772809982299805,14.912818908691406,0,0,0,0.15534186363220215,119.0
636,/model.16/m.0/m/m.1/cv2/act/Sigmoid_output_0,/model.16/m.0/m/m.1/cv2/act/Sigmoid,Sigmoid,0.9999996423721313,0.9999996423721313,0,0,0,,
637,/model.16/m.0/m/m.1/cv2/act/Sigmoid_output_0_QuantizeLinear_Output,/model.16/m.0/m/m.1/cv2/act/Sigmoid_output_0_QuantizeLinear,QuantizeLinear,0.9999996423721313,255.0,0,0,0,0.003921568859368563,0.0
638,/model.16/m.0/m/m.1/cv2/act/Sigmoid_output_0_DequantizeLinear_Output,/model.16/m.0/m/m.1/cv2/act/Sigmoid_output_0_DequantizeLinear,DequantizeLinear,0.9999996423721313,1.0,0,0,0,0.003921568859368563,0.0
639,/model.16/m.0/m/m.1/cv2/act/Mul_output_0,/model.16/m.0/m/m.1/cv2/act/Mul,Mul,14.772804260253906,14.912818908691406,0,0,0,,
640,/model.16/m.0/m/m.1/cv2/act/Mul_output_0_QuantizeLinear_Output,/model.16/m.0/m/m.1/cv2/act/Mul_output_0_QuantizeLinear,QuantizeLinear,14.772804260253906,181.0,0,0,0,0.08397342264652252,3.0
641,/model.16/m.0/m/m.1/cv2/act/Mul_output_0_DequantizeLinear_Output,/model.16/m.0/m/m.1/cv2/act/Mul_output_0_DequantizeLinear,DequantizeLinear,14.772804260253906,14.947269439697266,0,0,0,0.08397342264652252,3.0
642,/model.16/m.0/m/m.1/Add_output_0,/model.16/m.0/m/m.1/Add,Add,17.965511322021484,19.532926559448242,0,0,0,,
643,/model.16/m.0/m/m.1/Add_output_0_QuantizeLinear_Output,/model.16/m.0/m/m.1/Add_output_0_QuantizeLinear,QuantizeLinear,17.965511322021484,193.0,0,0,0,0.105539470911026,8.0
644,/model.16/m.0/m/m.1/Add_output_0_DequantizeLinear_Output,/model.16/m.0/m/m.1/Add_output_0_DequantizeLinear,DequantizeLinear,17.965511322021484,19.52480125427246,0,0,0,0.105539470911026,8.0
645,/model.16/m.0/Concat_output_0,/model.16/m.0/Concat,Concat,17.965511322021484,19.52480125427246,0,0,0,,
646,/model.16/m.0/Concat_output_0_QuantizeLinear_Output,/model.16/m.0/Concat_output_0_QuantizeLinear,QuantizeLinear,17.965511322021484,193.0,0,0,0,0.105539470911026,8.0
647,/model.16/m.0/Concat_output_0_DequantizeLinear_Output,/model.16/m.0/Concat_output_0_DequantizeLinear,DequantizeLinear,17.965511322021484,19.52480125427246,0,0,0,0.105539470911026,8.0
648,/model.16/m.0/cv3/conv/Conv_output_0,/model.16/m.0/cv3/conv/Conv,Conv,12.74960994720459,13.632514953613281,0,0,0,,
649,/model.16/m.0/cv3/conv/Conv_output_0_QuantizeLinear_Output,/model.16/m.0/cv3/conv/Conv_output_0_QuantizeLinear,QuantizeLinear,12.74960994720459,232.0,0,0,0,0.1036161258816719,134.0
650,/model.16/m.0/cv3/conv/Conv_output_0_DequantizeLinear_Output,/model.16/m.0/cv3/conv/Conv_output_0_DequantizeLinear,DequantizeLinear,12.74960994720459,13.677329063415527,0,0,0,0.1036161258816719,134.0
651,/model.16/m.0/cv3/act/Sigmoid_output_0,/model.16/m.0/cv3/act/Sigmoid,Sigmoid,0.9999121427536011,0.9999611377716064,0,0,0,,
652,/model.16/m.0/cv3/act/Sigmoid_output_0_QuantizeLinear_Output,/model.16/m.0/cv3/act/Sigmoid_output_0_QuantizeLinear,QuantizeLinear,0.9999121427536011,255.0,0,0,0,0.003921554423868656,0.0
653,/model.16/m.0/cv3/act/Sigmoid_output_0_DequantizeLinear_Output,/model.16/m.0/cv3/act/Sigmoid_output_0_DequantizeLinear,DequantizeLinear,0.9999121427536011,0.9999963641166687,0,0,0,0.003921554423868656,0.0
654,/model.16/m.0/cv3/act/Mul_output_0,/model.16/m.0/cv3/act/Mul,Mul,9.338680267333984,10.154343605041504,0,0,0,,
655,/model.16/m.0/cv3/act/Mul_output_0_QuantizeLinear_Output,/model.16/m.0/cv3/act/Mul_output_0_QuantizeLinear,QuantizeLinear,9.338680267333984,208.0,0,0,0,0.050259072333574295,6.0
656,/model.16/m.0/cv3/act/Mul_output_0_DequantizeLinear_Output,/model.16/m.0/cv3/act/Mul_output_0_DequantizeLinear,DequantizeLinear,9.338680267333984,10.152332305908203,0,0,0,0.050259072333574295,6.0
657,/model.16/Concat_output_0,/model.16/Concat,Concat,9.338680267333984,10.152332305908203,0,0,0,,
658,/model.16/Concat_output_0_QuantizeLinear_Output,/model.16/Concat_output_0_QuantizeLinear,QuantizeLinear,9.338680267333984,208.0,0,0,0,0.050259072333574295,6.0
659,/model.16/Concat_output_0_DequantizeLinear_Output,/model.16/Concat_output_0_DequantizeLinear,DequantizeLinear,9.338680267333984,10.152332305908203,0,0,0,0.050259072333574295,6.0
660,/model.16/cv2/conv/Conv_output_0,/model.16/cv2/conv/Conv,Conv,20.590471267700195,20.723318099975586,0,0,0,,
661,/model.16/cv2/conv/Conv_output_0_QuantizeLinear_Output,/model.16/cv2/conv/Conv_output_0_QuantizeLinear,QuantizeLinear,20.590471267700195,230.0,0,0,0,0.1991790235042572,184.0
662,/model.16/cv2/conv/Conv_output_0_DequantizeLinear_Output,/model.16/cv2/conv/Conv_output_0_DequantizeLinear,DequantizeLinear,20.590471267700195,20.714618682861328,0,0,0,0.1991790235042572,184.0
663,/model.16/cv2/act/Sigmoid_output_0,/model.16/cv2/act/Sigmoid,Sigmoid,0.9998952150344849,0.9998950958251953,0,0,0,,
664,/model.16/cv2/act/Sigmoid_output_0_QuantizeLinear_Output,/model.16/cv2/act/Sigmoid_output_0_QuantizeLinear,QuantizeLinear,0.9998952150344849,255.0,0,0,0,0.003921566065400839,0.0
665,/model.16/cv2/act/Sigmoid_output_0_DequantizeLinear_Output,/model.16/cv2/act/Sigmoid_output_0_DequantizeLinear,DequantizeLinear,0.9998952150344849,0.9999993443489075,0,0,0,0.003921566065400839,0.0
666,/model.16/cv2/act/Mul_output_0,/model.16/cv2/act/Mul,Mul,9.162189483642578,9.162229537963867,0,0,0,,
667,/model.16/cv2/act/Mul_output_0_QuantizeLinear_Output,/model.16/cv2/act/Mul_output_0_QuantizeLinear,QuantizeLinear,9.162189483642578,166.0,0,0,0,0.05693851783871651,5.0
668,/model.16/cv2/act/Mul_output_0_DequantizeLinear_Output,/model.16/cv2/act/Mul_output_0_DequantizeLinear,DequantizeLinear,9.162189483642578,9.16710090637207,0,0,0,0.05693851783871651,5.0
669,/model.17/conv/Conv_output_0,/model.17/conv/Conv,Conv,6.253134250640869,6.538316249847412,0,0,0,,
670,/model.23/one2one_cv2.0/one2one_cv2.0.0/conv/Conv_output_0,/model.23/one2one_cv2.0/one2one_cv2.0.0/conv/Conv,Conv,23.505277633666992,26.69375228881836,0,0,0,,
671,/model.23/one2one_cv3.0/one2one_cv3.0.0/one2one_cv3.0.0.0/conv/Conv_output_0,/model.23/one2one_cv3.0/one2one_cv3.0.0/one2one_cv3.0.0.0/conv/Conv,Conv,15.48088264465332,15.116023063659668,0,0,0,,
672,/model.17/conv/Conv_output_0_QuantizeLinear_Output,/model.17/conv/Conv_output_0_QuantizeLinear,QuantizeLinear,6.253134250640869,222.0,0,0,0,0.06053958088159561,139.0
673,/model.23/one2one_cv2.0/one2one_cv2.0.0/conv/Conv_output_0_QuantizeLinear_Output,/model.23/one2one_cv2.0/one2one_cv2.0.0/conv/Conv_output_0_QuantizeLinear,QuantizeLinear,23.505277633666992,240.0,0,0,0,0.21870724856853485,151.0
674,/model.23/one2one_cv3.0/one2one_cv3.0.0/one2one_cv3.0.0.0/conv/Conv_output_0_QuantizeLinear_Output,/model.23/one2one_cv3.0/one2one_cv3.0.0/one2one_cv3.0.0.0/conv/Conv_output_0_QuantizeLinear,QuantizeLinear,15.48088264465332,216.0,0,0,0,0.12349388748407364,94.0
675,/model.17/conv/Conv_output_0_DequantizeLinear_Output,/model.17/conv/Conv_output_0_DequantizeLinear,DequantizeLinear,6.253134250640869,6.538274765014648,0,0,0,0.06053958088159561,139.0
676,/model.23/one2one_cv2.0/one2one_cv2.0.0/conv/Conv_output_0_DequantizeLinear_Output,/model.23/one2one_cv2.0/one2one_cv2.0.0/conv/Conv_output_0_DequantizeLinear,DequantizeLinear,23.505277633666992,26.682283401489258,0,0,0,0.21870724856853485,151.0
677,/model.23/one2one_cv3.0/one2one_cv3.0.0/one2one_cv3.0.0.0/conv/Conv_output_0_DequantizeLinear_Output,/model.23/one2one_cv3.0/one2one_cv3.0.0/one2one_cv3.0.0.0/conv/Conv_output_0_DequantizeLinear,DequantizeLinear,15.48088264465332,15.066254615783691,0,0,0,0.12349388748407364,94.0
678,/model.17/act/Sigmoid_output_0,/model.17/act/Sigmoid,Sigmoid,0.9937354326248169,0.9934698939323425,0,0,0,,
679,/model.23/one2one_cv2.0/one2one_cv2.0.0/act/Sigmoid_output_0,/model.23/one2one_cv2.0/one2one_cv2.0.0/act/Sigmoid,Sigmoid,1.0,1.0,0,0,0,,
680,/model.23/one2one_cv3.0/one2one_cv3.0.0/one2one_cv3.0.0.0/act/Sigmoid_output_0,/model.23/one2one_cv3.0/one2one_cv3.0.0/one2one_cv3.0.0.0/act/Sigmoid,Sigmoid,0.9999997615814209,0.9999996423721313,0,0,0,,
681,/model.17/act/Sigmoid_output_0_QuantizeLinear_Output,/model.17/act/Sigmoid_output_0_QuantizeLinear,QuantizeLinear,0.9937354326248169,254.0,0,0,0,0.003917998634278774,0.0
682,/model.23/one2one_cv2.0/one2one_cv2.0.0/act/Sigmoid_output_0_QuantizeLinear_Output,/model.23/one2one_cv2.0/one2one_cv2.0.0/act/Sigmoid_output_0_QuantizeLinear,QuantizeLinear,1.0,255.0,0,0,0,0.003921568859368563,0.0
683,/model.23/one2one_cv3.0/one2one_cv3.0.0/one2one_cv3.0.0.0/act/Sigmoid_output_0_QuantizeLinear_Output,/model.23/one2one_cv3.0/one2one_cv3.0.0/one2one_cv3.0.0.0/act/Sigmoid_output_0_QuantizeLinear,QuantizeLinear,0.9999997615814209,255.0,0,0,0,0.003921568859368563,0.0
684,/model.17/act/Sigmoid_output_0_DequantizeLinear_Output,/model.17/act/Sigmoid_output_0_DequantizeLinear,DequantizeLinear,0.9937354326248169,0.9951716661453247,0,0,0,0.003917998634278774,0.0
685,/model.23/one2one_cv2.0/one2one_cv2.0.0/act/Sigmoid_output_0_DequantizeLinear_Output,/model.23/one2one_cv2.0/one2one_cv2.0.0/act/Sigmoid_output_0_DequantizeLinear,DequantizeLinear,1.0,1.0,0,0,0,0.003921568859368563,0.0
686,/model.23/one2one_cv3.0/one2one_cv3.0.0/one2one_cv3.0.0.0/act/Sigmoid_output_0_DequantizeLinear_Output,/model.23/one2one_cv3.0/one2one_cv3.0.0/one2one_cv3.0.0.0/act/Sigmoid_output_0_DequantizeLinear,DequantizeLinear,0.9999997615814209,1.0,0,0,0,0.003921568859368563,0.0
687,/model.17/act/Mul_output_0,/model.17/act/Mul,Mul,5.034818172454834,5.000523567199707,0,0,0,,
688,/model.23/one2one_cv2.0/one2one_cv2.0.0/act/Mul_output_0,/model.23/one2one_cv2.0/one2one_cv2.0.0/act/Mul,Mul,18.709936141967773,19.46494483947754,0,0,0,,
689,/model.23/one2one_cv3.0/one2one_cv3.0.0/one2one_cv3.0.0.0/act/Mul_output_0,/model.23/one2one_cv3.0/one2one_cv3.0.0/one2one_cv3.0.0.0/act/Mul,Mul,15.480878829956055,15.066254615783691,0,0,0,,
690,/model.17/act/Mul_output_0_QuantizeLinear_Output,/model.17/act/Mul_output_0_QuantizeLinear,QuantizeLinear,5.034818172454834,185.0,0,0,0,0.028520449995994568,10.0
691,/model.23/one2one_cv2.0/one2one_cv2.0.0/act/Mul_output_0_QuantizeLinear_Output,/model.23/one2one_cv2.0/one2one_cv2.0.0/act/Mul_output_0_QuantizeLinear,QuantizeLinear,18.709936141967773,219.0,0,0,0,0.09021290391683578,3.0
692,/model.23/one2one_cv3.0/one2one_cv3.0.0/one2one_cv3.0.0.0/act/Mul_output_0_QuantizeLinear_Output,/model.23/one2one_cv3.0/one2one_cv3.0.0/one2one_cv3.0.0.0/act/Mul_output_0_QuantizeLinear,QuantizeLinear,15.480878829956055,195.0,0,0,0,0.07882340252399445,4.0
693,/model.17/act/Mul_output_0_DequantizeLinear_Output,/model.17/act/Mul_output_0_DequantizeLinear,DequantizeLinear,5.034818172454834,4.991078853607178,0,0,0,0.028520449995994568,10.0
694,/model.23/one2one_cv2.0/one2one_cv2.0.0/act/Mul_output_0_DequantizeLinear_Output,/model.23/one2one_cv2.0/one2one_cv2.0.0/act/Mul_output_0_DequantizeLinear,DequantizeLinear,18.709936141967773,19.485986709594727,0,0,0,0.09021290391683578,3.0
695,/model.23/one2one_cv3.0/one2one_cv3.0.0/one2one_cv3.0.0.0/act/Mul_output_0_DequantizeLinear_Output,/model.23/one2one_cv3.0/one2one_cv3.0.0/one2one_cv3.0.0.0/act/Mul_output_0_DequantizeLinear,DequantizeLinear,15.480878829956055,15.055270195007324,0,0,0,0.07882340252399445,4.0
696,/model.18/Concat_output_0,/model.18/Concat,Concat,7.4549150466918945,5.83022403717041,0,0,0,,
697,/model.23/one2one_cv2.0/one2one_cv2.0.1/conv/Conv_output_0,/model.23/one2one_cv2.0/one2one_cv2.0.1/conv/Conv,Conv,9.807928085327148,10.334980010986328,0,0,0,,
698,/model.23/one2one_cv3.0/one2one_cv3.0.0/one2one_cv3.0.0.1/conv/Conv_output_0,/model.23/one2one_cv3.0/one2one_cv3.0.0/one2one_cv3.0.0.1/conv/Conv,Conv,7.429190635681152,7.352299213409424,0,0,0,,
699,/model.18/Concat_output_0_QuantizeLinear_Output,/model.18/Concat_output_0_QuantizeLinear,QuantizeLinear,7.4549150466918945,177.0,0,0,0,0.034498367458581924,8.0
700,/model.23/one2one_cv2.0/one2one_cv2.0.1/conv/Conv_output_0_QuantizeLinear_Output,/model.23/one2one_cv2.0/one2one_cv2.0.1/conv/Conv_output_0_QuantizeLinear,QuantizeLinear,9.807928085327148,248.0,0,0,0,0.0671323761343956,184.0
701,/model.23/one2one_cv3.0/one2one_cv3.0.0/one2one_cv3.0.0.1/conv/Conv_output_0_QuantizeLinear_Output,/model.23/one2one_cv3.0/one2one_cv3.0.0/one2one_cv3.0.0.1/conv/Conv_output_0_QuantizeLinear,QuantizeLinear,7.429190635681152,233.0,0,0,0,0.07041637599468231,129.0
702,/model.18/Concat_output_0_DequantizeLinear_Output,/model.18/Concat_output_0_DequantizeLinear,DequantizeLinear,7.4549150466918945,5.83022403717041,0,0,0,0.034498367458581924,8.0
703,/model.23/one2one_cv2.0/one2one_cv2.0.1/conv/Conv_output_0_DequantizeLinear_Output,/model.23/one2one_cv2.0/one2one_cv2.0.1/conv/Conv_output_0_DequantizeLinear,DequantizeLinear,9.807928085327148,10.338385581970215,0,0,0,0.0671323761343956,184.0
704,/model.23/one2one_cv3.0/one2one_cv3.0.0/one2one_cv3.0.0.1/conv/Conv_output_0_DequantizeLinear_Output,/model.23/one2one_cv3.0/one2one_cv3.0.0/one2one_cv3.0.0.1/conv/Conv_output_0_DequantizeLinear,DequantizeLinear,7.429190635681152,7.32330322265625,0,0,0,0.07041637599468231,129.0
705,/model.19/cv1/conv/Conv_output_0,/model.19/cv1/conv/Conv,Conv,8.205262184143066,7.682654857635498,0,0,0,,
706,/model.23/one2one_cv2.0/one2one_cv2.0.1/act/Sigmoid_output_0,/model.23/one2one_cv2.0/one2one_cv2.0.1/act/Sigmoid,Sigmoid,0.9792054891586304,0.986566424369812,0,0,0,,
707,/model.23/one2one_cv3.0/one2one_cv3.0.0/one2one_cv3.0.0.1/act/Sigmoid_output_0,/model.23/one2one_cv3.0/one2one_cv3.0.0/one2one_cv3.0.0.1/act/Sigmoid,Sigmoid,0.9994066953659058,0.9993404746055603,0,0,0,,
708,/model.19/cv1/conv/Conv_output_0_QuantizeLinear_Output,/model.19/cv1/conv/Conv_output_0_QuantizeLinear,QuantizeLinear,8.205262184143066,203.0,0,0,0,0.09229181706905365,125.0
709,/model.23/one2one_cv2.0/one2one_cv2.0.1/act/Sigmoid_output_0_QuantizeLinear_Output,/model.23/one2one_cv2.0/one2one_cv2.0.1/act/Sigmoid_output_0_QuantizeLinear,QuantizeLinear,0.9792054891586304,254.0,0,0,0,0.003888365812599659,0.0
710,/model.23/one2one_cv3.0/one2one_cv3.0.0/one2one_cv3.0.0.1/act/Sigmoid_output_0_QuantizeLinear_Output,/model.23/one2one_cv3.0/one2one_cv3.0.0/one2one_cv3.0.0.1/act/Sigmoid_output_0_QuantizeLinear,QuantizeLinear,0.9994066953659058,255.0,0,0,0,0.003921022638678551,0.0
711,/model.19/cv1/conv/Conv_output_0_DequantizeLinear_Output,/model.19/cv1/conv/Conv_output_0_DequantizeLinear,DequantizeLinear,8.205262184143066,7.660220623016357,0,0,0,0.09229181706905365,125.0
712,/model.23/one2one_cv2.0/one2one_cv2.0.1/act/Sigmoid_output_0_DequantizeLinear_Output,/model.23/one2one_cv2.0/one2one_cv2.0.1/act/Sigmoid_output_0_DequantizeLinear,DequantizeLinear,0.9792054891586304,0.9876449108123779,0,0,0,0.003888365812599659,0.0
713,/model.23/one2one_cv3.0/one2one_cv3.0.0/one2one_cv3.0.0.1/act/Sigmoid_output_0_DequantizeLinear_Output,/model.23/one2one_cv3.0/one2one_cv3.0.0/one2one_cv3.0.0.1/act/Sigmoid_output_0_DequantizeLinear,DequantizeLinear,0.9994066953659058,0.9998607635498047,0,0,0,0.003921022638678551,0.0
714,/model.19/cv1/act/Sigmoid_output_0,/model.19/cv1/act/Sigmoid,Sigmoid,0.9997268915176392,0.9992530345916748,0,0,0,,
715,/model.23/one2one_cv2.0/one2one_cv2.0.1/act/Mul_output_0,/model.23/one2one_cv2.0/one2one_cv2.0.1/act/Mul,Mul,3.771951675415039,4.243388652801514,0,0,0,,
716,/model.23/one2one_cv3.0/one2one_cv3.0.0/one2one_cv3.0.0.1/act/Mul_output_0,/model.23/one2one_cv3.0/one2one_cv3.0.0/one2one_cv3.0.0.1/act/Mul,Mul,7.424782752990723,7.322283744812012,0,0,0,,
717,/model.19/cv1/act/Sigmoid_output_0_QuantizeLinear_Output,/model.19/cv1/act/Sigmoid_output_0_QuantizeLinear,QuantizeLinear,0.9997268915176392,255.0,0,0,0,0.00392154511064291,0.0
718,/model.23/one2one_cv2.0/one2one_cv2.0.1/act/Mul_output_0_QuantizeLinear_Output,/model.23/one2one_cv2.0/one2one_cv2.0.1/act/Mul_output_0_QuantizeLinear,QuantizeLinear,3.771951675415039,230.0,0,0,0,0.01961277797818184,14.0
719,/model.23/one2one_cv3.0/one2one_cv3.0.0/one2one_cv3.0.0.1/act/Mul_output_0_QuantizeLinear_Output,/model.23/one2one_cv3.0/one2one_cv3.0.0/one2one_cv3.0.0.1/act/Mul_output_0_QuantizeLinear,QuantizeLinear,7.424782752990723,212.0,0,0,0,0.03590884432196617,8.0
720,/model.19/cv1/act/Sigmoid_output_0_DequantizeLinear_Output,/model.19/cv1/act/Sigmoid_output_0_DequantizeLinear,DequantizeLinear,0.9997268915176392,0.9999939799308777,0,0,0,0.00392154511064291,0.0
721,/model.23/one2one_cv2.0/one2one_cv2.0.1/act/Mul_output_0_DequantizeLinear_Output,/model.23/one2one_cv2.0/one2one_cv2.0.1/act/Mul_output_0_DequantizeLinear,DequantizeLinear,3.771951675415039,4.2363600730896,0,0,0,0.01961277797818184,14.0
722,/model.23/one2one_cv3.0/one2one_cv3.0.0/one2one_cv3.0.0.1/act/Mul_output_0_DequantizeLinear_Output,/model.23/one2one_cv3.0/one2one_cv3.0.0/one2one_cv3.0.0.1/act/Mul_output_0_DequantizeLinear,DequantizeLinear,7.424782752990723,7.325404167175293,0,0,0,0.03590884432196617,8.0
723,/model.19/cv1/act/Mul_output_0,/model.19/cv1/act/Mul,Mul,8.203021049499512,7.198718547821045,0,0,0,,
724,/model.23/one2one_cv2.0/one2one_cv2.0.2/Conv_output_0,/model.23/one2one_cv2.0/one2one_cv2.0.2/Conv,Conv,6.32776403427124,6.901518821716309,0,0,0,,
725,/model.23/one2one_cv3.0/one2one_cv3.0.1/one2one_cv3.0.1.0/conv/Conv_output_0,/model.23/one2one_cv3.0/one2one_cv3.0.1/one2one_cv3.0.1.0/conv/Conv,Conv,22.58702850341797,25.500164031982422,0,0,0,,
726,/model.19/cv1/act/Mul_output_0_QuantizeLinear_Output,/model.19/cv1/act/Mul_output_0_QuantizeLinear,QuantizeLinear,8.203021049499512,155.0,0,0,0,0.048245977610349655,6.0
727,/model.23/one2one_cv2.0/one2one_cv2.0.2/Conv_output_0_QuantizeLinear_Output,/model.23/one2one_cv2.0/one2one_cv2.0.2/Conv_output_0_QuantizeLinear,QuantizeLinear,6.32776403427124,238.0,0,0,0,0.03240397945046425,25.0
728,/model.23/one2one_cv3.0/one2one_cv3.0.1/one2one_cv3.0.1.0/conv/Conv_output_0_QuantizeLinear_Output,/model.23/one2one_cv3.0/one2one_cv3.0.1/one2one_cv3.0.1.0/conv/Conv_output_0_QuantizeLinear,QuantizeLinear,22.58702850341797,177.0,0,0,0,0.35479292273521423,118.0
729,/model.19/cv1/act/Mul_output_0_DequantizeLinear_Output,/model.19/cv1/act/Mul_output_0_DequantizeLinear,DequantizeLinear,8.203021049499512,7.188650608062744,0,0,0,0.048245977610349655,6.0
730,/model.23/one2one_cv2.0/one2one_cv2.0.2/Conv_output_0_DequantizeLinear_Output,/model.23/one2one_cv2.0/one2one_cv2.0.2/Conv_output_0_DequantizeLinear,DequantizeLinear,6.32776403427124,6.902047634124756,0,0,0,0.03240397945046425,25.0
731,/model.23/one2one_cv3.0/one2one_cv3.0.1/one2one_cv3.0.1.0/conv/Conv_output_0_DequantizeLinear_Output,/model.23/one2one_cv3.0/one2one_cv3.0.1/one2one_cv3.0.1.0/conv/Conv_output_0_DequantizeLinear,DequantizeLinear,22.58702850341797,25.545089721679688,0,0,0,0.35479292273521423,118.0
732,/model.19/Split_output_0,/model.19/Split,Split,8.203021049499512,7.188650608062744,0,0,0,,
733,/model.19/Split_output_1,/model.19/Split,Split,6.969111442565918,6.464961051940918,0,0,0,,
734,/model.23/Reshape_output_0,/model.23/Reshape,Reshape,6.32776403427124,6.902047634124756,0,0,0,,
735,/model.23/one2one_cv3.0/one2one_cv3.0.1/one2one_cv3.0.1.0/act/Sigmoid_output_0,/model.23/one2one_cv3.0/one2one_cv3.0.1/one2one_cv3.0.1.0/act/Sigmoid,Sigmoid,1.0,1.0,0,0,0,,
736,/model.19/Split_output_0_QuantizeLinear_Output,/model.19/Split_output_0_QuantizeLinear,QuantizeLinear,8.203021049499512,155.0,0,0,0,0.048245977610349655,6.0
737,/model.19/Split_output_1_QuantizeLinear_Output,/model.19/Split_output_1_QuantizeLinear,QuantizeLinear,6.969111442565918,140.0,0,0,0,0.048245977610349655,6.0
738,/model.23/Reshape_output_0_QuantizeLinear_Output,/model.23/Reshape_output_0_QuantizeLinear,QuantizeLinear,6.32776403427124,238.0,0,0,0,0.03240397945046425,25.0
739,/model.23/one2one_cv3.0/one2one_cv3.0.1/one2one_cv3.0.1.0/act/Sigmoid_output_0_QuantizeLinear_Output,/model.23/one2one_cv3.0/one2one_cv3.0.1/one2one_cv3.0.1.0/act/Sigmoid_output_0_QuantizeLinear,QuantizeLinear,1.0,255.0,0,0,0,0.003921568859368563,0.0
740,/model.19/Split_output_0_DequantizeLinear_Output,/model.19/Split_output_0_DequantizeLinear,DequantizeLinear,8.203021049499512,7.188650608062744,0,0,0,0.048245977610349655,6.0
741,/model.19/Split_output_1_DequantizeLinear_Output,/model.19/Split_output_1_DequantizeLinear,DequantizeLinear,6.969111442565918,6.464961051940918,0,0,0,0.048245977610349655,6.0
742,/model.23/Reshape_output_0_DequantizeLinear_Output,/model.23/Reshape_output_0_DequantizeLinear,DequantizeLinear,6.32776403427124,6.902047634124756,0,0,0,0.03240397945046425,25.0
743,/model.23/one2one_cv3.0/one2one_cv3.0.1/one2one_cv3.0.1.0/act/Sigmoid_output_0_DequantizeLinear_Output,/model.23/one2one_cv3.0/one2one_cv3.0.1/one2one_cv3.0.1.0/act/Sigmoid_output_0_DequantizeLinear,DequantizeLinear,1.0,1.0,0,0,0,0.003921568859368563,0.0
744,/model.19/m.0/cv1/conv/Conv_output_0,/model.19/m.0/cv1/conv/Conv,Conv,3.523719072341919,3.289371967315674,0,0,0,,
745,/model.19/m.0/cv2/conv/Conv_output_0,/model.19/m.0/cv2/conv/Conv,Conv,9.301168441772461,9.61804485321045,0,0,0,,
746,/model.23/one2one_cv3.0/one2one_cv3.0.1/one2one_cv3.0.1.0/act/Mul_output_0,/model.23/one2one_cv3.0/one2one_cv3.0.1/one2one_cv3.0.1.0/act/Mul,Mul,20.699012756347656,20.932783126831055,0,0,0,,
747,/model.19/m.0/cv1/conv/Conv_output_0_QuantizeLinear_Output,/model.19/m.0/cv1/conv/Conv_output_0_QuantizeLinear,QuantizeLinear,3.523719072341919,202.0,0,0,0,0.03853020444512367,131.0
748,/model.19/m.0/cv2/conv/Conv_output_0_QuantizeLinear_Output,/model.19/m.0/cv2/conv/Conv_output_0_QuantizeLinear,QuantizeLinear,9.301168441772461,200.0,0,0,0,0.11421594023704529,129.0
749,/model.23/one2one_cv3.0/one2one_cv3.0.1/one2one_cv3.0.1.0/act/Mul_output_0_QuantizeLinear_Output,/model.23/one2one_cv3.0/one2one_cv3.0.1/one2one_cv3.0.1.0/act/Mul_output_0_QuantizeLinear,QuantizeLinear,20.699012756347656,110.0,0,0,0,0.19218164682388306,1.0
750,/model.19/m.0/cv1/conv/Conv_output_0_DequantizeLinear_Output,/model.19/m.0/cv1/conv/Conv_output_0_DequantizeLinear,DequantizeLinear,3.523719072341919,3.2750673294067383,0,0,0,0.03853020444512367,131.0
751,/model.19/m.0/cv2/conv/Conv_output_0_DequantizeLinear_Output,/model.19/m.0/cv2/conv/Conv_output_0_DequantizeLinear,DequantizeLinear,9.301168441772461,9.594139099121094,0,0,0,0.11421594023704529,129.0
752,/model.23/one2one_cv3.0/one2one_cv3.0.1/one2one_cv3.0.1.0/act/Mul_output_0_DequantizeLinear_Output,/model.23/one2one_cv3.0/one2one_cv3.0.1/one2one_cv3.0.1.0/act/Mul_output_0_DequantizeLinear,DequantizeLinear,20.699012756347656,20.947799682617188,0,0,0,0.19218164682388306,1.0
753,/model.19/m.0/cv1/act/Sigmoid_output_0,/model.19/m.0/cv1/act/Sigmoid,Sigmoid,0.9569211602210999,0.93909752368927,0,0,0,,
754,/model.19/m.0/cv2/act/Sigmoid_output_0,/model.19/m.0/cv2/act/Sigmoid,Sigmoid,0.9997919797897339,0.9996993541717529,0,0,0,,
755,/model.23/one2one_cv3.0/one2one_cv3.0.1/one2one_cv3.0.1.1/conv/Conv_output_0,/model.23/one2one_cv3.0/one2one_cv3.0.1/one2one_cv3.0.1.1/conv/Conv,Conv,17.68773078918457,16.86178207397461,0,0,0,,
756,/model.19/m.0/cv1/act/Sigmoid_output_0_QuantizeLinear_Output,/model.19/m.0/cv1/act/Sigmoid_output_0_QuantizeLinear,QuantizeLinear,0.9569211602210999,242.0,0,0,0,0.003888485487550497,0.0
757,/model.19/m.0/cv2/act/Sigmoid_output_0_QuantizeLinear_Output,/model.19/m.0/cv2/act/Sigmoid_output_0_QuantizeLinear,QuantizeLinear,0.9997919797897339,255.0,0,0,0,0.003921566531062126,0.0
758,/model.23/one2one_cv3.0/one2one_cv3.0.1/one2one_cv3.0.1.1/conv/Conv_output_0_QuantizeLinear_Output,/model.23/one2one_cv3.0/one2one_cv3.0.1/one2one_cv3.0.1.1/conv/Conv_output_0_QuantizeLinear,QuantizeLinear,17.68773078918457,146.0,0,0,0,0.23351183533668518,74.0
759,/model.19/m.0/cv1/act/Sigmoid_output_0_DequantizeLinear_Output,/model.19/m.0/cv1/act/Sigmoid_output_0_DequantizeLinear,DequantizeLinear,0.9569211602210999,0.941013514995575,0,0,0,0.003888485487550497,0.0
760,/model.19/m.0/cv2/act/Sigmoid_output_0_DequantizeLinear_Output,/model.19/m.0/cv2/act/Sigmoid_output_0_DequantizeLinear,DequantizeLinear,0.9997919797897339,0.999999463558197,0,0,0,0.003921566531062126,0.0
761,/model.23/one2one_cv3.0/one2one_cv3.0.1/one2one_cv3.0.1.1/conv/Conv_output_0_DequantizeLinear_Output,/model.23/one2one_cv3.0/one2one_cv3.0.1/one2one_cv3.0.1.1/conv/Conv_output_0_DequantizeLinear,DequantizeLinear,17.68773078918457,16.81285285949707,0,0,0,0.23351183533668518,74.0
762,/model.19/m.0/cv1/act/Mul_output_0,/model.19/m.0/cv1/act/Mul,Mul,2.9671154022216797,2.5742785930633545,0,0,0,,
763,/model.19/m.0/cv2/act/Mul_output_0,/model.19/m.0/cv2/act/Mul,Mul,8.475868225097656,8.10932731628418,0,0,0,,
764,/model.23/one2one_cv3.0/one2one_cv3.0.1/one2one_cv3.0.1.1/act/Sigmoid_output_0,/model.23/one2one_cv3.0/one2one_cv3.0.1/one2one_cv3.0.1.1/act/Sigmoid,Sigmoid,1.0,1.0,0,0,0,,
765,/model.19/m.0/cv1/act/Mul_output_0_QuantizeLinear_Output,/model.19/m.0/cv1/act/Mul_output_0_QuantizeLinear,QuantizeLinear,2.9671154022216797,145.0,0,0,0,0.019627483561635017,14.0
766,/model.19/m.0/cv2/act/Mul_output_0_QuantizeLinear_Output,/model.19/m.0/cv2/act/Mul_output_0_QuantizeLinear,QuantizeLinear,8.475868225097656,146.0,0,0,0,0.057660751044750214,5.0
767,/model.23/one2one_cv3.0/one2one_cv3.0.1/one2one_cv3.0.1.1/act/Sigmoid_output_0_QuantizeLinear_Output,/model.23/one2one_cv3.0/one2one_cv3.0.1/one2one_cv3.0.1.1/act/Sigmoid_output_0_QuantizeLinear,QuantizeLinear,1.0,255.0,0,0,0,0.003921568859368563,0.0
768,/model.19/m.0/cv1/act/Mul_output_0_DequantizeLinear_Output,/model.19/m.0/cv1/act/Mul_output_0_DequantizeLinear,DequantizeLinear,2.9671154022216797,2.571200370788574,0,0,0,0.019627483561635017,14.0
769,/model.19/m.0/cv2/act/Mul_output_0_DequantizeLinear_Output,/model.19/m.0/cv2/act/Mul_output_0_DequantizeLinear,DequantizeLinear,8.475868225097656,8.130166053771973,0,0,0,0.057660751044750214,5.0
770,/model.23/one2one_cv3.0/one2one_cv3.0.1/one2one_cv3.0.1.1/act/Sigmoid_output_0_DequantizeLinear_Output,/model.23/one2one_cv3.0/one2one_cv3.0.1/one2one_cv3.0.1.1/act/Sigmoid_output_0_DequantizeLinear,DequantizeLinear,1.0,1.0,0,0,0,0.003921568859368563,0.0
771,/model.19/m.0/m/m.0/cv1/conv/Conv_output_0,/model.19/m.0/m/m.0/cv1/conv/Conv,Conv,7.223441123962402,7.4577860832214355,0,0,0,,
772,/model.23/one2one_cv3.0/one2one_cv3.0.1/one2one_cv3.0.1.1/act/Mul_output_0,/model.23/one2one_cv3.0/one2one_cv3.0.1/one2one_cv3.0.1.1/act/Mul,Mul,17.687728881835938,16.81285285949707,0,0,0,,
773,/model.19/m.0/m/m.0/cv1/conv/Conv_output_0_QuantizeLinear_Output,/model.19/m.0/m/m.0/cv1/conv/Conv_output_0_QuantizeLinear,QuantizeLinear,7.223441123962402,178.0,0,0,0,0.08566417545080185,116.0
774,/model.23/one2one_cv3.0/one2one_cv3.0.1/one2one_cv3.0.1.1/act/Mul_output_0_QuantizeLinear_Output,/model.23/one2one_cv3.0/one2one_cv3.0.1/one2one_cv3.0.1.1/act/Mul_output_0_QuantizeLinear,QuantizeLinear,17.687728881835938,103.0,0,0,0,0.16696026921272278,2.0
775,/model.19/m.0/m/m.0/cv1/conv/Conv_output_0_DequantizeLinear_Output,/model.19/m.0/m/m.0/cv1/conv/Conv_output_0_DequantizeLinear,DequantizeLinear,7.223441123962402,7.452783107757568,0,0,0,0.08566417545080185,116.0
776,/model.23/one2one_cv3.0/one2one_cv3.0.1/one2one_cv3.0.1.1/act/Mul_output_0_DequantizeLinear_Output,/model.23/one2one_cv3.0/one2one_cv3.0.1/one2one_cv3.0.1.1/act/Mul_output_0_DequantizeLinear,DequantizeLinear,17.687728881835938,16.862987518310547,0,0,0,0.16696026921272278,2.0
777,/model.19/m.0/m/m.0/cv1/act/Sigmoid_output_0,/model.19/m.0/m/m.0/cv1/act/Sigmoid,Sigmoid,0.9988992214202881,0.9950881004333496,0,0,0,,
778,/model.23/one2one_cv3.0/one2one_cv3.0.2/Conv_output_0,/model.23/one2one_cv3.0/one2one_cv3.0.2/Conv,Conv,45.27446365356445,44.30049133300781,0,0,0,,
779,/model.19/m.0/m/m.0/cv1/act/Sigmoid_output_0_QuantizeLinear_Output,/model.19/m.0/m/m.0/cv1/act/Sigmoid_output_0_QuantizeLinear,QuantizeLinear,0.9988992214202881,254.0,0,0,0,0.003921542316675186,0.0
780,/model.23/one2one_cv3.0/one2one_cv3.0.2/Conv_output_0_QuantizeLinear_Output,/model.23/one2one_cv3.0/one2one_cv3.0.2/Conv_output_0_QuantizeLinear,QuantizeLinear,45.27446365356445,235.0,0,0,0,0.2777239680290222,245.0
781,/model.19/m.0/m/m.0/cv1/act/Sigmoid_output_0_DequantizeLinear_Output,/model.19/m.0/m/m.0/cv1/act/Sigmoid_output_0_DequantizeLinear,DequantizeLinear,0.9988992214202881,0.9960717558860779,0,0,0,0.003921542316675186,0.0
782,/model.23/one2one_cv3.0/one2one_cv3.0.2/Conv_output_0_DequantizeLinear_Output,/model.23/one2one_cv3.0/one2one_cv3.0.2/Conv_output_0_DequantizeLinear,DequantizeLinear,45.27446365356445,44.43583679199219,0,0,0,0.2777239680290222,245.0
783,/model.19/m.0/m/m.0/cv1/act/Mul_output_0,/model.19/m.0/m/m.0/cv1/act/Mul,Mul,6.803123474121094,5.2903151512146,0,0,0,,
784,/model.23/Reshape_3_output_0,/model.23/Reshape_3,Reshape,45.27446365356445,44.43583679199219,0,0,0,,
785,/model.19/m.0/m/m.0/cv1/act/Mul_output_0_QuantizeLinear_Output,/model.19/m.0/m/m.0/cv1/act/Mul_output_0_QuantizeLinear,QuantizeLinear,6.803123474121094,117.0,0,0,0,0.04783565178513527,6.0
786,/model.23/Reshape_3_output_0_QuantizeLinear_Output,/model.23/Reshape_3_output_0_QuantizeLinear,QuantizeLinear,45.27446365356445,235.0,0,0,0,0.2777239680290222,245.0
787,/model.19/m.0/m/m.0/cv1/act/Mul_output_0_DequantizeLinear_Output,/model.19/m.0/m/m.0/cv1/act/Mul_output_0_DequantizeLinear,DequantizeLinear,6.803123474121094,5.309757232666016,0,0,0,0.04783565178513527,6.0
788,/model.23/Reshape_3_output_0_DequantizeLinear_Output,/model.23/Reshape_3_output_0_DequantizeLinear,DequantizeLinear,45.27446365356445,44.43583679199219,0,0,0,0.2777239680290222,245.0
789,/model.19/m.0/m/m.0/cv2/conv/Conv_output_0,/model.19/m.0/m/m.0/cv2/conv/Conv,Conv,7.078768730163574,6.39396333694458,0,0,0,,
790,/model.19/m.0/m/m.0/cv2/conv/Conv_output_0_QuantizeLinear_Output,/model.19/m.0/m/m.0/cv2/conv/Conv_output_0_QuantizeLinear,QuantizeLinear,7.078768730163574,190.0,0,0,0,0.08624141663312912,136.0
791,/model.19/m.0/m/m.0/cv2/conv/Conv_output_0_DequantizeLinear_Output,/model.19/m.0/m/m.0/cv2/conv/Conv_output_0_DequantizeLinear,DequantizeLinear,7.078768730163574,6.38186502456665,0,0,0,0.08624141663312912,136.0
792,/model.19/m.0/m/m.0/cv2/act/Sigmoid_output_0,/model.19/m.0/m/m.0/cv2/act/Sigmoid,Sigmoid,0.996619701385498,0.990594744682312,0,0,0,,
793,/model.19/m.0/m/m.0/cv2/act/Sigmoid_output_0_QuantizeLinear_Output,/model.19/m.0/m/m.0/cv2/act/Sigmoid_output_0_QuantizeLinear,QuantizeLinear,0.996619701385498,253.0,0,0,0,0.00392142916098237,0.0
794,/model.19/m.0/m/m.0/cv2/act/Sigmoid_output_0_DequantizeLinear_Output,/model.19/m.0/m/m.0/cv2/act/Sigmoid_output_0_DequantizeLinear,DequantizeLinear,0.996619701385498,0.9921215772628784,0,0,0,0.00392142916098237,0.0
795,/model.19/m.0/m/m.0/cv2/act/Mul_output_0,/model.19/m.0/m/m.0/cv2/act/Mul,Mul,5.667198181152344,4.6203460693359375,0,0,0,,
796,/model.19/m.0/m/m.0/cv2/act/Mul_output_0_QuantizeLinear_Output,/model.19/m.0/m/m.0/cv2/act/Mul_output_0_QuantizeLinear,QuantizeLinear,5.667198181152344,119.0,0,0,0,0.041262947022914886,7.0
797,/model.19/m.0/m/m.0/cv2/act/Mul_output_0_DequantizeLinear_Output,/model.19/m.0/m/m.0/cv2/act/Mul_output_0_DequantizeLinear,DequantizeLinear,5.667198181152344,4.621449947357178,0,0,0,0.041262947022914886,7.0
798,/model.19/m.0/m/m.0/Add_output_0,/model.19/m.0/m/m.0/Add,Add,5.6631693840026855,6.078550815582275,0,0,0,,
799,/model.19/m.0/m/m.0/Add_output_0_QuantizeLinear_Output,/model.19/m.0/m/m.0/Add_output_0_QuantizeLinear,QuantizeLinear,5.6631693840026855,135.0,0,0,0,0.04892580211162567,11.0
800,/model.19/m.0/m/m.0/Add_output_0_DequantizeLinear_Output,/model.19/m.0/m/m.0/Add_output_0_DequantizeLinear,DequantizeLinear,5.6631693840026855,6.066799640655518,0,0,0,0.04892580211162567,11.0
801,/model.19/m.0/m/m.1/cv1/conv/Conv_output_0,/model.19/m.0/m/m.1/cv1/conv/Conv,Conv,6.968317031860352,6.720067977905273,0,0,0,,
802,/model.19/m.0/m/m.1/cv1/conv/Conv_output_0_QuantizeLinear_Output,/model.19/m.0/m/m.1/cv1/conv/Conv_output_0_QuantizeLinear,QuantizeLinear,6.968317031860352,202.0,0,0,0,0.09167551249265671,129.0
803,/model.19/m.0/m/m.1/cv1/conv/Conv_output_0_DequantizeLinear_Output,/model.19/m.0/m/m.1/cv1/conv/Conv_output_0_DequantizeLinear,DequantizeLinear,6.968317031860352,6.692312240600586,0,0,0,0.09167551249265671,129.0
804,/model.19/m.0/m/m.1/cv1/act/Sigmoid_output_0,/model.19/m.0/m/m.1/cv1/act/Sigmoid,Sigmoid,0.9990596771240234,0.9987611770629883,0,0,0,,
805,/model.19/m.0/m/m.1/cv1/act/Sigmoid_output_0_QuantizeLinear_Output,/model.19/m.0/m/m.1/cv1/act/Sigmoid_output_0_QuantizeLinear,QuantizeLinear,0.9990596771240234,255.0,0,0,0,0.003921532072126865,0.0
806,/model.19/m.0/m/m.1/cv1/act/Sigmoid_output_0_DequantizeLinear_Output,/model.19/m.0/m/m.1/cv1/act/Sigmoid_output_0_DequantizeLinear,DequantizeLinear,0.9990596771240234,0.999990701675415,0,0,0,0.003921532072126865,0.0
807,/model.19/m.0/m/m.1/cv1/act/Mul_output_0,/model.19/m.0/m/m.1/cv1/act/Mul,Mul,6.961764335632324,6.692249774932861,0,0,0,,
808,/model.19/m.0/m/m.1/cv1/act/Mul_output_0_QuantizeLinear_Output,/model.19/m.0/m/m.1/cv1/act/Mul_output_0_QuantizeLinear,QuantizeLinear,6.961764335632324,150.0,0,0,0,0.04653313755989075,6.0
809,/model.19/m.0/m/m.1/cv1/act/Mul_output_0_DequantizeLinear_Output,/model.19/m.0/m/m.1/cv1/act/Mul_output_0_DequantizeLinear,DequantizeLinear,6.961764335632324,6.700771808624268,0,0,0,0.04653313755989075,6.0
810,/model.19/m.0/m/m.1/cv2/conv/Conv_output_0,/model.19/m.0/m/m.1/cv2/conv/Conv,Conv,26.466848373413086,21.693021774291992,0,0,0,,
811,/model.19/m.0/m/m.1/cv2/conv/Conv_output_0_QuantizeLinear_Output,/model.19/m.0/m/m.1/cv2/conv/Conv_output_0_QuantizeLinear,QuantizeLinear,26.466848373413086,208.0,0,0,0,0.2451333999633789,120.0
812,/model.19/m.0/m/m.1/cv2/conv/Conv_output_0_DequantizeLinear_Output,/model.19/m.0/m/m.1/cv2/conv/Conv_output_0_DequantizeLinear,DequantizeLinear,26.466848373413086,21.571739196777344,0,0,0,0.2451333999633789,120.0
813,/model.19/m.0/m/m.1/cv2/act/Sigmoid_output_0,/model.19/m.0/m/m.1/cv2/act/Sigmoid,Sigmoid,1.0,1.0,0,0,0,,
814,/model.19/m.0/m/m.1/cv2/act/Sigmoid_output_0_QuantizeLinear_Output,/model.19/m.0/m/m.1/cv2/act/Sigmoid_output_0_QuantizeLinear,QuantizeLinear,1.0,255.0,0,0,0,0.003921568859368563,0.0
815,/model.19/m.0/m/m.1/cv2/act/Sigmoid_output_0_DequantizeLinear_Output,/model.19/m.0/m/m.1/cv2/act/Sigmoid_output_0_DequantizeLinear,DequantizeLinear,1.0,1.0,0,0,0,0.003921568859368563,0.0
816,/model.19/m.0/m/m.1/cv2/act/Mul_output_0,/model.19/m.0/m/m.1/cv2/act/Mul,Mul,26.466848373413086,21.571739196777344,0,0,0,,
817,/model.19/m.0/m/m.1/cv2/act/Mul_output_0_QuantizeLinear_Output,/model.19/m.0/m/m.1/cv2/act/Mul_output_0_QuantizeLinear,QuantizeLinear,26.466848373413086,166.0,0,0,0,0.1312749981880188,2.0
818,/model.19/m.0/m/m.1/cv2/act/Mul_output_0_DequantizeLinear_Output,/model.19/m.0/m/m.1/cv2/act/Mul_output_0_DequantizeLinear,DequantizeLinear,26.466848373413086,21.52910041809082,0,0,0,0.1312749981880188,2.0
819,/model.19/m.0/m/m.1/Add_output_0,/model.19/m.0/m/m.1/Add,Add,31.978740692138672,24.76403045654297,0,0,0,,
820,/model.19/m.0/m/m.1/Add_output_0_QuantizeLinear_Output,/model.19/m.0/m/m.1/Add_output_0_QuantizeLinear,QuantizeLinear,31.978740692138672,159.0,0,0,0,0.16114091873168945,5.0
821,/model.19/m.0/m/m.1/Add_output_0_DequantizeLinear_Output,/model.19/m.0/m/m.1/Add_output_0_DequantizeLinear,DequantizeLinear,31.978740692138672,24.81570053100586,0,0,0,0.16114091873168945,5.0
822,/model.19/m.0/Concat_output_0,/model.19/m.0/Concat,Concat,31.978740692138672,24.81570053100586,0,0,0,,
823,/model.19/m.0/Concat_output_0_QuantizeLinear_Output,/model.19/m.0/Concat_output_0_QuantizeLinear,QuantizeLinear,31.978740692138672,159.0,0,0,0,0.16114091873168945,5.0
824,/model.19/m.0/Concat_output_0_DequantizeLinear_Output,/model.19/m.0/Concat_output_0_DequantizeLinear,DequantizeLinear,31.978740692138672,24.81570053100586,0,0,0,0.16114091873168945,5.0
825,/model.19/m.0/cv3/conv/Conv_output_0,/model.19/m.0/cv3/conv/Conv,Conv,38.63255310058594,40.618553161621094,0,0,0,,
826,/model.19/m.0/cv3/conv/Conv_output_0_QuantizeLinear_Output,/model.19/m.0/cv3/conv/Conv_output_0_QuantizeLinear,QuantizeLinear,38.63255310058594,240.0,0,0,0,0.24120299518108368,199.0
827,/model.19/m.0/cv3/conv/Conv_output_0_DequantizeLinear_Output,/model.19/m.0/cv3/conv/Conv_output_0_DequantizeLinear,DequantizeLinear,38.63255310058594,40.52210235595703,0,0,0,0.24120299518108368,199.0
828,/model.19/m.0/cv3/act/Sigmoid_output_0,/model.19/m.0/cv3/act/Sigmoid,Sigmoid,0.9999538064002991,0.9999492764472961,0,0,0,,
829,/model.19/m.0/cv3/act/Sigmoid_output_0_QuantizeLinear_Output,/model.19/m.0/cv3/act/Sigmoid_output_0_QuantizeLinear,QuantizeLinear,0.9999538064002991,255.0,0,0,0,0.003921563737094402,0.0
830,/model.19/m.0/cv3/act/Sigmoid_output_0_DequantizeLinear_Output,/model.19/m.0/cv3/act/Sigmoid_output_0_DequantizeLinear,DequantizeLinear,0.9999538064002991,0.9999987483024597,0,0,0,0.003921563737094402,0.0
831,/model.19/m.0/cv3/act/Mul_output_0,/model.19/m.0/cv3/act/Mul,Mul,9.982966423034668,9.889310836791992,0,0,0,,
832,/model.19/m.0/cv3/act/Mul_output_0_QuantizeLinear_Output,/model.19/m.0/cv3/act/Mul_output_0_QuantizeLinear,QuantizeLinear,9.982966423034668,187.0,0,0,0,0.05448076128959656,5.0
833,/model.19/m.0/cv3/act/Mul_output_0_DequantizeLinear_Output,/model.19/m.0/cv3/act/Mul_output_0_DequantizeLinear,DequantizeLinear,9.982966423034668,9.915498733520508,0,0,0,0.05448076128959656,5.0
834,/model.19/Concat_output_0,/model.19/Concat,Concat,9.982966423034668,9.915498733520508,0,0,0,,
835,/model.19/Concat_output_0_QuantizeLinear_Output,/model.19/Concat_output_0_QuantizeLinear,QuantizeLinear,9.982966423034668,187.0,0,0,0,0.05448076128959656,5.0
836,/model.19/Concat_output_0_DequantizeLinear_Output,/model.19/Concat_output_0_DequantizeLinear,DequantizeLinear,9.982966423034668,9.915498733520508,0,0,0,0.05448076128959656,5.0
837,/model.19/cv2/conv/Conv_output_0,/model.19/cv2/conv/Conv,Conv,29.124500274658203,20.51424217224121,0,0,0,,
838,/model.19/cv2/conv/Conv_output_0_QuantizeLinear_Output,/model.19/cv2/conv/Conv_output_0_QuantizeLinear,QuantizeLinear,29.124500274658203,246.0,0,0,0,0.20575261116027832,190.0
839,/model.19/cv2/conv/Conv_output_0_DequantizeLinear_Output,/model.19/cv2/conv/Conv_output_0_DequantizeLinear,DequantizeLinear,29.124500274658203,20.575260162353516,0,0,0,0.20575261116027832,190.0
840,/model.19/cv2/act/Sigmoid_output_0,/model.19/cv2/act/Sigmoid,Sigmoid,0.9999950528144836,0.9999901056289673,0,0,0,,
841,/model.19/cv2/act/Sigmoid_output_0_QuantizeLinear_Output,/model.19/cv2/act/Sigmoid_output_0_QuantizeLinear,QuantizeLinear,0.9999950528144836,255.0,0,0,0,0.00392156234011054,0.0
842,/model.19/cv2/act/Sigmoid_output_0_DequantizeLinear_Output,/model.19/cv2/act/Sigmoid_output_0_DequantizeLinear,DequantizeLinear,0.9999950528144836,0.9999983906745911,0,0,0,0.00392156234011054,0.0
843,/model.19/cv2/act/Mul_output_0,/model.19/cv2/act/Mul,Mul,12.217211723327637,11.522128105163574,0,0,0,,
844,/model.19/cv2/act/Mul_output_0_QuantizeLinear_Output,/model.19/cv2/act/Mul_output_0_QuantizeLinear,QuantizeLinear,12.217211723327637,221.0,0,0,0,0.053402550518512726,5.0
845,/model.19/cv2/act/Mul_output_0_DequantizeLinear_Output,/model.19/cv2/act/Mul_output_0_DequantizeLinear,DequantizeLinear,12.217211723327637,11.534951210021973,0,0,0,0.053402550518512726,5.0
846,/model.20/conv/Conv_output_0,/model.20/conv/Conv,Conv,7.151984214782715,6.5021891593933105,0,0,0,,
847,/model.23/one2one_cv2.1/one2one_cv2.1.0/conv/Conv_output_0,/model.23/one2one_cv2.1/one2one_cv2.1.0/conv/Conv,Conv,10.109448432922363,10.584785461425781,0,0,0,,
848,/model.23/one2one_cv3.1/one2one_cv3.1.0/one2one_cv3.1.0.0/conv/Conv_output_0,/model.23/one2one_cv3.1/one2one_cv3.1.0/one2one_cv3.1.0.0/conv/Conv,Conv,30.297367095947266,35.848602294921875,0,0,0,,
849,/model.20/conv/Conv_output_0_QuantizeLinear_Output,/model.20/conv/Conv_output_0_QuantizeLinear,QuantizeLinear,7.151984214782715,214.0,0,0,0,0.08300938457250595,144.0
850,/model.23/one2one_cv2.1/one2one_cv2.1.0/conv/Conv_output_0_QuantizeLinear_Output,/model.23/one2one_cv2.1/one2one_cv2.1.0/conv/Conv_output_0_QuantizeLinear,QuantizeLinear,10.109448432922363,241.0,0,0,0,0.08507872372865677,117.0
851,/model.23/one2one_cv3.1/one2one_cv3.1.0/one2one_cv3.1.0.0/conv/Conv_output_0_QuantizeLinear_Output,/model.23/one2one_cv3.1/one2one_cv3.1.0/one2one_cv3.1.0.0/conv/Conv_output_0_QuantizeLinear,QuantizeLinear,30.297367095947266,212.0,0,0,0,0.28206688165664673,85.0
852,/model.20/conv/Conv_output_0_DequantizeLinear_Output,/model.20/conv/Conv_output_0_DequantizeLinear,DequantizeLinear,7.151984214782715,6.474731922149658,0,0,0,0.08300938457250595,144.0
853,/model.23/one2one_cv2.1/one2one_cv2.1.0/conv/Conv_output_0_DequantizeLinear_Output,/model.23/one2one_cv2.1/one2one_cv2.1.0/conv/Conv_output_0_DequantizeLinear,DequantizeLinear,10.109448432922363,10.549761772155762,0,0,0,0.08507872372865677,117.0
854,/model.23/one2one_cv3.1/one2one_cv3.1.0/one2one_cv3.1.0.0/conv/Conv_output_0_DequantizeLinear_Output,/model.23/one2one_cv3.1/one2one_cv3.1.0/one2one_cv3.1.0.0/conv/Conv_output_0_DequantizeLinear,DequantizeLinear,30.297367095947266,35.82249450683594,0,0,0,0.28206688165664673,85.0
855,/model.20/act/Sigmoid_output_0,/model.20/act/Sigmoid,Sigmoid,0.9974024295806885,0.9970134496688843,0,0,0,,
856,/model.23/one2one_cv2.1/one2one_cv2.1.0/act/Sigmoid_output_0,/model.23/one2one_cv2.1/one2one_cv2.1.0/act/Sigmoid,Sigmoid,0.9999593496322632,0.9999737739562988,0,0,0,,
857,/model.23/one2one_cv3.1/one2one_cv3.1.0/one2one_cv3.1.0.0/act/Sigmoid_output_0,/model.23/one2one_cv3.1/one2one_cv3.1.0/one2one_cv3.1.0.0/act/Sigmoid,Sigmoid,1.0,1.0,0,0,0,,
858,/model.20/act/Sigmoid_output_0_QuantizeLinear_Output,/model.20/act/Sigmoid_output_0_QuantizeLinear,QuantizeLinear,0.9974024295806885,254.0,0,0,0,0.003921186085790396,0.0
859,/model.23/one2one_cv2.1/one2one_cv2.1.0/act/Sigmoid_output_0_QuantizeLinear_Output,/model.23/one2one_cv2.1/one2one_cv2.1.0/act/Sigmoid_output_0_QuantizeLinear,QuantizeLinear,0.9999593496322632,255.0,0,0,0,0.003921537194401026,0.0
860,/model.23/one2one_cv3.1/one2one_cv3.1.0/one2one_cv3.1.0.0/act/Sigmoid_output_0_QuantizeLinear_Output,/model.23/one2one_cv3.1/one2one_cv3.1.0/one2one_cv3.1.0.0/act/Sigmoid_output_0_QuantizeLinear,QuantizeLinear,1.0,255.0,0,0,0,0.003921568859368563,0.0
861,/model.20/act/Sigmoid_output_0_DequantizeLinear_Output,/model.20/act/Sigmoid_output_0_DequantizeLinear,DequantizeLinear,0.9974024295806885,0.9959812760353088,0,0,0,0.003921186085790396,0.0
862,/model.23/one2one_cv2.1/one2one_cv2.1.0/act/Sigmoid_output_0_DequantizeLinear_Output,/model.23/one2one_cv2.1/one2one_cv2.1.0/act/Sigmoid_output_0_DequantizeLinear,DequantizeLinear,0.9999593496322632,0.9999920129776001,0,0,0,0.003921537194401026,0.0
863,/model.23/one2one_cv3.1/one2one_cv3.1.0/one2one_cv3.1.0.0/act/Sigmoid_output_0_DequantizeLinear_Output,/model.23/one2one_cv3.1/one2one_cv3.1.0/one2one_cv3.1.0.0/act/Sigmoid_output_0_DequantizeLinear,DequantizeLinear,1.0,1.0,0,0,0,0.003921568859368563,0.0
864,/model.20/act/Mul_output_0,/model.20/act/Mul,Mul,5.9351348876953125,5.78730583190918,0,0,0,,
865,/model.23/one2one_cv2.1/one2one_cv2.1.0/act/Mul_output_0,/model.23/one2one_cv2.1/one2one_cv2.1.0/act/Mul,Mul,10.109037399291992,10.549677848815918,0,0,0,,
866,/model.23/one2one_cv3.1/one2one_cv3.1.0/one2one_cv3.1.0.0/act/Mul_output_0,/model.23/one2one_cv3.1/one2one_cv3.1.0/one2one_cv3.1.0.0/act/Mul,Mul,30.297367095947266,35.82249450683594,0,0,0,,
867,/model.20/act/Mul_output_0_QuantizeLinear_Output,/model.20/act/Mul_output_0_QuantizeLinear,QuantizeLinear,5.9351348876953125,162.0,0,0,0,0.037302326411008835,7.0
868,/model.23/one2one_cv2.1/one2one_cv2.1.0/act/Mul_output_0_QuantizeLinear_Output,/model.23/one2one_cv2.1/one2one_cv2.1.0/act/Mul_output_0_QuantizeLinear,QuantizeLinear,10.109037399291992,230.0,0,0,0,0.04710632935166359,6.0
869,/model.23/one2one_cv3.1/one2one_cv3.1.0/one2one_cv3.1.0.0/act/Mul_output_0_QuantizeLinear_Output,/model.23/one2one_cv3.1/one2one_cv3.1.0/one2one_cv3.1.0.0/act/Mul_output_0_QuantizeLinear,QuantizeLinear,30.297367095947266,190.0,0,0,0,0.18956023454666138,1.0
870,/model.20/act/Mul_output_0_DequantizeLinear_Output,/model.20/act/Mul_output_0_DequantizeLinear,DequantizeLinear,5.9351348876953125,5.781860828399658,0,0,0,0.037302326411008835,7.0
871,/model.23/one2one_cv2.1/one2one_cv2.1.0/act/Mul_output_0_DequantizeLinear_Output,/model.23/one2one_cv2.1/one2one_cv2.1.0/act/Mul_output_0_DequantizeLinear,DequantizeLinear,10.109037399291992,10.551817893981934,0,0,0,0.04710632935166359,6.0
872,/model.23/one2one_cv3.1/one2one_cv3.1.0/one2one_cv3.1.0.0/act/Mul_output_0_DequantizeLinear_Output,/model.23/one2one_cv3.1/one2one_cv3.1.0/one2one_cv3.1.0.0/act/Mul_output_0_DequantizeLinear,DequantizeLinear,30.297367095947266,35.82688522338867,0,0,0,0.18956023454666138,1.0
873,/model.21/Concat_output_0,/model.21/Concat,Concat,9.634512901306152,8.682490348815918,0,0,0,,
874,/model.23/one2one_cv2.1/one2one_cv2.1.1/conv/Conv_output_0,/model.23/one2one_cv2.1/one2one_cv2.1.1/conv/Conv,Conv,7.271217346191406,7.215095520019531,0,0,0,,
875,/model.23/one2one_cv3.1/one2one_cv3.1.0/one2one_cv3.1.0.1/conv/Conv_output_0,/model.23/one2one_cv3.1/one2one_cv3.1.0/one2one_cv3.1.0.1/conv/Conv,Conv,12.693906784057617,17.686086654663086,0,0,0,,
876,/model.21/Concat_output_0_QuantizeLinear_Output,/model.21/Concat_output_0_QuantizeLinear,QuantizeLinear,9.634512901306152,148.0,0,0,0,0.06071671470999718,5.0
877,/model.23/one2one_cv2.1/one2one_cv2.1.1/conv/Conv_output_0_QuantizeLinear_Output,/model.23/one2one_cv2.1/one2one_cv2.1.1/conv/Conv_output_0_QuantizeLinear,QuantizeLinear,7.271217346191406,240.0,0,0,0,0.057299550622701645,149.0
878,/model.23/one2one_cv3.1/one2one_cv3.1.0/one2one_cv3.1.0.1/conv/Conv_output_0_QuantizeLinear_Output,/model.23/one2one_cv3.1/one2one_cv3.1.0/one2one_cv3.1.0.1/conv/Conv_output_0_QuantizeLinear,QuantizeLinear,12.693906784057617,224.0,0,0,0,0.14581863582134247,159.0
879,/model.21/Concat_output_0_DequantizeLinear_Output,/model.21/Concat_output_0_DequantizeLinear,DequantizeLinear,9.634512901306152,8.682490348815918,0,0,0,0.06071671470999718,5.0
880,/model.23/one2one_cv2.1/one2one_cv2.1.1/conv/Conv_output_0_DequantizeLinear_Output,/model.23/one2one_cv2.1/one2one_cv2.1.1/conv/Conv_output_0_DequantizeLinear,DequantizeLinear,7.271217346191406,7.219743251800537,0,0,0,0.057299550622701645,149.0
881,/model.23/one2one_cv3.1/one2one_cv3.1.0/one2one_cv3.1.0.1/conv/Conv_output_0_DequantizeLinear_Output,/model.23/one2one_cv3.1/one2one_cv3.1.0/one2one_cv3.1.0.1/conv/Conv_output_0_DequantizeLinear,DequantizeLinear,12.693906784057617,17.644054412841797,0,0,0,0.14581863582134247,159.0
882,/model.22/cv1/conv/Conv_output_0,/model.22/cv1/conv/Conv,Conv,11.543595314025879,12.26041030883789,0,0,0,,
883,/model.23/one2one_cv2.1/one2one_cv2.1.1/act/Sigmoid_output_0,/model.23/one2one_cv2.1/one2one_cv2.1.1/act/Sigmoid,Sigmoid,0.970788836479187,0.9945909976959229,0,0,0,,
884,/model.23/one2one_cv3.1/one2one_cv3.1.0/one2one_cv3.1.0.1/act/Sigmoid_output_0,/model.23/one2one_cv3.1/one2one_cv3.1.0/one2one_cv3.1.0.1/act/Sigmoid,Sigmoid,0.999866247177124,0.9999234676361084,0,0,0,,
885,/model.22/cv1/conv/Conv_output_0_QuantizeLinear_Output,/model.22/cv1/conv/Conv_output_0_QuantizeLinear,QuantizeLinear,11.543595314025879,204.0,0,0,0,0.11720576882362366,118.0
886,/model.23/one2one_cv2.1/one2one_cv2.1.1/act/Sigmoid_output_0_QuantizeLinear_Output,/model.23/one2one_cv2.1/one2one_cv2.1.1/act/Sigmoid_output_0_QuantizeLinear,QuantizeLinear,0.970788836479187,254.0,0,0,0,0.003912726417183876,0.0
887,/model.23/one2one_cv3.1/one2one_cv3.1.0/one2one_cv3.1.0.1/act/Sigmoid_output_0_QuantizeLinear_Output,/model.23/one2one_cv3.1/one2one_cv3.1.0/one2one_cv3.1.0.1/act/Sigmoid_output_0_QuantizeLinear,QuantizeLinear,0.999866247177124,255.0,0,0,0,0.003921565134078264,0.0
888,/model.22/cv1/conv/Conv_output_0_DequantizeLinear_Output,/model.22/cv1/conv/Conv_output_0_DequantizeLinear,DequantizeLinear,11.543595314025879,12.306605339050293,0,0,0,0.11720576882362366,118.0
889,/model.23/one2one_cv2.1/one2one_cv2.1.1/act/Sigmoid_output_0_DequantizeLinear_Output,/model.23/one2one_cv2.1/one2one_cv2.1.1/act/Sigmoid_output_0_DequantizeLinear,DequantizeLinear,0.970788836479187,0.993832528591156,0,0,0,0.003912726417183876,0.0
890,/model.23/one2one_cv3.1/one2one_cv3.1.0/one2one_cv3.1.0.1/act/Sigmoid_output_0_DequantizeLinear_Output,/model.23/one2one_cv3.1/one2one_cv3.1.0/one2one_cv3.1.0.1/act/Sigmoid_output_0_DequantizeLinear,DequantizeLinear,0.999866247177124,0.9999991059303284,0,0,0,0.003921565134078264,0.0
891,/model.22/cv1/act/Sigmoid_output_0,/model.22/cv1/act/Sigmoid,Sigmoid,0.9999903440475464,0.9999580383300781,0,0,0,,
892,/model.23/one2one_cv2.1/one2one_cv2.1.1/act/Mul_output_0,/model.23/one2one_cv2.1/one2one_cv2.1.1/act/Mul,Mul,3.401214599609375,5.182100296020508,0,0,0,,
893,/model.23/one2one_cv3.1/one2one_cv3.1.0/one2one_cv3.1.0.1/act/Mul_output_0,/model.23/one2one_cv3.1/one2one_cv3.1.0/one2one_cv3.1.0.1/act/Mul,Mul,8.918380737304688,9.478202819824219,0,0,0,,
894,/model.22/cv1/act/Sigmoid_output_0_QuantizeLinear_Output,/model.22/cv1/act/Sigmoid_output_0_QuantizeLinear,QuantizeLinear,0.9999903440475464,255.0,0,0,0,0.003921567928045988,0.0
895,/model.23/one2one_cv2.1/one2one_cv2.1.1/act/Mul_output_0_QuantizeLinear_Output,/model.23/one2one_cv2.1/one2one_cv2.1.1/act/Mul_output_0_QuantizeLinear,QuantizeLinear,3.401214599609375,219.0,0,0,0,0.02493004873394966,11.0
896,/model.23/one2one_cv3.1/one2one_cv3.1.0/one2one_cv3.1.0.1/act/Mul_output_0_QuantizeLinear_Output,/model.23/one2one_cv3.1/one2one_cv3.1.0/one2one_cv3.1.0.1/act/Mul_output_0_QuantizeLinear,QuantizeLinear,8.918380737304688,175.0,0,0,0,0.05582086741924286,5.0
897,/model.22/cv1/act/Sigmoid_output_0_DequantizeLinear_Output,/model.22/cv1/act/Sigmoid_output_0_DequantizeLinear,DequantizeLinear,0.9999903440475464,0.9999998211860657,0,0,0,0.003921567928045988,0.0
898,/model.23/one2one_cv2.1/one2one_cv2.1.1/act/Mul_output_0_DequantizeLinear_Output,/model.23/one2one_cv2.1/one2one_cv2.1.1/act/Mul_output_0_DequantizeLinear,DequantizeLinear,3.401214599609375,5.185450077056885,0,0,0,0.02493004873394966,11.0
899,/model.23/one2one_cv3.1/one2one_cv3.1.0/one2one_cv3.1.0.1/act/Mul_output_0_DequantizeLinear_Output,/model.23/one2one_cv3.1/one2one_cv3.1.0/one2one_cv3.1.0.1/act/Mul_output_0_DequantizeLinear,DequantizeLinear,8.918380737304688,9.489547729492188,0,0,0,0.05582086741924286,5.0
900,/model.22/cv1/act/Mul_output_0,/model.22/cv1/act/Mul,Mul,11.54348373413086,10.079693794250488,0,0,0,,
901,/model.23/one2one_cv2.1/one2one_cv2.1.2/Conv_output_0,/model.23/one2one_cv2.1/one2one_cv2.1.2/Conv,Conv,12.864794731140137,16.08232879638672,0,0,0,,
902,/model.23/one2one_cv3.1/one2one_cv3.1.1/one2one_cv3.1.1.0/conv/Conv_output_0,/model.23/one2one_cv3.1/one2one_cv3.1.1/one2one_cv3.1.1.0/conv/Conv,Conv,26.264694213867188,40.53823471069336,0,0,0,,
903,/model.22/cv1/act/Mul_output_0_QuantizeLinear_Output,/model.22/cv1/act/Mul_output_0_QuantizeLinear,QuantizeLinear,11.54348373413086,161.0,0,0,0,0.06401937454938889,4.0
904,/model.23/one2one_cv2.1/one2one_cv2.1.2/Conv_output_0_QuantizeLinear_Output,/model.23/one2one_cv2.1/one2one_cv2.1.2/Conv_output_0_QuantizeLinear,QuantizeLinear,12.864794731140137,232.0,0,0,0,0.06988705694675446,2.0
905,/model.23/one2one_cv3.1/one2one_cv3.1.1/one2one_cv3.1.1.0/conv/Conv_output_0_QuantizeLinear_Output,/model.23/one2one_cv3.1/one2one_cv3.1.1/one2one_cv3.1.1.0/conv/Conv_output_0_QuantizeLinear,QuantizeLinear,26.264694213867188,202.0,0,0,0,0.5482696890830994,128.0
906,/model.22/cv1/act/Mul_output_0_DequantizeLinear_Output,/model.22/cv1/act/Mul_output_0_DequantizeLinear,DequantizeLinear,11.54348373413086,10.051041603088379,0,0,0,0.06401937454938889,4.0
907,/model.23/one2one_cv2.1/one2one_cv2.1.2/Conv_output_0_DequantizeLinear_Output,/model.23/one2one_cv2.1/one2one_cv2.1.2/Conv_output_0_DequantizeLinear,DequantizeLinear,12.864794731140137,16.07402229309082,0,0,0,0.06988705694675446,2.0
908,/model.23/one2one_cv3.1/one2one_cv3.1.1/one2one_cv3.1.1.0/conv/Conv_output_0_DequantizeLinear_Output,/model.23/one2one_cv3.1/one2one_cv3.1.1/one2one_cv3.1.1.0/conv/Conv_output_0_DequantizeLinear,DequantizeLinear,26.264694213867188,40.571956634521484,0,0,0,0.5482696890830994,128.0
909,/model.22/Split_output_0,/model.22/Split,Split,11.54348373413086,10.051041603088379,0,0,0,,
910,/model.22/Split_output_1,/model.22/Split,Split,5.412384510040283,5.377627372741699,0,0,0,,
911,/model.23/Reshape_1_output_0,/model.23/Reshape_1,Reshape,12.864794731140137,16.07402229309082,0,0,0,,
912,/model.23/one2one_cv3.1/one2one_cv3.1.1/one2one_cv3.1.1.0/act/Sigmoid_output_0,/model.23/one2one_cv3.1/one2one_cv3.1.1/one2one_cv3.1.1.0/act/Sigmoid,Sigmoid,1.0,1.0,0,0,0,,
913,/model.22/Split_output_0_QuantizeLinear_Output,/model.22/Split_output_0_QuantizeLinear,QuantizeLinear,11.54348373413086,161.0,0,0,0,0.06401937454938889,4.0
914,/model.22/Split_output_1_QuantizeLinear_Output,/model.22/Split_output_1_QuantizeLinear,QuantizeLinear,5.412384510040283,88.0,0,0,0,0.06401937454938889,4.0
915,/model.23/Reshape_1_output_0_QuantizeLinear_Output,/model.23/Reshape_1_output_0_QuantizeLinear,QuantizeLinear,12.864794731140137,232.0,0,0,0,0.06988705694675446,2.0
916,/model.23/one2one_cv3.1/one2one_cv3.1.1/one2one_cv3.1.1.0/act/Sigmoid_output_0_QuantizeLinear_Output,/model.23/one2one_cv3.1/one2one_cv3.1.1/one2one_cv3.1.1.0/act/Sigmoid_output_0_QuantizeLinear,QuantizeLinear,1.0,255.0,0,0,0,0.003921568859368563,0.0
917,/model.22/Split_output_0_DequantizeLinear_Output,/model.22/Split_output_0_DequantizeLinear,DequantizeLinear,11.54348373413086,10.051041603088379,0,0,0,0.06401937454938889,4.0
918,/model.22/Split_output_1_DequantizeLinear_Output,/model.22/Split_output_1_DequantizeLinear,DequantizeLinear,5.412384510040283,5.377627372741699,0,0,0,0.06401937454938889,4.0
919,/model.23/Reshape_1_output_0_DequantizeLinear_Output,/model.23/Reshape_1_output_0_DequantizeLinear,DequantizeLinear,12.864794731140137,16.07402229309082,0,0,0,0.06988705694675446,2.0
920,/model.23/one2one_cv3.1/one2one_cv3.1.1/one2one_cv3.1.1.0/act/Sigmoid_output_0_DequantizeLinear_Output,/model.23/one2one_cv3.1/one2one_cv3.1.1/one2one_cv3.1.1.0/act/Sigmoid_output_0_DequantizeLinear,DequantizeLinear,1.0,1.0,0,0,0,0.003921568859368563,0.0
921,/model.22/m.0/m.0.0/cv1/conv/Conv_output_0,/model.22/m.0/m.0.0/cv1/conv/Conv,Conv,7.763167381286621,6.921684265136719,0,0,0,,
922,/model.23/one2one_cv3.1/one2one_cv3.1.1/one2one_cv3.1.1.0/act/Mul_output_0,/model.23/one2one_cv3.1/one2one_cv3.1.1/one2one_cv3.1.1.0/act/Mul,Mul,25.81158447265625,40.571956634521484,0,0,0,,
923,/model.22/m.0/m.0.0/cv1/conv/Conv_output_0_QuantizeLinear_Output,/model.22/m.0/m.0.0/cv1/conv/Conv_output_0_QuantizeLinear,QuantizeLinear,7.763167381286621,195.0,0,0,0,0.08789722621440887,129.0
924,/model.23/one2one_cv3.1/one2one_cv3.1.1/one2one_cv3.1.1.0/act/Mul_output_0_QuantizeLinear_Output,/model.23/one2one_cv3.1/one2one_cv3.1.1/one2one_cv3.1.1.0/act/Mul_output_0_QuantizeLinear,QuantizeLinear,25.81158447265625,149.0,0,0,0,0.27327761054039,1.0
925,/model.22/m.0/m.0.0/cv1/conv/Conv_output_0_DequantizeLinear_Output,/model.22/m.0/m.0.0/cv1/conv/Conv_output_0_DequantizeLinear,DequantizeLinear,7.763167381286621,6.943881034851074,0,0,0,0.08789722621440887,129.0
926,/model.23/one2one_cv3.1/one2one_cv3.1.1/one2one_cv3.1.1.0/act/Mul_output_0_DequantizeLinear_Output,/model.23/one2one_cv3.1/one2one_cv3.1.1/one2one_cv3.1.1.0/act/Mul_output_0_DequantizeLinear,DequantizeLinear,25.81158447265625,40.44508743286133,0,0,0,0.27327761054039,1.0
927,/model.22/m.0/m.0.0/cv1/act/Sigmoid_output_0,/model.22/m.0/m.0.0/cv1/act/Sigmoid,Sigmoid,0.9973869323730469,0.9969853162765503,0,0,0,,
928,/model.23/one2one_cv3.1/one2one_cv3.1.1/one2one_cv3.1.1.1/conv/Conv_output_0,/model.23/one2one_cv3.1/one2one_cv3.1.1/one2one_cv3.1.1.1/conv/Conv,Conv,22.190961837768555,29.447782516479492,0,0,0,,
929,/model.22/m.0/m.0.0/cv1/act/Sigmoid_output_0_QuantizeLinear_Output,/model.22/m.0/m.0.0/cv1/act/Sigmoid_output_0_QuantizeLinear,QuantizeLinear,0.9973869323730469,254.0,0,0,0,0.003921509720385075,0.0
930,/model.23/one2one_cv3.1/one2one_cv3.1.1/one2one_cv3.1.1.1/conv/Conv_output_0_QuantizeLinear_Output,/model.23/one2one_cv3.1/one2one_cv3.1.1/one2one_cv3.1.1.1/conv/Conv_output_0_QuantizeLinear,QuantizeLinear,22.190961837768555,189.0,0,0,0,0.29558390378952026,89.0
931,/model.22/m.0/m.0.0/cv1/act/Sigmoid_output_0_DequantizeLinear_Output,/model.22/m.0/m.0.0/cv1/act/Sigmoid_output_0_DequantizeLinear,DequantizeLinear,0.9973869323730469,0.9960634708404541,0,0,0,0.003921509720385075,0.0
932,/model.23/one2one_cv3.1/one2one_cv3.1.1/one2one_cv3.1.1.1/conv/Conv_output_0_DequantizeLinear_Output,/model.23/one2one_cv3.1/one2one_cv3.1.1/one2one_cv3.1.1.1/conv/Conv_output_0_DequantizeLinear,DequantizeLinear,22.190961837768555,29.55838966369629,0,0,0,0.29558390378952026,89.0
933,/model.22/m.0/m.0.0/cv1/act/Mul_output_0,/model.22/m.0/m.0.0/cv1/act/Mul,Mul,5.9290995597839355,5.778380393981934,0,0,0,,
934,/model.23/one2one_cv3.1/one2one_cv3.1.1/one2one_cv3.1.1.1/act/Sigmoid_output_0,/model.23/one2one_cv3.1/one2one_cv3.1.1/one2one_cv3.1.1.1/act/Sigmoid,Sigmoid,1.0,1.0,0,0,0,,
935,/model.22/m.0/m.0.0/cv1/act/Mul_output_0_QuantizeLinear_Output,/model.22/m.0/m.0.0/cv1/act/Mul_output_0_QuantizeLinear,QuantizeLinear,5.9290995597839355,135.0,0,0,0,0.044642653316259384,6.0
936,/model.23/one2one_cv3.1/one2one_cv3.1.1/one2one_cv3.1.1.1/act/Sigmoid_output_0_QuantizeLinear_Output,/model.23/one2one_cv3.1/one2one_cv3.1.1/one2one_cv3.1.1.1/act/Sigmoid_output_0_QuantizeLinear,QuantizeLinear,1.0,255.0,0,0,0,0.003921568859368563,0.0
937,/model.22/m.0/m.0.0/cv1/act/Mul_output_0_DequantizeLinear_Output,/model.22/m.0/m.0.0/cv1/act/Mul_output_0_DequantizeLinear,DequantizeLinear,5.9290995597839355,5.758902072906494,0,0,0,0.044642653316259384,6.0
938,/model.23/one2one_cv3.1/one2one_cv3.1.1/one2one_cv3.1.1.1/act/Sigmoid_output_0_DequantizeLinear_Output,/model.23/one2one_cv3.1/one2one_cv3.1.1/one2one_cv3.1.1.1/act/Sigmoid_output_0_DequantizeLinear,DequantizeLinear,1.0,1.0,0,0,0,0.003921568859368563,0.0
939,/model.22/m.0/m.0.0/cv2/conv/Conv_output_0,/model.22/m.0/m.0.0/cv2/conv/Conv,Conv,7.575119972229004,6.0780744552612305,0,0,0,,
940,/model.23/one2one_cv3.1/one2one_cv3.1.1/one2one_cv3.1.1.1/act/Mul_output_0,/model.23/one2one_cv3.1/one2one_cv3.1.1/one2one_cv3.1.1.1/act/Mul,Mul,22.190961837768555,29.55838966369629,0,0,0,,
941,/model.22/m.0/m.0.0/cv2/conv/Conv_output_0_QuantizeLinear_Output,/model.22/m.0/m.0.0/cv2/conv/Conv_output_0_QuantizeLinear,QuantizeLinear,7.575119972229004,185.0,0,0,0,0.10725084692239761,132.0
942,/model.23/one2one_cv3.1/one2one_cv3.1.1/one2one_cv3.1.1.1/act/Mul_output_0_QuantizeLinear_Output,/model.23/one2one_cv3.1/one2one_cv3.1.1/one2one_cv3.1.1.1/act/Mul_output_0_QuantizeLinear,QuantizeLinear,22.190961837768555,154.0,0,0,0,0.19294509291648865,1.0
943,/model.22/m.0/m.0.0/cv2/conv/Conv_output_0_DequantizeLinear_Output,/model.22/m.0/m.0.0/cv2/conv/Conv_output_0_DequantizeLinear,DequantizeLinear,7.575119972229004,6.113298416137695,0,0,0,0.10725084692239761,132.0
944,/model.23/one2one_cv3.1/one2one_cv3.1.1/one2one_cv3.1.1.1/act/Mul_output_0_DequantizeLinear_Output,/model.23/one2one_cv3.1/one2one_cv3.1.1/one2one_cv3.1.1.1/act/Mul_output_0_DequantizeLinear,DequantizeLinear,22.190961837768555,29.520599365234375,0,0,0,0.19294509291648865,1.0
945,/model.22/m.0/m.0.0/cv2/act/Sigmoid_output_0,/model.22/m.0/m.0.0/cv2/act/Sigmoid,Sigmoid,0.9988470077514648,0.9966126084327698,0,0,0,,
946,/model.23/one2one_cv3.1/one2one_cv3.1.2/Conv_output_0,/model.23/one2one_cv3.1/one2one_cv3.1.2/Conv,Conv,76.6353988647461,128.5849151611328,0,0,0,,
947,/model.22/m.0/m.0.0/cv2/act/Sigmoid_output_0_QuantizeLinear_Output,/model.22/m.0/m.0.0/cv2/act/Sigmoid_output_0_QuantizeLinear,QuantizeLinear,0.9988470077514648,254.0,0,0,0,0.003921561408787966,0.0
948,/model.23/one2one_cv3.1/one2one_cv3.1.2/Conv_output_0_QuantizeLinear_Output,/model.23/one2one_cv3.1/one2one_cv3.1.2/Conv_output_0_QuantizeLinear,QuantizeLinear,76.6353988647461,247.0,0,0,0,0.8705528974533081,252.0
949,/model.22/m.0/m.0.0/cv2/act/Sigmoid_output_0_DequantizeLinear_Output,/model.22/m.0/m.0.0/cv2/act/Sigmoid_output_0_DequantizeLinear,DequantizeLinear,0.9988470077514648,0.9960765838623047,0,0,0,0.003921561408787966,0.0
950,/model.23/one2one_cv3.1/one2one_cv3.1.2/Conv_output_0_DequantizeLinear_Output,/model.23/one2one_cv3.1/one2one_cv3.1.2/Conv_output_0_DequantizeLinear,DequantizeLinear,76.6353988647461,128.84182739257812,0,0,0,0.8705528974533081,252.0
951,/model.22/m.0/m.0.0/cv2/act/Mul_output_0,/model.22/m.0/m.0.0/cv2/act/Mul,Mul,6.756434917449951,5.661993026733398,0,0,0,,
952,/model.23/Reshape_4_output_0,/model.23/Reshape_4,Reshape,76.6353988647461,128.84182739257812,0,0,0,,
953,/model.22/m.0/m.0.0/cv2/act/Mul_output_0_QuantizeLinear_Output,/model.22/m.0/m.0.0/cv2/act/Mul_output_0_QuantizeLinear,QuantizeLinear,6.756434917449951,112.0,0,0,0,0.05293194577097893,5.0
954,/model.23/Reshape_4_output_0_QuantizeLinear_Output,/model.23/Reshape_4_output_0_QuantizeLinear,QuantizeLinear,76.6353988647461,247.0,0,0,0,0.8705528974533081,252.0
955,/model.22/m.0/m.0.0/cv2/act/Mul_output_0_DequantizeLinear_Output,/model.22/m.0/m.0.0/cv2/act/Mul_output_0_DequantizeLinear,DequantizeLinear,6.756434917449951,5.663718223571777,0,0,0,0.05293194577097893,5.0
956,/model.23/Reshape_4_output_0_DequantizeLinear_Output,/model.23/Reshape_4_output_0_DequantizeLinear,DequantizeLinear,76.6353988647461,128.84182739257812,0,0,0,0.8705528974533081,252.0
957,/model.22/m.0/m.0.0/Add_output_0,/model.22/m.0/m.0.0/Add,Add,7.204108715057373,6.563933372497559,0,0,0,,
958,/model.22/m.0/m.0.0/Add_output_0_QuantizeLinear_Output,/model.22/m.0/m.0.0/Add_output_0_QuantizeLinear,QuantizeLinear,7.204108715057373,114.0,0,0,0,0.06268513947725296,9.0
959,/model.22/m.0/m.0.0/Add_output_0_DequantizeLinear_Output,/model.22/m.0/m.0.0/Add_output_0_DequantizeLinear,DequantizeLinear,7.204108715057373,6.581939697265625,0,0,0,0.06268513947725296,9.0
960,/model.22/m.0/m.0.1/attn/qkv/conv/Conv_output_0,/model.22/m.0/m.0.1/attn/qkv/conv/Conv,Conv,7.722895622253418,6.52725887298584,0,0,0,,
961,/model.22/m.0/m.0.1/attn/qkv/conv/Conv_output_0_QuantizeLinear_Output,/model.22/m.0/m.0.1/attn/qkv/conv/Conv_output_0_QuantizeLinear,QuantizeLinear,7.722895622253418,190.0,0,0,0,0.08705372363328934,123.0
962,/model.22/m.0/m.0.1/attn/qkv/conv/Conv_output_0_DequantizeLinear_Output,/model.22/m.0/m.0.1/attn/qkv/conv/Conv_output_0_DequantizeLinear,DequantizeLinear,7.722895622253418,6.529029369354248,0,0,0,0.08705372363328934,123.0
963,/model.22/m.0/m.0.1/attn/Reshape_output_0,/model.22/m.0/m.0.1/attn/Reshape,Reshape,7.722895622253418,6.529029369354248,0,0,0,,
964,/model.22/m.0/m.0.1/attn/Reshape_output_0_QuantizeLinear_Output,/model.22/m.0/m.0.1/attn/Reshape_output_0_QuantizeLinear,QuantizeLinear,7.722895622253418,190.0,0,0,0,0.08705372363328934,123.0
965,/model.22/m.0/m.0.1/attn/Reshape_output_0_DequantizeLinear_Output,/model.22/m.0/m.0.1/attn/Reshape_output_0_DequantizeLinear,DequantizeLinear,7.722895622253418,6.529029369354248,0,0,0,0.08705372363328934,123.0
966,/model.22/m.0/m.0.1/attn/Split_output_0,/model.22/m.0/m.0.1/attn/Split,Split,5.038695812225342,4.613847255706787,0,0,0,,
967,/model.22/m.0/m.0.1/attn/Split_output_1,/model.22/m.0/m.0.1/attn/Split,Split,4.827134132385254,4.526793479919434,0,0,0,,
968,/model.22/m.0/m.0.1/attn/Split_output_2,/model.22/m.0/m.0.1/attn/Split,Split,7.722895622253418,6.529029369354248,0,0,0,,
969,/model.22/m.0/m.0.1/attn/Split_output_0_QuantizeLinear_Output,/model.22/m.0/m.0.1/attn/Split_output_0_QuantizeLinear,QuantizeLinear,5.038695812225342,176.0,0,0,0,0.08705372363328934,123.0
970,/model.22/m.0/m.0.1/attn/Split_output_1_QuantizeLinear_Output,/model.22/m.0/m.0.1/attn/Split_output_1_QuantizeLinear,QuantizeLinear,4.827134132385254,175.0,0,0,0,0.08705372363328934,123.0
971,/model.22/m.0/m.0.1/attn/Split_output_2_QuantizeLinear_Output,/model.22/m.0/m.0.1/attn/Split_output_2_QuantizeLinear,QuantizeLinear,7.722895622253418,190.0,0,0,0,0.08705372363328934,123.0
972,/model.22/m.0/m.0.1/attn/Split_output_0_DequantizeLinear_Output,/model.22/m.0/m.0.1/attn/Split_output_0_DequantizeLinear,DequantizeLinear,5.038695812225342,4.613847255706787,0,0,0,0.08705372363328934,123.0
973,/model.22/m.0/m.0.1/attn/Split_output_1_DequantizeLinear_Output,/model.22/m.0/m.0.1/attn/Split_output_1_DequantizeLinear,DequantizeLinear,4.827134132385254,4.526793479919434,0,0,0,0.08705372363328934,123.0
974,/model.22/m.0/m.0.1/attn/Split_output_2_DequantizeLinear_Output,/model.22/m.0/m.0.1/attn/Split_output_2_DequantizeLinear,DequantizeLinear,7.722895622253418,6.529029369354248,0,0,0,0.08705372363328934,123.0
975,/model.22/m.0/m.0.1/attn/Transpose_output_0,/model.22/m.0/m.0.1/attn/Transpose,Transpose,5.038695812225342,4.613847255706787,0,0,0,,
976,/model.22/m.0/m.0.1/attn/Reshape_2_output_0,/model.22/m.0/m.0.1/attn/Reshape_2,Reshape,7.722895622253418,6.529029369354248,0,0,0,,
977,/model.22/m.0/m.0.1/attn/Transpose_output_0_QuantizeLinear_Output,/model.22/m.0/m.0.1/attn/Transpose_output_0_QuantizeLinear,QuantizeLinear,5.038695812225342,176.0,0,0,0,0.08705372363328934,123.0
978,/model.22/m.0/m.0.1/attn/Reshape_2_output_0_QuantizeLinear_Output,/model.22/m.0/m.0.1/attn/Reshape_2_output_0_QuantizeLinear,QuantizeLinear,7.722895622253418,190.0,0,0,0,0.08705372363328934,123.0
979,/model.22/m.0/m.0.1/attn/Transpose_output_0_DequantizeLinear_Output,/model.22/m.0/m.0.1/attn/Transpose_output_0_DequantizeLinear,DequantizeLinear,5.038695812225342,4.613847255706787,0,0,0,0.08705372363328934,123.0
980,/model.22/m.0/m.0.1/attn/Reshape_2_output_0_DequantizeLinear_Output,/model.22/m.0/m.0.1/attn/Reshape_2_output_0_DequantizeLinear,DequantizeLinear,7.722895622253418,6.529029369354248,0,0,0,0.08705372363328934,123.0
981,/model.22/m.0/m.0.1/attn/MatMul_output_0,/model.22/m.0/m.0.1/attn/MatMul,MatMul,88.51148223876953,84.30915069580078,0,0,0,,
982,/model.22/m.0/m.0.1/attn/pe/conv/Conv_output_0,/model.22/m.0/m.0.1/attn/pe/conv/Conv,Conv,8.784865379333496,6.3890533447265625,0,0,0,,
983,/model.22/m.0/m.0.1/attn/MatMul_output_0_QuantizeLinear_Output,/model.22/m.0/m.0.1/attn/MatMul_output_0_QuantizeLinear,QuantizeLinear,88.51148223876953,180.0,0,0,0,1.3213151693344116,116.0
984,/model.22/m.0/m.0.1/attn/pe/conv/Conv_output_0_QuantizeLinear_Output,/model.22/m.0/m.0.1/attn/pe/conv/Conv_output_0_QuantizeLinear,QuantizeLinear,8.784865379333496,181.0,0,0,0,0.10392977297306061,120.0
985,/model.22/m.0/m.0.1/attn/MatMul_output_0_DequantizeLinear_Output,/model.22/m.0/m.0.1/attn/MatMul_output_0_DequantizeLinear,DequantizeLinear,88.51148223876953,84.56417083740234,0,0,0,1.3213151693344116,116.0
986,/model.22/m.0/m.0.1/attn/pe/conv/Conv_output_0_DequantizeLinear_Output,/model.22/m.0/m.0.1/attn/pe/conv/Conv_output_0_DequantizeLinear,DequantizeLinear,8.784865379333496,6.339715957641602,0,0,0,0.10392977297306061,120.0
987,/model.22/m.0/m.0.1/attn/Mul_output_0,/model.22/m.0/m.0.1/attn/Mul,Mul,15.646766662597656,14.948974609375,0,0,0,,
988,/model.22/m.0/m.0.1/attn/Mul_output_0_QuantizeLinear_Output,/model.22/m.0/m.0.1/attn/Mul_output_0_QuantizeLinear,QuantizeLinear,15.646766662597656,180.0,0,0,0,0.23357772827148438,116.0
989,/model.22/m.0/m.0.1/attn/Mul_output_0_DequantizeLinear_Output,/model.22/m.0/m.0.1/attn/Mul_output_0_DequantizeLinear,DequantizeLinear,15.646766662597656,14.948974609375,0,0,0,0.23357772827148438,116.0
990,/model.22/m.0/m.0.1/attn/Softmax_output_0,/model.22/m.0/m.0.1/attn/Softmax,Softmax,0.9679177403450012,0.782179594039917,0,0,0,,
991,/model.22/m.0/m.0.1/attn/Softmax_output_0_QuantizeLinear_Output,/model.22/m.0/m.0.1/attn/Softmax_output_0_QuantizeLinear,QuantizeLinear,0.9679177403450012,199.0,0,0,0,0.003921568859368563,0.0
992,/model.22/m.0/m.0.1/attn/Softmax_output_0_DequantizeLinear_Output,/model.22/m.0/m.0.1/attn/Softmax_output_0_DequantizeLinear,DequantizeLinear,0.9679177403450012,0.7803922295570374,0,0,0,0.003921568859368563,0.0
993,/model.22/m.0/m.0.1/attn/Transpose_1_output_0,/model.22/m.0/m.0.1/attn/Transpose_1,Transpose,0.9679177403450012,0.7803922295570374,0,0,0,,
994,/model.22/m.0/m.0.1/attn/Transpose_1_output_0_QuantizeLinear_Output,/model.22/m.0/m.0.1/attn/Transpose_1_output_0_QuantizeLinear,QuantizeLinear,0.9679177403450012,199.0,0,0,0,0.003921568859368563,0.0
995,/model.22/m.0/m.0.1/attn/Transpose_1_output_0_DequantizeLinear_Output,/model.22/m.0/m.0.1/attn/Transpose_1_output_0_DequantizeLinear,DequantizeLinear,0.9679177403450012,0.7803922295570374,0,0,0,0.003921568859368563,0.0
996,/model.22/m.0/m.0.1/attn/MatMul_1_output_0,/model.22/m.0/m.0.1/attn/MatMul_1,MatMul,5.032385349273682,4.966158866882324,0,0,0,,
997,/model.22/m.0/m.0.1/attn/MatMul_1_output_0_QuantizeLinear_Output,/model.22/m.0/m.0.1/attn/MatMul_1_output_0_QuantizeLinear,QuantizeLinear,5.032385349273682,187.0,0,0,0,0.07425578683614731,120.0
998,/model.22/m.0/m.0.1/attn/MatMul_1_output_0_DequantizeLinear_Output,/model.22/m.0/m.0.1/attn/MatMul_1_output_0_DequantizeLinear,DequantizeLinear,5.032385349273682,4.975137710571289,0,0,0,0.07425578683614731,120.0
999,/model.22/m.0/m.0.1/attn/Reshape_1_output_0,/model.22/m.0/m.0.1/attn/Reshape_1,Reshape,5.032385349273682,4.975137710571289,0,0,0,,
1000,/model.22/m.0/m.0.1/attn/Reshape_1_output_0_QuantizeLinear_Output,/model.22/m.0/m.0.1/attn/Reshape_1_output_0_QuantizeLinear,QuantizeLinear,5.032385349273682,187.0,0,0,0,0.07425578683614731,120.0
1001,/model.22/m.0/m.0.1/attn/Reshape_1_output_0_DequantizeLinear_Output,/model.22/m.0/m.0.1/attn/Reshape_1_output_0_DequantizeLinear,DequantizeLinear,5.032385349273682,4.975137710571289,0,0,0,0.07425578683614731,120.0
1002,/model.22/m.0/m.0.1/attn/Add_output_0,/model.22/m.0/m.0.1/attn/Add,Add,9.312289237976074,6.562483310699463,0,0,0,,
1003,/model.22/m.0/m.0.1/attn/Add_output_0_QuantizeLinear_Output,/model.22/m.0/m.0.1/attn/Add_output_0_QuantizeLinear,QuantizeLinear,9.312289237976074,165.0,0,0,0,0.11793200671672821,109.0
1004,/model.22/m.0/m.0.1/attn/Add_output_0_DequantizeLinear_Output,/model.22/m.0/m.0.1/attn/Add_output_0_DequantizeLinear,DequantizeLinear,9.312289237976074,6.60419225692749,0,0,0,0.11793200671672821,109.0
1005,/model.22/m.0/m.0.1/attn/proj/conv/Conv_output_0,/model.22/m.0/m.0.1/attn/proj/conv/Conv,Conv,3.9425835609436035,3.93057918548584,0,0,0,,
1006,/model.22/m.0/m.0.1/attn/proj/conv/Conv_output_0_QuantizeLinear_Output,/model.22/m.0/m.0.1/attn/proj/conv/Conv_output_0_QuantizeLinear,QuantizeLinear,3.9425835609436035,189.0,0,0,0,0.053787581622600555,116.0
1007,/model.22/m.0/m.0.1/attn/proj/conv/Conv_output_0_DequantizeLinear_Output,/model.22/m.0/m.0.1/attn/proj/conv/Conv_output_0_DequantizeLinear,DequantizeLinear,3.9425835609436035,3.9264934062957764,0,0,0,0.053787581622600555,116.0
1008,/model.22/m.0/m.0.1/Add_output_0,/model.22/m.0/m.0.1/Add,Add,8.863802909851074,7.004549503326416,0,0,0,,
1009,/model.22/m.0/m.0.1/Add_output_0_QuantizeLinear_Output,/model.22/m.0/m.0.1/Add_output_0_QuantizeLinear,QuantizeLinear,8.863802909851074,145.0,0,0,0,0.09332121163606644,70.0
1010,/model.22/m.0/m.0.1/Add_output_0_DequantizeLinear_Output,/model.22/m.0/m.0.1/Add_output_0_DequantizeLinear,DequantizeLinear,8.863802909851074,6.999090671539307,0,0,0,0.09332121163606644,70.0
1011,/model.22/m.0/m.0.1/ffn/ffn.0/conv/Conv_output_0,/model.22/m.0/m.0.1/ffn/ffn.0/conv/Conv,Conv,15.739253044128418,11.387391090393066,0,0,0,,
1012,/model.22/m.0/m.0.1/ffn/ffn.0/conv/Conv_output_0_QuantizeLinear_Output,/model.22/m.0/m.0.1/ffn/ffn.0/conv/Conv_output_0_QuantizeLinear,QuantizeLinear,15.739253044128418,211.0,0,0,0,0.15231981873512268,146.0
1013,/model.22/m.0/m.0.1/ffn/ffn.0/conv/Conv_output_0_DequantizeLinear_Output,/model.22/m.0/m.0.1/ffn/ffn.0/conv/Conv_output_0_DequantizeLinear,DequantizeLinear,15.739253044128418,11.423986434936523,0,0,0,0.15231981873512268,146.0
1014,/model.22/m.0/m.0.1/ffn/ffn.0/act/Sigmoid_output_0,/model.22/m.0/m.0.1/ffn/ffn.0/act/Sigmoid,Sigmoid,0.9999710321426392,0.9999498724937439,0,0,0,,
1015,/model.22/m.0/m.0.1/ffn/ffn.0/act/Sigmoid_output_0_QuantizeLinear_Output,/model.22/m.0/m.0.1/ffn/ffn.0/act/Sigmoid_output_0_QuantizeLinear,QuantizeLinear,0.9999710321426392,255.0,0,0,0,0.003921567928045988,0.0
1016,/model.22/m.0/m.0.1/ffn/ffn.0/act/Sigmoid_output_0_DequantizeLinear_Output,/model.22/m.0/m.0.1/ffn/ffn.0/act/Sigmoid_output_0_DequantizeLinear,DequantizeLinear,0.9999710321426392,0.9999998211860657,0,0,0,0.003921567928045988,0.0
1017,/model.22/m.0/m.0.1/ffn/ffn.0/act/Mul_output_0,/model.22/m.0/m.0.1/ffn/ffn.0/act/Mul,Mul,10.451284408569336,9.900786399841309,0,0,0,,
1018,/model.22/m.0/m.0.1/ffn/ffn.0/act/Mul_output_0_QuantizeLinear_Output,/model.22/m.0/m.0.1/ffn/ffn.0/act/Mul_output_0_QuantizeLinear,QuantizeLinear,10.451284408569336,153.0,0,0,0,0.0663360208272934,4.0
1019,/model.22/m.0/m.0.1/ffn/ffn.0/act/Mul_output_0_DequantizeLinear_Output,/model.22/m.0/m.0.1/ffn/ffn.0/act/Mul_output_0_DequantizeLinear,DequantizeLinear,10.451284408569336,9.88406753540039,0,0,0,0.0663360208272934,4.0
1020,/model.22/m.0/m.0.1/ffn/ffn.1/conv/Conv_output_0,/model.22/m.0/m.0.1/ffn/ffn.1/conv/Conv,Conv,7.660150527954102,6.232779502868652,0,0,0,,
1021,/model.22/m.0/m.0.1/ffn/ffn.1/conv/Conv_output_0_QuantizeLinear_Output,/model.22/m.0/m.0.1/ffn/ffn.1/conv/Conv_output_0_QuantizeLinear,QuantizeLinear,7.660150527954102,159.0,0,0,0,0.09848428517580032,114.0
1022,/model.22/m.0/m.0.1/ffn/ffn.1/conv/Conv_output_0_DequantizeLinear_Output,/model.22/m.0/m.0.1/ffn/ffn.1/conv/Conv_output_0_DequantizeLinear,DequantizeLinear,7.660150527954102,6.204509735107422,0,0,0,0.09848428517580032,114.0
1023,/model.22/m.0/m.0.1/Add_1_output_0,/model.22/m.0/m.0.1/Add_1,Add,10.409313201904297,8.481132507324219,0,0,0,,
1024,/model.22/m.0/m.0.1/Add_1_output_0_QuantizeLinear_Output,/model.22/m.0/m.0.1/Add_1_output_0_QuantizeLinear,QuantizeLinear,10.409313201904297,168.0,0,0,0,0.12100128829479218,98.0
1025,/model.22/m.0/m.0.1/Add_1_output_0_DequantizeLinear_Output,/model.22/m.0/m.0.1/Add_1_output_0_DequantizeLinear,DequantizeLinear,10.409313201904297,8.47008991241455,0,0,0,0.12100128829479218,98.0
1026,/model.22/Concat_output_0,/model.22/Concat,Concat,11.54348373413086,10.051041603088379,0,0,0,,
1027,/model.22/Concat_output_0_QuantizeLinear_Output,/model.22/Concat_output_0_QuantizeLinear,QuantizeLinear,11.54348373413086,181.0,0,0,0,0.12100128829479218,98.0
1028,/model.22/Concat_output_0_DequantizeLinear_Output,/model.22/Concat_output_0_DequantizeLinear,DequantizeLinear,11.54348373413086,10.043107032775879,0,0,0,0.12100128829479218,98.0
1029,/model.22/cv2/conv/Conv_output_0,/model.22/cv2/conv/Conv,Conv,20.3677978515625,19.13835906982422,0,0,0,,
1030,/model.22/cv2/conv/Conv_output_0_QuantizeLinear_Output,/model.22/cv2/conv/Conv_output_0_QuantizeLinear,QuantizeLinear,20.3677978515625,242.0,0,0,0,0.18304386734962463,137.0
1031,/model.22/cv2/conv/Conv_output_0_DequantizeLinear_Output,/model.22/cv2/conv/Conv_output_0_DequantizeLinear,DequantizeLinear,20.3677978515625,19.219606399536133,0,0,0,0.18304386734962463,137.0
1032,/model.22/cv2/act/Sigmoid_output_0,/model.22/cv2/act/Sigmoid,Sigmoid,1.0,1.0,0,0,0,,
1033,/model.22/cv2/act/Sigmoid_output_0_QuantizeLinear_Output,/model.22/cv2/act/Sigmoid_output_0_QuantizeLinear,QuantizeLinear,1.0,255.0,0,0,0,0.003921568859368563,0.0
1034,/model.22/cv2/act/Sigmoid_output_0_DequantizeLinear_Output,/model.22/cv2/act/Sigmoid_output_0_DequantizeLinear,DequantizeLinear,1.0,1.0,0,0,0,0.003921568859368563,0.0
1035,/model.22/cv2/act/Mul_output_0,/model.22/cv2/act/Mul,Mul,20.3677978515625,19.219606399536133,0,0,0,,
1036,/model.22/cv2/act/Mul_output_0_QuantizeLinear_Output,/model.22/cv2/act/Mul_output_0_QuantizeLinear,QuantizeLinear,20.3677978515625,227.0,0,0,0,0.0856347382068634,3.0
1037,/model.22/cv2/act/Mul_output_0_DequantizeLinear_Output,/model.22/cv2/act/Mul_output_0_DequantizeLinear,DequantizeLinear,20.3677978515625,19.18218231201172,0,0,0,0.0856347382068634,3.0
1038,/model.23/one2one_cv2.2/one2one_cv2.2.0/conv/Conv_output_0,/model.23/one2one_cv2.2/one2one_cv2.2.0/conv/Conv,Conv,6.262747764587402,6.3518781661987305,0,0,0,,
1039,/model.23/one2one_cv3.2/one2one_cv3.2.0/one2one_cv3.2.0.0/conv/Conv_output_0,/model.23/one2one_cv3.2/one2one_cv3.2.0/one2one_cv3.2.0.0/conv/Conv,Conv,11.149741172790527,10.660579681396484,0,0,0,,
1040,/model.23/one2one_cv2.2/one2one_cv2.2.0/conv/Conv_output_0_QuantizeLinear_Output,/model.23/one2one_cv2.2/one2one_cv2.2.0/conv/Conv_output_0_QuantizeLinear,QuantizeLinear,6.262747764587402,230.0,0,0,0,0.06364855170249939,130.0
1041,/model.23/one2one_cv3.2/one2one_cv3.2.0/one2one_cv3.2.0.0/conv/Conv_output_0_QuantizeLinear_Output,/model.23/one2one_cv3.2/one2one_cv3.2.0/one2one_cv3.2.0.0/conv/Conv_output_0_QuantizeLinear,QuantizeLinear,11.149741172790527,152.0,0,0,0,0.34105145931243896,121.0
1042,/model.23/one2one_cv2.2/one2one_cv2.2.0/conv/Conv_output_0_DequantizeLinear_Output,/model.23/one2one_cv2.2/one2one_cv2.2.0/conv/Conv_output_0_DequantizeLinear,DequantizeLinear,6.262747764587402,6.3648552894592285,0,0,0,0.06364855170249939,130.0
1043,/model.23/one2one_cv3.2/one2one_cv3.2.0/one2one_cv3.2.0.0/conv/Conv_output_0_DequantizeLinear_Output,/model.23/one2one_cv3.2/one2one_cv3.2.0/one2one_cv3.2.0.0/conv/Conv_output_0_DequantizeLinear,DequantizeLinear,11.149741172790527,10.572595596313477,0,0,0,0.34105145931243896,121.0
1044,/model.23/one2one_cv2.2/one2one_cv2.2.0/act/Sigmoid_output_0,/model.23/one2one_cv2.2/one2one_cv2.2.0/act/Sigmoid,Sigmoid,0.9980976581573486,0.9982819557189941,0,0,0,,
1045,/model.23/one2one_cv3.2/one2one_cv3.2.0/one2one_cv3.2.0.0/act/Sigmoid_output_0,/model.23/one2one_cv3.2/one2one_cv3.2.0/one2one_cv3.2.0.0/act/Sigmoid,Sigmoid,0.9999856948852539,0.9999743700027466,0,0,0,,
1046,/model.23/one2one_cv2.2/one2one_cv2.2.0/act/Sigmoid_output_0_QuantizeLinear_Output,/model.23/one2one_cv2.2/one2one_cv2.2.0/act/Sigmoid_output_0_QuantizeLinear,QuantizeLinear,0.9980976581573486,255.0,0,0,0,0.0039202128536999226,0.0
1047,/model.23/one2one_cv3.2/one2one_cv3.2.0/one2one_cv3.2.0.0/act/Sigmoid_output_0_QuantizeLinear_Output,/model.23/one2one_cv3.2/one2one_cv3.2.0/one2one_cv3.2.0.0/act/Sigmoid_output_0_QuantizeLinear,QuantizeLinear,0.9999856948852539,255.0,0,0,0,0.003921568859368563,0.0
1048,/model.23/one2one_cv2.2/one2one_cv2.2.0/act/Sigmoid_output_0_DequantizeLinear_Output,/model.23/one2one_cv2.2/one2one_cv2.2.0/act/Sigmoid_output_0_DequantizeLinear,DequantizeLinear,0.9980976581573486,0.9996542930603027,0,0,0,0.0039202128536999226,0.0
1049,/model.23/one2one_cv3.2/one2one_cv3.2.0/one2one_cv3.2.0.0/act/Sigmoid_output_0_DequantizeLinear_Output,/model.23/one2one_cv3.2/one2one_cv3.2.0/one2one_cv3.2.0.0/act/Sigmoid_output_0_DequantizeLinear,DequantizeLinear,0.9999856948852539,1.0,0,0,0,0.003921568859368563,0.0
1050,/model.23/one2one_cv2.2/one2one_cv2.2.0/act/Mul_output_0,/model.23/one2one_cv2.2/one2one_cv2.2.0/act/Mul,Mul,6.250833988189697,6.362654685974121,0,0,0,,
1051,/model.23/one2one_cv3.2/one2one_cv3.2.0/one2one_cv3.2.0.0/act/Mul_output_0,/model.23/one2one_cv3.2/one2one_cv3.2.0/one2one_cv3.2.0.0/act/Mul,Mul,11.149581909179688,10.572595596313477,0,0,0,,
1052,/model.23/one2one_cv2.2/one2one_cv2.2.0/act/Mul_output_0_QuantizeLinear_Output,/model.23/one2one_cv2.2/one2one_cv2.2.0/act/Mul_output_0_QuantizeLinear,QuantizeLinear,6.250833988189697,206.0,0,0,0,0.03233403339982033,9.0
1053,/model.23/one2one_cv3.2/one2one_cv3.2.0/one2one_cv3.2.0.0/act/Mul_output_0_QuantizeLinear_Output,/model.23/one2one_cv3.2/one2one_cv3.2.0/one2one_cv3.2.0.0/act/Mul_output_0_QuantizeLinear,QuantizeLinear,11.149581909179688,60.0,0,0,0,0.18096613883972168,2.0
1054,/model.23/one2one_cv2.2/one2one_cv2.2.0/act/Mul_output_0_DequantizeLinear_Output,/model.23/one2one_cv2.2/one2one_cv2.2.0/act/Mul_output_0_DequantizeLinear,DequantizeLinear,6.250833988189697,6.369804382324219,0,0,0,0.03233403339982033,9.0
1055,/model.23/one2one_cv3.2/one2one_cv3.2.0/one2one_cv3.2.0.0/act/Mul_output_0_DequantizeLinear_Output,/model.23/one2one_cv3.2/one2one_cv3.2.0/one2one_cv3.2.0.0/act/Mul_output_0_DequantizeLinear,DequantizeLinear,11.149581909179688,10.496036529541016,0,0,0,0.18096613883972168,2.0
1056,/model.23/one2one_cv2.2/one2one_cv2.2.1/conv/Conv_output_0,/model.23/one2one_cv2.2/one2one_cv2.2.1/conv/Conv,Conv,5.557005882263184,5.383138656616211,0,0,0,,
1057,/model.23/one2one_cv3.2/one2one_cv3.2.0/one2one_cv3.2.0.1/conv/Conv_output_0,/model.23/one2one_cv3.2/one2one_cv3.2.0/one2one_cv3.2.0.1/conv/Conv,Conv,6.700148582458496,4.036910057067871,0,0,0,,
1058,/model.23/one2one_cv2.2/one2one_cv2.2.1/conv/Conv_output_0_QuantizeLinear_Output,/model.23/one2one_cv2.2/one2one_cv2.2.1/conv/Conv_output_0_QuantizeLinear,QuantizeLinear,5.557005882263184,232.0,0,0,0,0.05434424430131912,133.0
1059,/model.23/one2one_cv3.2/one2one_cv3.2.0/one2one_cv3.2.0.1/conv/Conv_output_0_QuantizeLinear_Output,/model.23/one2one_cv3.2/one2one_cv3.2.0/one2one_cv3.2.0.1/conv/Conv_output_0_QuantizeLinear,QuantizeLinear,6.700148582458496,119.0,0,0,0,0.14880487322807312,92.0
1060,/model.23/one2one_cv2.2/one2one_cv2.2.1/conv/Conv_output_0_DequantizeLinear_Output,/model.23/one2one_cv2.2/one2one_cv2.2.1/conv/Conv_output_0_DequantizeLinear,DequantizeLinear,5.557005882263184,5.380080223083496,0,0,0,0.05434424430131912,133.0
1061,/model.23/one2one_cv3.2/one2one_cv3.2.0/one2one_cv3.2.0.1/conv/Conv_output_0_DequantizeLinear_Output,/model.23/one2one_cv3.2/one2one_cv3.2.0/one2one_cv3.2.0.1/conv/Conv_output_0_DequantizeLinear,DequantizeLinear,6.700148582458496,4.017731666564941,0,0,0,0.14880487322807312,92.0
1062,/model.23/one2one_cv2.2/one2one_cv2.2.1/act/Sigmoid_output_0,/model.23/one2one_cv2.2/one2one_cv2.2.1/act/Sigmoid,Sigmoid,0.9947975873947144,0.9954136610031128,0,0,0,,
1063,/model.23/one2one_cv3.2/one2one_cv3.2.0/one2one_cv3.2.0.1/act/Sigmoid_output_0,/model.23/one2one_cv3.2/one2one_cv3.2.0/one2one_cv3.2.0.1/act/Sigmoid,Sigmoid,0.9987707734107971,0.9823243618011475,0,0,0,,
1064,/model.23/one2one_cv2.2/one2one_cv2.2.1/act/Sigmoid_output_0_QuantizeLinear_Output,/model.23/one2one_cv2.2/one2one_cv2.2.1/act/Sigmoid_output_0_QuantizeLinear,QuantizeLinear,0.9947975873947144,254.0,0,0,0,0.003916414454579353,0.0
1065,/model.23/one2one_cv3.2/one2one_cv3.2.0/one2one_cv3.2.0.1/act/Sigmoid_output_0_QuantizeLinear_Output,/model.23/one2one_cv3.2/one2one_cv3.2.0/one2one_cv3.2.0.1/act/Sigmoid_output_0_QuantizeLinear,QuantizeLinear,0.9987707734107971,250.0,0,0,0,0.003921568859368563,0.0
1066,/model.23/one2one_cv2.2/one2one_cv2.2.1/act/Sigmoid_output_0_DequantizeLinear_Output,/model.23/one2one_cv2.2/one2one_cv2.2.1/act/Sigmoid_output_0_DequantizeLinear,DequantizeLinear,0.9947975873947144,0.994769275188446,0,0,0,0.003916414454579353,0.0
1067,/model.23/one2one_cv3.2/one2one_cv3.2.0/one2one_cv3.2.0.1/act/Sigmoid_output_0_DequantizeLinear_Output,/model.23/one2one_cv3.2/one2one_cv3.2.0/one2one_cv3.2.0.1/act/Sigmoid_output_0_DequantizeLinear,DequantizeLinear,0.9987707734107971,0.9803922176361084,0,0,0,0.003921568859368563,0.0
1068,/model.23/one2one_cv2.2/one2one_cv2.2.1/act/Mul_output_0,/model.23/one2one_cv2.2/one2one_cv2.2.1/act/Mul,Mul,5.226078510284424,5.351938724517822,0,0,0,,
1069,/model.23/one2one_cv3.2/one2one_cv3.2.0/one2one_cv3.2.0.1/act/Mul_output_0,/model.23/one2one_cv3.2/one2one_cv3.2.0/one2one_cv3.2.0.1/act/Mul,Mul,6.691912651062012,3.938952922821045,0,0,0,,
1070,/model.23/one2one_cv2.2/one2one_cv2.2.1/act/Mul_output_0_QuantizeLinear_Output,/model.23/one2one_cv2.2/one2one_cv2.2.1/act/Mul_output_0_QuantizeLinear,QuantizeLinear,5.226078510284424,208.0,0,0,0,0.027069972828030586,10.0
1071,/model.23/one2one_cv3.2/one2one_cv3.2.0/one2one_cv3.2.0.1/act/Mul_output_0_QuantizeLinear_Output,/model.23/one2one_cv3.2/one2one_cv3.2.0/one2one_cv3.2.0.1/act/Mul_output_0_QuantizeLinear,QuantizeLinear,6.691912651062012,44.0,0,0,0,0.09611974656581879,3.0
1072,/model.23/one2one_cv2.2/one2one_cv2.2.1/act/Mul_output_0_DequantizeLinear_Output,/model.23/one2one_cv2.2/one2one_cv2.2.1/act/Mul_output_0_DequantizeLinear,DequantizeLinear,5.226078510284424,5.359854698181152,0,0,0,0.027069972828030586,10.0
1073,/model.23/one2one_cv3.2/one2one_cv3.2.0/one2one_cv3.2.0.1/act/Mul_output_0_DequantizeLinear_Output,/model.23/one2one_cv3.2/one2one_cv3.2.0/one2one_cv3.2.0.1/act/Mul_output_0_DequantizeLinear,DequantizeLinear,6.691912651062012,3.9409096240997314,0,0,0,0.09611974656581879,3.0
1074,/model.23/one2one_cv2.2/one2one_cv2.2.2/Conv_output_0,/model.23/one2one_cv2.2/one2one_cv2.2.2/Conv,Conv,11.735860824584961,11.588532447814941,0,0,0,,
1075,/model.23/one2one_cv3.2/one2one_cv3.2.1/one2one_cv3.2.1.0/conv/Conv_output_0,/model.23/one2one_cv3.2/one2one_cv3.2.1/one2one_cv3.2.1.0/conv/Conv,Conv,9.673806190490723,7.601562023162842,0,0,0,,
1076,/model.23/one2one_cv2.2/one2one_cv2.2.2/Conv_output_0_QuantizeLinear_Output,/model.23/one2one_cv2.2/one2one_cv2.2.2/Conv_output_0_QuantizeLinear,QuantizeLinear,11.735860824584961,235.0,0,0,0,0.049516987055540085,1.0
1077,/model.23/one2one_cv3.2/one2one_cv3.2.1/one2one_cv3.2.1.0/conv/Conv_output_0_QuantizeLinear_Output,/model.23/one2one_cv3.2/one2one_cv3.2.1/one2one_cv3.2.1.0/conv/Conv_output_0_QuantizeLinear,QuantizeLinear,9.673806190490723,137.0,0,0,0,0.6031394600868225,124.0
1078,/model.23/one2one_cv2.2/one2one_cv2.2.2/Conv_output_0_DequantizeLinear_Output,/model.23/one2one_cv2.2/one2one_cv2.2.2/Conv_output_0_DequantizeLinear,DequantizeLinear,11.735860824584961,11.58697509765625,0,0,0,0.049516987055540085,1.0
1079,/model.23/one2one_cv3.2/one2one_cv3.2.1/one2one_cv3.2.1.0/conv/Conv_output_0_DequantizeLinear_Output,/model.23/one2one_cv3.2/one2one_cv3.2.1/one2one_cv3.2.1.0/conv/Conv_output_0_DequantizeLinear,DequantizeLinear,9.673806190490723,7.840813159942627,0,0,0,0.6031394600868225,124.0
1080,/model.23/Reshape_2_output_0,/model.23/Reshape_2,Reshape,11.735860824584961,11.58697509765625,0,0,0,,
1081,/model.23/one2one_cv3.2/one2one_cv3.2.1/one2one_cv3.2.1.0/act/Sigmoid_output_0,/model.23/one2one_cv3.2/one2one_cv3.2.1/one2one_cv3.2.1.0/act/Sigmoid,Sigmoid,0.9999370574951172,0.9996067881584167,0,0,0,,
1082,/model.23/Reshape_2_output_0_QuantizeLinear_Output,/model.23/Reshape_2_output_0_QuantizeLinear,QuantizeLinear,11.735860824584961,235.0,0,0,0,0.049516987055540085,1.0
1083,/model.23/one2one_cv3.2/one2one_cv3.2.1/one2one_cv3.2.1.0/act/Sigmoid_output_0_QuantizeLinear_Output,/model.23/one2one_cv3.2/one2one_cv3.2.1/one2one_cv3.2.1.0/act/Sigmoid_output_0_QuantizeLinear,QuantizeLinear,0.9999370574951172,255.0,0,0,0,0.003921568859368563,0.0
1084,/model.23/Reshape_2_output_0_DequantizeLinear_Output,/model.23/Reshape_2_output_0_DequantizeLinear,DequantizeLinear,11.735860824584961,11.58697509765625,0,0,0,0.049516987055540085,1.0
1085,/model.23/one2one_cv3.2/one2one_cv3.2.1/one2one_cv3.2.1.0/act/Sigmoid_output_0_DequantizeLinear_Output,/model.23/one2one_cv3.2/one2one_cv3.2.1/one2one_cv3.2.1.0/act/Sigmoid_output_0_DequantizeLinear,DequantizeLinear,0.9999370574951172,1.0,0,0,0,0.003921568859368563,0.0
1086,/model.23/Concat_output_0,/model.23/Concat,Concat,12.864794731140137,16.07402229309082,0,0,0,,
1087,/model.23/one2one_cv3.2/one2one_cv3.2.1/one2one_cv3.2.1.0/act/Mul_output_0,/model.23/one2one_cv3.2/one2one_cv3.2.1/one2one_cv3.2.1.0/act/Mul,Mul,9.673197746276855,7.840813159942627,0,0,0,,
1088,/model.23/Concat_output_0_QuantizeLinear_Output,/model.23/Concat_output_0_QuantizeLinear,QuantizeLinear,12.864794731140137,233.0,0,0,0,0.07255879044532776,11.0
1089,/model.23/one2one_cv3.2/one2one_cv3.2.1/one2one_cv3.2.1.0/act/Mul_output_0_QuantizeLinear_Output,/model.23/one2one_cv3.2/one2one_cv3.2.1/one2one_cv3.2.1.0/act/Mul_output_0_QuantizeLinear,QuantizeLinear,9.673197746276855,26.0,0,0,0,0.3114972710609436,1.0
1090,/model.23/Concat_output_0_DequantizeLinear_Output,/model.23/Concat_output_0_DequantizeLinear,DequantizeLinear,12.864794731140137,16.108051300048828,0,0,0,0.07255879044532776,11.0
1091,/model.23/one2one_cv3.2/one2one_cv3.2.1/one2one_cv3.2.1.0/act/Mul_output_0_DequantizeLinear_Output,/model.23/one2one_cv3.2/one2one_cv3.2.1/one2one_cv3.2.1.0/act/Mul_output_0_DequantizeLinear,DequantizeLinear,9.673197746276855,7.787431716918945,0,0,0,0.3114972710609436,1.0
1092,/model.23/Slice_output_0,/model.23/Slice,Slice,11.54086685180664,15.237345695495605,0,0,0,,
1093,/model.23/Slice_1_output_0,/model.23/Slice_1,Slice,12.864794731140137,16.108051300048828,0,0,0,,
1094,/model.23/one2one_cv3.2/one2one_cv3.2.1/one2one_cv3.2.1.1/conv/Conv_output_0,/model.23/one2one_cv3.2/one2one_cv3.2.1/one2one_cv3.2.1.1/conv/Conv,Conv,14.099858283996582,10.432875633239746,0,0,0,,
1095,/model.23/Slice_output_0_QuantizeLinear_Output,/model.23/Slice_output_0_QuantizeLinear,QuantizeLinear,11.54086685180664,221.0,0,0,0,0.07255879044532776,11.0
1096,/model.23/Slice_1_output_0_QuantizeLinear_Output,/model.23/Slice_1_output_0_QuantizeLinear,QuantizeLinear,12.864794731140137,233.0,0,0,0,0.07255879044532776,11.0
1097,/model.23/one2one_cv3.2/one2one_cv3.2.1/one2one_cv3.2.1.1/conv/Conv_output_0_QuantizeLinear_Output,/model.23/one2one_cv3.2/one2one_cv3.2.1/one2one_cv3.2.1.1/conv/Conv_output_0_QuantizeLinear,QuantizeLinear,14.099858283996582,101.0,0,0,0,0.4338442087173462,77.0
1098,/model.23/Slice_output_0_DequantizeLinear_Output,/model.23/Slice_output_0_DequantizeLinear,DequantizeLinear,11.54086685180664,15.237345695495605,0,0,0,0.07255879044532776,11.0
1099,/model.23/Slice_1_output_0_DequantizeLinear_Output,/model.23/Slice_1_output_0_DequantizeLinear,DequantizeLinear,12.864794731140137,16.108051300048828,0,0,0,0.07255879044532776,11.0
1100,/model.23/one2one_cv3.2/one2one_cv3.2.1/one2one_cv3.2.1.1/conv/Conv_output_0_DequantizeLinear_Output,/model.23/one2one_cv3.2/one2one_cv3.2.1/one2one_cv3.2.1.1/conv/Conv_output_0_DequantizeLinear,DequantizeLinear,14.099858283996582,10.412261009216309,0,0,0,0.4338442087173462,77.0
1101,/model.23/Sub_output_0,/model.23/Sub,Sub,79.31481170654297,79.2823257446289,0,0,0,,
1102,/model.23/Add_1_output_0,/model.23/Add_1,Add,80.45523834228516,80.74385070800781,0,0,0,,
1103,/model.23/one2one_cv3.2/one2one_cv3.2.1/one2one_cv3.2.1.1/act/Sigmoid_output_0,/model.23/one2one_cv3.2/one2one_cv3.2.1/one2one_cv3.2.1.1/act/Sigmoid,Sigmoid,0.9999992251396179,0.9999699592590332,0,0,0,,
1104,/model.23/Sub_output_0_QuantizeLinear_Output,/model.23/Sub_output_0_QuantizeLinear,QuantizeLinear,79.31481170654297,254.0,0,0,0,0.327705979347229,12.0
1105,/model.23/Add_1_output_0_QuantizeLinear_Output,/model.23/Add_1_output_0_QuantizeLinear,QuantizeLinear,80.45523834228516,254.0,0,0,0,0.3184771239757538,0.0
1106,/model.23/one2one_cv3.2/one2one_cv3.2.1/one2one_cv3.2.1.1/act/Sigmoid_output_0_QuantizeLinear_Output,/model.23/one2one_cv3.2/one2one_cv3.2.1/one2one_cv3.2.1.1/act/Sigmoid_output_0_QuantizeLinear,QuantizeLinear,0.9999992251396179,255.0,0,0,0,0.003921568859368563,0.0
1107,/model.23/Sub_output_0_DequantizeLinear_Output,/model.23/Sub_output_0_DequantizeLinear,DequantizeLinear,79.31481170654297,79.30484771728516,0,0,0,0.327705979347229,12.0
1108,/model.23/Add_1_output_0_DequantizeLinear_Output,/model.23/Add_1_output_0_DequantizeLinear,DequantizeLinear,80.45523834228516,80.8931884765625,0,0,0,0.3184771239757538,0.0
1109,/model.23/one2one_cv3.2/one2one_cv3.2.1/one2one_cv3.2.1.1/act/Sigmoid_output_0_DequantizeLinear_Output,/model.23/one2one_cv3.2/one2one_cv3.2.1/one2one_cv3.2.1.1/act/Sigmoid_output_0_DequantizeLinear,DequantizeLinear,0.9999992251396179,1.0,0,0,0,0.003921568859368563,0.0
1110,/model.23/Concat_2_output_0,/model.23/Concat_2,Concat,80.45523834228516,80.8931884765625,0,0,0,,
1111,/model.23/one2one_cv3.2/one2one_cv3.2.1/one2one_cv3.2.1.1/act/Mul_output_0,/model.23/one2one_cv3.2/one2one_cv3.2.1/one2one_cv3.2.1.1/act/Mul,Mul,14.099847793579102,10.412261009216309,0,0,0,,
1112,/model.23/Concat_2_output_0_QuantizeLinear_Output,/model.23/Concat_2_output_0_QuantizeLinear,QuantizeLinear,80.45523834228516,254.0,0,0,0,0.333729088306427,12.0
1113,/model.23/one2one_cv3.2/one2one_cv3.2.1/one2one_cv3.2.1.1/act/Mul_output_0_QuantizeLinear_Output,/model.23/one2one_cv3.2/one2one_cv3.2.1/one2one_cv3.2.1.1/act/Mul_output_0_QuantizeLinear,QuantizeLinear,14.099847793579102,35.0,0,0,0,0.30345314741134644,1.0
1114,/model.23/Concat_2_output_0_DequantizeLinear_Output,/model.23/Concat_2_output_0_DequantizeLinear,DequantizeLinear,80.45523834228516,80.76243591308594,0,0,0,0.333729088306427,12.0
1115,/model.23/one2one_cv3.2/one2one_cv3.2.1/one2one_cv3.2.1.1/act/Mul_output_0_DequantizeLinear_Output,/model.23/one2one_cv3.2/one2one_cv3.2.1/one2one_cv3.2.1.1/act/Mul_output_0_DequantizeLinear,DequantizeLinear,14.099847793579102,10.31740665435791,0,0,0,0.30345314741134644,1.0
1116,/model.23/Mul_2_output_0,/model.23/Mul_2,Mul,766.7049560546875,779.5911254882812,0,0,0,,
1117,/model.23/one2one_cv3.2/one2one_cv3.2.2/Conv_output_0,/model.23/one2one_cv3.2/one2one_cv3.2.2/Conv,Conv,72.34260559082031,40.063148498535156,0,0,0,,
1118,/model.23/Mul_2_output_0_QuantizeLinear_Output,/model.23/Mul_2_output_0_QuantizeLinear,QuantizeLinear,766.7049560546875,253.0,0,0,0,3.3787922859191895,22.0
1119,/model.23/one2one_cv3.2/one2one_cv3.2.2/Conv_output_0_QuantizeLinear_Output,/model.23/one2one_cv3.2/one2one_cv3.2.2/Conv_output_0_QuantizeLinear,QuantizeLinear,72.34260559082031,247.0,0,0,0,1.2423512935638428,253.0
1120,/model.23/Mul_2_output_0_DequantizeLinear_Output,/model.23/Mul_2_output_0_DequantizeLinear,DequantizeLinear,766.7049560546875,780.5010375976562,0,0,0,3.3787922859191895,22.0
1121,/model.23/one2one_cv3.2/one2one_cv3.2.2/Conv_output_0_DequantizeLinear_Output,/model.23/one2one_cv3.2/one2one_cv3.2.2/Conv_output_0_DequantizeLinear,DequantizeLinear,72.34260559082031,39.75524139404297,0,0,0,1.2423512935638428,253.0
1122,/model.23/Reshape_5_output_0,/model.23/Reshape_5,Reshape,72.34260559082031,39.75524139404297,0,0,0,,
1123,/model.23/Reshape_5_output_0_QuantizeLinear_Output,/model.23/Reshape_5_output_0_QuantizeLinear,QuantizeLinear,72.34260559082031,247.0,0,0,0,1.2423512935638428,253.0
1124,/model.23/Reshape_5_output_0_DequantizeLinear_Output,/model.23/Reshape_5_output_0_DequantizeLinear,DequantizeLinear,72.34260559082031,39.75524139404297,0,0,0,1.2423512935638428,253.0
1125,/model.23/Concat_1_output_0,/model.23/Concat_1,Concat,76.6353988647461,128.84182739257812,0,0,0,,
1126,/model.23/Concat_1_output_0_QuantizeLinear_Output,/model.23/Concat_1_output_0_QuantizeLinear,QuantizeLinear,76.6353988647461,251.0,0,0,0,1.2423512935638428,253.0
1127,/model.23/Concat_1_output_0_DequantizeLinear_Output,/model.23/Concat_1_output_0_DequantizeLinear,DequantizeLinear,76.6353988647461,129.20452880859375,0,0,0,1.2423512935638428,253.0
1128,/model.23/Sigmoid_output_0,/model.23/Sigmoid,Sigmoid,0.11035975813865662,0.07693758606910706,0,0,0,,
1129,/model.23/Sigmoid_output_0_QuantizeLinear_Output,/model.23/Sigmoid_output_0_QuantizeLinear,QuantizeLinear,0.11035975813865662,21.0,0,0,0,0.0037370845675468445,0.0
1130,/model.23/Sigmoid_output_0_DequantizeLinear_Output,/model.23/Sigmoid_output_0_DequantizeLinear,DequantizeLinear,0.11035975813865662,0.07847877591848373,0,0,0,0.0037370845675468445,0.0
1131,/model.23/Concat_3_output_0,/model.23/Concat_3,Concat,766.7049560546875,780.5010375976562,0,0,0,,
1132,/model.23/Concat_3_output_0_QuantizeLinear_Output,/model.23/Concat_3_output_0_QuantizeLinear,QuantizeLinear,766.7049560546875,253.0,0,0,0,3.3787922859191895,22.0
1133,/model.23/Concat_3_output_0_DequantizeLinear_Output,/model.23/Concat_3_output_0_DequantizeLinear,DequantizeLinear,766.7049560546875,780.5010375976562,0,0,0,3.3787922859191895,22.0
1134,/model.23/Transpose_output_0,/model.23/Transpose,Transpose,766.7049560546875,780.5010375976562,0,0,0,,
1135,/model.23/Transpose_output_0_QuantizeLinear_Output,/model.23/Transpose_output_0_QuantizeLinear,QuantizeLinear,766.7049560546875,253.0,0,0,0,3.3787922859191895,22.0
1136,/model.23/Transpose_output_0_DequantizeLinear_Output,/model.23/Transpose_output_0_DequantizeLinear,DequantizeLinear,766.7049560546875,780.5010375976562,0,0,0,3.3787922859191895,22.0
1137,/model.23/Split_output_0,/model.23/Split,Split,766.7049560546875,780.5010375976562,0,0,0,,
1138,/model.23/Split_output_1,/model.23/Split,Split,0.11035975813865662,0.0,0,1,1,,
1139,/model.23/Split_output_0_QuantizeLinear_Output,/model.23/Split_output_0_QuantizeLinear,QuantizeLinear,766.7049560546875,253.0,0,0,0,3.3787922859191895,22.0
1140,/model.23/Split_output_1_QuantizeLinear_Output,/model.23/Split_output_1_QuantizeLinear,QuantizeLinear,0.11035975813865662,22.0,0,0,0,3.3787922859191895,22.0
1141,/model.23/Split_output_0_DequantizeLinear_Output,/model.23/Split_output_0_DequantizeLinear,DequantizeLinear,766.7049560546875,780.5010375976562,0,0,0,3.3787922859191895,22.0
1142,/model.23/Split_output_1_DequantizeLinear_Output,/model.23/Split_output_1_DequantizeLinear,DequantizeLinear,0.11035975813865662,0.0,0,1,1,3.3787922859191895,22.0
1143,/model.23/ReduceMax_output_0,/model.23/ReduceMax,ReduceMax,0.11035975813865662,0.0,0,1,1,,
1144,/model.23/TopK_output_0,/model.23/TopK,TopK,0.11035975813865662,0.0,0,1,1,,
1145,/model.23/TopK_output_1,/model.23/TopK,TopK,8335.0,299.0,0,0,0,,
1146,/model.23/Expand_output_0,/model.23/Unsqueeze,Unsqueeze,8335.0,299.0,0,0,0,,
1147,/model.23/Flatten_1_output_0,/model.23/Flatten_1,Flatten,8335.0,299.0,0,0,0,,
1148,/model.23/Tile_output_0,/model.23/Tile,Tile,8335.0,299.0,0,0,0,,
1149,/model.23/GatherElements_output_0,/model.23/GatherElements,GatherElements,0.11035975813865662,0.0,0,1,1,,
1150,/model.23/GatherElements_output_0_QuantizeLinear_Output,/model.23/GatherElements_output_0_QuantizeLinear,QuantizeLinear,0.11035975813865662,22.0,0,0,0,3.3787922859191895,22.0
1151,/model.23/GatherElements_output_0_DequantizeLinear_Output,/model.23/GatherElements_output_0_DequantizeLinear,DequantizeLinear,0.11035975813865662,0.0,0,1,1,3.3787922859191895,22.0
1152,/model.23/Flatten_output_0,/model.23/Flatten,Flatten,0.11035975813865662,0.0,0,1,1,,
1153,/model.23/TopK_1_output_0,/model.23/TopK_1,TopK,0.11035975813865662,0.0,0,1,1,,
1154,/model.23/TopK_1_output_1,/model.23/TopK_1,TopK,526.0,299.0,0,0,0,,
1155,/model.23/Unsqueeze_1_output_0,/model.23/Unsqueeze_1,Unsqueeze,0.11035975813865662,0.0,0,1,1,,
1156,/model.23/Add_2_output_0,/model.23/Div_1,Div,263.0,149.0,0,0,0,,
1157,/model.23/Mod_output_0,/model.23/Mod,Mod,1.0,1.0,0,0,0,,
1158,/model.23/Unsqueeze_1_output_0_QuantizeLinear_Output,/model.23/Unsqueeze_1_output_0_QuantizeLinear,QuantizeLinear,0.11035975813865662,0.0,0,1,1,0.0037370845675468445,0.0
1159,/model.23/Expand_1_output_0,/model.23/Gather_3,Gather,8335.0,149.0,0,0,0,,
1160,/model.23/Unsqueeze_2_output_0,/model.23/Unsqueeze_2,Unsqueeze,1.0,1.0,0,0,0,,
1161,/model.23/Unsqueeze_1_output_0_DequantizeLinear_Output,/model.23/Unsqueeze_1_output_0_DequantizeLinear,DequantizeLinear,0.11035975813865662,0.0,0,1,1,0.0037370845675468445,0.0
1162,/model.23/Tile_1_output_0,/model.23/Tile_1,Tile,8335.0,149.0,0,0,0,,
1163,/model.23/Cast_2_output_0,/model.23/Cast_2,Cast,1.0,1.0,0,0,0,,
1164,/model.23/GatherElements_1_output_0,/model.23/GatherElements_1,GatherElements,641.4368896484375,641.9705200195312,0,0,0,,
1165,/model.23/Cast_2_output_0_QuantizeLinear_Output,/model.23/Cast_2_output_0_QuantizeLinear,QuantizeLinear,1.0,255.0,0,0,0,0.003921568859368563,0.0
1166,/model.23/GatherElements_1_output_0_QuantizeLinear_Output,/model.23/GatherElements_1_output_0_QuantizeLinear,QuantizeLinear,641.4368896484375,212.0,0,0,0,3.3787922859191895,22.0
1167,/model.23/Cast_2_output_0_DequantizeLinear_Output,/model.23/Cast_2_output_0_DequantizeLinear,DequantizeLinear,1.0,1.0,0,0,0,0.003921568859368563,0.0
1168,/model.23/GatherElements_1_output_0_DequantizeLinear_Output,/model.23/GatherElements_1_output_0_DequantizeLinear,DequantizeLinear,641.4368896484375,641.9705200195312,0,0,0,3.3787922859191895,22.0
1169,output0_QuantizeLinear_Output,output0_QuantizeLinear,QuantizeLinear,641.4368896484375,216.0,0,0,0,3.289480209350586,21.0
1170,output0,output0_DequantizeLinear,DequantizeLinear,641.4368896484375,641.4486694335938,0,0,0,3.289480209350586,21.0
