model,image,truth_fire,pred_fire_at_010,top_fire_conf,top_any_conf
fp32-control,AoF06723.jpg,False,False,0.0,0.0
fp32-control,AoF06724.jpg,False,False,0.0,0.0
fp32-control,AoF06725.jpg,False,False,0.0,0.0
fp32-control,AoF06726.jpg,False,False,0.0,0.0
fp32-control,AoF06727.jpg,False,False,0.0,0.0
fp32-control,AoF06728.jpg,False,False,0.0,0.0
fp32-control,AoF06729.jpg,False,False,0.0,0.0
fp32-control,AoF06730.jpg,False,False,0.0,0.0
fp32-control,AoF06731.jpg,False,False,0.0,0.0
fp32-control,AoF06732.jpg,False,False,0.0,0.0
fp32-control,AoF06733.jpg,False,False,0.0,0.0
fp32-control,AoF06734.jpg,False,False,0.0,0.0
fp32-control,AoF06735.jpg,False,False,0.0,0.0
fp32-control,AoF06736.jpg,False,False,0.0,0.0
fp32-control,AoF06737.jpg,False,False,0.0,0.0
fp32-control,AoF06738.jpg,False,False,0.0,0.0
fp32-control,AoF06739.jpg,False,False,0.0,0.0
fp32-control,AoF06740.jpg,False,False,0.0,0.0
fp32-control,AoF06741.jpg,False,False,0.0,0.0
fp32-control,AoF06742.jpg,False,False,0.0,0.0
fp32-control,AoF06743.jpg,False,False,0.0,0.0
fp32-control,AoF06744.jpg,False,False,0.0,0.0
fp32-control,AoF06745.jpg,False,False,0.0,0.0
fp32-control,AoF06746.jpg,False,False,0.0,0.0
fp32-control,AoF06747.jpg,False,False,0.0,0.0
fp32-control,AoF06748.jpg,False,False,0.0,0.0
fp32-control,AoF06749.jpg,False,False,0.0,0.0
fp32-control,AoF06750.jpg,False,False,0.0,0.0
fp32-control,AoF06751.jpg,False,False,0.0,0.0
fp32-control,AoF06752.jpg,False,False,0.0,0.0
fp32-control,AoF06753.jpg,False,False,0.0,0.0
fp32-control,AoF06754.jpg,False,False,0.0,0.0
fp32-control,AoF06755.jpg,False,False,0.0,0.0
fp32-control,AoF06756.jpg,False,False,0.0,0.0
fp32-control,AoF06757.jpg,False,False,0.0,0.0
fp32-control,AoF06758.jpg,False,False,0.0,0.0
fp32-control,AoF06759.jpg,False,False,0.0,0.0
fp32-control,AoF06760.jpg,False,False,0.0,0.0
fp32-control,AoF06761.jpg,False,False,0.0,0.0
fp32-control,AoF06762.jpg,False,False,0.0,0.0
fp32-control,AoF06763.jpg,False,False,0.0,0.0
fp32-control,AoF06764.jpg,False,False,0.0,0.16682451963424683
fp32-control,AoF06765.jpg,False,False,0.0,0.0
fp32-control,AoF06766.jpg,False,False,0.0,0.0
fp32-control,AoF06767.jpg,False,False,0.0,0.0
fp32-control,AoF06768.jpg,False,False,0.0,0.0
fp32-control,AoF06769.jpg,False,False,0.0,0.0
fp32-control,AoF06770.jpg,False,False,0.0,0.0
fp32-control,AoF06771.jpg,False,False,0.0,0.0
fp32-control,AoF06772.jpg,False,False,0.0,0.0
fp32-control,AoF06773.jpg,False,False,0.0,0.11801230907440186
fp32-control,AoF06774.jpg,False,False,0.0,0.2159441113471985
fp32-control,AoF06775.jpg,False,False,0.0,0.0
fp32-control,AoF06776.jpg,False,False,0.0,0.0
fp32-control,AoF06777.jpg,False,False,0.0,0.0
fp32-control,AoF06778.jpg,False,False,0.0,0.0
fp32-control,AoF06779.jpg,False,False,0.0,0.0
fp32-control,AoF06780.jpg,False,False,0.0,0.0
fp32-control,AoF06781.jpg,False,False,0.0,0.0
fp32-control,AoF06782.jpg,False,False,0.0,0.0
fp32-control,AoF06783.jpg,False,False,0.0,0.0
fp32-control,AoF06784.jpg,False,False,0.0,0.0
fp32-control,AoF06785.jpg,False,False,0.0,0.0
fp32-control,AoF06786.jpg,False,False,0.0,0.0
fp32-control,AoF06787.jpg,False,False,0.0,0.0
fp32-control,AoF06788.jpg,False,False,0.0,0.0
fp32-control,AoF06789.jpg,False,False,0.0,0.0
fp32-control,AoF06790.jpg,False,False,0.0,0.0
fp32-control,AoF06791.jpg,False,False,0.0,0.0
fp32-control,AoF06792.jpg,False,False,0.0,0.0
fp32-control,AoF06793.jpg,False,False,0.0,0.0
fp32-control,AoF06794.jpg,False,False,0.0,0.0
fp32-control,AoF06795.jpg,False,False,0.0,0.0
fp32-control,AoF06796.jpg,False,False,0.0,0.0
fp32-control,AoF06797.jpg,False,False,0.0,0.0
fp32-control,AoF06798.jpg,False,False,0.0,0.0
fp32-control,AoF06799.jpg,False,False,0.0,0.0
fp32-control,AoF06800.jpg,False,False,0.0,0.0
fp32-control,AoF06801.jpg,False,False,0.0,0.0
fp32-control,AoF06802.jpg,False,False,0.0,0.21608802676200867
fp32-control,AoF06803.jpg,False,False,0.0,0.0
fp32-control,AoF06804.jpg,False,False,0.0,0.0
fp32-control,AoF06805.jpg,False,False,0.0,0.0
fp32-control,AoF06806.jpg,False,False,0.0,0.0
fp32-control,AoF06807.jpg,False,False,0.0,0.0
fp32-control,AoF06808.jpg,False,False,0.0,0.0
fp32-control,AoF06809.jpg,False,False,0.0,0.0
fp32-control,AoF06810.jpg,False,False,0.0,0.0
fp32-control,AoF06811.jpg,False,False,0.0,0.0
fp32-control,AoF06812.jpg,False,False,0.0,0.0
fp32-control,AoF06813.jpg,False,False,0.0,0.0
fp32-control,AoF06814.jpg,False,False,0.0,0.0
fp32-control,AoF06815.jpg,False,False,0.0,0.0
fp32-control,AoF06816.jpg,False,False,0.0,0.0
fp32-control,AoF06817.jpg,False,False,0.0,0.0
fp32-control,AoF06818.jpg,False,False,0.0,0.0
fp32-control,AoF06819.jpg,False,False,0.0,0.0
fp32-control,AoF06820.jpg,False,False,0.0,0.0
fp32-control,AoF06821.jpg,False,False,0.0,0.0
fp32-control,AoF06822.jpg,False,False,0.0,0.0
fp32-control,AoF06823.jpg,False,False,0.0,0.0
fp32-control,AoF06824.jpg,False,False,0.0,0.0
fp32-control,AoF06825.jpg,False,False,0.0,0.0
fp32-control,AoF06826.jpg,False,False,0.0,0.0
fp32-control,AoF06827.jpg,False,False,0.0,0.0
fp32-control,AoF06828.jpg,False,False,0.0,0.0
fp32-control,AoF06829.jpg,False,False,0.0,0.0
fp32-control,AoF06830.jpg,False,False,0.0,0.0
fp32-control,AoF06831.jpg,False,False,0.0,0.0
fp32-control,AoF06832.jpg,False,False,0.0,0.0
fp32-control,AoF06833.jpg,False,False,0.0,0.0
fp32-control,AoF06834.jpg,False,False,0.0,0.0
fp32-control,AoF06835.jpg,False,False,0.0,0.0
fp32-control,AoF06836.jpg,False,False,0.0,0.0
fp32-control,AoF06837.jpg,False,False,0.0,0.0
fp32-control,AoF06838.jpg,False,False,0.0,0.0
fp32-control,AoF06839.jpg,False,False,0.0,0.0
fp32-control,AoF06840.jpg,False,False,0.0,0.0
fp32-control,AoF06841.jpg,False,False,0.0,0.0
fp32-control,AoF06842.jpg,False,False,0.0,0.0
fp32-control,AoF06843.jpg,False,False,0.0,0.0
fp32-control,AoF06844.jpg,False,False,0.0,0.0
fp32-control,AoF06845.jpg,False,False,0.0,0.0
fp32-control,AoF06846.jpg,False,False,0.0,0.0
fp32-control,AoF06847.jpg,False,False,0.0,0.0
fp32-control,AoF06848.jpg,False,False,0.0,0.0
fp32-control,AoF06849.jpg,False,False,0.0,0.0
fp32-control,AoF06850.jpg,False,False,0.0,0.0
fp32-control,AoF06851.jpg,False,False,0.0,0.0
fp32-control,AoF06852.jpg,False,False,0.0,0.0
fp32-control,AoF06853.jpg,False,False,0.0,0.0
fp32-control,AoF06854.jpg,False,False,0.0,0.0
fp32-control,AoF06855.jpg,False,False,0.0,0.0
fp32-control,AoF06856.jpg,False,False,0.0,0.0
fp32-control,AoF06857.jpg,False,False,0.0,0.0
fp32-control,AoF06858.jpg,False,False,0.0,0.15758290886878967
fp32-control,AoF06859.jpg,False,False,0.0,0.0
fp32-control,AoF06860.jpg,False,False,0.0,0.0
fp32-control,AoF06861.jpg,False,False,0.0,0.0
fp32-control,AoF06862.jpg,False,False,0.0,0.0
fp32-control,AoF06863.jpg,False,False,0.0,0.0
fp32-control,AoF06864.jpg,False,False,0.0,0.0
fp32-control,AoF06865.jpg,False,False,0.0,0.0
fp32-control,AoF06866.jpg,False,False,0.0,0.0
fp32-control,AoF06867.jpg,False,False,0.0,0.0
fp32-control,AoF06868.jpg,False,False,0.0,0.0
fp32-control,AoF06869.jpg,False,False,0.0,0.0
fp32-control,AoF06870.jpg,False,False,0.0,0.0
fp32-control,AoF06871.jpg,False,False,0.0,0.0
fp32-control,AoF06872.jpg,False,False,0.0,0.0
fp32-control,AoF06873.jpg,False,False,0.0,0.0
fp32-control,AoF06874.jpg,False,False,0.0,0.0
fp32-control,AoF06875.jpg,False,False,0.0,0.0
fp32-control,AoF06876.jpg,False,False,0.0,0.0
fp32-control,AoF06877.jpg,False,False,0.0,0.0
fp32-control,AoF06878.jpg,False,False,0.0,0.0
fp32-control,AoF06879.jpg,False,False,0.0,0.0
fp32-control,AoF06880.jpg,False,False,0.0,0.0
fp32-control,AoF06881.jpg,False,False,0.0,0.0
fp32-control,AoF06882.jpg,False,False,0.0,0.0
fp32-control,AoF06883.jpg,False,False,0.0,0.0
fp32-control,AoF06884.jpg,False,False,0.0,0.0
fp32-control,AoF06885.jpg,False,False,0.0,0.0
fp32-control,AoF06886.jpg,False,False,0.0,0.0
fp32-control,AoF06887.jpg,False,False,0.0,0.0
fp32-control,AoF06888.jpg,False,False,0.0,0.0
fp32-control,AoF06889.jpg,False,False,0.0,0.0
fp32-control,AoF06890.jpg,False,False,0.0,0.0
fp32-control,AoF06891.jpg,False,False,0.0,0.0
fp32-control,AoF06892.jpg,False,False,0.0,0.0
fp32-control,AoF06893.jpg,False,False,0.0,0.0
fp32-control,AoF06894.jpg,False,False,0.0,0.0
fp32-control,AoF06895.jpg,False,False,0.0,0.0
fp32-control,AoF06896.jpg,False,False,0.0,0.0
fp32-control,AoF06897.jpg,False,False,0.0,0.0
fp32-control,AoF06898.jpg,False,False,0.0,0.38144028186798096
fp32-control,AoF06899.jpg,False,False,0.0,0.0
fp32-control,AoF06900.jpg,False,False,0.0,0.0
fp32-control,AoF06901.jpg,False,False,0.0,0.0
fp32-control,AoF06902.jpg,False,False,0.0,0.0
fp32-control,AoF06903.jpg,False,False,0.0,0.0
fp32-control,AoF06904.jpg,False,False,0.0,0.0
fp32-control,AoF06905.jpg,False,False,0.0,0.0
fp32-control,AoF06906.jpg,False,False,0.0,0.0
fp32-control,AoF06907.jpg,False,False,0.0,0.0
fp32-control,AoF06908.jpg,False,False,0.0,0.0
fp32-control,AoF06909.jpg,False,False,0.0,0.0
fp32-control,AoF06910.jpg,False,False,0.0,0.0
fp32-control,AoF06911.jpg,False,False,0.0,0.0
fp32-control,AoF06912.jpg,False,False,0.0,0.0
fp32-control,AoF06913.jpg,False,False,0.0,0.0
fp32-control,AoF06914.jpg,False,False,0.0,0.0
fp32-control,AoF06915.jpg,False,False,0.0,0.0
fp32-control,AoF06916.jpg,False,False,0.0,0.0
fp32-control,AoF06917.jpg,False,False,0.0,0.0
fp32-control,AoF06918.jpg,False,False,0.0,0.0
fp32-control,AoF06919.jpg,False,False,0.0,0.0
fp32-control,AoF06920.jpg,False,False,0.0,0.0
fp32-control,AoF06921.jpg,False,False,0.0,0.0
fp32-control,AoF06922.jpg,False,False,0.0,0.0
fp32-control,AoF06923.jpg,False,False,0.0,0.0
fp32-control,AoF06924.jpg,False,False,0.0,0.0
fp32-control,AoF06925.jpg,False,False,0.0,0.0
fp32-control,AoF06926.jpg,False,False,0.0,0.0
fp32-control,AoF06927.jpg,False,False,0.0,0.0
fp32-control,AoF06928.jpg,False,False,0.0,0.0
fp32-control,AoF06929.jpg,False,False,0.0,0.0
fp32-control,AoF06930.jpg,False,False,0.0,0.0
fp32-control,AoF06931.jpg,False,False,0.0,0.0
fp32-control,AoF06932.jpg,False,False,0.0,0.0
fp32-control,AoF06933.jpg,False,False,0.0,0.0
fp32-control,AoF06934.jpg,False,False,0.0,0.0
fp32-control,AoF06935.jpg,False,False,0.0,0.0
fp32-control,AoF06936.jpg,False,False,0.0,0.0
fp32-control,AoF06937.jpg,False,False,0.0,0.0
fp32-control,AoF06938.jpg,False,False,0.0,0.0
fp32-control,AoF06939.jpg,False,False,0.0,0.0
fp32-control,AoF06940.jpg,False,False,0.0,0.0
fp32-control,AoF06941.jpg,False,False,0.0,0.0
fp32-control,AoF06942.jpg,False,False,0.0,0.0
fp32-control,AoF06943.jpg,False,False,0.0,0.0
fp32-control,AoF06944.jpg,False,False,0.0,0.0
fp32-control,AoF06945.jpg,False,False,0.0,0.0
fp32-control,AoF06946.jpg,False,False,0.0,0.0
fp32-control,AoF06947.jpg,False,False,0.0,0.0
fp32-control,AoF06948.jpg,False,False,0.0,0.0
fp32-control,AoF06949.jpg,False,False,0.0,0.0
fp32-control,AoF06950.jpg,False,False,0.0,0.0
fp32-control,AoF06951.jpg,False,False,0.0,0.0
fp32-control,AoF06952.jpg,False,False,0.0,0.0
fp32-control,AoF06953.jpg,False,False,0.0,0.0
fp32-control,AoF06954.jpg,False,False,0.0,0.0
fp32-control,AoF06955.jpg,False,False,0.0,0.4084712266921997
fp32-control,AoF06956.jpg,False,False,0.0,0.0
fp32-control,AoF06957.jpg,False,False,0.0,0.0
fp32-control,AoF06958.jpg,False,False,0.0,0.17555782198905945
fp32-control,AoF06959.jpg,False,False,0.0,0.0
fp32-control,AoF06960.jpg,False,False,0.0,0.0
fp32-control,AoF06961.jpg,False,False,0.0,0.0
fp32-control,AoF06962.jpg,False,False,0.0,0.0
fp32-control,AoF06963.jpg,False,False,0.0,0.0
fp32-control,AoF06964.jpg,False,False,0.0,0.0
fp32-control,AoF06965.jpg,False,False,0.0,0.0
fp32-control,AoF06966.jpg,False,False,0.0,0.0
fp32-control,AoF06967.jpg,False,False,0.0,0.0
fp32-control,AoF06968.jpg,False,False,0.0,0.0
fp32-control,AoF06969.jpg,False,False,0.0,0.0
fp32-control,AoF06970.jpg,False,False,0.0,0.26421457529067993
fp32-control,AoF06971.jpg,False,False,0.0,0.0
fp32-control,AoF06972.jpg,False,False,0.0,0.0
fp32-control,AoF06973.jpg,False,False,0.0,0.0
fp32-control,AoF06974.jpg,False,False,0.0,0.0
fp32-control,AoF06975.jpg,False,False,0.0,0.0
fp32-control,AoF06976.jpg,False,False,0.0,0.0
fp32-control,AoF06977.jpg,False,False,0.0,0.0
fp32-control,AoF06978.jpg,False,False,0.0,0.11035966873168945
fp32-control,AoF06979.jpg,False,False,0.0,0.0
fp32-control,AoF06980.jpg,False,False,0.0,0.0
fp32-control,AoF06981.jpg,False,False,0.0,0.0
fp32-control,AoF06982.jpg,False,False,0.0,0.0
fp32-control,AoF06983.jpg,False,False,0.0,0.0
fp32-control,AoF06984.jpg,False,False,0.0,0.0
fp32-control,AoF06985.jpg,False,False,0.0,0.0
fp32-control,AoF06986.jpg,False,False,0.0,0.0
fp32-control,AoF06987.jpg,False,False,0.0,0.0
fp32-control,AoF06988.jpg,False,False,0.0,0.0
fp32-control,AoF06989.jpg,False,False,0.0,0.0
fp32-control,AoF06990.jpg,False,False,0.0,0.0
fp32-control,AoF06991.jpg,False,False,0.0,0.0
fp32-control,AoF06992.jpg,False,False,0.0,0.0
fp32-control,AoF06993.jpg,False,False,0.0,0.0
fp32-control,AoF06994.jpg,False,False,0.0,0.0
fp32-control,AoF06995.jpg,False,False,0.0,0.0
fp32-control,AoF06996.jpg,False,False,0.0,0.0
fp32-control,AoF06997.jpg,False,False,0.0,0.0
fp32-control,AoF06998.jpg,False,False,0.0,0.0
fp32-control,AoF06999.jpg,False,False,0.0,0.0
fp32-control,AoF07000.jpg,False,False,0.0,0.0
fp32-control,AoF07001.jpg,False,False,0.0,0.0
fp32-control,AoF07002.jpg,False,False,0.0,0.0
fp32-control,AoF07003.jpg,False,False,0.0,0.0
fp32-control,AoF07004.jpg,False,False,0.0,0.0
fp32-control,AoF07005.jpg,False,False,0.0,0.0
fp32-control,AoF07006.jpg,False,False,0.0,0.0
fp32-control,AoF07007.jpg,False,False,0.0,0.0
fp32-control,AoF07008.jpg,False,False,0.0,0.0
fp32-control,AoF07009.jpg,False,False,0.0,0.0
fp32-control,AoF07010.jpg,False,False,0.0,0.0
fp32-control,AoF07011.jpg,False,False,0.0,0.0
fp32-control,AoF07012.jpg,False,False,0.0,0.0
fp32-control,AoF07013.jpg,False,False,0.0,0.0
fp32-control,AoF07014.jpg,False,False,0.0,0.0
fp32-control,AoF07015.jpg,False,False,0.0,0.0
fp32-control,AoF07016.jpg,False,False,0.0,0.0
fp32-control,AoF07017.jpg,False,False,0.0,0.0
fp32-control,AoF07018.jpg,False,False,0.0,0.0
fp32-control,AoF07019.jpg,False,False,0.0,0.0
fp32-control,AoF07020.jpg,False,False,0.0,0.0
fp32-control,AoF07021.jpg,False,False,0.0,0.0
fp32-control,AoF07022.jpg,False,False,0.0,0.0
fp32-control,AoF07023.jpg,False,False,0.0,0.0
fp32-control,AoF07024.jpg,False,False,0.0,0.0
fp32-control,AoF07025.jpg,False,False,0.0,0.0
fp32-control,AoF07026.jpg,False,False,0.0,0.0
fp32-control,AoF07027.jpg,False,False,0.0,0.0
fp32-control,AoF07028.jpg,False,False,0.0,0.0
fp32-control,AoF07029.jpg,False,False,0.0,0.0
fp32-control,AoF07030.jpg,False,False,0.0,0.10580533742904663
fp32-control,AoF07031.jpg,False,False,0.0,0.0
fp32-control,AoF07032.jpg,False,False,0.0,0.0
fp32-control,AoF07033.jpg,False,False,0.0,0.0
fp32-control,AoF07034.jpg,False,False,0.0,0.0
fp32-control,AoF07035.jpg,False,False,0.0,0.0
fp32-control,AoF07036.jpg,False,False,0.0,0.0
fp32-control,AoF07037.jpg,False,False,0.0,0.0
fp32-control,AoF07038.jpg,False,False,0.0,0.0
fp32-control,AoF07039.jpg,False,False,0.0,0.0
fp32-control,AoF07040.jpg,False,False,0.0,0.0
fp32-control,AoF07041.jpg,False,False,0.0,0.0
fp32-control,AoF07042.jpg,False,False,0.0,0.0
fp32-control,AoF07043.jpg,False,False,0.0,0.0
fp32-control,AoF07044.jpg,False,False,0.0,0.0
fp32-control,AoF07045.jpg,False,False,0.0,0.0
fp32-control,AoF07046.jpg,False,False,0.0,0.0
fp32-control,AoF07047.jpg,False,False,0.0,0.0
fp32-control,AoF07048.jpg,False,False,0.0,0.0
fp32-control,AoF07049.jpg,False,False,0.0,0.0
fp32-control,AoF07050.jpg,False,False,0.0,0.0
fp32-control,AoF07051.jpg,False,False,0.0,0.0
fp32-control,AoF07052.jpg,False,False,0.0,0.0
fp32-control,AoF07053.jpg,False,False,0.0,0.21439647674560547
fp32-control,AoF07054.jpg,False,False,0.0,0.0
fp32-control,AoF07055.jpg,False,False,0.0,0.0
fp32-control,AoF07056.jpg,False,False,0.0,0.0
fp32-control,AoF07057.jpg,False,False,0.0,0.0
fp32-control,AoF07058.jpg,False,False,0.0,0.0
fp32-control,AoF07059.jpg,False,False,0.0,0.0
fp32-control,AoF07060.jpg,False,False,0.0,0.0
fp32-control,AoF07061.jpg,False,False,0.0,0.0
fp32-control,AoF07062.jpg,False,False,0.0,0.0
fp32-control,AoF07063.jpg,False,False,0.0,0.0
fp32-control,AoF07064.jpg,False,False,0.0,0.0
fp32-control,AoF07065.jpg,False,False,0.0,0.0
fp32-control,AoF07066.jpg,False,False,0.0,0.0
fp32-control,AoF07067.jpg,False,False,0.0,0.0
fp32-control,AoF07068.jpg,False,False,0.0,0.0
fp32-control,AoF07069.jpg,False,False,0.0,0.0
fp32-control,AoF07070.jpg,False,False,0.0,0.0
fp32-control,AoF07071.jpg,False,False,0.0,0.0
fp32-control,AoF07072.jpg,False,False,0.0,0.0
fp32-control,AoF07073.jpg,False,False,0.0,0.0
fp32-control,AoF07074.jpg,False,False,0.0,0.0
fp32-control,AoF07075.jpg,False,False,0.0,0.0
fp32-control,AoF07076.jpg,False,False,0.0,0.0
fp32-control,AoF07077.jpg,False,False,0.0,0.0
fp32-control,AoF07078.jpg,False,False,0.0,0.0
fp32-control,AoF07079.jpg,False,False,0.0,0.0
fp32-control,AoF07080.jpg,False,False,0.0,0.0
fp32-control,AoF07081.jpg,False,False,0.0,0.0
fp32-control,AoF07082.jpg,False,False,0.0,0.0
fp32-control,AoF07083.jpg,False,False,0.0,0.0
fp32-control,AoF07084.jpg,False,False,0.0,0.0
fp32-control,AoF07085.jpg,False,False,0.0,0.0
fp32-control,AoF07086.jpg,False,False,0.0,0.0
fp32-control,AoF07087.jpg,False,False,0.0,0.0
fp32-control,AoF07088.jpg,False,False,0.0,0.0
fp32-control,AoF07089.jpg,False,False,0.0,0.0
fp32-control,AoF07090.jpg,False,False,0.0,0.0
fp32-control,AoF07091.jpg,False,False,0.0,0.0
fp32-control,AoF07092.jpg,False,False,0.0,0.0
fp32-control,AoF07093.jpg,False,False,0.0,0.0
fp32-control,AoF07094.jpg,False,False,0.0,0.0
fp32-control,AoF07095.jpg,False,False,0.0,0.0
fp32-control,AoF07096.jpg,False,False,0.0,0.0
fp32-control,AoF07097.jpg,False,False,0.0,0.0
fp32-control,AoF07098.jpg,False,False,0.0,0.0
fp32-control,AoF07099.jpg,False,False,0.0,0.0
fp32-control,AoF07100.jpg,False,False,0.0,0.0
fp32-control,AoF07101.jpg,False,False,0.0,0.0
fp32-control,AoF07102.jpg,False,False,0.0,0.0
fp32-control,AoF07103.jpg,False,False,0.0,0.0
fp32-control,AoF07104.jpg,False,False,0.0,0.0
fp32-control,AoF07105.jpg,False,False,0.0,0.0
fp32-control,AoF07106.jpg,False,False,0.0,0.0
fp32-control,AoF07107.jpg,False,False,0.0,0.0
fp32-control,AoF07108.jpg,False,False,0.0,0.0
fp32-control,AoF07109.jpg,False,False,0.0,0.0
fp32-control,AoF07110.jpg,False,False,0.0,0.0
fp32-control,AoF07111.jpg,False,False,0.0,0.0
fp32-control,AoF07112.jpg,False,False,0.0,0.0
fp32-control,AoF07113.jpg,False,False,0.0,0.0
fp32-control,AoF07114.jpg,False,False,0.0,0.0
fp32-control,AoF07115.jpg,False,False,0.0,0.0
fp32-control,AoF07116.jpg,False,False,0.0,0.0
fp32-control,AoF07117.jpg,False,False,0.0,0.0
fp32-control,AoF07118.jpg,False,False,0.0,0.0
fp32-control,AoF07119.jpg,False,False,0.0,0.0
fp32-control,AoF07120.jpg,False,False,0.0,0.0
fp32-control,AoF07121.jpg,False,False,0.0,0.0
fp32-control,AoF07122.jpg,False,False,0.0,0.0
fp32-control,AoF07123.jpg,False,False,0.0,0.0
fp32-control,AoF07124.jpg,False,False,0.0,0.0
fp32-control,AoF07125.jpg,False,False,0.0,0.0
fp32-control,AoF07126.jpg,False,False,0.0,0.0
fp32-control,AoF07127.jpg,False,False,0.0,0.0
fp32-control,AoF07128.jpg,False,False,0.0,0.0
fp32-control,AoF07129.jpg,False,False,0.0,0.0
fp32-control,AoF07130.jpg,False,False,0.0,0.0
fp32-control,AoF07131.jpg,False,False,0.0,0.0
fp32-control,AoF07132.jpg,False,False,0.0,0.0
fp32-control,AoF07133.jpg,False,False,0.0,0.0
fp32-control,AoF07134.jpg,False,False,0.0,0.0
fp32-control,AoF07135.jpg,False,False,0.0,0.0
fp32-control,AoF07136.jpg,False,False,0.0,0.10812520980834961
fp32-control,AoF07137.jpg,False,False,0.0,0.0
fp32-control,AoF07138.jpg,False,False,0.0,0.0
fp32-control,AoF07139.jpg,False,False,0.0,0.0
fp32-control,AoF07140.jpg,False,False,0.0,0.0
fp32-control,AoF07141.jpg,False,False,0.0,0.0
fp32-control,AoF07142.jpg,False,False,0.0,0.0
fp32-control,AoF07143.jpg,False,False,0.0,0.0
fp32-control,AoF07144.jpg,False,False,0.0,0.0
fp32-control,AoF07145.jpg,False,False,0.0,0.0
fp32-control,AoF07146.jpg,False,False,0.0,0.0
fp32-control,AoF07147.jpg,False,False,0.0,0.0
fp32-control,AoF07148.jpg,False,False,0.0,0.0
fp32-control,AoF07149.jpg,False,False,0.0,0.0
fp32-control,AoF07150.jpg,False,False,0.0,0.0
fp32-control,AoF07151.jpg,False,False,0.0,0.0
fp32-control,AoF07152.jpg,False,False,0.0,0.0
fp32-control,AoF07153.jpg,False,False,0.0,0.0
fp32-control,AoF07154.jpg,False,False,0.0,0.0
fp32-control,AoF07155.jpg,False,False,0.0,0.0
fp32-control,AoF07156.jpg,False,False,0.0,0.0
fp32-control,AoF07157.jpg,False,False,0.0,0.0
fp32-control,AoF07158.jpg,False,False,0.0,0.0
fp32-control,AoF07159.jpg,False,False,0.0,0.0
fp32-control,AoF07160.jpg,False,False,0.0,0.0
fp32-control,AoF07161.jpg,False,False,0.0,0.0
fp32-control,AoF07162.jpg,False,False,0.0,0.0
fp32-control,AoF07163.jpg,False,False,0.0,0.0
fp32-control,AoF07164.jpg,False,False,0.0,0.0
fp32-control,AoF07165.jpg,False,False,0.0,0.0
fp32-control,AoF07166.jpg,False,False,0.0,0.0
fp32-control,AoF07167.jpg,False,False,0.0,0.0
fp32-control,AoF07168.jpg,False,False,0.0,0.0
fp32-control,AoF07169.jpg,False,False,0.0,0.0
fp32-control,AoF07170.jpg,False,False,0.0,0.0
fp32-control,AoF07171.jpg,False,False,0.0,0.0
fp32-control,AoF07172.jpg,False,False,0.0,0.0
fp32-control,AoF07173.jpg,False,False,0.0,0.0
fp32-control,AoF07174.jpg,False,False,0.0,0.0
fp32-control,AoF07175.jpg,False,False,0.0,0.0
fp32-control,AoF07176.jpg,False,False,0.0,0.0
fp32-control,AoF07177.jpg,False,False,0.0,0.0
fp32-control,AoF07178.jpg,False,False,0.0,0.0
fp32-control,AoF07179.jpg,False,False,0.0,0.0
fp32-control,AoF07180.jpg,False,False,0.0,0.0
fp32-control,AoF07181.jpg,False,False,0.0,0.0
fp32-control,AoF07182.jpg,False,False,0.0,0.0
fp32-control,AoF07183.jpg,False,False,0.0,0.0
fp32-control,AoF07184.jpg,False,False,0.0,0.0
fp32-control,AoF07185.jpg,False,False,0.0,0.0
fp32-control,AoF07186.jpg,False,False,0.0,0.0
fp32-control,AoF07187.jpg,False,False,0.0,0.0
fp32-control,AoF07188.jpg,False,False,0.0,0.0
fp32-control,AoF07189.jpg,False,False,0.0,0.0
fp32-control,AoF07190.jpg,False,False,0.0,0.0
fp32-control,AoF07191.jpg,False,False,0.0,0.0
fp32-control,AoF07192.jpg,False,False,0.0,0.0
fp32-control,AoF07193.jpg,False,False,0.0,0.0
fp32-control,AoF07194.jpg,False,False,0.0,0.0
fp32-control,AoF07195.jpg,False,False,0.0,0.0
fp32-control,AoF07196.jpg,False,False,0.0,0.0
fp32-control,AoF07197.jpg,False,False,0.0,0.0
fp32-control,AoF07198.jpg,False,False,0.0,0.0
fp32-control,AoF07199.jpg,False,False,0.0,0.0
fp32-control,AoF07200.jpg,False,False,0.0,0.0
fp32-control,AoF07201.jpg,False,False,0.0,0.0
fp32-control,AoF07202.jpg,False,False,0.0,0.0
fp32-control,AoF07203.jpg,False,False,0.0,0.0
fp32-control,AoF07204.jpg,False,False,0.0,0.0
fp32-control,AoF07205.jpg,False,False,0.0,0.0
fp32-control,AoF07206.jpg,False,False,0.0,0.0
fp32-control,AoF07207.jpg,False,False,0.0,0.0
fp32-control,AoF07208.jpg,False,False,0.0,0.0
fp32-control,AoF07209.jpg,False,False,0.0,0.0
fp32-control,AoF07210.jpg,False,False,0.0,0.0
fp32-control,AoF07211.jpg,False,False,0.0,0.0
fp32-control,AoF07212.jpg,False,False,0.0,0.0
fp32-control,AoF07213.jpg,False,False,0.0,0.0
fp32-control,AoF07214.jpg,False,False,0.0,0.0
fp32-control,AoF07215.jpg,False,False,0.0,0.0
fp32-control,AoF07216.jpg,False,False,0.0,0.0
fp32-control,AoF07217.jpg,False,False,0.0,0.0
fp32-control,AoF07218.jpg,False,False,0.0,0.0
fp32-control,AoF07219.jpg,False,False,0.0,0.0
fp32-control,AoF07220.jpg,False,False,0.0,0.0
fp32-control,AoF07221.jpg,False,False,0.0,0.0
fp32-control,AoF07222.jpg,False,False,0.0,0.0
fp32-control,AoF07223.jpg,False,False,0.0,0.0
fp32-control,AoF07224.jpg,False,False,0.0,0.0
fp32-control,AoF07225.jpg,False,False,0.0,0.0
fp32-control,AoF07226.jpg,False,False,0.0,0.0
fp32-control,AoF07227.jpg,False,False,0.0,0.0
fp32-control,AoF07228.jpg,False,False,0.0,0.0
fp32-control,AoF07229.jpg,False,False,0.0,0.0
fp32-control,AoF07230.jpg,False,False,0.0,0.0
fp32-control,AoF07231.jpg,False,False,0.0,0.0
fp32-control,AoF07232.jpg,False,False,0.0,0.0
fp32-control,AoF07233.jpg,False,False,0.0,0.0
fp32-control,AoF07234.jpg,False,False,0.0,0.0
fp32-control,AoF07235.jpg,False,False,0.0,0.0
fp32-control,AoF07236.jpg,False,False,0.0,0.0
fp32-control,AoF07237.jpg,False,False,0.0,0.0
fp32-control,AoF07238.jpg,False,False,0.0,0.0
fp32-control,AoF07239.jpg,False,False,0.0,0.0
fp32-control,AoF07240.jpg,False,False,0.0,0.0
fp32-control,AoF07241.jpg,False,False,0.0,0.0
fp32-control,AoF07242.jpg,False,False,0.0,0.0
fp32-control,AoF07243.jpg,False,False,0.0,0.0
fp32-control,AoF07244.jpg,False,False,0.0,0.0
fp32-control,AoF07245.jpg,False,False,0.0,0.0
fp32-control,AoF07246.jpg,False,False,0.0,0.0
fp32-control,AoF07247.jpg,False,False,0.0,0.0
fp32-control,AoF07248.jpg,False,False,0.0,0.0
fp32-control,AoF07249.jpg,False,False,0.0,0.0
fp32-control,AoF07250.jpg,False,False,0.0,0.0
fp32-control,AoF07251.jpg,False,False,0.0,0.0
fp32-control,AoF07252.jpg,False,False,0.0,0.0
fp32-control,AoF07253.jpg,False,False,0.0,0.0
fp32-control,AoF07254.jpg,False,False,0.0,0.0
fp32-control,AoF07255.jpg,False,False,0.0,0.0
fp32-control,AoF07256.jpg,False,False,0.0,0.10045069456100464
fp32-control,AoF07257.jpg,False,False,0.0,0.0
fp32-control,AoF07258.jpg,False,False,0.0,0.0
fp32-control,AoF07259.jpg,False,False,0.0,0.0
fp32-control,AoF07260.jpg,False,False,0.0,0.0
fp32-control,AoF07261.jpg,False,False,0.0,0.0
fp32-control,AoF07262.jpg,False,False,0.0,0.0
fp32-control,AoF07263.jpg,False,False,0.0,0.0
fp32-control,AoF07264.jpg,False,False,0.0,0.0
fp32-control,AoF07265.jpg,False,False,0.0,0.0
fp32-control,AoF07266.jpg,False,False,0.0,0.0
fp32-control,AoF07267.jpg,False,False,0.0,0.0
fp32-control,AoF07268.jpg,False,False,0.0,0.0
fp32-control,AoF07269.jpg,False,False,0.0,0.0
fp32-control,AoF07270.jpg,False,False,0.0,0.0
fp32-control,AoF07271.jpg,False,False,0.0,0.0
fp32-control,AoF07272.jpg,False,False,0.0,0.0
fp32-control,AoF07273.jpg,False,False,0.0,0.0
fp32-control,AoF07274.jpg,False,False,0.0,0.0
fp32-control,AoF07275.jpg,False,False,0.0,0.0
fp32-control,AoF07276.jpg,False,False,0.0,0.0
fp32-control,AoF07277.jpg,False,False,0.0,0.0
fp32-control,AoF07278.jpg,False,False,0.0,0.0
fp32-control,AoF07279.jpg,False,False,0.0,0.0
fp32-control,AoF07280.jpg,False,False,0.0,0.0
fp32-control,AoF07281.jpg,False,False,0.0,0.0
fp32-control,AoF07282.jpg,False,False,0.0,0.0
fp32-control,AoF07283.jpg,False,False,0.0,0.0
fp32-control,AoF07284.jpg,False,False,0.0,0.0
fp32-control,AoF07285.jpg,False,False,0.0,0.0
fp32-control,AoF07286.jpg,False,False,0.0,0.0
fp32-control,AoF07287.jpg,False,False,0.0,0.0
fp32-control,AoF07288.jpg,False,False,0.0,0.0
fp32-control,AoF07289.jpg,False,False,0.0,0.0
fp32-control,AoF07290.jpg,False,False,0.0,0.0
fp32-control,AoF07291.jpg,False,False,0.0,0.0
fp32-control,AoF07292.jpg,False,False,0.0,0.0
fp32-control,AoF07293.jpg,False,False,0.0,0.0
fp32-control,AoF07294.jpg,False,False,0.0,0.0
fp32-control,AoF07295.jpg,False,False,0.0,0.0
fp32-control,AoF07296.jpg,False,False,0.0,0.0
fp32-control,AoF07297.jpg,False,False,0.0,0.0
fp32-control,AoF07298.jpg,False,False,0.0,0.0
fp32-control,AoF07299.jpg,False,False,0.0,0.0
fp32-control,AoF07300.jpg,False,False,0.0,0.0
fp32-control,AoF07301.jpg,False,False,0.0,0.0
fp32-control,AoF07302.jpg,False,False,0.0,0.0
fp32-control,AoF07303.jpg,False,False,0.0,0.0
fp32-control,AoF07304.jpg,False,False,0.0,0.0
fp32-control,AoF07305.jpg,False,False,0.0,0.0
fp32-control,AoF07306.jpg,False,False,0.0,0.0
fp32-control,AoF07307.jpg,False,False,0.0,0.0
fp32-control,AoF07308.jpg,False,False,0.0,0.0
fp32-control,AoF07309.jpg,False,False,0.0,0.0
fp32-control,AoF07310.jpg,False,False,0.0,0.0
fp32-control,AoF07311.jpg,False,False,0.0,0.0
fp32-control,AoF07312.jpg,False,False,0.0,0.0
fp32-control,AoF07313.jpg,False,False,0.0,0.0
fp32-control,AoF07314.jpg,False,False,0.0,0.0
fp32-control,AoF07315.jpg,False,False,0.0,0.0
fp32-control,AoF07316.jpg,False,False,0.0,0.0
fp32-control,AoF07317.jpg,False,False,0.0,0.0
fp32-control,AoF07318.jpg,False,False,0.0,0.0
fp32-control,AoF07319.jpg,False,False,0.0,0.0
fp32-control,AoF07320.jpg,False,False,0.0,0.0
fp32-control,AoF07321.jpg,False,False,0.0,0.0
fp32-control,AoF07322.jpg,False,False,0.0,0.0
fp32-control,AoF07323.jpg,False,False,0.0,0.0
fp32-control,AoF07324.jpg,False,False,0.0,0.0
fp32-control,AoF07325.jpg,False,False,0.0,0.0
fp32-control,AoF07326.jpg,False,False,0.0,0.0
fp32-control,AoF07327.jpg,False,False,0.0,0.0
fp32-control,AoF07328.jpg,False,False,0.0,0.0
fp32-control,AoF07329.jpg,False,False,0.0,0.0
fp32-control,AoF07330.jpg,False,False,0.0,0.0
fp32-control,AoF07331.jpg,False,False,0.0,0.0
fp32-control,AoF07332.jpg,False,False,0.0,0.0
fp32-control,AoF07333.jpg,False,False,0.0,0.0
fp32-control,AoF07334.jpg,False,False,0.0,0.0
fp32-control,AoF07335.jpg,False,False,0.0,0.0
fp32-control,AoF07336.jpg,False,False,0.0,0.0
fp32-control,AoF07337.jpg,False,False,0.0,0.0
fp32-control,AoF07338.jpg,False,False,0.0,0.0
fp32-control,AoF07339.jpg,False,False,0.0,0.0
fp32-control,AoF07340.jpg,False,False,0.0,0.0
fp32-control,AoF07341.jpg,False,False,0.0,0.0
fp32-control,AoF07342.jpg,False,False,0.0,0.0
fp32-control,AoF07343.jpg,False,False,0.0,0.0
fp32-control,AoF07344.jpg,False,False,0.0,0.0
fp32-control,AoF07345.jpg,False,False,0.0,0.0
fp32-control,AoF07346.jpg,False,False,0.0,0.0
fp32-control,AoF07347.jpg,False,False,0.0,0.0
fp32-control,AoF07348.jpg,False,False,0.0,0.0
fp32-control,AoF07349.jpg,False,False,0.0,0.0
fp32-control,AoF07350.jpg,False,False,0.0,0.0
fp32-control,AoF07351.jpg,False,False,0.0,0.0
fp32-control,AoF07352.jpg,False,False,0.0,0.0
fp32-control,AoF07353.jpg,False,False,0.0,0.0
fp32-control,AoF07354.jpg,False,False,0.0,0.0
fp32-control,AoF07355.jpg,False,False,0.0,0.0
fp32-control,AoF07356.jpg,False,False,0.0,0.0
fp32-control,AoF07357.jpg,False,False,0.0,0.0
fp32-control,AoF07358.jpg,False,False,0.0,0.0
fp32-control,AoF07359.jpg,False,False,0.0,0.0
fp32-control,AoF07360.jpg,False,False,0.0,0.0
fp32-control,AoF07361.jpg,False,False,0.0,0.0
fp32-control,AoF07362.jpg,False,False,0.0,0.0
fp32-control,AoF07363.jpg,False,False,0.0,0.0
fp32-control,AoF07364.jpg,False,False,0.0,0.15990158915519714
fp32-control,AoF07365.jpg,False,False,0.0,0.0
fp32-control,AoF07366.jpg,False,False,0.0,0.0
fp32-control,AoF07367.jpg,False,False,0.0,0.0
fp32-control,AoF07368.jpg,False,False,0.0,0.0
fp32-control,AoF07369.jpg,False,False,0.0,0.0
fp32-control,AoF07370.jpg,False,False,0.0,0.0
fp32-control,AoF07371.jpg,False,False,0.0,0.0
fp32-control,AoF07372.jpg,False,False,0.0,0.0
fp32-control,AoF07373.jpg,False,False,0.0,0.0
fp32-control,AoF07374.jpg,False,False,0.0,0.0
fp32-control,AoF07375.jpg,False,False,0.0,0.0
fp32-control,AoF07376.jpg,False,False,0.0,0.0
fp32-control,AoF07377.jpg,False,False,0.0,0.0
fp32-control,AoF07378.jpg,False,False,0.0,0.0
fp32-control,AoF07379.jpg,False,False,0.0,0.2248154878616333
fp32-control,AoF07380.jpg,False,False,0.0,0.0
fp32-control,AoF07381.jpg,False,False,0.0,0.0
fp32-control,AoF07382.jpg,False,False,0.0,0.0
fp32-control,AoF07383.jpg,False,False,0.0,0.0
fp32-control,AoF07384.jpg,False,False,0.0,0.0
fp32-control,AoF07385.jpg,False,False,0.0,0.0
fp32-control,AoF07386.jpg,False,False,0.0,0.0
fp32-control,AoF07387.jpg,False,False,0.0,0.0
fp32-control,AoF07388.jpg,False,False,0.0,0.0
fp32-control,AoF07389.jpg,False,False,0.0,0.0
fp32-control,AoF07390.jpg,False,False,0.0,0.0
fp32-control,AoF07391.jpg,False,False,0.0,0.0
fp32-control,AoF07392.jpg,False,False,0.0,0.0
fp32-control,AoF07393.jpg,False,False,0.0,0.0
fp32-control,AoF07394.jpg,False,False,0.0,0.0
fp32-control,AoF07395.jpg,False,False,0.0,0.0
fp32-control,AoF07396.jpg,False,False,0.0,0.0
fp32-control,AoF07397.jpg,False,False,0.0,0.0
fp32-control,AoF07398.jpg,False,False,0.0,0.0
fp32-control,AoF07399.jpg,False,False,0.0,0.0
fp32-control,AoF07400.jpg,False,False,0.0,0.0
fp32-control,AoF07401.jpg,False,False,0.0,0.0
fp32-control,AoF07402.jpg,False,False,0.0,0.0
fp32-control,AoF07403.jpg,False,False,0.0,0.0
fp32-control,AoF07404.jpg,False,False,0.0,0.0
fp32-control,AoF07405.jpg,False,False,0.0,0.0
fp32-control,AoF07406.jpg,False,False,0.0,0.0
fp32-control,AoF07407.jpg,False,False,0.0,0.0
fp32-control,AoF07408.jpg,False,False,0.0,0.0
fp32-control,AoF07409.jpg,False,False,0.0,0.0
fp32-control,AoF07410.jpg,False,False,0.0,0.0
fp32-control,AoF07411.jpg,False,False,0.0,0.0
fp32-control,AoF07412.jpg,False,False,0.0,0.0
fp32-control,AoF07413.jpg,False,False,0.0,0.0
fp32-control,AoF07414.jpg,False,False,0.0,0.0
fp32-control,AoF07415.jpg,False,False,0.0,0.0
fp32-control,AoF07416.jpg,False,False,0.0,0.0
fp32-control,AoF07417.jpg,False,False,0.0,0.0
fp32-control,AoF07418.jpg,False,False,0.0,0.0
fp32-control,AoF07419.jpg,False,False,0.0,0.0
fp32-control,AoF07420.jpg,False,False,0.0,0.0
fp32-control,AoF07421.jpg,False,False,0.0,0.0
fp32-control,AoF07422.jpg,False,False,0.0,0.0
fp32-control,AoF07423.jpg,False,False,0.0,0.0
fp32-control,AoF07424.jpg,False,False,0.0,0.0
fp32-control,AoF07425.jpg,False,False,0.0,0.0
fp32-control,AoF07426.jpg,False,False,0.0,0.0
fp32-control,AoF07427.jpg,False,False,0.0,0.0
fp32-control,AoF07428.jpg,False,False,0.0,0.0
fp32-control,AoF07429.jpg,False,False,0.0,0.0
fp32-control,AoF07430.jpg,False,False,0.0,0.0
fp32-control,AoF07431.jpg,False,False,0.0,0.0
fp32-control,AoF07432.jpg,False,False,0.0,0.0
fp32-control,AoF07433.jpg,False,False,0.0,0.0
fp32-control,AoF07434.jpg,False,False,0.0,0.0
fp32-control,AoF07435.jpg,False,False,0.0,0.0
fp32-control,AoF07436.jpg,False,False,0.0,0.0
fp32-control,AoF07437.jpg,False,False,0.0,0.0
fp32-control,AoF07438.jpg,False,False,0.0,0.0
fp32-control,AoF07439.jpg,False,False,0.0,0.0
fp32-control,AoF07440.jpg,False,False,0.0,0.0
fp32-control,AoF07441.jpg,False,False,0.0,0.0
fp32-control,AoF07442.jpg,False,False,0.0,0.0
fp32-control,AoF07443.jpg,False,False,0.0,0.0
fp32-control,AoF07444.jpg,False,False,0.0,0.0
fp32-control,AoF07445.jpg,False,False,0.0,0.0
fp32-control,AoF07446.jpg,False,False,0.0,0.0
fp32-control,AoF07447.jpg,False,False,0.0,0.0
fp32-control,AoF07448.jpg,False,False,0.0,0.0
fp32-control,AoF07449.jpg,False,False,0.0,0.0
fp32-control,AoF07450.jpg,False,False,0.0,0.0
fp32-control,AoF07451.jpg,False,False,0.0,0.0
fp32-control,AoF07452.jpg,False,False,0.0,0.0
fp32-control,AoF07453.jpg,False,False,0.0,0.0
fp32-control,AoF07454.jpg,False,False,0.0,0.0
fp32-control,AoF07455.jpg,False,False,0.0,0.0
fp32-control,AoF07456.jpg,False,False,0.0,0.0
fp32-control,AoF07457.jpg,False,False,0.0,0.0
fp32-control,AoF07458.jpg,False,False,0.0,0.0
fp32-control,AoF07459.jpg,False,False,0.0,0.0
fp32-control,AoF07460.jpg,False,False,0.0,0.0
fp32-control,AoF07461.jpg,False,False,0.0,0.0
fp32-control,AoF07462.jpg,False,False,0.0,0.0
fp32-control,AoF07463.jpg,False,False,0.0,0.0
fp32-control,AoF07464.jpg,False,False,0.0,0.0
fp32-control,AoF07465.jpg,False,False,0.0,0.0
fp32-control,AoF07466.jpg,False,False,0.0,0.0
fp32-control,AoF07467.jpg,False,False,0.0,0.0
fp32-control,AoF07468.jpg,False,False,0.0,0.0
fp32-control,AoF07469.jpg,False,False,0.0,0.0
fp32-control,AoF07470.jpg,False,False,0.0,0.0
fp32-control,AoF07471.jpg,False,False,0.0,0.0
fp32-control,AoF07472.jpg,False,False,0.0,0.0
fp32-control,AoF07473.jpg,False,False,0.0,0.0
fp32-control,AoF07474.jpg,False,False,0.0,0.0
fp32-control,AoF07475.jpg,False,False,0.0,0.0
fp32-control,AoF07476.jpg,False,False,0.0,0.0
fp32-control,AoF07477.jpg,False,False,0.0,0.0
fp32-control,AoF07478.jpg,False,False,0.0,0.0
fp32-control,AoF07479.jpg,False,False,0.0,0.0
fp32-control,AoF07480.jpg,False,False,0.0,0.0
fp32-control,AoF07481.jpg,False,False,0.0,0.0
fp32-control,AoF07482.jpg,False,False,0.0,0.0
fp32-control,AoF07483.jpg,False,False,0.0,0.0
fp32-control,AoF07484.jpg,False,False,0.0,0.0
fp32-control,AoF07485.jpg,False,False,0.0,0.0
fp32-control,AoF07486.jpg,False,False,0.0,0.0
fp32-control,AoF07487.jpg,False,False,0.0,0.0
fp32-control,AoF07488.jpg,False,False,0.0,0.0
fp32-control,AoF07489.jpg,False,False,0.0,0.0
fp32-control,AoF07490.jpg,False,False,0.0,0.0
fp32-control,AoF07491.jpg,False,False,0.0,0.0
fp32-control,AoF07492.jpg,False,False,0.0,0.0
fp32-control,AoF07493.jpg,False,False,0.0,0.0
fp32-control,AoF07494.jpg,False,False,0.0,0.0
fp32-control,AoF07495.jpg,False,False,0.0,0.0
fp32-control,AoF07496.jpg,False,False,0.0,0.0
fp32-control,AoF07497.jpg,False,False,0.0,0.0
fp32-control,AoF07498.jpg,False,False,0.0,0.0
fp32-control,AoF07499.jpg,False,False,0.0,0.0
fp32-control,AoF07500.jpg,False,False,0.0,0.0
fp32-control,AoF07501.jpg,False,False,0.0,0.0
fp32-control,AoF07502.jpg,False,False,0.0,0.0
fp32-control,AoF07503.jpg,False,False,0.0,0.0
fp32-control,AoF07504.jpg,False,False,0.0,0.0
fp32-control,AoF07505.jpg,False,False,0.0,0.0
fp32-control,AoF07506.jpg,False,False,0.0,0.0
fp32-control,AoF07507.jpg,False,False,0.0,0.0
fp32-control,AoF07508.jpg,False,False,0.0,0.0
fp32-control,AoF07509.jpg,False,False,0.0,0.0
fp32-control,AoF07510.jpg,False,False,0.0,0.0
fp32-control,AoF07511.jpg,False,False,0.0,0.0
fp32-control,AoF07512.jpg,False,False,0.0,0.0
fp32-control,AoF07513.jpg,False,False,0.0,0.0
fp32-control,AoF07514.jpg,False,False,0.0,0.0
fp32-control,AoF07515.jpg,False,False,0.0,0.0
fp32-control,AoF07516.jpg,False,False,0.0,0.0
fp32-control,AoF07517.jpg,False,False,0.0,0.0
fp32-control,AoF07518.jpg,False,False,0.0,0.0
fp32-control,AoF07519.jpg,False,False,0.0,0.0
fp32-control,AoF07520.jpg,False,False,0.0,0.0
fp32-control,AoF07521.jpg,False,False,0.0,0.0
fp32-control,AoF07522.jpg,False,False,0.0,0.0
fp32-control,AoF07523.jpg,False,False,0.0,0.0
fp32-control,AoF07524.jpg,False,False,0.0,0.0
fp32-control,AoF07525.jpg,False,False,0.0,0.0
fp32-control,AoF07526.jpg,False,False,0.0,0.0
fp32-control,AoF07527.jpg,False,False,0.0,0.0
fp32-control,AoF07528.jpg,False,False,0.0,0.0
fp32-control,AoF07529.jpg,False,False,0.0,0.0
fp32-control,AoF07530.jpg,False,False,0.0,0.0
fp32-control,AoF07531.jpg,False,False,0.0,0.0
fp32-control,AoF07532.jpg,False,False,0.0,0.0
fp32-control,AoF07533.jpg,False,False,0.0,0.0
fp32-control,AoF07534.jpg,False,False,0.0,0.0
fp32-control,AoF07535.jpg,False,False,0.0,0.0
fp32-control,AoF07536.jpg,False,False,0.0,0.0
fp32-control,AoF07537.jpg,False,False,0.0,0.0
fp32-control,AoF07538.jpg,False,False,0.0,0.0
fp32-control,AoF07539.jpg,False,False,0.0,0.0
fp32-control,AoF07540.jpg,False,False,0.0,0.0
fp32-control,AoF07541.jpg,False,False,0.0,0.0
fp32-control,AoF07542.jpg,False,False,0.0,0.0
fp32-control,AoF07543.jpg,False,False,0.0,0.0
fp32-control,AoF07544.jpg,False,False,0.0,0.0
fp32-control,AoF07545.jpg,False,False,0.0,0.0
fp32-control,AoF07546.jpg,False,False,0.0,0.0
fp32-control,AoF07547.jpg,False,False,0.0,0.0
fp32-control,AoF07548.jpg,False,False,0.0,0.0
fp32-control,AoF07549.jpg,False,False,0.0,0.0
fp32-control,AoF07550.jpg,False,False,0.0,0.0
fp32-control,AoF07551.jpg,False,False,0.0,0.0
fp32-control,AoF07552.jpg,False,False,0.0,0.0
fp32-control,AoF07553.jpg,False,False,0.0,0.0
fp32-control,AoF07554.jpg,False,False,0.0,0.0
fp32-control,AoF07555.jpg,False,False,0.0,0.0
fp32-control,AoF07556.jpg,False,False,0.0,0.0
fp32-control,AoF07557.jpg,False,False,0.0,0.0
fp32-control,AoF07558.jpg,False,False,0.0,0.0
fp32-control,AoF07559.jpg,False,False,0.0,0.0
fp32-control,AoF07560.jpg,False,False,0.0,0.0
fp32-control,AoF07561.jpg,False,False,0.0,0.0
fp32-control,AoF07562.jpg,False,False,0.0,0.0
fp32-control,AoF07563.jpg,False,False,0.0,0.0
fp32-control,AoF07564.jpg,False,False,0.0,0.0
fp32-control,AoF07565.jpg,False,False,0.0,0.0
fp32-control,AoF07566.jpg,False,False,0.0,0.0
fp32-control,AoF07567.jpg,False,False,0.0,0.0
fp32-control,AoF07568.jpg,False,False,0.0,0.15813863277435303
fp32-control,AoF07569.jpg,False,False,0.0,0.1674163043498993
fp32-control,AoF07570.jpg,False,False,0.0,0.0
fp32-control,AoF07571.jpg,False,False,0.0,0.0
fp32-control,AoF07572.jpg,False,False,0.0,0.0
fp32-control,AoF07573.jpg,False,False,0.0,0.0
fp32-control,AoF07574.jpg,False,False,0.0,0.0
fp32-control,AoF07575.jpg,False,False,0.0,0.0
fp32-control,AoF07576.jpg,False,False,0.0,0.0
fp32-control,AoF07577.jpg,False,False,0.0,0.0
fp32-control,AoF07578.jpg,False,False,0.0,0.0
fp32-control,AoF07579.jpg,False,False,0.0,0.0
fp32-control,AoF07580.jpg,False,False,0.0,0.0
fp32-control,AoF07581.jpg,False,False,0.0,0.0
fp32-control,AoF07582.jpg,False,False,0.0,0.0
fp32-control,AoF07583.jpg,False,False,0.0,0.0
fp32-control,AoF07584.jpg,False,False,0.0,0.0
fp32-control,AoF07585.jpg,False,False,0.0,0.0
fp32-control,AoF07586.jpg,False,False,0.0,0.0
fp32-control,AoF07587.jpg,False,False,0.0,0.0
fp32-control,AoF07588.jpg,False,False,0.0,0.0
fp32-control,AoF07589.jpg,False,False,0.0,0.0
fp32-control,AoF07590.jpg,False,False,0.0,0.0
fp32-control,AoF07591.jpg,False,False,0.0,0.0
fp32-control,AoF07592.jpg,False,False,0.0,0.0
fp32-control,AoF07593.jpg,False,False,0.0,0.0
fp32-control,AoF07594.jpg,False,False,0.0,0.0
fp32-control,AoF07595.jpg,False,False,0.0,0.0
fp32-control,AoF07596.jpg,False,False,0.0,0.0
fp32-control,AoF07597.jpg,False,False,0.0,0.0
fp32-control,AoF07598.jpg,False,False,0.0,0.0
fp32-control,AoF07599.jpg,False,False,0.0,0.0
fp32-control,AoF07600.jpg,False,False,0.0,0.0
fp32-control,AoF07601.jpg,False,False,0.0,0.0
fp32-control,AoF07602.jpg,False,False,0.0,0.0
fp32-control,AoF07603.jpg,False,False,0.0,0.0
fp32-control,AoF07604.jpg,False,False,0.0,0.0
fp32-control,AoF07605.jpg,False,False,0.0,0.0
fp32-control,AoF07606.jpg,False,False,0.0,0.0
fp32-control,AoF07607.jpg,False,False,0.0,0.0
fp32-control,AoF07608.jpg,False,False,0.0,0.0
fp32-control,AoF07609.jpg,False,False,0.0,0.0
fp32-control,AoF07610.jpg,False,False,0.0,0.0
fp32-control,AoF07611.jpg,False,True,0.14942729473114014,0.14942729473114014
fp32-control,AoF07612.jpg,False,False,0.0,0.0
fp32-control,AoF07613.jpg,False,False,0.0,0.0
fp32-control,AoF07614.jpg,False,False,0.0,0.24457001686096191
fp32-control,AoF07615.jpg,False,False,0.0,0.4665628969669342
fp32-control,AoF07616.jpg,False,False,0.0,0.0
fp32-control,AoF07617.jpg,False,False,0.0,0.4135655164718628
fp32-control,AoF07618.jpg,False,False,0.0,0.7650141716003418
fp32-control,AoF07619.jpg,False,False,0.0,0.0
fp32-control,AoF07620.jpg,False,False,0.0,0.0
fp32-control,AoF07621.jpg,False,False,0.0,0.0
fp32-control,AoF07622.jpg,False,False,0.0,0.2807345390319824
fp32-control,AoF07623.jpg,False,False,0.0,0.2696472108364105
fp32-control,AoF07624.jpg,False,False,0.0,0.0
fp32-control,AoF07625.jpg,False,False,0.0,0.0
fp32-control,AoF07626.jpg,False,False,0.0,0.0
fp32-control,AoF07627.jpg,False,False,0.0,0.0
fp32-control,AoF07628.jpg,False,False,0.0,0.0
fp32-control,AoF07629.jpg,False,False,0.0,0.0
fp32-control,AoF07630.jpg,False,False,0.0,0.0
fp32-control,AoF07631.jpg,False,False,0.0,0.0
fp32-control,AoF07632.jpg,False,False,0.0,0.0
fp32-control,AoF07633.jpg,False,False,0.0,0.0
fp32-control,AoF07634.jpg,False,False,0.0,0.0
fp32-control,AoF07635.jpg,False,False,0.0,0.0
fp32-control,AoF07636.jpg,False,False,0.0,0.0
fp32-control,AoF07637.jpg,False,False,0.0,0.0
fp32-control,AoF07638.jpg,False,False,0.0,0.0
fp32-control,AoF07639.jpg,False,False,0.0,0.0
fp32-control,AoF07640.jpg,False,False,0.0,0.0
fp32-control,AoF07641.jpg,False,False,0.0,0.0
fp32-control,AoF07642.jpg,False,False,0.0,0.0
fp32-control,AoF07643.jpg,False,False,0.0,0.0
fp32-control,AoF07644.jpg,False,False,0.0,0.0
fp32-control,AoF07645.jpg,False,False,0.0,0.0
fp32-control,AoF07646.jpg,False,False,0.0,0.0
fp32-control,AoF07647.jpg,False,False,0.0,0.0
fp32-control,AoF07648.jpg,False,False,0.0,0.0
fp32-control,AoF07649.jpg,False,False,0.0,0.0
fp32-control,AoF07650.jpg,False,False,0.0,0.0
fp32-control,AoF07651.jpg,False,False,0.0,0.0
fp32-control,AoF07652.jpg,False,False,0.0,0.0
fp32-control,AoF07653.jpg,False,False,0.0,0.0
fp32-control,AoF07654.jpg,False,False,0.0,0.0
fp32-control,AoF07655.jpg,False,False,0.0,0.0
fp32-control,AoF07656.jpg,False,False,0.0,0.0
fp32-control,AoF07657.jpg,False,False,0.0,0.0
fp32-control,AoF07658.jpg,False,False,0.0,0.0
fp32-control,AoF07659.jpg,False,False,0.0,0.0
fp32-control,AoF07660.jpg,False,False,0.0,0.0
fp32-control,AoF07661.jpg,False,False,0.0,0.0
fp32-control,AoF07662.jpg,False,False,0.0,0.0
fp32-control,AoF07663.jpg,False,False,0.0,0.0
fp32-control,AoF07664.jpg,False,False,0.0,0.0
fp32-control,AoF07665.jpg,False,False,0.0,0.0
fp32-control,AoF07666.jpg,False,False,0.0,0.0
fp32-control,AoF07667.jpg,False,False,0.0,0.0
fp32-control,AoF07668.jpg,False,False,0.0,0.0
fp32-control,AoF07669.jpg,False,False,0.0,0.0
fp32-control,AoF07670.jpg,False,False,0.0,0.0
fp32-control,AoF07671.jpg,False,False,0.0,0.0
fp32-control,AoF07672.jpg,False,False,0.0,0.0
fp32-control,AoF07673.jpg,False,False,0.0,0.47819188237190247
fp32-control,AoF07674.jpg,False,False,0.0,0.0
fp32-control,AoF07675.jpg,False,False,0.0,0.16863596439361572
fp32-control,AoF07676.jpg,False,False,0.0,0.0
fp32-control,AoF07677.jpg,False,False,0.0,0.0
fp32-control,AoF07678.jpg,False,False,0.0,0.0
fp32-control,AoF07679.jpg,False,False,0.0,0.0
fp32-control,AoF07680.jpg,False,False,0.0,0.0
fp32-control,AoF07681.jpg,False,False,0.0,0.0
fp32-control,AoF07682.jpg,False,False,0.0,0.7092384099960327
fp32-control,AoF07683.jpg,False,False,0.0,0.2987285852432251
fp32-control,AoF07684.jpg,False,False,0.0,0.0
fp32-control,AoF07685.jpg,False,False,0.0,0.0
fp32-control,AoF07686.jpg,False,False,0.0,0.0
fp32-control,AoF07687.jpg,False,False,0.0,0.47831013798713684
fp32-control,AoF07688.jpg,False,False,0.0,0.0
fp32-control,AoF07689.jpg,False,False,0.0,0.0
fp32-control,AoF07690.jpg,False,False,0.0,0.0
fp32-control,AoF07691.jpg,False,False,0.0,0.0
fp32-control,AoF07692.jpg,False,False,0.0,0.0
fp32-control,AoF07693.jpg,False,False,0.0,0.0
fp32-control,AoF07694.jpg,False,False,0.0,0.0
fp32-control,AoF07695.jpg,False,False,0.0,0.0
fp32-control,AoF07696.jpg,False,False,0.0,0.0
fp32-control,AoF07697.jpg,False,False,0.0,0.0
fp32-control,AoF07698.jpg,False,False,0.0,0.2639823257923126
fp32-control,AoF07699.jpg,False,False,0.0,0.0
fp32-control,AoF07700.jpg,False,False,0.0,0.0
fp32-control,AoF07701.jpg,False,False,0.0,0.0
fp32-control,AoF07702.jpg,False,False,0.0,0.451491117477417
fp32-control,AoF07703.jpg,False,False,0.0,0.0
fp32-control,AoF07704.jpg,False,False,0.0,0.0
fp32-control,AoF07705.jpg,False,False,0.0,0.0
fp32-control,AoF07706.jpg,False,False,0.0,0.0
fp32-control,AoF07707.jpg,False,False,0.0,0.0
fp32-control,AoF07708.jpg,False,False,0.0,0.0
fp32-control,AoF07709.jpg,False,False,0.0,0.0
fp32-control,AoF07710.jpg,False,False,0.0,0.0
fp32-control,AoF07711.jpg,False,False,0.0,0.0
fp32-control,AoF07712.jpg,False,False,0.0,0.0
fp32-control,AoF07713.jpg,False,False,0.0,0.0
fp32-control,AoF07714.jpg,False,False,0.0,0.0
fp32-control,AoF07715.jpg,False,False,0.0,0.0
fp32-control,AoF07716.jpg,False,False,0.0,0.0
fp32-control,AoF07717.jpg,False,False,0.0,0.6019009351730347
fp32-control,AoF07718.jpg,True,True,0.8789036273956299,0.895560622215271
fp32-control,AoF07719.jpg,True,True,0.9298524856567383,0.9298524856567383
fp32-control,AoF07720.jpg,True,True,0.8927191495895386,0.9000424146652222
fp32-control,AoF07721.jpg,True,True,0.8239094614982605,0.8751844763755798
fp32-control,AoF07722.jpg,True,True,0.8849581480026245,0.8929476737976074
fp32-control,AoF07723.jpg,True,True,0.8719847202301025,0.8878943920135498
fp32-control,AoF07724.jpg,True,True,0.8774954080581665,0.9026651382446289
fp32-control,AoF07725.jpg,True,True,0.8608763217926025,0.8978041410446167
fp32-control,AoF07726.jpg,True,True,0.8925672769546509,0.905462384223938
fp32-control,AoF07727.jpg,True,True,0.8816395998001099,0.8816395998001099
fp32-control,AoF07728.jpg,True,True,0.7782089710235596,0.8414244055747986
fp32-control,AoF07729.jpg,True,True,0.876293420791626,0.876293420791626
fp32-control,AoF07730.jpg,True,True,0.8907839059829712,0.8907839059829712
fp32-control,AoF07731.jpg,True,True,0.8581385612487793,0.8837320804595947
fp32-control,AoF07732.jpg,True,True,0.8780536651611328,0.8917696475982666
fp32-control,AoF07733.jpg,True,True,0.8975619077682495,0.8975619077682495
fp32-control,AoF07734.jpg,True,True,0.825982391834259,0.825982391834259
fp32-control,AoF07735.jpg,True,True,0.8760558366775513,0.8760558366775513
fp32-control,AoF07736.jpg,True,True,0.8817998170852661,0.8817998170852661
fp32-control,AoF07737.jpg,True,True,0.7451133728027344,0.7451133728027344
fp32-control,AoF07738.jpg,True,True,0.8429465293884277,0.8429465293884277
fp32-control,AoF07739.jpg,True,True,0.8699155449867249,0.8699155449867249
fp32-control,AoF07740.jpg,True,True,0.8768182992935181,0.8768182992935181
fp32-control,AoF07741.jpg,True,True,0.9335309863090515,0.9335309863090515
fp32-control,AoF07742.jpg,True,True,0.9251711964607239,0.9251711964607239
fp32-control,AoF07743.jpg,True,True,0.9379433393478394,0.9379433393478394
fp32-control,AoF07744.jpg,True,True,0.9402695894241333,0.9402695894241333
fp32-control,AoF07745.jpg,True,True,0.8277064561843872,0.8277064561843872
fp32-control,AoF07746.jpg,True,True,0.9454872608184814,0.9454872608184814
fp32-control,AoF07747.jpg,True,True,0.9363888502120972,0.9363888502120972
fp32-control,AoF07748.jpg,True,True,0.9372764825820923,0.9372764825820923
fp32-control,AoF07749.jpg,True,True,0.9396704435348511,0.9396704435348511
fp32-control,AoF07750.jpg,True,True,0.9369512796401978,0.9369512796401978
fp32-control,AoF07751.jpg,True,True,0.9399681091308594,0.9399681091308594
fp32-control,AoF07752.jpg,True,True,0.911152184009552,0.911152184009552
fp32-control,AoF07753.jpg,True,True,0.9096365571022034,0.9096365571022034
fp32-control,AoF07754.jpg,True,True,0.9407896995544434,0.9407896995544434
fp32-control,AoF07755.jpg,True,True,0.9434934854507446,0.9434934854507446
fp32-control,AoF07756.jpg,True,True,0.9341202974319458,0.9341202974319458
fp32-control,AoF07757.jpg,True,True,0.5070998668670654,0.868488073348999
fp32-control,AoF07758.jpg,True,True,0.7716413736343384,0.7716413736343384
fp32-control,AoF07759.jpg,True,True,0.9352397918701172,0.9352397918701172
fp32-control,AoF07760.jpg,True,True,0.8784704208374023,0.8784704208374023
fp32-control,AoF07761.jpg,True,True,0.9016878008842468,0.9016878008842468
fp32-control,AoF07762.jpg,True,True,0.5752149820327759,0.5752149820327759
fp32-control,AoF07763.jpg,True,True,0.8632962107658386,0.8706165552139282
fp32-control,AoF07764.jpg,True,True,0.9174058437347412,0.9174058437347412
fp32-control,AoF07765.jpg,True,True,0.8745401501655579,0.8795567750930786
fp32-control,AoF07766.jpg,True,True,0.8769609332084656,0.8769609332084656
fp32-control,AoF07767.jpg,True,True,0.8958250880241394,0.9016141891479492
fp32-control,AoF07768.jpg,True,True,0.8506357669830322,0.8957383632659912
fp32-control,AoF07769.jpg,True,True,0.8299161791801453,0.8354425430297852
fp32-control,AoF07770.jpg,True,True,0.5564115643501282,0.8498785495758057
fp32-control,AoF07771.jpg,True,True,0.41886624693870544,0.8609973192214966
fp32-control,AoF07772.jpg,True,True,0.7286909818649292,0.8412013649940491
fp32-control,AoF07773.jpg,True,True,0.8749194741249084,0.8749194741249084
fp32-control,AoF07774.jpg,True,True,0.8544880151748657,0.8544880151748657
fp32-control,AoF07775.jpg,True,True,0.8678579330444336,0.8678579330444336
fp32-control,AoF07776.jpg,True,True,0.8524991273880005,0.8524991273880005
fp32-control,AoF07777.jpg,True,True,0.9184999465942383,0.9184999465942383
fp32-control,AoF07778.jpg,True,True,0.8640111684799194,0.8640111684799194
fp32-control,AoF07779.jpg,True,True,0.9220054149627686,0.9220054149627686
fp32-control,AoF07780.jpg,True,True,0.6672348976135254,0.6672348976135254
fp32-control,AoF07781.jpg,True,True,0.8993706107139587,0.8993706107139587
fp32-control,AoF07782.jpg,True,True,0.5936018824577332,0.8726221323013306
fp32-control,AoF07783.jpg,True,True,0.9149079322814941,0.9149079322814941
fp32-control,AoF07784.jpg,True,True,0.8014615774154663,0.8014615774154663
fp32-control,AoF07785.jpg,True,True,0.9331151247024536,0.9331151247024536
fp32-control,AoF07786.jpg,True,True,0.9308515787124634,0.9308515787124634
fp32-control,AoF07787.jpg,True,True,0.9238419532775879,0.9238419532775879
fp32-control,AoF07788.jpg,True,True,0.9192294478416443,0.9192294478416443
fp32-control,AoF07789.jpg,True,True,0.8143364191055298,0.8143364191055298
fp32-control,AoF07790.jpg,True,True,0.8943719863891602,0.8943719863891602
fp32-control,AoF07791.jpg,True,True,0.8868260383605957,0.8868260383605957
fp32-control,AoF07792.jpg,True,True,0.834337055683136,0.834337055683136
fp32-control,AoF07793.jpg,True,True,0.8474594354629517,0.8474594354629517
fp32-control,AoF07794.jpg,True,True,0.8767039775848389,0.8767039775848389
fp32-control,AoF07795.jpg,True,True,0.8975368738174438,0.8975368738174438
fp32-control,AoF07796.jpg,True,True,0.7167695164680481,0.7167695164680481
fp32-control,AoF07797.jpg,True,True,0.8886604309082031,0.8886604309082031
fp32-control,AoF07798.jpg,True,True,0.8544437885284424,0.8544437885284424
fp32-control,AoF07799.jpg,True,True,0.8000501990318298,0.8000501990318298
fp32-control,AoF07800.jpg,True,True,0.894577145576477,0.894577145576477
fp32-control,AoF07801.jpg,True,True,0.8980454802513123,0.8980454802513123
fp32-control,AoF07802.jpg,True,True,0.891581654548645,0.891581654548645
fp32-control,AoF07803.jpg,True,True,0.8558633923530579,0.8558633923530579
fp32-control,AoF07804.jpg,True,True,0.8422674536705017,0.8422674536705017
fp32-control,AoF07805.jpg,True,True,0.7912750244140625,0.7912750244140625
fp32-control,AoF07806.jpg,True,True,0.8114219307899475,0.8114219307899475
fp32-control,AoF07807.jpg,True,True,0.6606931686401367,0.6606931686401367
fp32-control,AoF07808.jpg,True,True,0.685738205909729,0.685738205909729
fp32-control,AoF07809.jpg,True,True,0.7184402942657471,0.7184402942657471
fp32-control,AoF07810.jpg,True,True,0.8222317695617676,0.8222317695617676
fp32-control,AoF07811.jpg,True,True,0.676481306552887,0.676481306552887
fp32-control,AoF07812.jpg,True,True,0.5849279761314392,0.5849279761314392
fp32-control,AoF07813.jpg,True,True,0.6538923978805542,0.6538923978805542
fp32-control,AoF07814.jpg,True,True,0.7483494281768799,0.7483494281768799
fp32-control,AoF07815.jpg,True,True,0.7005109786987305,0.8489165306091309
fp32-control,AoF07816.jpg,True,True,0.8743603229522705,0.8743603229522705
fp32-control,AoF07817.jpg,True,True,0.8261528611183167,0.8261528611183167
fp32-control,AoF07818.jpg,True,True,0.8172430992126465,0.8172430992126465
fp32-control,AoF07819.jpg,True,True,0.7727179527282715,0.7727179527282715
fp32-control,AoF07820.jpg,True,True,0.5801177024841309,0.709975004196167
fp32-control,AoF07821.jpg,True,True,0.7959556579589844,0.7959556579589844
fp32-control,AoF07822.jpg,True,True,0.1585715413093567,0.5912535786628723
fp32-control,AoF07823.jpg,True,True,0.21204018592834473,0.39188480377197266
fp32-control,AoF07824.jpg,True,True,0.4137074053287506,0.6563085317611694
fp32-control,AoF07825.jpg,True,True,0.5861976146697998,0.6035560369491577
fp32-control,AoF07826.jpg,True,True,0.4321952760219574,0.7077310681343079
fp32-control,AoF07827.jpg,True,True,0.2886584997177124,0.6733160614967346
fp32-control,AoF07828.jpg,True,True,0.31373465061187744,0.7190754413604736
fp32-control,AoF07829.jpg,True,True,0.6600428819656372,0.6600428819656372
fp32-control,AoF07830.jpg,False,True,0.3686905801296234,0.7671797275543213
fp32-control,AoF07831.jpg,True,True,0.7375344038009644,0.823215126991272
fp32-control,AoF07832.jpg,True,True,0.8051124811172485,0.8051124811172485
fp32-control,AoF07833.jpg,True,True,0.8409569263458252,0.863815426826477
fp32-control,AoF07834.jpg,True,True,0.8890319466590881,0.8890319466590881
fp32-control,AoF07835.jpg,True,True,0.9009484052658081,0.9009484052658081
fp32-control,AoF07836.jpg,True,True,0.9243346452713013,0.9243346452713013
fp32-control,AoF07837.jpg,True,True,0.8909085988998413,0.8909085988998413
fp32-control,AoF07838.jpg,True,True,0.8996002674102783,0.8996002674102783
fp32-control,AoF07839.jpg,True,True,0.8506344556808472,0.9023244380950928
fp32-control,AoF07840.jpg,True,True,0.8877331614494324,0.8877331614494324
fp32-control,AoF07841.jpg,True,True,0.8670639991760254,0.8670639991760254
fp32-control,AoF07842.jpg,True,True,0.8374478816986084,0.8374478816986084
fp32-control,AoF07843.jpg,True,True,0.5980268120765686,0.5980268120765686
fp32-control,AoF07844.jpg,True,True,0.6809279322624207,0.6809279322624207
fp32-control,AoF07845.jpg,True,True,0.7380817532539368,0.7380817532539368
fp32-control,AoF07846.jpg,True,True,0.361156702041626,0.361156702041626
fp32-control,AoF07847.jpg,True,True,0.9165240526199341,0.9165240526199341
fp32-control,AoF07848.jpg,True,True,0.7669783234596252,0.7669783234596252
fp32-control,AoF07849.jpg,True,True,0.9094832539558411,0.9094832539558411
fp32-control,AoF07850.jpg,True,True,0.8603627681732178,0.8603627681732178
fp32-control,AoF07851.jpg,True,True,0.8064464330673218,0.8064464330673218
fp32-control,AoF07852.jpg,True,True,0.6806912422180176,0.6806912422180176
fp32-control,AoF07853.jpg,True,True,0.8598084449768066,0.8598084449768066
fp32-control,AoF07854.jpg,True,True,0.700371503829956,0.700371503829956
fp32-control,AoF07855.jpg,True,True,0.9041436910629272,0.9041436910629272
fp32-control,AoF07856.jpg,True,True,0.721770167350769,0.721770167350769
fp32-control,AoF07857.jpg,True,True,0.698489785194397,0.698489785194397
fp32-control,AoF07858.jpg,True,True,0.8783033490180969,0.8783033490180969
fp32-control,AoF07859.jpg,True,True,0.8256980180740356,0.8256980180740356
fp32-control,AoF07860.jpg,True,True,0.23595505952835083,0.3983490765094757
fp32-control,AoF07861.jpg,True,True,0.8233479261398315,0.8233479261398315
fp32-control,AoF07862.jpg,True,True,0.5876678824424744,0.5876678824424744
fp32-control,AoF07863.jpg,True,True,0.6526386737823486,0.6526386737823486
fp32-control,AoF07864.jpg,True,True,0.6615616679191589,0.6615616679191589
fp32-control,AoF07865.jpg,True,True,0.5840126276016235,0.5840126276016235
fp32-control,AoF07866.jpg,True,True,0.6584734916687012,0.6584734916687012
fp32-control,AoF07867.jpg,True,True,0.4413309693336487,0.4413309693336487
fp32-control,AoF07868.jpg,True,True,0.8197389841079712,0.8197389841079712
fp32-control,AoF07869.jpg,True,True,0.6692966222763062,0.6692966222763062
fp32-control,AoF07870.jpg,True,True,0.8421390652656555,0.8421390652656555
fp32-control,AoF07871.jpg,True,True,0.8919531106948853,0.8919531106948853
fp32-control,AoF07872.jpg,True,True,0.8764736652374268,0.8764736652374268
fp32-control,AoF07873.jpg,True,True,0.813633918762207,0.813633918762207
fp32-control,AoF07874.jpg,True,True,0.3409217596054077,0.3409217596054077
fp32-control,AoF07875.jpg,True,True,0.5372025966644287,0.5372025966644287
fp32-control,AoF07876.jpg,True,True,0.4341674745082855,0.4341674745082855
fp32-control,AoF07877.jpg,True,True,0.4092572331428528,0.4092572331428528
fp32-control,AoF07878.jpg,True,True,0.8171780109405518,0.8171780109405518
fp32-control,AoF07879.jpg,True,True,0.5792533159255981,0.5792533159255981
fp32-control,AoF07880.jpg,True,True,0.8116321563720703,0.9103964567184448
fp32-control,AoF07881.jpg,True,True,0.8977797031402588,0.8977797031402588
fp32-control,AoF07882.jpg,True,True,0.7827876806259155,0.7827876806259155
fp32-control,AoF07883.jpg,True,True,0.7884001135826111,0.7884001135826111
fp32-control,AoF07884.jpg,True,True,0.8198516368865967,0.8198516368865967
fp32-control,AoF07885.jpg,True,True,0.7169997096061707,0.7169997096061707
fp32-control,AoF07886.jpg,True,True,0.7700913548469543,0.7700913548469543
fp32-control,AoF07887.jpg,True,True,0.8081629276275635,0.8081629276275635
fp32-control,AoF07888.jpg,True,True,0.8828478455543518,0.8828478455543518
fp32-control,AoF07889.jpg,True,True,0.8565362691879272,0.8565362691879272
fp32-control,AoF07890.jpg,True,True,0.7787419557571411,0.7787419557571411
fp32-control,AoF07891.jpg,True,True,0.7698510885238647,0.7698510885238647
fp32-control,AoF07892.jpg,True,True,0.8325653076171875,0.8325653076171875
fp32-control,AoF07893.jpg,True,True,0.8447310924530029,0.8447310924530029
fp32-control,AoF07894.jpg,True,True,0.5701324343681335,0.5701324343681335
fp32-control,AoF07895.jpg,True,True,0.925765872001648,0.925765872001648
fp32-control,AoF07896.jpg,True,True,0.3774731159210205,0.3774731159210205
fp32-control,AoF07897.jpg,True,True,0.40261998772621155,0.40261998772621155
fp32-control,AoF07898.jpg,True,True,0.8059442639350891,0.8059442639350891
fp32-control,AoF07899.jpg,True,True,0.753250241279602,0.753250241279602
fp32-control,AoF07900.jpg,True,True,0.2811962366104126,0.2811962366104126
fp32-control,AoF07901.jpg,True,True,0.7477913498878479,0.7477913498878479
fp32-control,AoF07902.jpg,True,True,0.8031195402145386,0.8917242288589478
fp32-control,AoF07903.jpg,True,True,0.7699021697044373,0.7699021697044373
fp32-control,AoF07904.jpg,True,True,0.8537242412567139,0.8847973942756653
fp32-control,AoF07905.jpg,True,True,0.35415688157081604,0.35415688157081604
fp32-control,AoF07906.jpg,True,True,0.7132498621940613,0.7132498621940613
fp32-control,AoF07907.jpg,True,True,0.3222433924674988,0.3222433924674988
fp32-control,AoF07908.jpg,True,True,0.3660218119621277,0.3660218119621277
fp32-control,AoF07909.jpg,True,True,0.8889884948730469,0.8889884948730469
fp32-control,AoF07910.jpg,True,True,0.8050351738929749,0.8050351738929749
fp32-control,AoF07911.jpg,True,True,0.8088516592979431,0.8088516592979431
fp32-control,AoF07912.jpg,True,True,0.7952815294265747,0.7952815294265747
fp32-control,AoF07913.jpg,True,True,0.7411761283874512,0.7411761283874512
fp32-control,AoF07914.jpg,True,True,0.8066154718399048,0.8066154718399048
fp32-control,AoF07915.jpg,True,True,0.7636361122131348,0.7636361122131348
fp32-control,AoF07916.jpg,True,True,0.6257845163345337,0.8762651681900024
fp32-control,AoF07917.jpg,True,True,0.8678505420684814,0.8678505420684814
fp32-control,AoF07918.jpg,True,True,0.904374361038208,0.904374361038208
fp32-control,AoF07919.jpg,True,True,0.8708969950675964,0.8717349767684937
fp32-control,AoF07920.jpg,True,True,0.6082414388656616,0.8721580505371094
fp32-control,AoF07921.jpg,True,True,0.8564538359642029,0.8583516478538513
fp32-control,AoF07922.jpg,True,True,0.877021074295044,0.877021074295044
fp32-control,AoF07923.jpg,True,True,0.8268954753875732,0.8268954753875732
fp32-control,AoF07924.jpg,True,True,0.8956230878829956,0.8956230878829956
fp32-control,AoF07925.jpg,True,True,0.9265926480293274,0.9265926480293274
fp32-control,AoF07926.jpg,True,True,0.876124918460846,0.876124918460846
fp32-control,AoF07927.jpg,True,True,0.7951056957244873,0.7951056957244873
fp32-control,AoF07928.jpg,True,True,0.8096737861633301,0.8096737861633301
fp32-control,AoF07929.jpg,True,True,0.7892920970916748,0.7892920970916748
fp32-control,AoF07930.jpg,True,True,0.8863329291343689,0.8863329291343689
fp32-control,AoF07931.jpg,True,True,0.9097588062286377,0.9097588062286377
fp32-control,AoF07932.jpg,True,True,0.9124487638473511,0.9124487638473511
fp32-control,AoF07933.jpg,True,True,0.9147717952728271,0.9147717952728271
fp32-control,AoF07934.jpg,True,True,0.9057035446166992,0.9057035446166992
fp32-control,AoF07935.jpg,True,True,0.9125563502311707,0.9125563502311707
fp32-control,AoF07936.jpg,True,True,0.9081816673278809,0.9081816673278809
fp32-control,AoF07937.jpg,True,True,0.9249985218048096,0.9249985218048096
fp32-control,AoF07938.jpg,True,True,0.7297357320785522,0.7297357320785522
fp32-control,AoF07939.jpg,True,True,0.9018785953521729,0.9018785953521729
fp32-control,AoF07940.jpg,True,True,0.9002202749252319,0.9002202749252319
fp32-control,AoF07941.jpg,True,True,0.8553168773651123,0.8553168773651123
fp32-control,AoF07942.jpg,True,True,0.8581205606460571,0.8581205606460571
fp32-control,AoF07943.jpg,True,True,0.867209792137146,0.867209792137146
fp32-control,AoF07944.jpg,True,True,0.7055401802062988,0.7055401802062988
fp32-control,AoF07945.jpg,True,True,0.8387213349342346,0.8387213349342346
fp32-control,AoF07946.jpg,True,True,0.8356715440750122,0.8356715440750122
fp32-control,AoF07947.jpg,True,True,0.8507605791091919,0.8507605791091919
fp32-control,AoF07948.jpg,True,True,0.8746412396430969,0.8746412396430969
fp32-control,AoF07949.jpg,True,True,0.8730621337890625,0.8730621337890625
fp32-control,AoF07950.jpg,True,True,0.8364459276199341,0.8364459276199341
fp32-control,AoF07951.jpg,True,True,0.8349999189376831,0.8349999189376831
fp32-control,AoF07952.jpg,True,True,0.8881869912147522,0.8881869912147522
fp32-control,AoF07953.jpg,True,True,0.8902614116668701,0.8902614116668701
fp32-control,AoF07954.jpg,True,True,0.8690893650054932,0.8690893650054932
fp32-control,AoF07955.jpg,True,True,0.8723391890525818,0.8723391890525818
fp32-control,AoF07956.jpg,True,True,0.8681597709655762,0.8681597709655762
fp32-control,AoF07957.jpg,True,True,0.8037588596343994,0.8037588596343994
fp32-control,AoF07958.jpg,True,True,0.907983660697937,0.907983660697937
fp32-control,AoF07959.jpg,True,True,0.9050148725509644,0.9050148725509644
fp32-control,AoF07960.jpg,True,True,0.9164878726005554,0.9164878726005554
fp32-control,AoF07961.jpg,True,True,0.9199888110160828,0.9199888110160828
fp32-control,AoF07962.jpg,True,True,0.8913103342056274,0.8913103342056274
fp32-control,AoF07963.jpg,True,True,0.812131404876709,0.8250682353973389
fp32-control,AoF07964.jpg,False,False,0.0,0.0
fp32-control,AoF07965.jpg,False,False,0.0,0.7348958253860474
fp32-control,AoF07966.jpg,False,False,0.0,0.73569655418396
fp32-control,AoF07967.jpg,True,True,0.2788746953010559,0.47117000818252563
fp32-control,AoF07968.jpg,True,True,0.4414523243904114,0.823025107383728
fp32-control,AoF07969.jpg,False,False,0.0,0.7660284638404846
fp32-control,AoF07970.jpg,False,False,0.0,0.6960890293121338
fp32-control,AoF07971.jpg,False,False,0.0,0.8174814581871033
fp32-control,AoF07972.jpg,False,False,0.0,0.8407893776893616
fp32-control,AoF07973.jpg,False,False,0.0,0.7748382091522217
fp32-control,AoF07974.jpg,False,False,0.0,0.787007212638855
fp32-control,AoF07975.jpg,False,False,0.0,0.6896655559539795
fp32-control,AoF07976.jpg,False,False,0.0,0.6801553964614868
fp32-control,AoF07977.jpg,False,False,0.0,0.8950577974319458
fp32-control,AoF07978.jpg,False,False,0.0,0.6921142339706421
fp32-control,AoF07979.jpg,False,False,0.0,0.7168596982955933
fp32-control,AoF07980.jpg,False,False,0.0,0.8607971668243408
fp32-control,AoF07981.jpg,False,False,0.0,0.8933056592941284
fp32-control,AoF07982.jpg,False,False,0.0,0.8094000220298767
fp32-control,AoF07983.jpg,False,False,0.0,0.868520200252533
fp32-control,AoF07984.jpg,False,False,0.0,0.8486732244491577
fp32-control,AoF07985.jpg,False,False,0.0,0.8659107685089111
fp32-control,AoF07986.jpg,False,False,0.0,0.29694706201553345
fp32-control,AoF07987.jpg,False,False,0.0,0.3528306484222412
fp32-control,AoF07988.jpg,False,False,0.0,0.675765872001648
fp32-control,AoF07989.jpg,False,False,0.0,0.7790466547012329
fp32-control,AoF07990.jpg,False,False,0.0,0.6706255078315735
fp32-control,AoF07991.jpg,False,False,0.0,0.868317723274231
fp32-control,AoF07992.jpg,False,False,0.0,0.8855690956115723
fp32-control,AoF07993.jpg,False,False,0.0,0.8247853517532349
fp32-control,AoF07994.jpg,False,False,0.0,0.7318810820579529
fp32-control,AoF07995.jpg,False,False,0.0,0.5097724795341492
fp32-control,AoF07996.jpg,False,False,0.0,0.4857185482978821
fp32-control,AoF07997.jpg,False,False,0.0,0.33064424991607666
fp32-control,AoF07998.jpg,False,False,0.0,0.4860682785511017
fp32-control,AoF07999.jpg,False,False,0.0,0.4670760929584503
fp32-control,AoF08000.jpg,False,False,0.0,0.7732462882995605
fp32-control,AoF08001.jpg,False,False,0.0,0.7568042278289795
fp32-control,AoF08002.jpg,False,False,0.0,0.48129692673683167
fp32-control,AoF08003.jpg,False,False,0.0,0.4334952235221863
fp32-control,AoF08004.jpg,False,False,0.0,0.15317362546920776
fp32-control,AoF08005.jpg,False,False,0.0,0.6198784112930298
fp32-control,AoF08006.jpg,False,False,0.0,0.29534947872161865
fp32-control,AoF08007.jpg,False,False,0.0,0.4296911060810089
fp32-control,AoF08008.jpg,False,False,0.0,0.27128612995147705
fp32-control,AoF08009.jpg,False,False,0.0,0.4812147915363312
fp32-control,AoF08010.jpg,False,False,0.0,0.305087685585022
fp32-control,AoF08011.jpg,False,False,0.0,0.8876125812530518
fp32-control,AoF08012.jpg,False,True,0.11546450853347778,0.4593655467033386
fp32-control,AoF08013.jpg,False,False,0.0,0.5207107663154602
fp32-control,AoF08014.jpg,False,False,0.0,0.3010028600692749
fp32-control,AoF08015.jpg,False,False,0.0,0.2695384621620178
fp32-control,AoF08016.jpg,False,False,0.0,0.7295547723770142
fp32-control,AoF08017.jpg,False,False,0.0,0.6160427927970886
fp32-control,AoF08018.jpg,False,False,0.0,0.558631956577301
fp32-control,AoF08019.jpg,False,False,0.0,0.5961973667144775
fp32-control,AoF08020.jpg,False,False,0.0,0.24398881196975708
fp32-control,AoF08021.jpg,False,False,0.0,0.0
fp32-control,AoF08022.jpg,False,False,0.0,0.51091068983078
fp32-control,AoF08023.jpg,False,False,0.0,0.22813540697097778
fp32-control,AoF08024.jpg,False,False,0.0,0.3020322918891907
fp32-control,AoF08025.jpg,False,False,0.0,0.3032127320766449
fp32-control,AoF08026.jpg,False,False,0.0,0.20585250854492188
fp32-control,AoF08027.jpg,False,False,0.0,0.26680535078048706
fp32-control,AoF08028.jpg,False,False,0.0,0.0
fp32-control,AoF08029.jpg,False,False,0.0,0.6491938233375549
fp32-control,AoF08030.jpg,False,False,0.0,0.23475289344787598
fp32-control,AoF08031.jpg,False,False,0.0,0.507363498210907
fp32-control,AoF08032.jpg,False,False,0.0,0.6210302114486694
fp32-control,AoF08033.jpg,False,False,0.0,0.43589988350868225
fp32-control,AoF08034.jpg,False,False,0.0,0.5893362760543823
fp32-control,AoF08035.jpg,False,False,0.0,0.7901318073272705
fp32-control,AoF08036.jpg,False,False,0.0,0.8006242513656616
fp32-control,AoF08037.jpg,False,False,0.0,0.4313984513282776
fp32-control,AoF08038.jpg,False,False,0.0,0.3470129072666168
fp32-control,AoF08039.jpg,False,False,0.0,0.8130359649658203
fp32-control,AoF08040.jpg,False,False,0.0,0.271884948015213
fp32-control,AoF08041.jpg,False,False,0.0,0.5193118453025818
fp32-control,AoF08042.jpg,False,False,0.0,0.7289840579032898
fp32-control,AoF08043.jpg,False,False,0.0,0.746407151222229
fp32-control,AoF08044.jpg,False,False,0.0,0.7625406384468079
fp32-control,AoF08045.jpg,False,False,0.0,0.6694650650024414
fp32-control,AoF08046.jpg,False,False,0.0,0.20565134286880493
fp32-control,AoF08047.jpg,False,False,0.0,0.4266061782836914
fp32-control,AoF08048.jpg,False,False,0.0,0.4513194262981415
fp32-control,AoF08049.jpg,False,False,0.0,0.6933184266090393
fp32-control,AoF08050.jpg,False,False,0.0,0.42456528544425964
fp32-control,AoF08051.jpg,False,False,0.0,0.45405852794647217
fp32-control,AoF08052.jpg,False,False,0.0,0.7805695533752441
fp32-control,AoF08053.jpg,False,False,0.0,0.6575124263763428
fp32-control,AoF08054.jpg,False,False,0.0,0.7896749973297119
fp32-control,AoF08055.jpg,False,False,0.0,0.8221026659011841
fp32-control,AoF08056.jpg,False,False,0.0,0.8425064086914062
fp32-control,AoF08057.jpg,False,False,0.0,0.5231022834777832
fp32-control,AoF08058.jpg,False,False,0.0,0.6358246207237244
fp32-control,AoF08059.jpg,False,False,0.0,0.7280668020248413
fp32-control,AoF08060.jpg,False,False,0.0,0.726913571357727
fp32-control,AoF08061.jpg,False,False,0.0,0.48506227135658264
fp32-control,AoF08062.jpg,False,False,0.0,0.6598399877548218
fp32-control,AoF08063.jpg,False,False,0.0,0.7714018821716309
fp32-control,AoF08064.jpg,False,False,0.0,0.4307129383087158
fp32-control,AoF08065.jpg,False,False,0.0,0.8054012060165405
fp32-control,AoF08066.jpg,False,False,0.0,0.8250507712364197
fp32-control,AoF08067.jpg,True,True,0.735753059387207,0.735753059387207
fp32-control,AoF08068.jpg,False,True,0.7198784947395325,0.7198784947395325
fp32-control,AoF08069.jpg,False,False,0.0,0.3493928909301758
fp32-control,AoF08070.jpg,False,False,0.0,0.5983433723449707
fp32-control,AoF08071.jpg,False,False,0.0,0.31473034620285034
fp32-control,AoF08072.jpg,False,False,0.0,0.19276562333106995
fp32-control,AoF08073.jpg,False,False,0.0,0.0
fp32-control,AoF08074.jpg,False,False,0.0,0.6002663969993591
fp32-control,AoF08075.jpg,False,False,0.0,0.3486759066581726
fp32-control,AoF08076.jpg,True,False,0.0,0.6764082312583923
fp32-control,AoF08077.jpg,False,False,0.0,0.33359673619270325
fp32-control,AoF08078.jpg,False,False,0.0,0.4932052493095398
fp32-control,AoF08079.jpg,False,False,0.0,0.5429115295410156
fp32-control,AoF08080.jpg,False,False,0.0,0.7315969467163086
fp32-control,AoF08081.jpg,False,False,0.0,0.6388905048370361
fp32-control,AoF08082.jpg,False,False,0.0,0.3781528174877167
fp32-control,AoF08083.jpg,False,False,0.0,0.4187837243080139
fp32-control,AoF08084.jpg,False,False,0.0,0.8051565885543823
fp32-control,AoF08085.jpg,False,False,0.0,0.661522626876831
fp32-control,AoF08086.jpg,False,False,0.0,0.772578239440918
fp32-control,AoF08087.jpg,False,False,0.0,0.8396507501602173
fp32-control,AoF08088.jpg,False,False,0.0,0.7152034640312195
fp32-control,AoF08089.jpg,False,False,0.0,0.7291387319564819
fp32-control,AoF08090.jpg,False,False,0.0,0.815511167049408
fp32-control,AoF08091.jpg,False,False,0.0,0.5620349645614624
fp32-control,AoF08092.jpg,False,False,0.0,0.6159224510192871
fp32-control,AoF08093.jpg,False,False,0.0,0.4777466654777527
fp32-control,AoF08094.jpg,False,False,0.0,0.43401461839675903
fp32-control,AoF08095.jpg,False,False,0.0,0.8441139459609985
fp32-control,AoF08096.jpg,False,False,0.0,0.6127018332481384
fp32-control,AoF08097.jpg,False,False,0.0,0.4473084509372711
fp32-control,AoF08098.jpg,False,False,0.0,0.19961586594581604
fp32-control,AoF08099.jpg,False,False,0.0,0.5303966999053955
fp32-control,AoF08100.jpg,False,False,0.0,0.7111102938652039
fp32-control,AoF08101.jpg,False,False,0.0,0.5845178365707397
fp32-control,AoF08102.jpg,False,False,0.0,0.8433631658554077
fp32-control,AoF08103.jpg,False,False,0.0,0.27013957500457764
fp32-control,AoF08104.jpg,False,False,0.0,0.5258587002754211
fp32-control,AoF08105.jpg,False,False,0.0,0.853242039680481
fp32-control,AoF08106.jpg,False,False,0.0,0.8697079420089722
fp32-control,AoF08107.jpg,False,False,0.0,0.6756705641746521
fp32-control,AoF08108.jpg,False,False,0.0,0.2152378261089325
fp32-control,AoF08109.jpg,False,False,0.0,0.5303778052330017
fp32-control,AoF08110.jpg,False,False,0.0,0.2911423444747925
fp32-control,AoF08111.jpg,False,False,0.0,0.6834231615066528
fp32-control,AoF08112.jpg,False,False,0.0,0.7501271963119507
fp32-control,AoF08113.jpg,False,False,0.0,0.3960687518119812
fp32-control,AoF08114.jpg,False,False,0.0,0.8160994052886963
fp32-control,AoF08115.jpg,False,False,0.0,0.0
fp32-control,AoF08116.jpg,False,False,0.0,0.2956869304180145
fp32-control,AoF08117.jpg,False,False,0.0,0.4782741963863373
fp32-control,AoF08118.jpg,False,False,0.0,0.48191407322883606
fp32-control,AoF08119.jpg,False,False,0.0,0.3840649127960205
fp32-control,AoF08120.jpg,False,False,0.0,0.4475909173488617
fp32-control,AoF08121.jpg,False,False,0.0,0.3792014718055725
fp32-control,AoF08122.jpg,False,False,0.0,0.3311823010444641
fp32-control,AoF08123.jpg,False,False,0.0,0.23776766657829285
fp32-control,AoF08124.jpg,False,False,0.0,0.4981372356414795
fp32-control,AoF08125.jpg,False,False,0.0,0.3975900411605835
fp32-control,AoF08126.jpg,False,False,0.0,0.3050711452960968
fp32-control,AoF08127.jpg,False,False,0.0,0.6146695017814636
fp32-control,AoF08128.jpg,False,False,0.0,0.0
fp32-control,AoF08129.jpg,False,False,0.0,0.41741621494293213
fp32-control,AoF08130.jpg,False,False,0.0,0.29259657859802246
fp32-control,AoF08131.jpg,False,False,0.0,0.35512182116508484
fp32-control,AoF08132.jpg,False,False,0.0,0.32791709899902344
fp32-control,AoF08133.jpg,False,False,0.0,0.5304001569747925
fp32-control,AoF08134.jpg,False,False,0.0,0.36262640357017517
fp32-control,AoF08135.jpg,False,False,0.0,0.3558048605918884
fp32-control,AoF08136.jpg,False,False,0.0,0.3862342834472656
fp32-control,AoF08137.jpg,False,False,0.0,0.5315309166908264
fp32-control,AoF08138.jpg,False,False,0.0,0.5620741248130798
fp32-control,AoF08139.jpg,False,False,0.0,0.8312029838562012
fp32-control,AoF08140.jpg,False,False,0.0,0.8402454257011414
fp32-control,AoF08141.jpg,False,False,0.0,0.4434530735015869
fp32-control,AoF08142.jpg,False,False,0.0,0.6840002536773682
fp32-control,AoF08143.jpg,False,False,0.0,0.7747609615325928
fp32-control,AoF08144.jpg,False,False,0.0,0.49395185708999634
fp32-control,AoF08145.jpg,False,False,0.0,0.7192742824554443
fp32-control,AoF08146.jpg,False,False,0.0,0.4654199779033661
fp32-control,AoF08147.jpg,False,False,0.0,0.7454273104667664
fp32-control,AoF08148.jpg,False,False,0.0,0.7693662643432617
fp32-control,AoF08149.jpg,False,False,0.0,0.6206986308097839
fp32-control,AoF08150.jpg,False,False,0.0,0.4426329731941223
fp32-control,AoF08151.jpg,False,False,0.0,0.5545519590377808
fp32-control,AoF08152.jpg,False,False,0.0,0.6143379211425781
fp32-control,AoF08153.jpg,False,False,0.0,0.388491153717041
fp32-control,AoF08154.jpg,False,False,0.0,0.22199156880378723
fp32-control,AoF08155.jpg,False,False,0.0,0.4405099153518677
fp32-control,AoF08156.jpg,False,False,0.0,0.49721208214759827
fp32-control,AoF08157.jpg,False,False,0.0,0.8460246324539185
fp32-control,AoF08158.jpg,False,False,0.0,0.6579787135124207
fp32-control,AoF08159.jpg,False,False,0.0,0.702738881111145
fp32-control,AoF08160.jpg,False,False,0.0,0.40469905734062195
fp32-control,AoF08161.jpg,False,False,0.0,0.41281700134277344
fp32-control,AoF08162.jpg,False,False,0.0,0.39625775814056396
fp32-control,AoF08163.jpg,False,False,0.0,0.30896294116973877
fp32-control,AoF08164.jpg,False,False,0.0,0.5619680285453796
fp32-control,AoF08165.jpg,False,False,0.0,0.652833878993988
fp32-control,AoF08166.jpg,False,False,0.0,0.7886885404586792
fp32-control,AoF08167.jpg,False,False,0.0,0.7365759015083313
fp32-control,AoF08168.jpg,False,False,0.0,0.518404483795166
fp32-control,AoF08169.jpg,False,True,0.16631925106048584,0.8933246731758118
fp32-control,AoF08170.jpg,False,False,0.0,0.5448068380355835
fp32-control,AoF08171.jpg,False,False,0.0,0.2753533720970154
fp32-control,AoF08172.jpg,False,False,0.0,0.3208880126476288
fp32-control,AoF08173.jpg,False,False,0.0,0.8532500267028809
fp32-control,AoF08174.jpg,False,False,0.0,0.4686792492866516
fp32-control,AoF08175.jpg,False,False,0.0,0.7273898124694824
fp32-control,AoF08176.jpg,False,False,0.0,0.6810667514801025
fp32-control,AoF08177.jpg,False,False,0.0,0.4606262743473053
fp32-control,AoF08178.jpg,False,False,0.0,0.74336838722229
fp32-control,AoF08179.jpg,False,False,0.0,0.6449288129806519
fp32-control,AoF08180.jpg,False,False,0.0,0.4932672381401062
fp32-control,AoF08181.jpg,False,False,0.0,0.5868095755577087
fp32-control,AoF08182.jpg,False,False,0.0,0.8225706815719604
fp32-control,AoF08183.jpg,False,False,0.0,0.29717499017715454
fp32-control,AoF08184.jpg,False,False,0.0,0.4409596025943756
fp32-control,AoF08185.jpg,False,False,0.0,0.43685173988342285
fp32-control,AoF08186.jpg,False,False,0.0,0.368732213973999
fp32-control,AoF08187.jpg,False,False,0.0,0.20653840899467468
fp32-control,AoF08188.jpg,False,False,0.0,0.4414157569408417
fp32-control,AoF08189.jpg,False,False,0.0,0.5818115472793579
fp32-control,AoF08190.jpg,False,False,0.0,0.49103736877441406
fp32-control,AoF08191.jpg,True,False,0.0,0.3898999094963074
fp32-control,AoF08192.jpg,False,False,0.0,0.7977321147918701
fp32-control,AoF08193.jpg,False,False,0.0,0.8032302856445312
fp32-control,AoF08194.jpg,False,False,0.0,0.8615160584449768
fp32-control,AoF08195.jpg,False,False,0.0,0.8714525699615479
fp32-control,AoF08196.jpg,False,False,0.0,0.16950330138206482
fp32-control,AoF08197.jpg,False,False,0.0,0.32347527146339417
fp32-control,AoF08198.jpg,False,False,0.0,0.7413418889045715
fp32-control,AoF08199.jpg,False,False,0.0,0.7496181726455688
fp32-control,AoF08200.jpg,False,False,0.0,0.7254476547241211
fp32-control,AoF08201.jpg,False,False,0.0,0.7123732566833496
fp32-control,AoF08202.jpg,False,False,0.0,0.7384554743766785
fp32-control,AoF08203.jpg,False,False,0.0,0.731286883354187
fp32-control,AoF08204.jpg,False,False,0.0,0.3694794774055481
fp32-control,AoF08205.jpg,False,False,0.0,0.31622862815856934
fp32-control,AoF08206.jpg,False,False,0.0,0.7453058958053589
fp32-control,AoF08207.jpg,False,False,0.0,0.47272247076034546
fp32-control,AoF08208.jpg,False,False,0.0,0.0
fp32-control,AoF08209.jpg,False,False,0.0,0.0
fp32-control,AoF08210.jpg,False,False,0.0,0.0
fp32-control,AoF08211.jpg,False,False,0.0,0.3485182523727417
fp32-control,AoF08212.jpg,False,False,0.0,0.40681272745132446
fp32-control,AoF08213.jpg,False,False,0.0,0.2845730185508728
fp32-control,AoF08214.jpg,False,False,0.0,0.6761347651481628
fp32-control,AoF08215.jpg,False,False,0.0,0.5788329839706421
fp32-control,AoF08216.jpg,False,False,0.0,0.4810117185115814
fp32-control,AoF08217.jpg,False,False,0.0,0.15291306376457214
fp32-control,AoF08218.jpg,False,False,0.0,0.14072847366333008
fp32-control,AoF08219.jpg,False,False,0.0,0.4202113151550293
fp32-control,AoF08220.jpg,False,False,0.0,0.0
fp32-control,AoF08221.jpg,False,False,0.0,0.22182869911193848
fp32-control,AoF08222.jpg,False,False,0.0,0.23560333251953125
fp32-control,AoF08223.jpg,False,False,0.0,0.43283700942993164
fp32-control,AoF08224.jpg,False,False,0.0,0.4704478085041046
fp32-control,AoF08225.jpg,False,False,0.0,0.725286602973938
fp32-control,AoF08226.jpg,False,False,0.0,0.4196242690086365
fp32-control,AoF08227.jpg,False,False,0.0,0.745100736618042
fp32-control,AoF08228.jpg,False,False,0.0,0.8551015853881836
fp32-control,AoF08229.jpg,False,False,0.0,0.6854014992713928
fp32-control,AoF08230.jpg,False,False,0.0,0.4880770444869995
fp32-control,AoF08231.jpg,False,False,0.0,0.7928500175476074
fp32-control,AoF08232.jpg,False,True,0.10933259129524231,0.6587766408920288
fp32-control,AoF08233.jpg,False,False,0.0,0.24060308933258057
fp32-control,AoF08234.jpg,False,False,0.0,0.6866926550865173
fp32-control,AoF08235.jpg,False,False,0.0,0.32964247465133667
fp32-control,AoF08236.jpg,False,False,0.0,0.7309563755989075
fp32-control,AoF08237.jpg,False,False,0.0,0.7186086773872375
fp32-control,AoF08238.jpg,False,False,0.0,0.4065711200237274
fp32-control,AoF08239.jpg,False,False,0.0,0.6020997166633606
fp32-control,AoF08240.jpg,False,False,0.0,0.37687796354293823
fp32-control,AoF08241.jpg,False,False,0.0,0.720064640045166
fp32-control,AoF08242.jpg,False,False,0.0,0.36379146575927734
fp32-control,AoF08243.jpg,False,False,0.0,0.5389786958694458
fp32-control,AoF08244.jpg,False,False,0.0,0.8594132661819458
fp32-control,AoF08245.jpg,False,False,0.0,0.4093312621116638
fp32-control,AoF08246.jpg,False,False,0.0,0.5431284308433533
fp32-control,AoF08247.jpg,False,False,0.0,0.7183791399002075
fp32-control,AoF08248.jpg,False,False,0.0,0.22859790921211243
fp32-control,AoF08249.jpg,False,False,0.0,0.27784252166748047
fp32-control,AoF08250.jpg,False,False,0.0,0.8600198030471802
fp32-control,AoF08251.jpg,False,False,0.0,0.5586665272712708
fp32-control,AoF08252.jpg,False,False,0.0,0.12400197982788086
fp32-control,AoF08253.jpg,False,False,0.0,0.8371890783309937
fp32-control,AoF08254.jpg,False,False,0.0,0.3900367319583893
fp32-control,AoF08255.jpg,False,False,0.0,0.8018890023231506
fp32-control,AoF08256.jpg,False,False,0.0,0.7896220684051514
fp32-control,AoF08257.jpg,False,False,0.0,0.49075087904930115
fp32-control,AoF08258.jpg,False,False,0.0,0.750019907951355
fp32-control,AoF08259.jpg,False,False,0.0,0.6394731402397156
fp32-control,AoF08260.jpg,False,False,0.0,0.42071765661239624
fp32-control,AoF08261.jpg,False,False,0.0,0.6065428256988525
fp32-control,AoF08262.jpg,False,False,0.0,0.6214942336082458
fp32-control,AoF08263.jpg,False,False,0.0,0.6633732318878174
fp32-control,AoF08264.jpg,False,False,0.0,0.7904461622238159
fp32-control,AoF08265.jpg,False,False,0.0,0.6523415446281433
fp32-control,AoF08266.jpg,False,False,0.0,0.6582855582237244
fp32-control,AoF08267.jpg,False,False,0.0,0.7584246397018433
fp32-control,AoF08268.jpg,False,False,0.0,0.626679003238678
fp32-control,AoF08269.jpg,False,False,0.0,0.6899914145469666
fp32-control,AoF08270.jpg,False,False,0.0,0.0
fp32-control,AoF08271.jpg,False,False,0.0,0.589880645275116
fp32-control,AoF08272.jpg,False,False,0.0,0.6369346380233765
fp32-control,AoF08273.jpg,False,False,0.0,0.10009586811065674
fp32-control,AoF08274.jpg,False,False,0.0,0.56797194480896
fp32-control,AoF08275.jpg,False,False,0.0,0.6711995005607605
fp32-control,AoF08276.jpg,False,False,0.0,0.6444414854049683
fp32-control,AoF08277.jpg,False,False,0.0,0.3798835277557373
fp32-control,AoF08278.jpg,False,False,0.0,0.6805403232574463
fp32-control,AoF08279.jpg,False,False,0.0,0.4604978561401367
fp32-control,AoF08280.jpg,False,False,0.0,0.8027304410934448
fp32-control,AoF08281.jpg,False,False,0.0,0.5808352828025818
fp32-control,AoF08282.jpg,False,False,0.0,0.30209866166114807
fp32-control,AoF08283.jpg,False,False,0.0,0.638181746006012
fp32-control,AoF08284.jpg,False,False,0.0,0.22860532999038696
fp32-control,AoF08285.jpg,False,False,0.0,0.6382133960723877
fp32-control,AoF08286.jpg,False,False,0.0,0.7582483291625977
fp32-control,AoF08287.jpg,False,False,0.0,0.6425260305404663
fp32-control,AoF08288.jpg,False,False,0.0,0.5106890797615051
fp32-control,AoF08289.jpg,False,False,0.0,0.36449044942855835
fp32-control,AoF08290.jpg,False,False,0.0,0.3313888907432556
fp32-control,AoF08291.jpg,False,False,0.0,0.6734205484390259
fp32-control,AoF08292.jpg,False,False,0.0,0.6898310780525208
fp32-control,AoF08293.jpg,False,False,0.0,0.7319164872169495
fp32-control,AoF08294.jpg,False,False,0.0,0.6815951466560364
fp32-control,AoF08295.jpg,False,False,0.0,0.2272997796535492
fp32-control,AoF08296.jpg,False,False,0.0,0.5724086165428162
fp32-control,AoF08297.jpg,False,False,0.0,0.38854077458381653
fp32-control,AoF08298.jpg,False,False,0.0,0.42675501108169556
fp32-control,AoF08299.jpg,False,False,0.0,0.32570528984069824
fp32-control,AoF08300.jpg,False,False,0.0,0.5174465775489807
fp32-control,AoF08301.jpg,False,False,0.0,0.46819883584976196
fp32-control,AoF08302.jpg,False,False,0.0,0.28858956694602966
fp32-control,AoF08303.jpg,False,False,0.0,0.7927483320236206
fp32-control,AoF08304.jpg,False,False,0.0,0.25270405411720276
fp32-control,AoF08305.jpg,False,False,0.0,0.7440687417984009
fp32-control,AoF08306.jpg,False,False,0.0,0.5720603466033936
fp32-control,AoF08307.jpg,False,False,0.0,0.14582765102386475
fp32-control,AoF08308.jpg,False,False,0.0,0.43519020080566406
fp32-control,AoF08309.jpg,False,False,0.0,0.4217711389064789
fp32-control,AoF08310.jpg,False,False,0.0,0.5522133708000183
fp32-control,AoF08311.jpg,False,False,0.0,0.7497256994247437
fp32-control,AoF08312.jpg,False,False,0.0,0.5960201025009155
fp32-control,AoF08313.jpg,False,False,0.0,0.6833557486534119
fp32-control,AoF08314.jpg,False,False,0.0,0.6001895070075989
fp32-control,AoF08315.jpg,False,False,0.0,0.48523640632629395
fp32-control,AoF08316.jpg,False,False,0.0,0.16038140654563904
fp32-control,AoF08317.jpg,False,False,0.0,0.565988302230835
fp32-control,AoF08318.jpg,False,False,0.0,0.34229451417922974
fp32-control,AoF08319.jpg,False,False,0.0,0.40942442417144775
fp32-control,AoF08320.jpg,False,False,0.0,0.5167428851127625
fp32-control,AoF08321.jpg,False,False,0.0,0.0
fp32-control,AoF08322.jpg,False,False,0.0,0.39719676971435547
fp32-control,AoF08323.jpg,False,False,0.0,0.33639729022979736
fp32-control,AoF08324.jpg,False,False,0.0,0.26957041025161743
fp32-control,AoF08325.jpg,False,False,0.0,0.6624863147735596
fp32-control,AoF08326.jpg,False,False,0.0,0.32281655073165894
fp32-control,AoF08327.jpg,False,False,0.0,0.27145832777023315
fp32-control,AoF08328.jpg,False,False,0.0,0.449520081281662
fp32-control,AoF08329.jpg,False,False,0.0,0.31894636154174805
fp32-control,AoF08330.jpg,False,False,0.0,0.4225316345691681
fp32-control,AoF08331.jpg,False,False,0.0,0.0
fp32-control,AoF08332.jpg,False,False,0.0,0.0
fp32-control,AoF08333.jpg,False,False,0.0,0.4676392078399658
fp32-control,AoF08334.jpg,False,False,0.0,0.609281063079834
fp32-control,AoF08335.jpg,False,False,0.0,0.49742797017097473
fp32-control,AoF08336.jpg,False,False,0.0,0.6545698642730713
fp32-control,AoF08337.jpg,False,False,0.0,0.6577529311180115
fp32-control,AoF08338.jpg,False,False,0.0,0.0
fp32-control,AoF08339.jpg,False,False,0.0,0.0
fp32-control,AoF08340.jpg,False,False,0.0,0.6728579998016357
fp32-control,AoF08341.jpg,False,False,0.0,0.33760586380958557
fp32-control,AoF08342.jpg,False,False,0.0,0.5385431051254272
fp32-control,AoF08343.jpg,False,False,0.0,0.6776856780052185
fp32-control,AoF08344.jpg,False,False,0.0,0.19460326433181763
fp32-control,AoF08345.jpg,False,False,0.0,0.1567918062210083
fp32-control,AoF08346.jpg,False,False,0.0,0.7311249375343323
fp32-control,AoF08347.jpg,False,False,0.0,0.7807396650314331
fp32-control,AoF08348.jpg,False,False,0.0,0.19371595978736877
fp32-control,AoF08349.jpg,False,False,0.0,0.0
fp32-control,AoF08350.jpg,False,False,0.0,0.29628419876098633
fp32-control,AoF08351.jpg,False,False,0.0,0.0
fp32-control,AoF08352.jpg,False,False,0.0,0.16436827182769775
fp32-control,AoF08353.jpg,False,False,0.0,0.4231574833393097
fp32-control,AoF08354.jpg,False,False,0.0,0.5932367444038391
fp32-control,AoF08355.jpg,False,False,0.0,0.5820670127868652
fp32-control,AoF08356.jpg,False,False,0.0,0.797970175743103
fp32-control,AoF08357.jpg,False,False,0.0,0.39017152786254883
fp32-control,AoF08358.jpg,False,False,0.0,0.37886857986450195
fp32-control,AoF08359.jpg,False,False,0.0,0.8585094213485718
fp32-control,AoF08360.jpg,False,False,0.0,0.2331903576850891
fp32-control,AoF08361.jpg,False,False,0.0,0.8929388523101807
fp32-control,AoF08362.jpg,False,False,0.0,0.6856716275215149
fp32-control,AoF08363.jpg,False,False,0.0,0.22040119767189026
fp32-control,AoF08364.jpg,False,False,0.0,0.7423469424247742
fp32-control,AoF08365.jpg,False,False,0.0,0.5756192207336426
fp32-control,AoF08366.jpg,False,False,0.0,0.8622259497642517
fp32-control,AoF08367.jpg,False,False,0.0,0.26636186242103577
fp32-control,AoF08368.jpg,False,False,0.0,0.4701281487941742
fp32-control,AoF08369.jpg,False,False,0.0,0.28623929619789124
fp32-control,AoF08370.jpg,False,False,0.0,0.847882866859436
fp32-control,AoF08371.jpg,False,False,0.0,0.44683578610420227
fp32-control,AoF08372.jpg,False,False,0.0,0.5979481339454651
fp32-control,AoF08373.jpg,False,False,0.0,0.8425502777099609
fp32-control,AoF08374.jpg,False,False,0.0,0.8431791663169861
fp32-control,AoF08375.jpg,False,False,0.0,0.33895522356033325
fp32-control,AoF08376.jpg,False,False,0.0,0.7609766125679016
fp32-control,AoF08377.jpg,False,False,0.0,0.8073892593383789
fp32-control,AoF08378.jpg,False,False,0.0,0.0
fp32-control,AoF08379.jpg,False,False,0.0,0.4674070179462433
fp32-control,AoF08380.jpg,False,False,0.0,0.8194887638092041
fp32-control,AoF08381.jpg,False,False,0.0,0.5760152339935303
fp32-control,AoF08382.jpg,False,False,0.0,0.0
fp32-control,AoF08383.jpg,False,False,0.0,0.12155216932296753
fp32-control,PublicDataset01055.jpg,True,True,0.7429242134094238,0.7429242134094238
fp32-control,PublicDataset01056.jpg,True,True,0.8285356163978577,0.8285356163978577
fp32-control,PublicDataset01057.jpg,True,True,0.8499760627746582,0.8499760627746582
fp32-control,PublicDataset01058.jpg,True,True,0.8436955213546753,0.8436955213546753
fp32-control,PublicDataset01059.jpg,True,True,0.798059344291687,0.798059344291687
fp32-control,PublicDataset01060.jpg,True,True,0.24064630270004272,0.24064630270004272
fp32-control,PublicDataset01061.jpg,True,True,0.508857011795044,0.508857011795044
fp32-control,PublicDataset01062.jpg,True,True,0.2804013192653656,0.2804013192653656
fp32-control,PublicDataset01063.jpg,True,True,0.38523417711257935,0.38523417711257935
fp32-control,PublicDataset01064.jpg,True,True,0.6250550746917725,0.6250550746917725
fp32-control,PublicDataset01065.jpg,True,True,0.5505754947662354,0.5505754947662354
fp32-control,PublicDataset01066.jpg,True,True,0.6074496507644653,0.6074496507644653
fp32-control,PublicDataset01067.jpg,True,True,0.5036062598228455,0.5036062598228455
fp32-control,PublicDataset01068.jpg,True,True,0.5540527105331421,0.5540527105331421
fp32-control,PublicDataset01069.jpg,True,True,0.611065149307251,0.611065149307251
fp32-control,PublicDataset01070.jpg,True,True,0.9128062129020691,0.9128062129020691
fp32-control,PublicDataset01071.jpg,True,True,0.8006308078765869,0.8006308078765869
fp32-control,PublicDataset01072.jpg,True,True,0.8532863855361938,0.8532863855361938
fp32-control,PublicDataset01073.jpg,True,True,0.2936829626560211,0.43553364276885986
fp32-control,PublicDataset01074.jpg,True,True,0.6377846002578735,0.7296255230903625
fp32-control,PublicDataset01075.jpg,True,True,0.5377618670463562,0.8506428003311157
fp32-control,PublicDataset01076.jpg,True,True,0.5451459288597107,0.7124392986297607
fp32-control,PublicDataset01077.jpg,True,True,0.5456035137176514,0.6554094552993774
fp32-control,PublicDataset01078.jpg,False,True,0.1456286609172821,0.3464633822441101
fp32-control,PublicDataset01079.jpg,True,True,0.1565592885017395,0.1565592885017395
fp32-control,PublicDataset01080.jpg,True,True,0.21123656630516052,0.21123656630516052
fp32-control,PublicDataset01081.jpg,True,True,0.24000400304794312,0.24000400304794312
fp32-control,PublicDataset01082.jpg,True,True,0.3900408148765564,0.3900408148765564
fp32-control,PublicDataset01083.jpg,True,True,0.3575126528739929,0.3575126528739929
fp32-control,PublicDataset01084.jpg,True,True,0.40406760573387146,0.49006593227386475
fp32-control,PublicDataset01085.jpg,True,True,0.7362370491027832,0.7571187615394592
fp32-control,PublicDataset01086.jpg,True,True,0.25266826152801514,0.5215190052986145
fp32-control,PublicDataset01087.jpg,True,True,0.7580928802490234,0.9286891222000122
fp32-control,PublicDataset01088.jpg,True,True,0.8742377758026123,0.8999106287956238
fp32-control,PublicDataset01089.jpg,True,True,0.5859808325767517,0.8224766254425049
fp32-control,PublicDataset01090.jpg,True,True,0.4992868900299072,0.5354438424110413
fp32-control,PublicDataset01091.jpg,True,True,0.7011224627494812,0.7500512599945068
fp32-control,PublicDataset01092.jpg,True,True,0.7699530124664307,0.7699530124664307
fp32-control,PublicDataset01093.jpg,True,True,0.7634105682373047,0.7634105682373047
fp32-control,PublicDataset01094.jpg,False,False,0.0,0.8303433060646057
fp32-control,PublicDataset01095.jpg,False,False,0.0,0.8393889665603638
fp32-control,PublicDataset01096.jpg,False,False,0.0,0.8798232078552246
fp32-control,PublicDataset01097.jpg,False,False,0.0,0.8518372774124146
fp32-control,PublicDataset01098.jpg,False,False,0.0,0.9124561548233032
fp32-control,PublicDataset01099.jpg,False,False,0.0,0.8809504508972168
fp32-control,PublicDataset01100.jpg,False,False,0.0,0.7590115070343018
fp32-control,PublicDataset01101.jpg,False,False,0.0,0.5276791453361511
fp32-control,PublicDataset01102.jpg,False,False,0.0,0.11650705337524414
fp32-control,PublicDataset01103.jpg,False,False,0.0,0.9044955372810364
fp32-control,PublicDataset01104.jpg,False,False,0.0,0.8901034593582153
fp32-control,PublicDataset01105.jpg,False,False,0.0,0.9138438701629639
fp32-control,PublicDataset01106.jpg,False,False,0.0,0.8601394891738892
fp32-control,PublicDataset01107.jpg,False,False,0.0,0.7916072607040405
fp32-control,PublicDataset01108.jpg,False,False,0.0,0.7447631359100342
fp32-control,PublicDataset01109.jpg,False,False,0.0,0.40372079610824585
fp32-control,PublicDataset01110.jpg,False,False,0.0,0.8929597735404968
fp32-control,PublicDataset01111.jpg,False,False,0.0,0.8834488391876221
fp32-control,PublicDataset01112.jpg,False,False,0.0,0.8912651538848877
fp32-control,PublicDataset01113.jpg,False,False,0.0,0.912534773349762
fp32-control,PublicDataset01114.jpg,False,False,0.0,0.9193770885467529
fp32-control,PublicDataset01115.jpg,False,False,0.0,0.9222111701965332
fp32-control,PublicDataset01116.jpg,False,False,0.0,0.5544198155403137
fp32-control,PublicDataset01117.jpg,False,False,0.0,0.5256240963935852
fp32-control,PublicDataset01118.jpg,False,False,0.0,0.3241857886314392
fp32-control,PublicDataset01119.jpg,False,False,0.0,0.5501382946968079
fp32-control,PublicDataset01120.jpg,False,False,0.0,0.20960813760757446
fp32-control,PublicDataset01121.jpg,False,False,0.0,0.7012932896614075
fp32-control,PublicDataset01122.jpg,False,False,0.0,0.24487853050231934
fp32-control,PublicDataset01123.jpg,False,False,0.0,0.2654779553413391
fp32-control,PublicDataset01124.jpg,False,False,0.0,0.39413151144981384
fp32-control,PublicDataset01125.jpg,False,False,0.0,0.0
fp32-control,PublicDataset01126.jpg,False,False,0.0,0.9070648550987244
fp32-control,PublicDataset01127.jpg,False,False,0.0,0.9031038284301758
fp32-control,PublicDataset01128.jpg,False,False,0.0,0.9143681526184082
fp32-control,PublicDataset01129.jpg,False,False,0.0,0.8394232988357544
fp32-control,PublicDataset01130.jpg,False,False,0.0,0.5840669274330139
fp32-control,PublicDataset01131.jpg,False,False,0.0,0.8027170300483704
fp32-control,PublicDataset01132.jpg,False,False,0.0,0.6649840474128723
fp32-control,PublicDataset01133.jpg,False,False,0.0,0.37628108263015747
fp32-control,PublicDataset01134.jpg,False,False,0.0,0.8189228773117065
fp32-control,PublicDataset01135.jpg,False,False,0.0,0.5111274123191833
fp32-control,PublicDataset01136.jpg,False,False,0.0,0.27703630924224854
fp32-control,PublicDataset01137.jpg,False,False,0.0,0.46371781826019287
fp32-control,PublicDataset01138.jpg,False,False,0.0,0.8649072647094727
fp32-control,PublicDataset01139.jpg,False,False,0.0,0.6703655123710632
fp32-control,PublicDataset01140.jpg,False,False,0.0,0.9219897985458374
fp32-control,PublicDataset01141.jpg,False,False,0.0,0.9184923768043518
fp32-control,PublicDataset01142.jpg,False,False,0.0,0.8401162028312683
fp32-control,PublicDataset01143.jpg,False,False,0.0,0.34293967485427856
fp32-control,PublicDataset01144.jpg,False,False,0.0,0.18486160039901733
fp32-control,PublicDataset01145.jpg,False,False,0.0,0.4461236596107483
fp32-control,PublicDataset01146.jpg,False,False,0.0,0.13544216752052307
fp32-control,PublicDataset01147.jpg,False,False,0.0,0.3363610804080963
fp32-control,PublicDataset01148.jpg,False,False,0.0,0.0
fp32-control,PublicDataset01149.jpg,False,False,0.0,0.7744446992874146
fp32-control,PublicDataset01150.jpg,False,False,0.0,0.5547385215759277
fp32-control,PublicDataset01151.jpg,False,False,0.0,0.6014435887336731
fp32-control,PublicDataset01152.jpg,False,False,0.0,0.23533222079277039
fp32-control,PublicDataset01153.jpg,False,False,0.0,0.7424143552780151
fp32-control,PublicDataset01154.jpg,False,False,0.0,0.5798848867416382
fp32-control,PublicDataset01155.jpg,False,False,0.0,0.4014514088630676
fp32-control,PublicDataset01156.jpg,False,False,0.0,0.723899781703949
fp32-control,PublicDataset01157.jpg,False,False,0.0,0.13883352279663086
fp32-control,PublicDataset01158.jpg,False,False,0.0,0.7177197337150574
fp32-control,PublicDataset01159.jpg,False,False,0.0,0.5777005553245544
fp32-control,PublicDataset01160.jpg,False,False,0.0,0.5495251417160034
fp32-control,PublicDataset01161.jpg,False,False,0.0,0.5355688333511353
fp32-control,PublicDataset01162.jpg,False,False,0.0,0.6567244529724121
fp32-control,PublicDataset01163.jpg,False,False,0.0,0.15827426314353943
fp32-control,PublicDataset01164.jpg,False,False,0.0,0.21939849853515625
fp32-control,PublicDataset01165.jpg,True,True,0.34867340326309204,0.38520652055740356
fp32-control,PublicDataset01166.jpg,True,True,0.7484571933746338,0.7484571933746338
fp32-control,PublicDataset01167.jpg,True,True,0.526344895362854,0.526344895362854
fp32-control,PublicDataset01168.jpg,False,False,0.0,0.6137316823005676
fp32-control,PublicDataset01169.jpg,False,False,0.0,0.2258566915988922
fp32-control,PublicDataset01170.jpg,False,False,0.0,0.882886528968811
fp32-control,PublicDataset01171.jpg,False,False,0.0,0.887993574142456
fp32-control,PublicDataset01172.jpg,False,False,0.0,0.8873816132545471
fp32-control,PublicDataset01173.jpg,False,False,0.0,0.9345946311950684
fp32-control,PublicDataset01174.jpg,False,False,0.0,0.8354678153991699
fp32-control,PublicDataset01175.jpg,False,False,0.0,0.904117226600647
fp32-control,PublicDataset01176.jpg,False,False,0.0,0.8855352401733398
fp32-control,PublicDataset01177.jpg,False,False,0.0,0.9065225720405579
fp32-control,PublicDataset01178.jpg,False,False,0.0,0.9045647978782654
fp32-control,PublicDataset01179.jpg,False,False,0.0,0.9117262959480286
fp32-control,PublicDataset01180.jpg,False,False,0.0,0.903294563293457
fp32-control,PublicDataset01181.jpg,False,False,0.0,0.9241034388542175
fp32-control,PublicDataset01182.jpg,False,False,0.0,0.881501317024231
fp32-control,PublicDataset01183.jpg,False,False,0.0,0.8851820826530457
fp32-control,PublicDataset01184.jpg,False,False,0.0,0.8839802742004395
fp32-control,PublicDataset01185.jpg,False,False,0.0,0.911591649055481
fp32-control,PublicDataset01186.jpg,False,False,0.0,0.8594473600387573
fp32-control,PublicDataset01187.jpg,False,False,0.0,0.8351998329162598
fp32-control,PublicDataset01188.jpg,False,False,0.0,0.807246744632721
fp32-control,PublicDataset01189.jpg,False,False,0.0,0.91257643699646
fp32-control,PublicDataset01190.jpg,False,False,0.0,0.3223477602005005
fp32-control,PublicDataset01191.jpg,False,False,0.0,0.764331042766571
fp32-control,PublicDataset01192.jpg,False,False,0.0,0.8578273057937622
fp32-control,PublicDataset01193.jpg,False,False,0.0,0.841414213180542
fp32-control,PublicDataset01194.jpg,False,True,0.17639067769050598,0.9106104373931885
fp32-control,PublicDataset01195.jpg,False,False,0.0,0.8940061330795288
fp32-control,PublicDataset01196.jpg,False,False,0.0,0.9427894949913025
fp32-control,PublicDataset01197.jpg,False,False,0.0,0.9454590082168579
fp32-control,PublicDataset01198.jpg,False,False,0.0,0.9146631956100464
fp32-control,PublicDataset01199.jpg,False,False,0.0,0.8627029061317444
fp32-control,PublicDataset01200.jpg,False,False,0.0,0.900275468826294
fp32-control,PublicDataset01201.jpg,False,False,0.0,0.6969218254089355
fp32-control,PublicDataset01202.jpg,False,False,0.0,0.9419804215431213
fp32-control,PublicDataset01203.jpg,False,False,0.0,0.942636251449585
fp32-control,PublicDataset01204.jpg,False,False,0.0,0.9070409536361694
fp32-control,PublicDataset01205.jpg,False,False,0.0,0.9037757515907288
fp32-control,PublicDataset01206.jpg,False,False,0.0,0.908685564994812
fp32-control,PublicDataset01207.jpg,False,False,0.0,0.9498586058616638
fp32-control,PublicDataset01208.jpg,False,False,0.0,0.9352726936340332
fp32-control,PublicDataset01209.jpg,False,False,0.0,0.9510788321495056
fp32-control,PublicDataset01210.jpg,False,False,0.0,0.8997795581817627
fp32-control,PublicDataset01211.jpg,False,False,0.0,0.9283087253570557
fp32-control,PublicDataset01212.jpg,False,False,0.0,0.9106261134147644
fp32-control,PublicDataset01213.jpg,False,True,0.10581779479980469,0.6513846516609192
fp32-control,PublicDataset01214.jpg,False,False,0.0,0.0
fp32-control,PublicDataset01215.jpg,False,False,0.0,0.5524689555168152
fp32-control,PublicDataset01216.jpg,False,False,0.0,0.8491637706756592
fp32-control,PublicDataset01217.jpg,True,True,0.18536275625228882,0.895167350769043
fp32-control,PublicDataset01218.jpg,False,False,0.0,0.8828108310699463
fp32-control,PublicDataset01219.jpg,False,False,0.0,0.8454240560531616
fp32-control,PublicDataset01220.jpg,False,True,0.1717207133769989,0.8567100763320923
fp32-control,PublicDataset01221.jpg,False,False,0.0,0.8979535102844238
fp32-control,PublicDataset01222.jpg,False,False,0.0,0.0
fp32-control,PublicDataset01223.jpg,False,False,0.0,0.3866344392299652
fp32-control,PublicDataset01224.jpg,False,False,0.0,0.14028400182724
fp32-control,PublicDataset01225.jpg,True,False,0.0,0.7655704021453857
fp32-control,PublicDataset01226.jpg,False,False,0.0,0.48127859830856323
fp32-control,PublicDataset01227.jpg,False,False,0.0,0.847891092300415
fp32-control,PublicDataset01228.jpg,False,False,0.0,0.0
fp32-control,PublicDataset01229.jpg,False,False,0.0,0.0
fp32-control,PublicDataset01230.jpg,False,False,0.0,0.1056477427482605
fp32-control,PublicDataset01231.jpg,False,False,0.0,0.4156917631626129
fp32-control,PublicDataset01232.jpg,False,False,0.0,0.3734661340713501
fp32-control,PublicDataset01233.jpg,False,False,0.0,0.5465236902236938
fp32-control,PublicDataset01234.jpg,False,False,0.0,0.6755120754241943
fp32-control,PublicDataset01235.jpg,False,False,0.0,0.9007735252380371
fp32-control,PublicDataset01236.jpg,False,False,0.0,0.9091060161590576
fp32-control,PublicDataset01237.jpg,False,False,0.0,0.9086822867393494
fp32-control,PublicDataset01238.jpg,False,False,0.0,0.930478036403656
fp32-control,PublicDataset01239.jpg,True,True,0.534430980682373,0.9272092580795288
fp32-control,PublicDataset01240.jpg,False,False,0.0,0.9285975694656372
fp32-control,PublicDataset01241.jpg,True,True,0.34834957122802734,0.9205856919288635
fp32-control,PublicDataset01242.jpg,True,True,0.2535879611968994,0.9282068610191345
fp32-control,PublicDataset01243.jpg,False,True,0.17383340001106262,0.9297291040420532
fp32-control,PublicDataset01244.jpg,False,False,0.0,0.9309105277061462
fp32-control,PublicDataset01245.jpg,False,False,0.0,0.8748722076416016
fp32-control,PublicDataset01246.jpg,False,False,0.0,0.897606611251831
fp32-control,PublicDataset01247.jpg,False,False,0.0,0.9003196358680725
fp32-control,PublicDataset01248.jpg,False,False,0.0,0.840523898601532
fp32-control,PublicDataset01249.jpg,False,False,0.0,0.8364682197570801
fp32-control,PublicDataset01250.jpg,False,False,0.0,0.8966312408447266
fp32-control,PublicDataset01251.jpg,False,False,0.0,0.9033812880516052
fp32-control,PublicDataset01252.jpg,False,False,0.0,0.8349758386611938
fp32-control,PublicDataset01253.jpg,False,False,0.0,0.47109681367874146
fp32-control,PublicDataset01254.jpg,False,False,0.0,0.4469861686229706
fp32-control,PublicDataset01255.jpg,False,False,0.0,0.18726935982704163
fp32-control,PublicDataset01256.jpg,False,False,0.0,0.37743791937828064
fp32-control,PublicDataset01257.jpg,False,True,0.44678181409835815,0.792404294013977
fp32-control,PublicDataset01258.jpg,False,False,0.0,0.8590039014816284
fp32-control,PublicDataset01259.jpg,False,False,0.0,0.9223641157150269
fp32-control,PublicDataset01260.jpg,False,False,0.0,0.41155171394348145
fp32-control,PublicDataset01261.jpg,False,False,0.0,0.29013341665267944
fp32-control,PublicDataset01262.jpg,False,False,0.0,0.3952600359916687
fp32-control,PublicDataset01263.jpg,False,False,0.0,0.2539072632789612
fp32-control,PublicDataset01264.jpg,False,False,0.0,0.4124327600002289
fp32-control,PublicDataset01265.jpg,False,False,0.0,0.47076964378356934
fp32-control,PublicDataset01266.jpg,False,False,0.0,0.27177929878234863
fp32-control,PublicDataset01267.jpg,False,False,0.0,0.5452011823654175
fp32-control,PublicDataset01268.jpg,False,False,0.0,0.555946409702301
fp32-control,PublicDataset01269.jpg,False,False,0.0,0.4411258399486542
fp32-control,PublicDataset01270.jpg,False,False,0.0,0.7334386110305786
fp32-control,PublicDataset01271.jpg,False,False,0.0,0.785111665725708
fp32-control,PublicDataset01272.jpg,False,False,0.0,0.7334997653961182
fp32-control,PublicDataset01273.jpg,False,False,0.0,0.7082875967025757
fp32-control,PublicDataset01274.jpg,False,False,0.0,0.46493005752563477
fp32-control,PublicDataset01275.jpg,False,False,0.0,0.8804951906204224
fp32-control,PublicDataset01276.jpg,True,False,0.0,0.8641178011894226
fp32-control,PublicDataset01277.jpg,False,False,0.0,0.9169130921363831
fp32-control,PublicDataset01278.jpg,False,False,0.0,0.6097114086151123
fp32-control,PublicDataset01279.jpg,False,False,0.0,0.7286214232444763
fp32-control,PublicDataset01280.jpg,True,False,0.0,0.9148807525634766
fp32-control,PublicDataset01281.jpg,False,False,0.0,0.8030722141265869
fp32-control,PublicDataset01282.jpg,False,False,0.0,0.8218909502029419
fp32-control,PublicDataset01283.jpg,False,False,0.0,0.5672523379325867
fp32-control,PublicDataset01284.jpg,False,False,0.0,0.5521693825721741
fp32-control,PublicDataset01285.jpg,False,False,0.0,0.8991599678993225
fp32-control,PublicDataset01286.jpg,False,False,0.0,0.5235710740089417
fp32-control,PublicDataset01287.jpg,False,False,0.0,0.0
fp32-control,PublicDataset01288.jpg,False,False,0.0,0.0
fp32-control,PublicDataset01289.jpg,False,False,0.0,0.0
fp32-control,PublicDataset01290.jpg,False,False,0.0,0.6236680746078491
fp32-control,PublicDataset01291.jpg,False,False,0.0,0.0
fp32-control,PublicDataset01292.jpg,False,False,0.0,0.0
fp32-control,PublicDataset01293.jpg,False,False,0.0,0.0
fp32-control,PublicDataset01294.jpg,False,False,0.0,0.0
fp32-control,PublicDataset01295.jpg,False,False,0.0,0.0
fp32-control,PublicDataset01296.jpg,False,False,0.0,0.0
fp32-control,PublicDataset01297.jpg,False,False,0.0,0.0
fp32-control,PublicDataset01298.jpg,False,False,0.0,0.0
fp32-control,PublicDataset01299.jpg,False,False,0.0,0.0
fp32-control,PublicDataset01300.jpg,False,False,0.0,0.0
fp32-control,PublicDataset01301.jpg,False,False,0.0,0.0
fp32-control,PublicDataset01302.jpg,False,False,0.0,0.0
fp32-control,PublicDataset01303.jpg,False,False,0.0,0.0
fp32-control,PublicDataset01304.jpg,False,False,0.0,0.0
fp32-control,PublicDataset01305.jpg,False,False,0.0,0.0
fp32-control,PublicDataset01306.jpg,False,False,0.0,0.0
fp32-control,PublicDataset01307.jpg,False,True,0.26743564009666443,0.26743564009666443
fp32-control,PublicDataset01308.jpg,False,False,0.0,0.0
fp32-control,PublicDataset01309.jpg,False,False,0.0,0.0
fp32-control,PublicDataset01310.jpg,False,False,0.0,0.0
fp32-control,PublicDataset01311.jpg,False,False,0.0,0.0
fp32-control,PublicDataset01312.jpg,False,False,0.0,0.0
fp32-control,PublicDataset01313.jpg,False,False,0.0,0.0
fp32-control,PublicDataset01314.jpg,False,False,0.0,0.0
fp32-control,PublicDataset01315.jpg,False,True,0.11132514476776123,0.11132514476776123
fp32-control,PublicDataset01316.jpg,False,False,0.0,0.0
fp32-control,PublicDataset01317.jpg,True,True,0.8194245100021362,0.8194245100021362
fp32-control,PublicDataset01318.jpg,True,True,0.6145169138908386,0.6145169138908386
fp32-control,PublicDataset01319.jpg,True,True,0.8452538251876831,0.8452538251876831
fp32-control,PublicDataset01320.jpg,True,True,0.8062517642974854,0.8062517642974854
fp32-control,PublicDataset01321.jpg,True,True,0.8118670582771301,0.8118670582771301
fp32-control,PublicDataset01322.jpg,True,True,0.8249148726463318,0.8249148726463318
fp32-control,PublicDataset01323.jpg,True,True,0.7749592065811157,0.7749592065811157
fp32-control,PublicDataset01324.jpg,True,True,0.4902399182319641,0.4902399182319641
fp32-control,PublicDataset01325.jpg,True,True,0.6113697290420532,0.9212692975997925
fp32-control,PublicDataset01326.jpg,True,True,0.7187374234199524,0.7187374234199524
fp32-control,PublicDataset01327.jpg,True,True,0.8155491352081299,0.8155491352081299
fp32-control,PublicDataset01328.jpg,True,True,0.8075171113014221,0.8075171113014221
fp32-control,PublicDataset01329.jpg,True,True,0.5501731038093567,0.5501731038093567
fp32-control,PublicDataset01330.jpg,True,True,0.555135190486908,0.8051638007164001
fp32-control,PublicDataset01331.jpg,False,False,0.0,0.1938839554786682
fp32-control,PublicDataset01332.jpg,False,False,0.0,0.41660505533218384
fp32-control,PublicDataset01333.jpg,False,False,0.0,0.3913861811161041
fp32-control,PublicDataset01334.jpg,False,False,0.0,0.7103511095046997
fp32-control,PublicDataset01335.jpg,False,False,0.0,0.7038654088973999
fp32-control,WEB09443.jpg,False,False,0.0,0.0
fp32-control,WEB09444.jpg,False,False,0.0,0.0
fp32-control,WEB09445.jpg,False,False,0.0,0.0
fp32-control,WEB09446.jpg,False,False,0.0,0.0
fp32-control,WEB09447.jpg,False,False,0.0,0.0
fp32-control,WEB09448.jpg,False,False,0.0,0.0
fp32-control,WEB09449.jpg,False,False,0.0,0.0
fp32-control,WEB09450.jpg,False,False,0.0,0.0
fp32-control,WEB09451.jpg,False,False,0.0,0.0
fp32-control,WEB09452.jpg,False,False,0.0,0.0
fp32-control,WEB09453.jpg,False,False,0.0,0.10720407962799072
fp32-control,WEB09454.jpg,False,False,0.0,0.0
fp32-control,WEB09455.jpg,False,False,0.0,0.0
fp32-control,WEB09456.jpg,False,False,0.0,0.0
fp32-control,WEB09457.jpg,False,False,0.0,0.0
fp32-control,WEB09458.jpg,False,False,0.0,0.0
fp32-control,WEB09459.jpg,False,False,0.0,0.0
fp32-control,WEB09460.jpg,False,False,0.0,0.0
fp32-control,WEB09461.jpg,False,False,0.0,0.0
fp32-control,WEB09462.jpg,False,False,0.0,0.0
fp32-control,WEB09463.jpg,False,False,0.0,0.0
fp32-control,WEB09464.jpg,False,False,0.0,0.0
fp32-control,WEB09465.jpg,False,False,0.0,0.0
fp32-control,WEB09466.jpg,False,False,0.0,0.0
fp32-control,WEB09467.jpg,False,False,0.0,0.0
fp32-control,WEB09468.jpg,False,False,0.0,0.0
fp32-control,WEB09469.jpg,False,False,0.0,0.0
fp32-control,WEB09470.jpg,False,False,0.0,0.0
fp32-control,WEB09471.jpg,False,False,0.0,0.0
fp32-control,WEB09472.jpg,False,False,0.0,0.0
fp32-control,WEB09473.jpg,False,False,0.0,0.0
fp32-control,WEB09474.jpg,False,False,0.0,0.0
fp32-control,WEB09475.jpg,False,False,0.0,0.0
fp32-control,WEB09476.jpg,False,False,0.0,0.0
fp32-control,WEB09477.jpg,False,False,0.0,0.0
fp32-control,WEB09478.jpg,False,False,0.0,0.0
fp32-control,WEB09479.jpg,False,False,0.0,0.0
fp32-control,WEB09480.jpg,False,False,0.0,0.0
fp32-control,WEB09481.jpg,False,False,0.0,0.0
fp32-control,WEB09482.jpg,False,False,0.0,0.0
fp32-control,WEB09483.jpg,False,False,0.0,0.0
fp32-control,WEB09484.jpg,False,False,0.0,0.0
fp32-control,WEB09485.jpg,False,False,0.0,0.0
fp32-control,WEB09486.jpg,False,False,0.0,0.0
fp32-control,WEB09487.jpg,False,False,0.0,0.0
fp32-control,WEB09488.jpg,False,False,0.0,0.0
fp32-control,WEB09489.jpg,False,False,0.0,0.0
fp32-control,WEB09490.jpg,False,False,0.0,0.0
fp32-control,WEB09491.jpg,False,False,0.0,0.0
fp32-control,WEB09492.jpg,False,False,0.0,0.0
fp32-control,WEB09493.jpg,False,False,0.0,0.0
fp32-control,WEB09494.jpg,False,False,0.0,0.0
fp32-control,WEB09495.jpg,False,False,0.0,0.0
fp32-control,WEB09496.jpg,False,False,0.0,0.0
fp32-control,WEB09497.jpg,False,False,0.0,0.0
fp32-control,WEB09498.jpg,False,False,0.0,0.0
fp32-control,WEB09499.jpg,False,False,0.0,0.0
fp32-control,WEB09500.jpg,False,False,0.0,0.0
fp32-control,WEB09501.jpg,False,False,0.0,0.0
fp32-control,WEB09502.jpg,False,False,0.0,0.0
fp32-control,WEB09503.jpg,False,False,0.0,0.0
fp32-control,WEB09504.jpg,False,False,0.0,0.10385331511497498
fp32-control,WEB09505.jpg,False,False,0.0,0.0
fp32-control,WEB09506.jpg,False,False,0.0,0.0
fp32-control,WEB09507.jpg,False,False,0.0,0.0
fp32-control,WEB09508.jpg,False,False,0.0,0.0
fp32-control,WEB09509.jpg,False,False,0.0,0.0
fp32-control,WEB09510.jpg,False,False,0.0,0.0
fp32-control,WEB09511.jpg,False,False,0.0,0.0
fp32-control,WEB09512.jpg,False,False,0.0,0.0
fp32-control,WEB09513.jpg,False,False,0.0,0.0
fp32-control,WEB09514.jpg,False,False,0.0,0.0
fp32-control,WEB09515.jpg,False,False,0.0,0.0
fp32-control,WEB09516.jpg,False,False,0.0,0.0
fp32-control,WEB09517.jpg,False,False,0.0,0.0
fp32-control,WEB09518.jpg,False,False,0.0,0.0
fp32-control,WEB09519.jpg,False,False,0.0,0.0
fp32-control,WEB09520.jpg,False,False,0.0,0.0
fp32-control,WEB09521.jpg,False,False,0.0,0.0
fp32-control,WEB09522.jpg,False,False,0.0,0.0
fp32-control,WEB09523.jpg,False,False,0.0,0.0
fp32-control,WEB09524.jpg,False,False,0.0,0.0
fp32-control,WEB09525.jpg,False,False,0.0,0.0
fp32-control,WEB09526.jpg,False,False,0.0,0.0
fp32-control,WEB09527.jpg,False,False,0.0,0.0
fp32-control,WEB09528.jpg,False,False,0.0,0.0
fp32-control,WEB09529.jpg,False,False,0.0,0.0
fp32-control,WEB09530.jpg,False,False,0.0,0.0
fp32-control,WEB09531.jpg,False,False,0.0,0.0
fp32-control,WEB09532.jpg,False,False,0.0,0.0
fp32-control,WEB09533.jpg,False,False,0.0,0.0
fp32-control,WEB09534.jpg,False,False,0.0,0.0
fp32-control,WEB09535.jpg,False,False,0.0,0.0
fp32-control,WEB09536.jpg,False,False,0.0,0.0
fp32-control,WEB09537.jpg,False,False,0.0,0.0
fp32-control,WEB09538.jpg,False,False,0.0,0.0
fp32-control,WEB09539.jpg,False,False,0.0,0.0
fp32-control,WEB09540.jpg,False,False,0.0,0.0
fp32-control,WEB09541.jpg,False,False,0.0,0.0
fp32-control,WEB09542.jpg,False,False,0.0,0.0
fp32-control,WEB09543.jpg,False,False,0.0,0.0
fp32-control,WEB09544.jpg,False,False,0.0,0.0
fp32-control,WEB09545.jpg,False,False,0.0,0.0
fp32-control,WEB09546.jpg,False,False,0.0,0.0
fp32-control,WEB09547.jpg,False,False,0.0,0.0
fp32-control,WEB09548.jpg,False,False,0.0,0.0
fp32-control,WEB09549.jpg,False,False,0.0,0.0
fp32-control,WEB09550.jpg,False,False,0.0,0.0
fp32-control,WEB09551.jpg,False,False,0.0,0.0
fp32-control,WEB09552.jpg,False,False,0.0,0.0
fp32-control,WEB09553.jpg,False,False,0.0,0.0
fp32-control,WEB09554.jpg,False,False,0.0,0.0
fp32-control,WEB09555.jpg,False,False,0.0,0.0
fp32-control,WEB09556.jpg,False,False,0.0,0.0
fp32-control,WEB09557.jpg,False,False,0.0,0.0
fp32-control,WEB09558.jpg,False,False,0.0,0.0
fp32-control,WEB09559.jpg,False,False,0.0,0.0
fp32-control,WEB09560.jpg,False,False,0.0,0.0
fp32-control,WEB09561.jpg,False,False,0.0,0.0
fp32-control,WEB09562.jpg,False,False,0.0,0.0
fp32-control,WEB09563.jpg,False,False,0.0,0.0
fp32-control,WEB09564.jpg,False,False,0.0,0.0
fp32-control,WEB09565.jpg,False,False,0.0,0.0
fp32-control,WEB09566.jpg,False,False,0.0,0.0
fp32-control,WEB09567.jpg,False,False,0.0,0.0
fp32-control,WEB09568.jpg,False,False,0.0,0.0
fp32-control,WEB09569.jpg,False,False,0.0,0.0
fp32-control,WEB09570.jpg,False,False,0.0,0.0
fp32-control,WEB09571.jpg,False,False,0.0,0.0
fp32-control,WEB09572.jpg,False,False,0.0,0.0
fp32-control,WEB09573.jpg,False,False,0.0,0.0
fp32-control,WEB09574.jpg,False,False,0.0,0.0
fp32-control,WEB09575.jpg,False,False,0.0,0.0
fp32-control,WEB09576.jpg,False,False,0.0,0.0
fp32-control,WEB09577.jpg,False,False,0.0,0.0
fp32-control,WEB09578.jpg,False,False,0.0,0.0
fp32-control,WEB09579.jpg,False,False,0.0,0.0
fp32-control,WEB09580.jpg,False,False,0.0,0.0
fp32-control,WEB09581.jpg,False,False,0.0,0.0
fp32-control,WEB09582.jpg,False,False,0.0,0.0
fp32-control,WEB09583.jpg,False,False,0.0,0.0
fp32-control,WEB09584.jpg,False,False,0.0,0.0
fp32-control,WEB09585.jpg,False,False,0.0,0.0
fp32-control,WEB09586.jpg,False,False,0.0,0.0
fp32-control,WEB09587.jpg,False,False,0.0,0.0
fp32-control,WEB09588.jpg,False,False,0.0,0.0
fp32-control,WEB09589.jpg,False,False,0.0,0.0
fp32-control,WEB09590.jpg,False,False,0.0,0.0
fp32-control,WEB09591.jpg,False,False,0.0,0.0
fp32-control,WEB09592.jpg,False,False,0.0,0.0
fp32-control,WEB09593.jpg,False,False,0.0,0.0
fp32-control,WEB09594.jpg,False,False,0.0,0.0
fp32-control,WEB09595.jpg,False,False,0.0,0.0
fp32-control,WEB09596.jpg,False,False,0.0,0.0
fp32-control,WEB09597.jpg,False,False,0.0,0.0
fp32-control,WEB09598.jpg,False,False,0.0,0.0
fp32-control,WEB09599.jpg,False,False,0.0,0.0
fp32-control,WEB09600.jpg,False,False,0.0,0.0
fp32-control,WEB09601.jpg,False,False,0.0,0.0
fp32-control,WEB09602.jpg,False,False,0.0,0.0
fp32-control,WEB09603.jpg,False,False,0.0,0.0
fp32-control,WEB09604.jpg,False,False,0.0,0.0
fp32-control,WEB09605.jpg,False,False,0.0,0.0
fp32-control,WEB09606.jpg,False,False,0.0,0.0
fp32-control,WEB09607.jpg,False,False,0.0,0.0
fp32-control,WEB09608.jpg,False,False,0.0,0.0
fp32-control,WEB09609.jpg,False,False,0.0,0.0
fp32-control,WEB09610.jpg,False,False,0.0,0.0
fp32-control,WEB09611.jpg,False,False,0.0,0.0
fp32-control,WEB09612.jpg,False,False,0.0,0.0
fp32-control,WEB09613.jpg,False,False,0.0,0.0
fp32-control,WEB09614.jpg,False,False,0.0,0.0
fp32-control,WEB09615.jpg,False,False,0.0,0.0
fp32-control,WEB09616.jpg,False,False,0.0,0.0
fp32-control,WEB09617.jpg,False,False,0.0,0.0
fp32-control,WEB09618.jpg,False,False,0.0,0.0
fp32-control,WEB09619.jpg,False,False,0.0,0.0
fp32-control,WEB09620.jpg,False,False,0.0,0.0
fp32-control,WEB09621.jpg,False,False,0.0,0.0
fp32-control,WEB09622.jpg,False,False,0.0,0.0
fp32-control,WEB09623.jpg,False,False,0.0,0.0
fp32-control,WEB09624.jpg,False,False,0.0,0.0
fp32-control,WEB09625.jpg,False,False,0.0,0.0
fp32-control,WEB09626.jpg,False,False,0.0,0.0
fp32-control,WEB09627.jpg,False,False,0.0,0.0
fp32-control,WEB09628.jpg,False,False,0.0,0.0
fp32-control,WEB09629.jpg,False,False,0.0,0.0
fp32-control,WEB09630.jpg,False,False,0.0,0.0
fp32-control,WEB09631.jpg,False,False,0.0,0.0
fp32-control,WEB09632.jpg,False,False,0.0,0.0
fp32-control,WEB09633.jpg,False,False,0.0,0.0
fp32-control,WEB09634.jpg,False,False,0.0,0.0
fp32-control,WEB09635.jpg,False,False,0.0,0.0
fp32-control,WEB09636.jpg,False,False,0.0,0.0
fp32-control,WEB09637.jpg,False,False,0.0,0.0
fp32-control,WEB09638.jpg,False,False,0.0,0.0
fp32-control,WEB09639.jpg,False,False,0.0,0.0
fp32-control,WEB09640.jpg,False,False,0.0,0.0
fp32-control,WEB09641.jpg,False,False,0.0,0.0
fp32-control,WEB09642.jpg,False,False,0.0,0.0
fp32-control,WEB09643.jpg,False,False,0.0,0.0
fp32-control,WEB09644.jpg,False,False,0.0,0.0
fp32-control,WEB09645.jpg,False,False,0.0,0.0
fp32-control,WEB09646.jpg,False,False,0.0,0.0
fp32-control,WEB09647.jpg,False,False,0.0,0.0
fp32-control,WEB09648.jpg,False,False,0.0,0.0
fp32-control,WEB09649.jpg,False,False,0.0,0.0
fp32-control,WEB09650.jpg,False,False,0.0,0.0
fp32-control,WEB09651.jpg,False,False,0.0,0.0
fp32-control,WEB09652.jpg,False,False,0.0,0.0
fp32-control,WEB09653.jpg,False,False,0.0,0.0
fp32-control,WEB09654.jpg,False,False,0.0,0.0
fp32-control,WEB09655.jpg,False,False,0.0,0.0
fp32-control,WEB09656.jpg,False,False,0.0,0.0
fp32-control,WEB09657.jpg,False,False,0.0,0.0
fp32-control,WEB09658.jpg,False,False,0.0,0.0
fp32-control,WEB09659.jpg,False,False,0.0,0.0
fp32-control,WEB09660.jpg,False,False,0.0,0.0
fp32-control,WEB09661.jpg,False,False,0.0,0.0
fp32-control,WEB09662.jpg,False,False,0.0,0.0
fp32-control,WEB09663.jpg,False,False,0.0,0.0
fp32-control,WEB09664.jpg,False,False,0.0,0.0
fp32-control,WEB09665.jpg,False,False,0.0,0.0
fp32-control,WEB09666.jpg,False,False,0.0,0.0
fp32-control,WEB09667.jpg,False,False,0.0,0.0
fp32-control,WEB09668.jpg,False,False,0.0,0.0
fp32-control,WEB09669.jpg,False,False,0.0,0.0
fp32-control,WEB09670.jpg,False,False,0.0,0.0
fp32-control,WEB09671.jpg,False,False,0.0,0.0
fp32-control,WEB09672.jpg,False,False,0.0,0.0
fp32-control,WEB09673.jpg,False,False,0.0,0.0
fp32-control,WEB09674.jpg,False,False,0.0,0.0
fp32-control,WEB09675.jpg,False,False,0.0,0.0
fp32-control,WEB09676.jpg,False,False,0.0,0.0
fp32-control,WEB09677.jpg,False,False,0.0,0.0
fp32-control,WEB09678.jpg,False,False,0.0,0.0
fp32-control,WEB09679.jpg,False,False,0.0,0.0
fp32-control,WEB09680.jpg,False,False,0.0,0.0
fp32-control,WEB09681.jpg,False,False,0.0,0.0
fp32-control,WEB09682.jpg,False,False,0.0,0.0
fp32-control,WEB09683.jpg,False,False,0.0,0.0
fp32-control,WEB09684.jpg,False,False,0.0,0.0
fp32-control,WEB09685.jpg,False,False,0.0,0.0
fp32-control,WEB09686.jpg,False,False,0.0,0.0
fp32-control,WEB09687.jpg,False,False,0.0,0.0
fp32-control,WEB09688.jpg,False,False,0.0,0.0
fp32-control,WEB09689.jpg,False,False,0.0,0.0
fp32-control,WEB09690.jpg,False,False,0.0,0.0
fp32-control,WEB09691.jpg,False,False,0.0,0.0
fp32-control,WEB09692.jpg,False,False,0.0,0.0
fp32-control,WEB09693.jpg,False,False,0.0,0.0
fp32-control,WEB09694.jpg,False,False,0.0,0.0
fp32-control,WEB09695.jpg,False,False,0.0,0.0
fp32-control,WEB09696.jpg,False,False,0.0,0.0
fp32-control,WEB09697.jpg,False,False,0.0,0.0
fp32-control,WEB09698.jpg,False,False,0.0,0.0
fp32-control,WEB09699.jpg,False,False,0.0,0.0
fp32-control,WEB09700.jpg,False,False,0.0,0.0
fp32-control,WEB09701.jpg,False,False,0.0,0.0
fp32-control,WEB09702.jpg,False,False,0.0,0.0
fp32-control,WEB09703.jpg,False,False,0.0,0.0
fp32-control,WEB09704.jpg,False,False,0.0,0.0
fp32-control,WEB09705.jpg,False,False,0.0,0.0
fp32-control,WEB09706.jpg,False,False,0.0,0.0
fp32-control,WEB09707.jpg,False,False,0.0,0.0
fp32-control,WEB09708.jpg,False,False,0.0,0.0
fp32-control,WEB09709.jpg,False,False,0.0,0.0
fp32-control,WEB09710.jpg,False,False,0.0,0.0
fp32-control,WEB09711.jpg,False,False,0.0,0.0
fp32-control,WEB09712.jpg,False,False,0.0,0.0
fp32-control,WEB09713.jpg,False,False,0.0,0.0
fp32-control,WEB09714.jpg,False,False,0.0,0.0
fp32-control,WEB09715.jpg,False,False,0.0,0.0
fp32-control,WEB09716.jpg,False,False,0.0,0.0
fp32-control,WEB09717.jpg,False,False,0.0,0.0
fp32-control,WEB09718.jpg,False,False,0.0,0.0
fp32-control,WEB09719.jpg,False,False,0.0,0.0
fp32-control,WEB09720.jpg,False,False,0.0,0.0
fp32-control,WEB09721.jpg,False,False,0.0,0.0
fp32-control,WEB09722.jpg,False,False,0.0,0.0
fp32-control,WEB09723.jpg,False,False,0.0,0.0
fp32-control,WEB09724.jpg,False,False,0.0,0.0
fp32-control,WEB09725.jpg,False,False,0.0,0.0
fp32-control,WEB09726.jpg,False,False,0.0,0.0
fp32-control,WEB09727.jpg,False,False,0.0,0.0
fp32-control,WEB09728.jpg,False,False,0.0,0.0
fp32-control,WEB09729.jpg,False,False,0.0,0.0
fp32-control,WEB09730.jpg,False,False,0.0,0.0
fp32-control,WEB09731.jpg,False,False,0.0,0.0
fp32-control,WEB09732.jpg,False,False,0.0,0.0
fp32-control,WEB09733.jpg,False,False,0.0,0.0
fp32-control,WEB09734.jpg,False,False,0.0,0.0
fp32-control,WEB09735.jpg,False,False,0.0,0.0
fp32-control,WEB09736.jpg,False,False,0.0,0.0
fp32-control,WEB09737.jpg,False,False,0.0,0.0
fp32-control,WEB09738.jpg,False,False,0.0,0.0
fp32-control,WEB09739.jpg,False,False,0.0,0.0
fp32-control,WEB09740.jpg,False,False,0.0,0.0
fp32-control,WEB09741.jpg,False,False,0.0,0.0
fp32-control,WEB09742.jpg,False,False,0.0,0.0
fp32-control,WEB09743.jpg,False,False,0.0,0.0
fp32-control,WEB09744.jpg,False,False,0.0,0.0
fp32-control,WEB09745.jpg,False,False,0.0,0.0
fp32-control,WEB09746.jpg,False,False,0.0,0.0
fp32-control,WEB09747.jpg,False,True,0.4520855247974396,0.4520855247974396
fp32-control,WEB09748.jpg,False,False,0.0,0.0
fp32-control,WEB09749.jpg,False,False,0.0,0.0
fp32-control,WEB09750.jpg,False,False,0.0,0.0
fp32-control,WEB09751.jpg,False,False,0.0,0.0
fp32-control,WEB09752.jpg,False,False,0.0,0.0
fp32-control,WEB09753.jpg,False,False,0.0,0.0
fp32-control,WEB09754.jpg,False,False,0.0,0.0
fp32-control,WEB09755.jpg,False,False,0.0,0.0
fp32-control,WEB09756.jpg,False,False,0.0,0.0
fp32-control,WEB09757.jpg,False,False,0.0,0.0
fp32-control,WEB09758.jpg,False,False,0.0,0.0
fp32-control,WEB09759.jpg,False,False,0.0,0.0
fp32-control,WEB09760.jpg,False,False,0.0,0.0
fp32-control,WEB09761.jpg,False,False,0.0,0.0
fp32-control,WEB09762.jpg,False,False,0.0,0.0
fp32-control,WEB09763.jpg,False,False,0.0,0.0
fp32-control,WEB09764.jpg,False,False,0.0,0.0
fp32-control,WEB09765.jpg,False,False,0.0,0.0
fp32-control,WEB09766.jpg,False,False,0.0,0.0
fp32-control,WEB09767.jpg,False,False,0.0,0.0
fp32-control,WEB09768.jpg,False,False,0.0,0.0
fp32-control,WEB09769.jpg,False,False,0.0,0.0
fp32-control,WEB09770.jpg,False,False,0.0,0.0
fp32-control,WEB09771.jpg,False,False,0.0,0.0
fp32-control,WEB09772.jpg,False,False,0.0,0.0
fp32-control,WEB09773.jpg,False,False,0.0,0.0
fp32-control,WEB09774.jpg,False,False,0.0,0.0
fp32-control,WEB09775.jpg,False,False,0.0,0.0
fp32-control,WEB09776.jpg,False,False,0.0,0.0
fp32-control,WEB09777.jpg,False,False,0.0,0.0
fp32-control,WEB09778.jpg,False,False,0.0,0.0
fp32-control,WEB09779.jpg,False,False,0.0,0.0
fp32-control,WEB09780.jpg,False,False,0.0,0.0
fp32-control,WEB09781.jpg,False,False,0.0,0.0
fp32-control,WEB09782.jpg,False,False,0.0,0.0
fp32-control,WEB09783.jpg,False,False,0.0,0.0
fp32-control,WEB09784.jpg,False,False,0.0,0.0
fp32-control,WEB09785.jpg,False,False,0.0,0.0
fp32-control,WEB09786.jpg,False,False,0.0,0.0
fp32-control,WEB09787.jpg,False,False,0.0,0.0
fp32-control,WEB09788.jpg,False,False,0.0,0.0
fp32-control,WEB09789.jpg,False,False,0.0,0.0
fp32-control,WEB09790.jpg,False,False,0.0,0.0
fp32-control,WEB09791.jpg,False,False,0.0,0.0
fp32-control,WEB09792.jpg,False,False,0.0,0.0
fp32-control,WEB09793.jpg,False,False,0.0,0.0
fp32-control,WEB09794.jpg,False,False,0.0,0.0
fp32-control,WEB09795.jpg,False,False,0.0,0.0
fp32-control,WEB09796.jpg,False,False,0.0,0.0
fp32-control,WEB09797.jpg,False,False,0.0,0.0
fp32-control,WEB09798.jpg,False,False,0.0,0.0
fp32-control,WEB09799.jpg,False,False,0.0,0.0
fp32-control,WEB09800.jpg,False,False,0.0,0.0
fp32-control,WEB09801.jpg,False,False,0.0,0.0
fp32-control,WEB09802.jpg,False,False,0.0,0.0
fp32-control,WEB09803.jpg,False,False,0.0,0.0
fp32-control,WEB09804.jpg,False,False,0.0,0.0
fp32-control,WEB09805.jpg,False,False,0.0,0.0
fp32-control,WEB09806.jpg,False,False,0.0,0.0
fp32-control,WEB09807.jpg,False,False,0.0,0.0
fp32-control,WEB09808.jpg,False,False,0.0,0.0
fp32-control,WEB09809.jpg,False,False,0.0,0.0
fp32-control,WEB09810.jpg,False,False,0.0,0.0
fp32-control,WEB09811.jpg,False,False,0.0,0.0
fp32-control,WEB09812.jpg,False,False,0.0,0.0
fp32-control,WEB09813.jpg,False,False,0.0,0.0
fp32-control,WEB09814.jpg,False,False,0.0,0.0
fp32-control,WEB09815.jpg,False,False,0.0,0.0
fp32-control,WEB09816.jpg,False,False,0.0,0.0
fp32-control,WEB09817.jpg,False,False,0.0,0.0
fp32-control,WEB09818.jpg,False,False,0.0,0.0
fp32-control,WEB09819.jpg,False,False,0.0,0.0
fp32-control,WEB09820.jpg,False,False,0.0,0.0
fp32-control,WEB09821.jpg,False,False,0.0,0.0
fp32-control,WEB09822.jpg,False,False,0.0,0.0
fp32-control,WEB09823.jpg,False,False,0.0,0.0
fp32-control,WEB09824.jpg,False,False,0.0,0.0
fp32-control,WEB09825.jpg,False,False,0.0,0.0
fp32-control,WEB09826.jpg,False,False,0.0,0.0
fp32-control,WEB09827.jpg,False,False,0.0,0.0
fp32-control,WEB09828.jpg,False,False,0.0,0.0
fp32-control,WEB09829.jpg,False,False,0.0,0.0
fp32-control,WEB09830.jpg,False,False,0.0,0.0
fp32-control,WEB09831.jpg,False,False,0.0,0.0
fp32-control,WEB09832.jpg,False,False,0.0,0.0
fp32-control,WEB09833.jpg,False,False,0.0,0.0
fp32-control,WEB09834.jpg,False,False,0.0,0.0
fp32-control,WEB09835.jpg,False,False,0.0,0.0
fp32-control,WEB09836.jpg,False,False,0.0,0.0
fp32-control,WEB09837.jpg,False,False,0.0,0.0
fp32-control,WEB09838.jpg,False,False,0.0,0.0
fp32-control,WEB09839.jpg,False,False,0.0,0.0
fp32-control,WEB09840.jpg,False,False,0.0,0.0
fp32-control,WEB09841.jpg,False,False,0.0,0.0
fp32-control,WEB09842.jpg,False,False,0.0,0.0
fp32-control,WEB09843.jpg,False,False,0.0,0.0
fp32-control,WEB09844.jpg,False,False,0.0,0.0
fp32-control,WEB09845.jpg,False,False,0.0,0.0
fp32-control,WEB09846.jpg,False,False,0.0,0.0
fp32-control,WEB09847.jpg,False,False,0.0,0.0
fp32-control,WEB09848.jpg,False,False,0.0,0.0
fp32-control,WEB09849.jpg,False,False,0.0,0.0
fp32-control,WEB09850.jpg,False,False,0.0,0.0
fp32-control,WEB09851.jpg,False,False,0.0,0.0
fp32-control,WEB09852.jpg,False,False,0.0,0.0
fp32-control,WEB09853.jpg,False,False,0.0,0.0
fp32-control,WEB09854.jpg,False,False,0.0,0.0
fp32-control,WEB09855.jpg,False,False,0.0,0.0
fp32-control,WEB09856.jpg,False,False,0.0,0.0
fp32-control,WEB09857.jpg,False,False,0.0,0.0
fp32-control,WEB09858.jpg,False,False,0.0,0.0
fp32-control,WEB09859.jpg,False,False,0.0,0.0
fp32-control,WEB09860.jpg,False,False,0.0,0.0
fp32-control,WEB09861.jpg,False,False,0.0,0.0
fp32-control,WEB09862.jpg,False,False,0.0,0.0
fp32-control,WEB09863.jpg,False,False,0.0,0.0
fp32-control,WEB09864.jpg,False,False,0.0,0.0
fp32-control,WEB09865.jpg,False,False,0.0,0.0
fp32-control,WEB09866.jpg,False,False,0.0,0.0
fp32-control,WEB09867.jpg,False,False,0.0,0.0
fp32-control,WEB09868.jpg,False,False,0.0,0.0
fp32-control,WEB09869.jpg,False,False,0.0,0.0
fp32-control,WEB09870.jpg,False,False,0.0,0.0
fp32-control,WEB09871.jpg,False,False,0.0,0.0
fp32-control,WEB09872.jpg,False,False,0.0,0.0
fp32-control,WEB09873.jpg,False,False,0.0,0.0
fp32-control,WEB09874.jpg,False,False,0.0,0.0
fp32-control,WEB09875.jpg,False,False,0.0,0.0
fp32-control,WEB09876.jpg,False,False,0.0,0.0
fp32-control,WEB09877.jpg,False,False,0.0,0.0
fp32-control,WEB09878.jpg,False,False,0.0,0.0
fp32-control,WEB09879.jpg,False,False,0.0,0.0
fp32-control,WEB09880.jpg,False,False,0.0,0.0
fp32-control,WEB09881.jpg,False,False,0.0,0.0
fp32-control,WEB09882.jpg,False,False,0.0,0.0
fp32-control,WEB09883.jpg,False,False,0.0,0.0
fp32-control,WEB09884.jpg,False,False,0.0,0.0
fp32-control,WEB09885.jpg,False,False,0.0,0.0
fp32-control,WEB09886.jpg,False,False,0.0,0.0
fp32-control,WEB09887.jpg,False,False,0.0,0.0
fp32-control,WEB09888.jpg,False,False,0.0,0.0
fp32-control,WEB09889.jpg,False,False,0.0,0.0
fp32-control,WEB09890.jpg,False,False,0.0,0.0
fp32-control,WEB09891.jpg,False,False,0.0,0.0
fp32-control,WEB09892.jpg,False,False,0.0,0.0
fp32-control,WEB09893.jpg,False,False,0.0,0.0
fp32-control,WEB09894.jpg,False,False,0.0,0.0
fp32-control,WEB09895.jpg,False,False,0.0,0.0
fp32-control,WEB09896.jpg,False,False,0.0,0.0
fp32-control,WEB09897.jpg,False,False,0.0,0.0
fp32-control,WEB09898.jpg,False,False,0.0,0.0
fp32-control,WEB09899.jpg,False,False,0.0,0.0
fp32-control,WEB09900.jpg,False,False,0.0,0.0
fp32-control,WEB09901.jpg,False,False,0.0,0.0
fp32-control,WEB09902.jpg,False,False,0.0,0.0
fp32-control,WEB09903.jpg,False,False,0.0,0.0
fp32-control,WEB09904.jpg,False,False,0.0,0.0
fp32-control,WEB09905.jpg,False,False,0.0,0.0
fp32-control,WEB09906.jpg,False,False,0.0,0.0
fp32-control,WEB09907.jpg,False,False,0.0,0.0
fp32-control,WEB09908.jpg,False,False,0.0,0.0
fp32-control,WEB09909.jpg,False,False,0.0,0.0
fp32-control,WEB09910.jpg,False,False,0.0,0.0
fp32-control,WEB09911.jpg,False,False,0.0,0.0
fp32-control,WEB09912.jpg,False,False,0.0,0.0
fp32-control,WEB09913.jpg,False,False,0.0,0.0
fp32-control,WEB09914.jpg,False,False,0.0,0.0
fp32-control,WEB09915.jpg,False,False,0.0,0.0
fp32-control,WEB09916.jpg,False,False,0.0,0.0
fp32-control,WEB09917.jpg,False,False,0.0,0.0
fp32-control,WEB09918.jpg,False,False,0.0,0.0
fp32-control,WEB09919.jpg,False,False,0.0,0.0
fp32-control,WEB09920.jpg,False,False,0.0,0.0
fp32-control,WEB09921.jpg,False,False,0.0,0.0
fp32-control,WEB09922.jpg,False,False,0.0,0.0
fp32-control,WEB09923.jpg,False,False,0.0,0.0
fp32-control,WEB09924.jpg,False,False,0.0,0.0
fp32-control,WEB09925.jpg,False,False,0.0,0.0
fp32-control,WEB09926.jpg,False,False,0.0,0.0
fp32-control,WEB09927.jpg,False,False,0.0,0.0
fp32-control,WEB09928.jpg,False,False,0.0,0.0
fp32-control,WEB09929.jpg,False,False,0.0,0.0
fp32-control,WEB09930.jpg,False,False,0.0,0.0
fp32-control,WEB09931.jpg,False,False,0.0,0.0
fp32-control,WEB09932.jpg,False,False,0.0,0.0
fp32-control,WEB09933.jpg,False,False,0.0,0.0
fp32-control,WEB09934.jpg,False,False,0.0,0.0
fp32-control,WEB09935.jpg,False,False,0.0,0.0
fp32-control,WEB09936.jpg,False,False,0.0,0.0
fp32-control,WEB09937.jpg,False,False,0.0,0.0
fp32-control,WEB09938.jpg,False,False,0.0,0.0
fp32-control,WEB09939.jpg,False,False,0.0,0.0
fp32-control,WEB09940.jpg,False,False,0.0,0.0
fp32-control,WEB09941.jpg,False,False,0.0,0.0
fp32-control,WEB09942.jpg,False,False,0.0,0.0
fp32-control,WEB09943.jpg,False,False,0.0,0.0
fp32-control,WEB09944.jpg,False,False,0.0,0.0
fp32-control,WEB09945.jpg,False,False,0.0,0.0
fp32-control,WEB09946.jpg,False,False,0.0,0.0
fp32-control,WEB09947.jpg,False,False,0.0,0.0
fp32-control,WEB09948.jpg,False,False,0.0,0.0
fp32-control,WEB09949.jpg,False,False,0.0,0.0
fp32-control,WEB09950.jpg,False,False,0.0,0.0
fp32-control,WEB09951.jpg,False,False,0.0,0.0
fp32-control,WEB09952.jpg,False,False,0.0,0.0
fp32-control,WEB09953.jpg,False,False,0.0,0.0
fp32-control,WEB09954.jpg,False,False,0.0,0.0
fp32-control,WEB09955.jpg,False,False,0.0,0.0
fp32-control,WEB09956.jpg,False,False,0.0,0.0
fp32-control,WEB09957.jpg,False,False,0.0,0.0
fp32-control,WEB09958.jpg,False,False,0.0,0.0
fp32-control,WEB09959.jpg,False,False,0.0,0.0
fp32-control,WEB09960.jpg,False,False,0.0,0.0
fp32-control,WEB09961.jpg,False,False,0.0,0.0
fp32-control,WEB09962.jpg,False,False,0.0,0.0
fp32-control,WEB09963.jpg,False,False,0.0,0.0
fp32-control,WEB09964.jpg,False,False,0.0,0.0
fp32-control,WEB09965.jpg,False,False,0.0,0.0
fp32-control,WEB09966.jpg,False,False,0.0,0.0
fp32-control,WEB09967.jpg,False,False,0.0,0.0
fp32-control,WEB09968.jpg,False,False,0.0,0.0
fp32-control,WEB09969.jpg,False,False,0.0,0.0
fp32-control,WEB09970.jpg,False,False,0.0,0.0
fp32-control,WEB09971.jpg,True,True,0.8146370649337769,0.8636671304702759
fp32-control,WEB09972.jpg,False,False,0.0,0.12197414040565491
fp32-control,WEB09973.jpg,False,False,0.0,0.0
fp32-control,WEB09974.jpg,False,False,0.0,0.0
fp32-control,WEB09975.jpg,False,False,0.0,0.0
fp32-control,WEB09976.jpg,False,False,0.0,0.0
fp32-control,WEB09977.jpg,False,False,0.0,0.0
fp32-control,WEB09978.jpg,False,False,0.0,0.0
fp32-control,WEB09979.jpg,False,True,0.1919337511062622,0.1919337511062622
fp32-control,WEB09980.jpg,False,False,0.0,0.0
fp32-control,WEB09981.jpg,False,False,0.0,0.0
fp32-control,WEB09982.jpg,False,False,0.0,0.0
fp32-control,WEB09983.jpg,False,False,0.0,0.0
fp32-control,WEB09984.jpg,False,False,0.0,0.0
fp32-control,WEB09985.jpg,False,False,0.0,0.12720608711242676
fp32-control,WEB09986.jpg,False,False,0.0,0.0
fp32-control,WEB09987.jpg,False,False,0.0,0.0
fp32-control,WEB09988.jpg,False,False,0.0,0.0
fp32-control,WEB09989.jpg,False,False,0.0,0.0
fp32-control,WEB09990.jpg,False,False,0.0,0.0
fp32-control,WEB09991.jpg,False,False,0.0,0.0
fp32-control,WEB09992.jpg,False,False,0.0,0.0
fp32-control,WEB09993.jpg,False,False,0.0,0.0
fp32-control,WEB09994.jpg,False,False,0.0,0.0
fp32-control,WEB09995.jpg,False,False,0.0,0.0
fp32-control,WEB09996.jpg,False,False,0.0,0.0
fp32-control,WEB09997.jpg,False,False,0.0,0.0
fp32-control,WEB09998.jpg,False,False,0.0,0.0
fp32-control,WEB09999.jpg,False,False,0.0,0.0
fp32-control,WEB10000.jpg,False,False,0.0,0.0
fp32-control,WEB10001.jpg,False,False,0.0,0.0
fp32-control,WEB10002.jpg,False,False,0.0,0.0
fp32-control,WEB10003.jpg,False,False,0.0,0.0
fp32-control,WEB10004.jpg,False,False,0.0,0.0
fp32-control,WEB10005.jpg,False,False,0.0,0.0
fp32-control,WEB10006.jpg,False,False,0.0,0.0
fp32-control,WEB10007.jpg,False,False,0.0,0.0
fp32-control,WEB10008.jpg,False,False,0.0,0.0
fp32-control,WEB10009.jpg,False,False,0.0,0.0
fp32-control,WEB10010.jpg,False,False,0.0,0.0
fp32-control,WEB10011.jpg,False,False,0.0,0.0
fp32-control,WEB10012.jpg,False,False,0.0,0.0
fp32-control,WEB10013.jpg,False,False,0.0,0.0
fp32-control,WEB10014.jpg,False,False,0.0,0.0
fp32-control,WEB10015.jpg,False,False,0.0,0.0
fp32-control,WEB10016.jpg,False,False,0.0,0.0
fp32-control,WEB10017.jpg,False,False,0.0,0.0
fp32-control,WEB10018.jpg,False,False,0.0,0.0
fp32-control,WEB10019.jpg,False,False,0.0,0.0
fp32-control,WEB10020.jpg,False,False,0.0,0.0
fp32-control,WEB10021.jpg,False,False,0.0,0.0
fp32-control,WEB10022.jpg,False,False,0.0,0.0
fp32-control,WEB10023.jpg,False,False,0.0,0.0
fp32-control,WEB10024.jpg,False,False,0.0,0.0
fp32-control,WEB10025.jpg,False,False,0.0,0.0
fp32-control,WEB10026.jpg,False,False,0.0,0.0
fp32-control,WEB10027.jpg,False,False,0.0,0.0
fp32-control,WEB10028.jpg,False,False,0.0,0.0
fp32-control,WEB10029.jpg,False,False,0.0,0.0
fp32-control,WEB10030.jpg,True,False,0.0,0.0
fp32-control,WEB10031.jpg,False,False,0.0,0.0
fp32-control,WEB10032.jpg,True,False,0.0,0.0
fp32-control,WEB10033.jpg,False,False,0.0,0.0
fp32-control,WEB10034.jpg,False,False,0.0,0.0
fp32-control,WEB10035.jpg,False,False,0.0,0.0
fp32-control,WEB10036.jpg,False,False,0.0,0.0
fp32-control,WEB10037.jpg,False,False,0.0,0.0
fp32-control,WEB10038.jpg,True,True,0.12481686472892761,0.12481686472892761
fp32-control,WEB10039.jpg,True,True,0.2649989724159241,0.2649989724159241
fp32-control,WEB10040.jpg,True,True,0.5580781698226929,0.5580781698226929
fp32-control,WEB10041.jpg,True,True,0.2078193724155426,0.2078193724155426
fp32-control,WEB10042.jpg,False,False,0.0,0.0
fp32-control,WEB10043.jpg,False,False,0.0,0.0
fp32-control,WEB10044.jpg,False,False,0.0,0.0
fp32-control,WEB10045.jpg,False,False,0.0,0.0
fp32-control,WEB10046.jpg,False,False,0.0,0.0
fp32-control,WEB10047.jpg,False,False,0.0,0.0
fp32-control,WEB10048.jpg,False,False,0.0,0.0
fp32-control,WEB10049.jpg,False,False,0.0,0.0
fp32-control,WEB10050.jpg,False,False,0.0,0.0
fp32-control,WEB10051.jpg,False,False,0.0,0.0
fp32-control,WEB10052.jpg,False,False,0.0,0.0
fp32-control,WEB10053.jpg,False,False,0.0,0.0
fp32-control,WEB10054.jpg,False,False,0.0,0.0
fp32-control,WEB10055.jpg,False,False,0.0,0.0
fp32-control,WEB10056.jpg,False,False,0.0,0.0
fp32-control,WEB10057.jpg,False,False,0.0,0.0
fp32-control,WEB10058.jpg,False,False,0.0,0.0
fp32-control,WEB10059.jpg,False,False,0.0,0.0
fp32-control,WEB10060.jpg,False,False,0.0,0.0
fp32-control,WEB10061.jpg,False,False,0.0,0.0
fp32-control,WEB10062.jpg,False,False,0.0,0.0
fp32-control,WEB10063.jpg,False,False,0.0,0.0
fp32-control,WEB10064.jpg,False,False,0.0,0.0
fp32-control,WEB10065.jpg,False,False,0.0,0.0
fp32-control,WEB10066.jpg,False,False,0.0,0.0
fp32-control,WEB10067.jpg,False,False,0.0,0.0
fp32-control,WEB10068.jpg,False,False,0.0,0.0
fp32-control,WEB10069.jpg,False,False,0.0,0.0
fp32-control,WEB10070.jpg,False,False,0.0,0.0
fp32-control,WEB10071.jpg,False,False,0.0,0.0
fp32-control,WEB10072.jpg,False,False,0.0,0.0
fp32-control,WEB10073.jpg,False,False,0.0,0.0
fp32-control,WEB10074.jpg,False,False,0.0,0.0
fp32-control,WEB10075.jpg,False,False,0.0,0.0
fp32-control,WEB10076.jpg,False,False,0.0,0.0
fp32-control,WEB10077.jpg,False,False,0.0,0.0
fp32-control,WEB10078.jpg,False,False,0.0,0.0
fp32-control,WEB10079.jpg,False,False,0.0,0.0
fp32-control,WEB10080.jpg,False,False,0.0,0.0
fp32-control,WEB10081.jpg,False,False,0.0,0.0
fp32-control,WEB10082.jpg,False,False,0.0,0.0
fp32-control,WEB10083.jpg,False,False,0.0,0.0
fp32-control,WEB10084.jpg,False,False,0.0,0.0
fp32-control,WEB10085.jpg,False,False,0.0,0.0
fp32-control,WEB10086.jpg,False,False,0.0,0.22573551535606384
fp32-control,WEB10087.jpg,False,False,0.0,0.0
fp32-control,WEB10088.jpg,False,False,0.0,0.0
fp32-control,WEB10089.jpg,False,True,0.63068687915802,0.63068687915802
fp32-control,WEB10090.jpg,False,False,0.0,0.0
fp32-control,WEB10091.jpg,False,False,0.0,0.0
fp32-control,WEB10092.jpg,False,False,0.0,0.0
fp32-control,WEB10093.jpg,False,False,0.0,0.0
fp32-control,WEB10094.jpg,False,False,0.0,0.0
fp32-control,WEB10095.jpg,False,False,0.0,0.0
fp32-control,WEB10096.jpg,False,False,0.0,0.0
fp32-control,WEB10097.jpg,False,False,0.0,0.0
fp32-control,WEB10098.jpg,False,False,0.0,0.7361065149307251
fp32-control,WEB10099.jpg,False,True,0.39196857810020447,0.39196857810020447
fp32-control,WEB10100.jpg,False,False,0.0,0.0
fp32-control,WEB10101.jpg,False,False,0.0,0.12178152799606323
fp32-control,WEB10102.jpg,False,False,0.0,0.2681700587272644
fp32-control,WEB10103.jpg,False,False,0.0,0.0
fp32-control,WEB10104.jpg,False,False,0.0,0.0
fp32-control,WEB10105.jpg,False,False,0.0,0.0
fp32-control,WEB10106.jpg,False,False,0.0,0.0
fp32-control,WEB10107.jpg,False,False,0.0,0.0
fp32-control,WEB10108.jpg,False,False,0.0,0.0
fp32-control,WEB10109.jpg,False,True,0.37495654821395874,0.37495654821395874
fp32-control,WEB10110.jpg,False,False,0.0,0.0
fp32-control,WEB10111.jpg,False,False,0.0,0.0
fp32-control,WEB10112.jpg,False,False,0.0,0.0
fp32-control,WEB10113.jpg,False,False,0.0,0.0
fp32-control,WEB10114.jpg,False,False,0.0,0.0
fp32-control,WEB10115.jpg,False,False,0.0,0.0
fp32-control,WEB10116.jpg,False,False,0.0,0.0
fp32-control,WEB10117.jpg,False,False,0.0,0.0
fp32-control,WEB10118.jpg,False,False,0.0,0.0
fp32-control,WEB10119.jpg,False,False,0.0,0.0
fp32-control,WEB10120.jpg,False,False,0.0,0.0
fp32-control,WEB10121.jpg,False,False,0.0,0.0
fp32-control,WEB10122.jpg,False,False,0.0,0.0
fp32-control,WEB10123.jpg,False,False,0.0,0.0
fp32-control,WEB10124.jpg,False,False,0.0,0.0
fp32-control,WEB10125.jpg,False,False,0.0,0.0
fp32-control,WEB10126.jpg,False,False,0.0,0.0
fp32-control,WEB10127.jpg,False,False,0.0,0.0
fp32-control,WEB10128.jpg,False,False,0.0,0.0
fp32-control,WEB10129.jpg,False,False,0.0,0.0
fp32-control,WEB10130.jpg,False,False,0.0,0.0
fp32-control,WEB10131.jpg,False,False,0.0,0.0
fp32-control,WEB10132.jpg,False,False,0.0,0.0
fp32-control,WEB10133.jpg,False,False,0.0,0.0
fp32-control,WEB10134.jpg,False,False,0.0,0.0
fp32-control,WEB10135.jpg,False,False,0.0,0.0
fp32-control,WEB10136.jpg,False,False,0.0,0.0
fp32-control,WEB10137.jpg,False,False,0.0,0.0
fp32-control,WEB10138.jpg,False,False,0.0,0.0
fp32-control,WEB10139.jpg,False,False,0.0,0.0
fp32-control,WEB10140.jpg,False,False,0.0,0.0
fp32-control,WEB10141.jpg,False,False,0.0,0.0
fp32-control,WEB10142.jpg,False,False,0.0,0.0
fp32-control,WEB10143.jpg,False,False,0.0,0.0
fp32-control,WEB10144.jpg,False,False,0.0,0.0
fp32-control,WEB10145.jpg,False,False,0.0,0.25155991315841675
fp32-control,WEB10146.jpg,False,False,0.0,0.0
fp32-control,WEB10147.jpg,False,False,0.0,0.0
fp32-control,WEB10148.jpg,False,False,0.0,0.0
fp32-control,WEB10149.jpg,False,False,0.0,0.0
fp32-control,WEB10150.jpg,False,False,0.0,0.0
fp32-control,WEB10151.jpg,False,False,0.0,0.0
fp32-control,WEB10152.jpg,False,False,0.0,0.0
fp32-control,WEB10153.jpg,False,False,0.0,0.0
fp32-control,WEB10154.jpg,False,False,0.0,0.0
fp32-control,WEB10155.jpg,False,False,0.0,0.13562703132629395
fp32-control,WEB10156.jpg,False,False,0.0,0.0
fp32-control,WEB10157.jpg,False,False,0.0,0.22488844394683838
fp32-control,WEB10158.jpg,False,False,0.0,0.0
fp32-control,WEB10159.jpg,False,False,0.0,0.23201382160186768
fp32-control,WEB10160.jpg,False,False,0.0,0.0
fp32-control,WEB10161.jpg,False,False,0.0,0.0
fp32-control,WEB10162.jpg,False,False,0.0,0.0
fp32-control,WEB10163.jpg,False,False,0.0,0.0
fp32-control,WEB10164.jpg,False,False,0.0,0.0
fp32-control,WEB10165.jpg,False,False,0.0,0.0
fp32-control,WEB10166.jpg,False,False,0.0,0.0
fp32-control,WEB10167.jpg,False,True,0.3754631280899048,0.3754631280899048
fp32-control,WEB10168.jpg,False,False,0.0,0.0
fp32-control,WEB10169.jpg,False,False,0.0,0.0
fp32-control,WEB10170.jpg,False,False,0.0,0.0
fp32-control,WEB10171.jpg,False,False,0.0,0.0
fp32-control,WEB10172.jpg,False,False,0.0,0.0
fp32-control,WEB10173.jpg,False,False,0.0,0.0
fp32-control,WEB10174.jpg,False,False,0.0,0.0
fp32-control,WEB10175.jpg,False,False,0.0,0.0
fp32-control,WEB10176.jpg,False,False,0.0,0.0
fp32-control,WEB10177.jpg,False,False,0.0,0.0
fp32-control,WEB10178.jpg,False,False,0.0,0.0
fp32-control,WEB10179.jpg,False,False,0.0,0.0
fp32-control,WEB10180.jpg,False,False,0.0,0.0
fp32-control,WEB10181.jpg,False,False,0.0,0.0
fp32-control,WEB10182.jpg,False,False,0.0,0.0
fp32-control,WEB10183.jpg,False,False,0.0,0.0
fp32-control,WEB10184.jpg,False,False,0.0,0.0
fp32-control,WEB10185.jpg,False,False,0.0,0.0
fp32-control,WEB10186.jpg,False,False,0.0,0.0
fp32-control,WEB10187.jpg,False,False,0.0,0.0
fp32-control,WEB10188.jpg,False,False,0.0,0.0
fp32-control,WEB10189.jpg,False,False,0.0,0.0
fp32-control,WEB10190.jpg,False,False,0.0,0.0
fp32-control,WEB10191.jpg,False,False,0.0,0.0
fp32-control,WEB10192.jpg,False,False,0.0,0.0
fp32-control,WEB10193.jpg,False,False,0.0,0.0
fp32-control,WEB10194.jpg,False,False,0.0,0.22192221879959106
fp32-control,WEB10195.jpg,False,False,0.0,0.0
fp32-control,WEB10196.jpg,False,False,0.0,0.0
fp32-control,WEB10197.jpg,False,False,0.0,0.0
fp32-control,WEB10198.jpg,False,False,0.0,0.0
fp32-control,WEB10199.jpg,False,False,0.0,0.0
fp32-control,WEB10200.jpg,False,False,0.0,0.0
fp32-control,WEB10201.jpg,False,False,0.0,0.0
fp32-control,WEB10202.jpg,False,False,0.0,0.0
fp32-control,WEB10203.jpg,False,False,0.0,0.0
fp32-control,WEB10204.jpg,False,False,0.0,0.0
fp32-control,WEB10205.jpg,False,False,0.0,0.0
fp32-control,WEB10206.jpg,False,False,0.0,0.0
fp32-control,WEB10207.jpg,False,False,0.0,0.0
fp32-control,WEB10208.jpg,False,True,0.4614989459514618,0.4614989459514618
fp32-control,WEB10209.jpg,False,False,0.0,0.0
fp32-control,WEB10210.jpg,False,False,0.0,0.0
fp32-control,WEB10211.jpg,False,False,0.0,0.0
fp32-control,WEB10212.jpg,False,False,0.0,0.0
fp32-control,WEB10213.jpg,False,False,0.0,0.0
fp32-control,WEB10214.jpg,False,False,0.0,0.0
fp32-control,WEB10215.jpg,False,False,0.0,0.0
fp32-control,WEB10216.jpg,False,False,0.0,0.0
fp32-control,WEB10217.jpg,False,False,0.0,0.0
fp32-control,WEB10218.jpg,False,False,0.0,0.0
fp32-control,WEB10219.jpg,False,False,0.0,0.0
fp32-control,WEB10220.jpg,False,False,0.0,0.0
fp32-control,WEB10221.jpg,False,False,0.0,0.0
fp32-control,WEB10222.jpg,False,False,0.0,0.0
fp32-control,WEB10223.jpg,False,False,0.0,0.0
fp32-control,WEB10224.jpg,False,False,0.0,0.0
fp32-control,WEB10225.jpg,False,False,0.0,0.0
fp32-control,WEB10226.jpg,False,False,0.0,0.0
fp32-control,WEB10227.jpg,False,False,0.0,0.0
fp32-control,WEB10228.jpg,False,False,0.0,0.0
fp32-control,WEB10229.jpg,False,False,0.0,0.0
fp32-control,WEB10230.jpg,False,False,0.0,0.0
fp32-control,WEB10231.jpg,False,False,0.0,0.0
fp32-control,WEB10232.jpg,False,False,0.0,0.0
fp32-control,WEB10233.jpg,False,False,0.0,0.0
fp32-control,WEB10234.jpg,False,False,0.0,0.0
fp32-control,WEB10235.jpg,False,False,0.0,0.0
fp32-control,WEB10236.jpg,False,False,0.0,0.0
fp32-control,WEB10237.jpg,False,False,0.0,0.0
fp32-control,WEB10238.jpg,False,False,0.0,0.0
fp32-control,WEB10239.jpg,False,False,0.0,0.0
fp32-control,WEB10240.jpg,False,False,0.0,0.0
fp32-control,WEB10241.jpg,False,False,0.0,0.0
fp32-control,WEB10242.jpg,False,False,0.0,0.0
fp32-control,WEB10243.jpg,False,False,0.0,0.0
fp32-control,WEB10244.jpg,False,False,0.0,0.0
fp32-control,WEB10245.jpg,False,False,0.0,0.0
fp32-control,WEB10246.jpg,False,False,0.0,0.0
fp32-control,WEB10247.jpg,False,False,0.0,0.0
fp32-control,WEB10248.jpg,False,False,0.0,0.0
fp32-control,WEB10249.jpg,False,False,0.0,0.0
fp32-control,WEB10250.jpg,False,False,0.0,0.0
fp32-control,WEB10251.jpg,False,False,0.0,0.0
fp32-control,WEB10252.jpg,False,False,0.0,0.0
fp32-control,WEB10253.jpg,False,False,0.0,0.0
fp32-control,WEB10254.jpg,False,False,0.0,0.0
fp32-control,WEB10255.jpg,False,False,0.0,0.0
fp32-control,WEB10256.jpg,False,False,0.0,0.0
fp32-control,WEB10257.jpg,False,False,0.0,0.0
fp32-control,WEB10258.jpg,False,False,0.0,0.0
fp32-control,WEB10259.jpg,False,False,0.0,0.0
fp32-control,WEB10260.jpg,False,False,0.0,0.0
fp32-control,WEB10261.jpg,False,False,0.0,0.0
fp32-control,WEB10262.jpg,False,True,0.12849226593971252,0.12849226593971252
fp32-control,WEB10263.jpg,False,True,0.43013519048690796,0.43013519048690796
fp32-control,WEB10264.jpg,False,False,0.0,0.0
fp32-control,WEB10265.jpg,False,False,0.0,0.0
fp32-control,WEB10266.jpg,False,False,0.0,0.0
fp32-control,WEB10267.jpg,False,True,0.10867995023727417,0.10867995023727417
fp32-control,WEB10268.jpg,False,False,0.0,0.0
fp32-control,WEB10269.jpg,False,False,0.0,0.0
fp32-control,WEB10270.jpg,False,False,0.0,0.0
fp32-control,WEB10271.jpg,False,False,0.0,0.0
fp32-control,WEB10272.jpg,False,False,0.0,0.0
fp32-control,WEB10273.jpg,False,False,0.0,0.0
fp32-control,WEB10274.jpg,False,False,0.0,0.0
fp32-control,WEB10275.jpg,False,False,0.0,0.0
fp32-control,WEB10276.jpg,False,False,0.0,0.0
fp32-control,WEB10277.jpg,False,False,0.0,0.0
fp32-control,WEB10278.jpg,False,False,0.0,0.0
fp32-control,WEB10279.jpg,False,False,0.0,0.0
fp32-control,WEB10280.jpg,False,False,0.0,0.0
fp32-control,WEB10281.jpg,False,False,0.0,0.0
fp32-control,WEB10282.jpg,False,False,0.0,0.0
fp32-control,WEB10283.jpg,False,False,0.0,0.0
fp32-control,WEB10284.jpg,False,False,0.0,0.0
fp32-control,WEB10285.jpg,False,False,0.0,0.0
fp32-control,WEB10286.jpg,False,False,0.0,0.0
fp32-control,WEB10287.jpg,False,False,0.0,0.0
fp32-control,WEB10288.jpg,False,False,0.0,0.0
fp32-control,WEB10289.jpg,False,False,0.0,0.0
fp32-control,WEB10290.jpg,False,False,0.0,0.0
fp32-control,WEB10291.jpg,False,False,0.0,0.0
fp32-control,WEB10292.jpg,False,False,0.0,0.0
fp32-control,WEB10293.jpg,False,False,0.0,0.0
fp32-control,WEB10294.jpg,False,False,0.0,0.0
fp32-control,WEB10295.jpg,False,False,0.0,0.0
fp32-control,WEB10296.jpg,False,False,0.0,0.37904858589172363
fp32-control,WEB10297.jpg,False,False,0.0,0.0
fp32-control,WEB10298.jpg,False,False,0.0,0.0
fp32-control,WEB10299.jpg,False,False,0.0,0.0
fp32-control,WEB10300.jpg,False,False,0.0,0.0
fp32-control,WEB10301.jpg,False,False,0.0,0.0
fp32-control,WEB10302.jpg,False,False,0.0,0.12149485945701599
fp32-control,WEB10303.jpg,False,False,0.0,0.0
fp32-control,WEB10304.jpg,False,False,0.0,0.0
fp32-control,WEB10305.jpg,False,False,0.0,0.0
fp32-control,WEB10306.jpg,False,False,0.0,0.0
fp32-control,WEB10307.jpg,False,False,0.0,0.0
fp32-control,WEB10308.jpg,False,False,0.0,0.0
fp32-control,WEB10309.jpg,False,False,0.0,0.0
fp32-control,WEB10310.jpg,False,False,0.0,0.0
fp32-control,WEB10311.jpg,False,False,0.0,0.0
fp32-control,WEB10312.jpg,False,False,0.0,0.0
fp32-control,WEB10313.jpg,False,False,0.0,0.0
fp32-control,WEB10314.jpg,False,False,0.0,0.0
fp32-control,WEB10315.jpg,False,False,0.0,0.0
fp32-control,WEB10316.jpg,False,False,0.0,0.0
fp32-control,WEB10317.jpg,False,False,0.0,0.0
fp32-control,WEB10318.jpg,False,False,0.0,0.0
fp32-control,WEB10319.jpg,False,False,0.0,0.0
fp32-control,WEB10320.jpg,False,False,0.0,0.0
fp32-control,WEB10321.jpg,False,False,0.0,0.0
fp32-control,WEB10322.jpg,False,False,0.0,0.0
fp32-control,WEB10323.jpg,False,False,0.0,0.0
fp32-control,WEB10324.jpg,False,False,0.0,0.18595978617668152
fp32-control,WEB10325.jpg,False,False,0.0,0.0
fp32-control,WEB10326.jpg,False,False,0.0,0.0
fp32-control,WEB10327.jpg,False,False,0.0,0.0
fp32-control,WEB10328.jpg,False,False,0.0,0.0
fp32-control,WEB10329.jpg,False,False,0.0,0.0
fp32-control,WEB10330.jpg,False,False,0.0,0.0
fp32-control,WEB10331.jpg,False,False,0.0,0.0
fp32-control,WEB10332.jpg,False,False,0.0,0.0
fp32-control,WEB10333.jpg,False,False,0.0,0.0
fp32-control,WEB10334.jpg,False,False,0.0,0.0
fp32-control,WEB10335.jpg,False,False,0.0,0.0
fp32-control,WEB10336.jpg,False,False,0.0,0.0
fp32-control,WEB10337.jpg,False,False,0.0,0.0
fp32-control,WEB10338.jpg,False,False,0.0,0.0
fp32-control,WEB10339.jpg,False,False,0.0,0.0
fp32-control,WEB10340.jpg,False,False,0.0,0.0
fp32-control,WEB10341.jpg,False,False,0.0,0.0
fp32-control,WEB10342.jpg,False,False,0.0,0.0
fp32-control,WEB10343.jpg,False,False,0.0,0.0
fp32-control,WEB10344.jpg,False,False,0.0,0.0
fp32-control,WEB10345.jpg,False,False,0.0,0.0
fp32-control,WEB10346.jpg,False,False,0.0,0.0
fp32-control,WEB10347.jpg,False,False,0.0,0.0
fp32-control,WEB10348.jpg,False,False,0.0,0.0
fp32-control,WEB10349.jpg,False,False,0.0,0.0
fp32-control,WEB10350.jpg,False,False,0.0,0.0
fp32-control,WEB10351.jpg,False,True,0.18516135215759277,0.18516135215759277
fp32-control,WEB10352.jpg,False,False,0.0,0.0
fp32-control,WEB10353.jpg,False,False,0.0,0.0
fp32-control,WEB10354.jpg,False,False,0.0,0.0
fp32-control,WEB10355.jpg,False,False,0.0,0.0
fp32-control,WEB10356.jpg,False,False,0.0,0.0
fp32-control,WEB10357.jpg,False,False,0.0,0.0
fp32-control,WEB10358.jpg,False,False,0.0,0.0
fp32-control,WEB10359.jpg,False,False,0.0,0.0
fp32-control,WEB10360.jpg,False,False,0.0,0.0
fp32-control,WEB10361.jpg,False,False,0.0,0.0
fp32-control,WEB10362.jpg,False,False,0.0,0.0
fp32-control,WEB10363.jpg,False,False,0.0,0.0
fp32-control,WEB10364.jpg,False,False,0.0,0.0
fp32-control,WEB10365.jpg,False,False,0.0,0.0
fp32-control,WEB10366.jpg,False,False,0.0,0.0
fp32-control,WEB10367.jpg,False,False,0.0,0.0
fp32-control,WEB10368.jpg,False,False,0.0,0.0
fp32-control,WEB10369.jpg,False,False,0.0,0.0
fp32-control,WEB10370.jpg,False,False,0.0,0.0
fp32-control,WEB10371.jpg,False,False,0.0,0.1314881145954132
fp32-control,WEB10372.jpg,False,False,0.0,0.0
fp32-control,WEB10373.jpg,False,False,0.0,0.0
fp32-control,WEB10374.jpg,False,False,0.0,0.0
fp32-control,WEB10375.jpg,False,False,0.0,0.0
fp32-control,WEB10376.jpg,False,False,0.0,0.0
fp32-control,WEB10377.jpg,False,False,0.0,0.0
fp32-control,WEB10378.jpg,False,False,0.0,0.3377835154533386
fp32-control,WEB10379.jpg,False,False,0.0,0.0
fp32-control,WEB10380.jpg,False,False,0.0,0.0
fp32-control,WEB10381.jpg,False,False,0.0,0.0
fp32-control,WEB10382.jpg,False,False,0.0,0.0
fp32-control,WEB10383.jpg,False,False,0.0,0.0
fp32-control,WEB10384.jpg,False,False,0.0,0.0
fp32-control,WEB10385.jpg,False,False,0.0,0.0
fp32-control,WEB10386.jpg,False,False,0.0,0.0
fp32-control,WEB10387.jpg,False,False,0.0,0.0
fp32-control,WEB10388.jpg,False,False,0.0,0.0
fp32-control,WEB10389.jpg,False,False,0.0,0.0
fp32-control,WEB10390.jpg,False,False,0.0,0.0
fp32-control,WEB10391.jpg,False,False,0.0,0.0
fp32-control,WEB10392.jpg,False,False,0.0,0.0
fp32-control,WEB10393.jpg,False,False,0.0,0.0
fp32-control,WEB10394.jpg,False,False,0.0,0.0
fp32-control,WEB10395.jpg,False,False,0.0,0.0
fp32-control,WEB10396.jpg,False,False,0.0,0.0
fp32-control,WEB10397.jpg,False,False,0.0,0.0
fp32-control,WEB10398.jpg,False,False,0.0,0.48701971769332886
fp32-control,WEB10399.jpg,False,False,0.0,0.0
fp32-control,WEB10400.jpg,False,False,0.0,0.0
fp32-control,WEB10401.jpg,False,True,0.13354849815368652,0.13354849815368652
fp32-control,WEB10402.jpg,False,False,0.0,0.2062681019306183
fp32-control,WEB10403.jpg,False,False,0.0,0.0
fp32-control,WEB10404.jpg,False,False,0.0,0.0
fp32-control,WEB10405.jpg,False,False,0.0,0.0
fp32-control,WEB10406.jpg,False,False,0.0,0.0
fp32-control,WEB10407.jpg,False,False,0.0,0.0
fp32-control,WEB10408.jpg,False,False,0.0,0.0
fp32-control,WEB10409.jpg,False,False,0.0,0.0
fp32-control,WEB10410.jpg,False,False,0.0,0.0
fp32-control,WEB10411.jpg,False,False,0.0,0.0
fp32-control,WEB10412.jpg,False,False,0.0,0.0
fp32-control,WEB10413.jpg,False,False,0.0,0.0
fp32-control,WEB10414.jpg,False,False,0.0,0.0
fp32-control,WEB10415.jpg,False,False,0.0,0.0
fp32-control,WEB10416.jpg,False,False,0.0,0.0
fp32-control,WEB10417.jpg,False,False,0.0,0.0
fp32-control,WEB10418.jpg,False,False,0.0,0.0
fp32-control,WEB10419.jpg,False,False,0.0,0.0
fp32-control,WEB10420.jpg,False,False,0.0,0.0
fp32-control,WEB10421.jpg,False,False,0.0,0.0
fp32-control,WEB10422.jpg,False,False,0.0,0.0
fp32-control,WEB10423.jpg,False,False,0.0,0.0
fp32-control,WEB10424.jpg,False,False,0.0,0.0
fp32-control,WEB10425.jpg,False,False,0.0,0.0
fp32-control,WEB10426.jpg,False,False,0.0,0.0
fp32-control,WEB10427.jpg,False,False,0.0,0.0
fp32-control,WEB10428.jpg,True,True,0.3654903173446655,0.8983439207077026
fp32-control,WEB10429.jpg,True,True,0.7537981271743774,0.9108923673629761
fp32-control,WEB10430.jpg,True,True,0.8567532300949097,0.9239794611930847
fp32-control,WEB10431.jpg,True,True,0.5373827815055847,0.9212039709091187
fp32-control,WEB10432.jpg,True,True,0.6885416507720947,0.8057922720909119
fp32-control,WEB10433.jpg,True,True,0.7654430866241455,0.8703957796096802
fp32-control,WEB10434.jpg,True,True,0.45139333605766296,0.872756838798523
fp32-control,WEB10435.jpg,True,True,0.5436903238296509,0.5436903238296509
fp32-control,WEB10436.jpg,True,True,0.373918354511261,0.7186363339424133
fp32-control,WEB10437.jpg,True,True,0.7587854862213135,0.9083366394042969
fp32-control,WEB10438.jpg,True,True,0.7117050886154175,0.9058502316474915
fp32-control,WEB10439.jpg,True,True,0.8521806001663208,0.8521806001663208
fp32-control,WEB10440.jpg,True,True,0.6879582405090332,0.6879582405090332
fp32-control,WEB10441.jpg,True,True,0.6241794228553772,0.6241794228553772
fp32-control,WEB10442.jpg,True,True,0.7090718746185303,0.7090718746185303
fp32-control,WEB10443.jpg,True,True,0.7668853998184204,0.7668853998184204
fp32-control,WEB10444.jpg,True,True,0.7007973194122314,0.7007973194122314
fp32-control,WEB10445.jpg,True,True,0.6393187642097473,0.7724671363830566
fp32-control,WEB10446.jpg,True,True,0.6962264180183411,0.7227733731269836
fp32-control,WEB10447.jpg,True,True,0.5760948657989502,0.5760948657989502
fp32-control,WEB10448.jpg,True,True,0.6958492994308472,0.9036330580711365
fp32-control,WEB10449.jpg,True,True,0.45086604356765747,0.45086604356765747
fp32-control,WEB10450.jpg,True,True,0.35729777812957764,0.619272768497467
fp32-control,WEB10451.jpg,True,True,0.8651769161224365,0.8651769161224365
fp32-control,WEB10452.jpg,True,True,0.8220782279968262,0.8220782279968262
fp32-control,WEB10453.jpg,True,True,0.8497921824455261,0.8497921824455261
fp32-control,WEB10454.jpg,True,True,0.8053170442581177,0.8829865455627441
fp32-control,WEB10455.jpg,True,True,0.8990669846534729,0.8990669846534729
fp32-control,WEB10456.jpg,True,True,0.8912471532821655,0.8912471532821655
fp32-control,WEB10457.jpg,True,True,0.8456277251243591,0.8593984246253967
fp32-control,WEB10458.jpg,True,True,0.39186879992485046,0.4564768671989441
fp32-control,WEB10459.jpg,True,True,0.3861772119998932,0.8397952318191528
fp32-control,WEB10460.jpg,True,True,0.8723294734954834,0.8723294734954834
fp32-control,WEB10461.jpg,True,True,0.3506007194519043,0.8324230909347534
fp32-control,WEB10462.jpg,True,True,0.8611760139465332,0.8611760139465332
fp32-control,WEB10463.jpg,True,True,0.572409987449646,0.8061456084251404
fp32-control,WEB10464.jpg,True,True,0.6917434334754944,0.6917434334754944
fp32-control,WEB10465.jpg,True,True,0.30801987648010254,0.43704164028167725
fp32-control,WEB10466.jpg,True,True,0.7280200123786926,0.8812351822853088
fp32-control,WEB10467.jpg,True,True,0.5976491570472717,0.5976491570472717
fp32-control,WEB10468.jpg,True,True,0.537082314491272,0.8791009187698364
fp32-control,WEB10469.jpg,True,True,0.7291174530982971,0.7291174530982971
fp32-control,WEB10470.jpg,True,True,0.8525485396385193,0.9098527431488037
fp32-control,WEB10471.jpg,True,True,0.8037977814674377,0.8877207636833191
fp32-control,WEB10472.jpg,True,True,0.6323025226593018,0.8181189298629761
fp32-control,WEB10473.jpg,True,True,0.757267951965332,0.8864837884902954
fp32-control,WEB10474.jpg,True,True,0.3031644821166992,0.5609245300292969
fp32-control,WEB10475.jpg,True,True,0.4615585505962372,0.8778279423713684
fp32-control,WEB10476.jpg,True,True,0.41909259557724,0.8469961881637573
fp32-control,WEB10477.jpg,True,True,0.7241608500480652,0.7241608500480652
fp32-control,WEB10478.jpg,True,True,0.753132700920105,0.753132700920105
fp32-control,WEB10479.jpg,True,True,0.5446863174438477,0.6801140904426575
fp32-control,WEB10480.jpg,True,True,0.6180715560913086,0.8212677240371704
fp32-control,WEB10481.jpg,True,True,0.8093782663345337,0.8093782663345337
fp32-control,WEB10482.jpg,True,True,0.8393802046775818,0.8719955086708069
fp32-control,WEB10483.jpg,True,True,0.5414493083953857,0.91746586561203
fp32-control,WEB10484.jpg,True,True,0.8253234624862671,0.8253234624862671
fp32-control,WEB10485.jpg,True,True,0.7336926460266113,0.7336926460266113
fp32-control,WEB10486.jpg,True,True,0.8548731803894043,0.8548731803894043
fp32-control,WEB10487.jpg,True,True,0.6142972707748413,0.6142972707748413
fp32-control,WEB10488.jpg,True,True,0.3445054888725281,0.8377426862716675
fp32-control,WEB10489.jpg,True,True,0.3390887975692749,0.912729024887085
fp32-control,WEB10490.jpg,True,True,0.5237216353416443,0.8718875050544739
fp32-control,WEB10491.jpg,True,True,0.7851278185844421,0.7851278185844421
fp32-control,WEB10492.jpg,True,True,0.8371704816818237,0.8371704816818237
fp32-control,WEB10493.jpg,True,True,0.8693274259567261,0.8693274259567261
fp32-control,WEB10494.jpg,True,True,0.6180949211120605,0.6180949211120605
fp32-control,WEB10495.jpg,True,True,0.7055017948150635,0.9195205569267273
fp32-control,WEB10496.jpg,True,True,0.6908954381942749,0.8594940900802612
fp32-control,WEB10497.jpg,True,True,0.8679352402687073,0.8679352402687073
fp32-control,WEB10498.jpg,True,True,0.5499677658081055,0.6745667457580566
fp32-control,WEB10499.jpg,True,True,0.7966758012771606,0.7966758012771606
fp32-control,WEB10500.jpg,True,True,0.8688020706176758,0.8688020706176758
fp32-control,WEB10501.jpg,True,True,0.4360259175300598,0.9052219390869141
fp32-control,WEB10502.jpg,True,True,0.7508870363235474,0.7528995871543884
fp32-control,WEB10503.jpg,True,True,0.48227742314338684,0.679425835609436
fp32-control,WEB10504.jpg,True,True,0.3822343349456787,0.8844805955886841
fp32-control,WEB10505.jpg,True,True,0.6748731732368469,0.9333034753799438
fp32-control,WEB10506.jpg,True,True,0.4964502453804016,0.914172887802124
fp32-control,WEB10507.jpg,True,True,0.7967545986175537,0.7967545986175537
fp32-control,WEB10508.jpg,True,True,0.6071357727050781,0.8218872547149658
fp32-control,WEB10509.jpg,True,True,0.45099449157714844,0.47722747921943665
fp32-control,WEB10510.jpg,True,True,0.6758829355239868,0.6758829355239868
fp32-control,WEB10511.jpg,True,True,0.7261637449264526,0.7261637449264526
fp32-control,WEB10512.jpg,True,True,0.6697133779525757,0.8541182279586792
fp32-control,WEB10513.jpg,True,True,0.9160163402557373,0.9160163402557373
fp32-control,WEB10514.jpg,True,True,0.8553134799003601,0.8553134799003601
fp32-control,WEB10515.jpg,True,True,0.8581470251083374,0.8581470251083374
fp32-control,WEB10516.jpg,True,True,0.6001400947570801,0.6001400947570801
fp32-control,WEB10517.jpg,True,True,0.5753388404846191,0.5753388404846191
fp32-control,WEB10518.jpg,True,True,0.34833550453186035,0.34833550453186035
fp32-control,WEB10519.jpg,True,True,0.5838154554367065,0.5838154554367065
fp32-control,WEB10520.jpg,True,True,0.6622796058654785,0.6622796058654785
fp32-control,WEB10521.jpg,True,True,0.8401479721069336,0.8401479721069336
fp32-control,WEB10522.jpg,True,True,0.8478569984436035,0.8478569984436035
fp32-control,WEB10523.jpg,True,True,0.5385230183601379,0.5385230183601379
fp32-control,WEB10524.jpg,True,True,0.6513041853904724,0.7618986964225769
fp32-control,WEB10525.jpg,True,True,0.7679746150970459,0.7679746150970459
fp32-control,WEB10526.jpg,True,True,0.7140077948570251,0.7140077948570251
fp32-control,WEB10527.jpg,True,True,0.8142509460449219,0.8142509460449219
fp32-control,WEB10528.jpg,True,True,0.7595816850662231,0.8410509824752808
fp32-control,WEB10529.jpg,True,True,0.7853087186813354,0.7853087186813354
fp32-control,WEB10530.jpg,True,True,0.7517440319061279,0.8455458283424377
fp32-control,WEB10531.jpg,True,True,0.7705426812171936,0.8547186851501465
fp32-control,WEB10532.jpg,True,True,0.8671731352806091,0.8671731352806091
fp32-control,WEB10533.jpg,True,True,0.3809855282306671,0.9007733464241028
fp32-control,WEB10534.jpg,True,True,0.7125022411346436,0.8344537019729614
fp32-control,WEB10535.jpg,True,True,0.84173583984375,0.84173583984375
fp32-control,WEB10536.jpg,False,False,0.0,0.9087933301925659
fp32-control,WEB10537.jpg,True,True,0.7514340877532959,0.7514340877532959
fp32-control,WEB10538.jpg,True,True,0.8604100346565247,0.8604100346565247
fp32-control,WEB10539.jpg,True,True,0.20044824481010437,0.6397790312767029
fp32-control,WEB10540.jpg,True,True,0.6920238137245178,0.8726794719696045
fp32-control,WEB10541.jpg,True,True,0.8997657299041748,0.8997657299041748
fp32-control,WEB10542.jpg,True,True,0.6637095808982849,0.7870062589645386
fp32-control,WEB10543.jpg,True,True,0.8258869647979736,0.8986639380455017
fp32-control,WEB10544.jpg,True,True,0.48638632893562317,0.5013235807418823
fp32-control,WEB10545.jpg,True,False,0.0,0.17565590143203735
fp32-control,WEB10546.jpg,True,True,0.7617533206939697,0.7617533206939697
fp32-control,WEB10547.jpg,True,True,0.7139968872070312,0.8794596791267395
fp32-control,WEB10548.jpg,True,True,0.7165321111679077,0.9050520062446594
fp32-control,WEB10549.jpg,True,True,0.6994196176528931,0.8854033350944519
fp32-control,WEB10550.jpg,True,True,0.5147464275360107,0.8888702392578125
fp32-control,WEB10551.jpg,True,True,0.8396929502487183,0.8396929502487183
fp32-control,WEB10552.jpg,True,True,0.8745372295379639,0.8745372295379639
fp32-control,WEB10553.jpg,True,True,0.7401710152626038,0.7401710152626038
fp32-control,WEB10554.jpg,False,False,0.0,0.9085021018981934
fp32-control,WEB10555.jpg,True,True,0.856393039226532,0.856393039226532
fp32-control,WEB10556.jpg,True,True,0.29407966136932373,0.6878049969673157
fp32-control,WEB10557.jpg,True,True,0.2285742163658142,0.8406378030776978
fp32-control,WEB10558.jpg,True,True,0.20241525769233704,0.4089106321334839
fp32-control,WEB10559.jpg,True,True,0.6464327573776245,0.7677816152572632
fp32-control,WEB10560.jpg,True,True,0.49787187576293945,0.49787187576293945
fp32-control,WEB10561.jpg,True,True,0.5033618807792664,0.8136028051376343
fp32-control,WEB10562.jpg,True,True,0.466987669467926,0.8345472812652588
fp32-control,WEB10563.jpg,True,True,0.7626280188560486,0.7626280188560486
fp32-control,WEB10564.jpg,True,True,0.7305424213409424,0.8767121434211731
fp32-control,WEB10565.jpg,True,True,0.741428017616272,0.8203163146972656
fp32-control,WEB10566.jpg,True,True,0.37961137294769287,0.7806323766708374
fp32-control,WEB10567.jpg,True,True,0.774381160736084,0.774381160736084
fp32-control,WEB10568.jpg,True,True,0.2687717080116272,0.8929610252380371
fp32-control,WEB10569.jpg,True,True,0.7324391603469849,0.7324391603469849
fp32-control,WEB10570.jpg,True,True,0.4407910704612732,0.9127556085586548
fp32-control,WEB10571.jpg,True,True,0.8595380783081055,0.8903969526290894
fp32-control,WEB10572.jpg,True,True,0.4551851153373718,0.858526349067688
fp32-control,WEB10573.jpg,True,True,0.5929356813430786,0.9268546104431152
fp32-control,WEB10574.jpg,True,True,0.6340146064758301,0.8048887252807617
fp32-control,WEB10575.jpg,True,True,0.7362931966781616,0.7692466974258423
fp32-control,WEB10576.jpg,True,True,0.5993285179138184,0.7686927318572998
fp32-control,WEB10577.jpg,True,True,0.7773090600967407,0.7773090600967407
fp32-control,WEB10578.jpg,True,True,0.48968926072120667,0.5986639261245728
fp32-control,WEB10579.jpg,True,True,0.7663872241973877,0.811025857925415
fp32-control,WEB10580.jpg,True,True,0.5356585383415222,0.8717182874679565
fp32-control,WEB10581.jpg,True,True,0.49301597476005554,0.49301597476005554
fp32-control,WEB10582.jpg,True,True,0.5464989542961121,0.5464989542961121
fp32-control,WEB10583.jpg,True,True,0.7278850078582764,0.8629249930381775
fp32-control,WEB10584.jpg,True,True,0.6524096727371216,0.7277652025222778
fp32-control,WEB10585.jpg,True,True,0.4786021411418915,0.908562183380127
fp32-control,WEB10586.jpg,True,True,0.3072202801704407,0.3072202801704407
fp32-control,WEB10587.jpg,True,True,0.8684509992599487,0.8684509992599487
fp32-control,WEB10588.jpg,True,True,0.7545446157455444,0.7545446157455444
fp32-control,WEB10589.jpg,True,True,0.8167172074317932,0.8167172074317932
fp32-control,WEB10590.jpg,True,True,0.8725045919418335,0.8725045919418335
fp32-control,WEB10591.jpg,True,True,0.898766040802002,0.898766040802002
fp32-control,WEB10592.jpg,True,True,0.872722327709198,0.872722327709198
fp32-control,WEB10593.jpg,True,True,0.5962076783180237,0.898608922958374
fp32-control,WEB10594.jpg,True,True,0.8163732290267944,0.8163732290267944
fp32-control,WEB10595.jpg,True,False,0.0,0.0
fp32-control,WEB10596.jpg,True,True,0.8155734539031982,0.8155734539031982
fp32-control,WEB10597.jpg,True,True,0.7743760347366333,0.8747797012329102
fp32-control,WEB10598.jpg,True,True,0.833680272102356,0.833680272102356
fp32-control,WEB10599.jpg,True,True,0.7576658725738525,0.932901918888092
fp32-control,WEB10600.jpg,True,True,0.8494952917098999,0.9118927717208862
fp32-control,WEB10601.jpg,True,True,0.6421436667442322,0.6421436667442322
fp32-control,WEB10602.jpg,True,True,0.7091505527496338,0.7091505527496338
fp32-control,WEB10603.jpg,True,True,0.5645149946212769,0.7391877770423889
fp32-control,WEB10604.jpg,True,True,0.42779552936553955,0.46532922983169556
fp32-control,WEB10605.jpg,True,True,0.7848056554794312,0.7848056554794312
fp32-control,WEB10606.jpg,True,True,0.8880501389503479,0.8880501389503479
fp32-control,WEB10607.jpg,True,True,0.40923866629600525,0.8611160516738892
fp32-control,WEB10608.jpg,True,True,0.6787924766540527,0.9239712953567505
fp32-control,WEB10609.jpg,True,True,0.6952190399169922,0.7542017102241516
fp32-control,WEB10610.jpg,True,True,0.7481257319450378,0.7481257319450378
fp32-control,WEB10611.jpg,True,True,0.8088599443435669,0.8088599443435669
fp32-control,WEB10612.jpg,True,True,0.7208285331726074,0.7208285331726074
fp32-control,WEB10613.jpg,True,True,0.7349286079406738,0.7349286079406738
fp32-control,WEB10614.jpg,True,True,0.8060871362686157,0.8060871362686157
fp32-control,WEB10615.jpg,True,True,0.5797945261001587,0.8270407915115356
fp32-control,WEB10616.jpg,True,True,0.6993456482887268,0.8477095365524292
fp32-control,WEB10617.jpg,True,True,0.38275861740112305,0.38795819878578186
fp32-control,WEB10618.jpg,True,True,0.545071005821228,0.8650543689727783
fp32-control,WEB10619.jpg,True,True,0.5941357612609863,0.5941357612609863
fp32-control,WEB10620.jpg,True,True,0.4465215802192688,0.4465215802192688
fp32-control,WEB10621.jpg,True,True,0.6894983649253845,0.6894983649253845
fp32-control,WEB10622.jpg,True,True,0.8502457141876221,0.8502457141876221
fp32-control,WEB10623.jpg,True,True,0.4828626215457916,0.4828626215457916
fp32-control,WEB10624.jpg,True,True,0.7880616188049316,0.7880616188049316
fp32-control,WEB10625.jpg,True,True,0.8363322019577026,0.9145252108573914
fp32-control,WEB10626.jpg,True,True,0.7882517576217651,0.8674697875976562
fp32-control,WEB10627.jpg,True,True,0.8991862535476685,0.8991862535476685
fp32-control,WEB10628.jpg,True,True,0.8793017864227295,0.8793017864227295
fp32-control,WEB10629.jpg,True,True,0.7306381464004517,0.7306381464004517
fp32-control,WEB10630.jpg,True,True,0.7178231477737427,0.7178231477737427
fp32-control,WEB10631.jpg,True,True,0.7624385952949524,0.7901774644851685
fp32-control,WEB10632.jpg,True,True,0.8862674236297607,0.8892099261283875
fp32-control,WEB10633.jpg,True,True,0.8076196908950806,0.922009289264679
fp32-control,WEB10634.jpg,True,True,0.5592662692070007,0.819754958152771
fp32-control,WEB10635.jpg,True,True,0.7895501852035522,0.930322527885437
fp32-control,WEB10636.jpg,True,True,0.65399569272995,0.7074390649795532
fp32-control,WEB10637.jpg,True,True,0.6898759603500366,0.7177225351333618
fp32-control,WEB10638.jpg,True,True,0.8887327313423157,0.8887327313423157
fp32-control,WEB10639.jpg,True,True,0.6493973135948181,0.6493973135948181
fp32-control,WEB10640.jpg,True,True,0.6805567145347595,0.9407073259353638
fp32-control,WEB10641.jpg,True,True,0.7639259099960327,0.7639259099960327
fp32-control,WEB10642.jpg,True,True,0.5115557312965393,0.8747520446777344
fp32-control,WEB10643.jpg,True,True,0.47837403416633606,0.9031888246536255
fp32-control,WEB10644.jpg,True,True,0.5974122285842896,0.8713057041168213
fp32-control,WEB10645.jpg,True,True,0.6079582571983337,0.7648674845695496
fp32-control,WEB10646.jpg,True,True,0.7065905332565308,0.7065905332565308
fp32-control,WEB10647.jpg,True,True,0.8080676198005676,0.9106720685958862
fp32-control,WEB10648.jpg,True,True,0.6558784246444702,0.8763984441757202
fp32-control,WEB10649.jpg,True,True,0.5783025622367859,0.770504355430603
fp32-control,WEB10650.jpg,True,True,0.706840991973877,0.9235957860946655
fp32-control,WEB10651.jpg,True,True,0.5232295393943787,0.9070249795913696
fp32-control,WEB10652.jpg,True,True,0.730384349822998,0.9249275922775269
fp32-control,WEB10653.jpg,True,True,0.8686176538467407,0.8686176538467407
fp32-control,WEB10654.jpg,True,True,0.7623022794723511,0.7623022794723511
fp32-control,WEB10655.jpg,True,True,0.6747115850448608,0.6747115850448608
fp32-control,WEB10656.jpg,True,True,0.8051069974899292,0.8508191108703613
fp32-control,WEB10657.jpg,True,True,0.7441819906234741,0.8818224668502808
fp32-control,WEB10658.jpg,True,True,0.7895787954330444,0.8849166631698608
fp32-control,WEB10659.jpg,True,True,0.5821600556373596,0.8959488868713379
fp32-control,WEB10660.jpg,True,True,0.798338770866394,0.798338770866394
fp32-control,WEB10661.jpg,True,True,0.5721635222434998,0.85384202003479
fp32-control,WEB10662.jpg,True,True,0.4805503487586975,0.8486379384994507
fp32-control,WEB10663.jpg,True,True,0.7791932225227356,0.837128758430481
fp32-control,WEB10664.jpg,True,True,0.6105334758758545,0.6105334758758545
fp32-control,WEB10665.jpg,True,True,0.8868070840835571,0.8868070840835571
fp32-control,WEB10666.jpg,True,True,0.5934050679206848,0.7466493248939514
fp32-control,WEB10667.jpg,True,True,0.8038017749786377,0.9038398861885071
fp32-control,WEB10668.jpg,True,True,0.6411296725273132,0.6411296725273132
fp32-control,WEB10669.jpg,True,True,0.8019547462463379,0.8019547462463379
fp32-control,WEB10670.jpg,True,True,0.8316949605941772,0.8731224536895752
fp32-control,WEB10671.jpg,True,True,0.2867682874202728,0.3341379761695862
fp32-control,WEB10672.jpg,True,True,0.7103114724159241,0.9202091693878174
fp32-control,WEB10673.jpg,True,True,0.843191921710968,0.843191921710968
fp32-control,WEB10674.jpg,True,True,0.6437114477157593,0.9334893226623535
fp32-control,WEB10675.jpg,True,True,0.6024190187454224,0.8166170120239258
fp32-control,WEB10676.jpg,True,True,0.37686049938201904,0.507865846157074
fp32-control,WEB10677.jpg,True,False,0.0,0.2918285131454468
fp32-control,WEB10678.jpg,True,True,0.8649024963378906,0.8649024963378906
fp32-control,WEB10679.jpg,True,True,0.64691561460495,0.64691561460495
fp32-control,WEB10680.jpg,True,True,0.831944465637207,0.831944465637207
fp32-control,WEB10681.jpg,True,True,0.7866225242614746,0.7866225242614746
fp32-control,WEB10682.jpg,True,True,0.7749336957931519,0.7749336957931519
fp32-control,WEB10683.jpg,True,True,0.6666205525398254,0.7904082536697388
fp32-control,WEB10684.jpg,True,True,0.6611246466636658,0.7631345987319946
fp32-control,WEB10685.jpg,True,True,0.7662606835365295,0.8878391981124878
fp32-control,WEB10686.jpg,True,True,0.6950296759605408,0.9105645418167114
fp32-control,WEB10687.jpg,True,True,0.8366169929504395,0.8960984349250793
fp32-control,WEB10688.jpg,True,True,0.7338030934333801,0.8939561247825623
fp32-control,WEB10689.jpg,True,True,0.8596704602241516,0.896233320236206
fp32-control,WEB10690.jpg,True,True,0.8180112838745117,0.8180112838745117
fp32-control,WEB10691.jpg,True,True,0.8561760783195496,0.8561760783195496
fp32-control,WEB10692.jpg,True,True,0.8328819274902344,0.8781026005744934
fp32-control,WEB10693.jpg,True,True,0.868847131729126,0.8868247270584106
fp32-control,WEB10694.jpg,True,True,0.7366918921470642,0.9006221294403076
fp32-control,WEB10695.jpg,True,True,0.7080722451210022,0.9015101790428162
fp32-control,WEB10696.jpg,True,True,0.760717511177063,0.8998869061470032
fp32-control,WEB10697.jpg,True,True,0.842248797416687,0.8949644565582275
fp32-control,WEB10698.jpg,True,True,0.7595800161361694,0.8778753280639648
fp32-control,WEB10699.jpg,True,True,0.7789857387542725,0.8771178126335144
fp32-control,WEB10700.jpg,True,True,0.8878549933433533,0.8878549933433533
fp32-control,WEB10701.jpg,True,True,0.889596700668335,0.889596700668335
fp32-control,WEB10702.jpg,True,True,0.8265316486358643,0.8265316486358643
fp32-control,WEB10703.jpg,True,True,0.5249038934707642,0.5249038934707642
fp32-control,WEB10704.jpg,True,True,0.3057406544685364,0.3057406544685364
fp32-control,WEB10705.jpg,True,True,0.8582437038421631,0.8582437038421631
fp32-control,WEB10706.jpg,True,True,0.8129346370697021,0.8129346370697021
fp32-control,WEB10707.jpg,True,True,0.39110350608825684,0.7130841016769409
fp32-control,WEB10708.jpg,True,True,0.5311941504478455,0.8203325271606445
fp32-control,WEB10709.jpg,True,True,0.5543176531791687,0.7828892469406128
fp32-control,WEB10710.jpg,True,True,0.7322021126747131,0.8689033389091492
fp32-control,WEB10711.jpg,True,True,0.6715813875198364,0.7024282813072205
fp32-control,WEB10712.jpg,True,True,0.879996120929718,0.879996120929718
fp32-control,WEB10713.jpg,True,True,0.8816335201263428,0.8816335201263428
fp32-control,WEB10714.jpg,True,True,0.8307822942733765,0.8748302459716797
fp32-control,WEB10715.jpg,True,True,0.6024088263511658,0.823013186454773
fp32-control,WEB10716.jpg,True,False,0.0,0.7700117230415344
fp32-control,WEB10717.jpg,True,True,0.1911754608154297,0.7770618200302124
fp32-control,WEB10718.jpg,False,False,0.0,0.8436403274536133
fp32-control,WEB10719.jpg,True,True,0.4170842468738556,0.4170842468738556
fp32-control,WEB10720.jpg,True,True,0.915132999420166,0.915132999420166
fp32-control,WEB10721.jpg,True,True,0.7527031898498535,0.8891143798828125
fp32-control,WEB10722.jpg,True,True,0.4496384263038635,0.5742358565330505
fp32-control,WEB10723.jpg,True,True,0.2603289783000946,0.9020093679428101
fp32-control,WEB10724.jpg,True,True,0.7403181195259094,0.9206086993217468
fp32-control,WEB10725.jpg,True,True,0.8815438151359558,0.8815438151359558
fp32-control,WEB10726.jpg,True,True,0.610909640789032,0.9056649208068848
fp32-control,WEB10727.jpg,True,True,0.1762763261795044,0.6819026470184326
fp32-control,WEB10728.jpg,True,True,0.7842906713485718,0.9052064418792725
fp32-control,WEB10729.jpg,True,True,0.6291083693504333,0.6291083693504333
fp32-control,WEB10730.jpg,True,True,0.8305542469024658,0.8305542469024658
fp32-control,WEB10731.jpg,True,True,0.497684508562088,0.5721380710601807
fp32-control,WEB10732.jpg,True,True,0.8282980918884277,0.8623844385147095
fp32-control,WEB10733.jpg,True,True,0.8120726346969604,0.8449205160140991
fp32-control,WEB10734.jpg,True,True,0.6258177161216736,0.6258177161216736
fp32-control,WEB10735.jpg,True,True,0.753612220287323,0.8950695991516113
fp32-control,WEB10736.jpg,True,True,0.8554102182388306,0.8554102182388306
fp32-control,WEB10737.jpg,True,True,0.6762610673904419,0.8790825605392456
fp32-control,WEB10738.jpg,True,True,0.8694451451301575,0.8694451451301575
fp32-control,WEB10739.jpg,True,True,0.907849907875061,0.907849907875061
fp32-control,WEB10740.jpg,True,True,0.9162655472755432,0.9162655472755432
fp32-control,WEB10741.jpg,True,True,0.9112429618835449,0.9165847301483154
fp32-control,WEB10742.jpg,True,True,0.8837305903434753,0.8837305903434753
fp32-control,WEB10743.jpg,True,True,0.5972693562507629,0.5972693562507629
fp32-control,WEB10744.jpg,True,True,0.8672621846199036,0.8717498183250427
fp32-control,WEB10745.jpg,True,True,0.9061398506164551,0.9061398506164551
fp32-control,WEB10746.jpg,True,True,0.8733882904052734,0.8733882904052734
fp32-control,WEB10747.jpg,True,True,0.9055275321006775,0.9055275321006775
fp32-control,WEB10748.jpg,True,True,0.8603688478469849,0.876442015171051
fp32-control,WEB10749.jpg,True,True,0.9034589529037476,0.9034589529037476
fp32-control,WEB10750.jpg,True,True,0.7745031714439392,0.8845466375350952
fp32-control,WEB10751.jpg,True,True,0.8335875272750854,0.8335875272750854
fp32-control,WEB10752.jpg,True,True,0.888951301574707,0.8929926156997681
fp32-control,WEB10753.jpg,True,True,0.909675121307373,0.909675121307373
fp32-control,WEB10754.jpg,True,True,0.6441572904586792,0.6441572904586792
fp32-control,WEB10755.jpg,True,True,0.8474547266960144,0.8984318971633911
fp32-control,WEB10756.jpg,True,True,0.6518718600273132,0.6795158386230469
fp32-control,WEB10757.jpg,True,True,0.7544771432876587,0.7544771432876587
fp32-control,WEB10758.jpg,True,True,0.6720724105834961,0.9201714992523193
fp32-control,WEB10759.jpg,True,True,0.7050646543502808,0.9264767169952393
fp32-control,WEB10760.jpg,True,True,0.7585769891738892,0.9367330074310303
fp32-control,WEB10761.jpg,True,True,0.8798699378967285,0.9216099381446838
fp32-control,WEB10762.jpg,True,True,0.780929684638977,0.9289631843566895
fp32-control,WEB10763.jpg,True,True,0.8104966282844543,0.8104966282844543
fp32-control,WEB10764.jpg,True,True,0.38760343194007874,0.5631059408187866
fp32-control,WEB10765.jpg,True,True,0.8397959470748901,0.8921631574630737
fp32-control,WEB10766.jpg,True,True,0.8543856143951416,0.9314301609992981
fp32-control,WEB10767.jpg,True,True,0.8674259185791016,0.8975921869277954
fp32-control,WEB10768.jpg,True,True,0.7448189854621887,0.9373359084129333
fp32-control,WEB10769.jpg,True,True,0.900404691696167,0.900404691696167
fp32-control,WEB10770.jpg,True,True,0.9021714329719543,0.9223997592926025
fp32-control,WEB10771.jpg,True,True,0.6011484265327454,0.6011484265327454
fp32-control,WEB10772.jpg,True,True,0.8039376139640808,0.8960930705070496
fp32-control,WEB10773.jpg,True,True,0.8628484010696411,0.8628484010696411
fp32-control,WEB10774.jpg,True,True,0.7480286955833435,0.7480286955833435
fp32-control,WEB10775.jpg,True,True,0.610394299030304,0.9203429222106934
fp32-control,WEB10776.jpg,True,True,0.7826706171035767,0.7826706171035767
fp32-control,WEB10777.jpg,True,True,0.8445597887039185,0.8445597887039185
fp32-control,WEB10778.jpg,True,True,0.924567699432373,0.924567699432373
fp32-control,WEB10779.jpg,True,True,0.8311028480529785,0.9100784063339233
fp32-control,WEB10780.jpg,True,True,0.9074984788894653,0.9074984788894653
fp32-control,WEB10781.jpg,True,True,0.9135524034500122,0.9135524034500122
fp32-control,WEB10782.jpg,True,True,0.8973009586334229,0.906293511390686
fp32-control,WEB10783.jpg,True,True,0.9164062738418579,0.9164062738418579
fp32-control,WEB10784.jpg,True,True,0.885027289390564,0.8892526030540466
fp32-control,WEB10785.jpg,True,True,0.7866953015327454,0.7866953015327454
fp32-control,WEB10786.jpg,True,True,0.8788152933120728,0.9040089845657349
fp32-control,WEB10787.jpg,True,True,0.9155458807945251,0.9207054376602173
fp32-control,WEB10788.jpg,True,True,0.913531482219696,0.913531482219696
fp32-control,WEB10789.jpg,False,False,0.0,0.0
fp32-control,WEB10790.jpg,True,True,0.9032654762268066,0.9032654762268066
fp32-control,WEB10791.jpg,True,True,0.9004393815994263,0.9004393815994263
fp32-control,WEB10792.jpg,True,True,0.8393594026565552,0.8765721321105957
fp32-control,WEB10793.jpg,True,True,0.8796987533569336,0.8796987533569336
fp32-control,WEB10794.jpg,True,True,0.8973873853683472,0.8973873853683472
fp32-control,WEB10795.jpg,True,True,0.8551173210144043,0.8551173210144043
fp32-control,WEB10796.jpg,True,True,0.8780921697616577,0.8780921697616577
fp32-control,WEB10797.jpg,True,True,0.8805187940597534,0.8963364958763123
fp32-control,WEB10798.jpg,True,True,0.9182971715927124,0.9182971715927124
fp32-control,WEB10799.jpg,True,True,0.9137541055679321,0.9137541055679321
fp32-control,WEB10800.jpg,True,True,0.8868975639343262,0.8868975639343262
fp32-control,WEB10801.jpg,True,True,0.9026297330856323,0.9105867743492126
fp32-control,WEB10802.jpg,False,False,0.0,0.39476466178894043
fp32-control,WEB10803.jpg,True,True,0.7912830710411072,0.8693944215774536
fp32-control,WEB10804.jpg,True,True,0.8791126608848572,0.8791126608848572
fp32-control,WEB10805.jpg,True,True,0.9164049029350281,0.9164049029350281
fp32-control,WEB10806.jpg,True,True,0.7053539156913757,0.7053539156913757
fp32-control,WEB10807.jpg,True,True,0.9178874492645264,0.9178874492645264
fp32-control,WEB10808.jpg,True,True,0.4124513566493988,0.4124513566493988
fp32-control,WEB10809.jpg,True,True,0.8157920837402344,0.8157920837402344
fp32-control,WEB10810.jpg,True,True,0.5134199857711792,0.5134199857711792
fp32-control,WEB10811.jpg,True,True,0.8042154312133789,0.9403285980224609
fp32-control,WEB10812.jpg,True,True,0.47682517766952515,0.9305577278137207
fp32-control,WEB10813.jpg,True,True,0.3453371524810791,0.9100812077522278
fp32-control,WEB10814.jpg,True,True,0.5070284605026245,0.9288027286529541
fp32-control,WEB10815.jpg,True,True,0.6274020671844482,0.8947701454162598
fp32-control,WEB10816.jpg,True,True,0.7431367039680481,0.9370298385620117
fp32-control,WEB10817.jpg,True,True,0.7547959089279175,0.931663453578949
fp32-control,WEB10818.jpg,True,True,0.19684359431266785,0.19684359431266785
fp32-control,WEB10819.jpg,True,True,0.6601247787475586,0.6601247787475586
fp32-control,WEB10820.jpg,True,True,0.8225301504135132,0.8225301504135132
fp32-control,WEB10821.jpg,True,True,0.7709629535675049,0.8547546863555908
fp32-control,WEB10822.jpg,True,True,0.865216851234436,0.865216851234436
fp32-control,WEB10823.jpg,True,True,0.8221654295921326,0.8768151998519897
fp32-control,WEB10824.jpg,True,True,0.7839750647544861,0.9196251630783081
fp32-control,WEB10825.jpg,True,True,0.5779918432235718,0.5779918432235718
fp32-control,WEB10826.jpg,True,True,0.5019177198410034,0.5019177198410034
fp32-control,WEB10827.jpg,True,True,0.6781612634658813,0.6781612634658813
fp32-control,WEB10828.jpg,True,True,0.8381620645523071,0.8381620645523071
fp32-control,WEB10829.jpg,True,True,0.8974173069000244,0.8974173069000244
fp32-control,WEB10830.jpg,True,True,0.8293533325195312,0.8293533325195312
fp32-control,WEB10831.jpg,True,True,0.8308216333389282,0.8308216333389282
fp32-control,WEB10832.jpg,True,True,0.8049322366714478,0.8049322366714478
fp32-control,WEB10833.jpg,True,True,0.873979926109314,0.873979926109314
fp32-control,WEB10834.jpg,True,True,0.8686753511428833,0.8686753511428833
fp32-control,WEB10835.jpg,True,True,0.8239220380783081,0.8303871154785156
fp32-control,WEB10836.jpg,True,True,0.8793238997459412,0.8793238997459412
fp32-control,WEB10837.jpg,True,True,0.8643476963043213,0.8643476963043213
fp32-control,WEB10838.jpg,True,True,0.895138680934906,0.895138680934906
fp32-control,WEB10839.jpg,True,True,0.41458067297935486,0.41458067297935486
fp32-control,WEB10840.jpg,True,True,0.7650517225265503,0.9359967708587646
fp32-control,WEB10841.jpg,True,True,0.6031251549720764,0.6031251549720764
fp32-control,WEB10842.jpg,True,True,0.9017762541770935,0.9017762541770935
fp32-control,WEB10843.jpg,True,True,0.7935395240783691,0.8933477401733398
fp32-control,WEB10844.jpg,True,True,0.7093815803527832,0.7093815803527832
fp32-control,WEB10845.jpg,True,True,0.5616459250450134,0.8925957679748535
fp32-control,WEB10846.jpg,True,True,0.3771562874317169,0.3771562874317169
fp32-control,WEB10847.jpg,True,True,0.8237239122390747,0.8237239122390747
fp32-control,WEB10848.jpg,True,True,0.4174412488937378,0.4174412488937378
fp32-control,WEB10849.jpg,True,True,0.8393065929412842,0.9499034881591797
fp32-control,WEB10850.jpg,True,True,0.7555737495422363,0.7555737495422363
fp32-control,WEB10851.jpg,True,True,0.3107183873653412,0.5968429446220398
fp32-control,WEB10852.jpg,True,True,0.8718893527984619,0.9147168397903442
fp32-control,WEB10853.jpg,True,True,0.8511514663696289,0.9246547222137451
fp32-control,WEB10854.jpg,True,True,0.8815558552742004,0.9018059968948364
fp32-control,WEB10855.jpg,True,True,0.8835089206695557,0.9045151472091675
fp32-control,WEB10856.jpg,True,True,0.8804768919944763,0.9111050367355347
fp32-control,WEB10857.jpg,True,True,0.8442761301994324,0.9072436094284058
fp32-control,WEB10858.jpg,True,True,0.8438067436218262,0.9222053289413452
fp32-control,WEB10859.jpg,True,True,0.8388437032699585,0.9151078462600708
fp32-control,WEB10860.jpg,True,True,0.7769637107849121,0.7769637107849121
fp32-control,WEB10861.jpg,True,True,0.6646047234535217,0.6646047234535217
fp32-control,WEB10862.jpg,True,True,0.46913179755210876,0.8741934895515442
fp32-control,WEB10863.jpg,True,True,0.5918287634849548,0.8368604183197021
fp32-control,WEB10864.jpg,True,True,0.6103282570838928,0.8913847208023071
fp32-control,WEB10865.jpg,True,True,0.803165078163147,0.8800245523452759
fp32-control,WEB10866.jpg,True,True,0.8101656436920166,0.9074424505233765
fp32-control,WEB10867.jpg,True,True,0.36104053258895874,0.6045414209365845
fp32-control,WEB10868.jpg,True,True,0.5652971267700195,0.8539950847625732
fp32-control,WEB10869.jpg,True,True,0.8028221130371094,0.8028221130371094
fp32-control,WEB10870.jpg,True,True,0.6684008836746216,0.9061434268951416
fp32-control,WEB10871.jpg,True,True,0.6393870115280151,0.9104056358337402
fp32-control,WEB10872.jpg,True,True,0.5733898282051086,0.5733898282051086
fp32-control,WEB10873.jpg,True,True,0.4724436402320862,0.4724436402320862
fp32-control,WEB10874.jpg,True,True,0.8263818621635437,0.8263818621635437
fp32-control,WEB10875.jpg,True,True,0.6583662033081055,0.8427755236625671
fp32-control,WEB10876.jpg,True,True,0.750752329826355,0.750752329826355
fp32-control,WEB10877.jpg,True,True,0.5812232494354248,0.8823997378349304
fp32-control,WEB10878.jpg,True,True,0.4846336245536804,0.9197280406951904
fp32-control,WEB10879.jpg,True,True,0.5529093742370605,0.899662971496582
fp32-control,WEB10880.jpg,True,True,0.6521351933479309,0.9186830520629883
fp32-control,WEB10881.jpg,True,True,0.6291297674179077,0.9306468963623047
fp32-control,WEB10882.jpg,True,True,0.48811110854148865,0.9078150987625122
fp32-control,WEB10883.jpg,True,True,0.4657546877861023,0.914431095123291
fp32-control,WEB10884.jpg,True,True,0.49864745140075684,0.8834111094474792
fp32-control,WEB10885.jpg,True,True,0.5557088255882263,0.5914291143417358
fp32-control,WEB10886.jpg,True,True,0.6011976003646851,0.6455116868019104
fp32-control,WEB10887.jpg,True,True,0.49017566442489624,0.7105841040611267
fp32-control,WEB10888.jpg,True,True,0.5024595260620117,0.8067160844802856
fp32-control,WEB10889.jpg,True,True,0.6115521192550659,0.9033110737800598
fp32-control,WEB10890.jpg,True,True,0.6066527366638184,0.9089272618293762
fp32-control,WEB10891.jpg,True,True,0.23124292492866516,0.9371025562286377
fp32-control,WEB10892.jpg,True,True,0.48759251832962036,0.9411923885345459
fp32-control,WEB10893.jpg,True,True,0.26769307255744934,0.9462786912918091
fp32-control,WEB10894.jpg,True,True,0.23142707347869873,0.9458701610565186
fp32-control,WEB10895.jpg,True,True,0.6223939657211304,0.8408637046813965
fp32-control,WEB10896.jpg,True,True,0.7667390704154968,0.8300356864929199
fp32-control,WEB10897.jpg,True,True,0.5555623769760132,0.668466329574585
fp32-control,WEB10898.jpg,False,True,0.2070648968219757,0.7613710165023804
fp32-control,WEB10899.jpg,True,True,0.6763105392456055,0.8986346125602722
fp32-control,WEB10900.jpg,True,True,0.6459622383117676,0.8733476400375366
fp32-control,WEB10901.jpg,True,True,0.8782801628112793,0.8782801628112793
fp32-control,WEB10902.jpg,True,True,0.8526484966278076,0.8526484966278076
fp32-control,WEB10903.jpg,True,True,0.45360031723976135,0.45360031723976135
fp32-control,WEB10904.jpg,True,True,0.4684583842754364,0.8402571678161621
fp32-control,WEB10905.jpg,True,True,0.7631545066833496,0.7631545066833496
fp32-control,WEB10906.jpg,True,True,0.5513795614242554,0.6013839244842529
fp32-control,WEB10907.jpg,True,True,0.8028177618980408,0.9097065329551697
fp32-control,WEB10908.jpg,True,True,0.8336993455886841,0.8957061767578125
fp32-control,WEB10909.jpg,True,True,0.8259315490722656,0.9208471775054932
fp32-control,WEB10910.jpg,True,True,0.8152892589569092,0.9157764315605164
fp32-control,WEB10911.jpg,True,True,0.7822775840759277,0.9302957057952881
fp32-control,WEB10912.jpg,True,True,0.7767819166183472,0.7767819166183472
fp32-control,WEB10913.jpg,True,True,0.7544775009155273,0.8101528882980347
fp32-control,WEB10914.jpg,True,True,0.8265877366065979,0.8265877366065979
fp32-control,WEB10915.jpg,True,True,0.7798585295677185,0.7798585295677185
fp32-control,WEB10916.jpg,True,True,0.41503846645355225,0.7398782968521118
fp32-control,WEB10917.jpg,True,True,0.4398178458213806,0.9084072113037109
fp32-control,WEB10918.jpg,True,True,0.7670078277587891,0.7670078277587891
fp32-control,WEB10919.jpg,True,True,0.5641779899597168,0.7910865545272827
fp32-control,WEB10920.jpg,True,True,0.6786978244781494,0.8344794511795044
fp32-control,WEB10921.jpg,True,True,0.7052268385887146,0.8367201089859009
fp32-control,WEB10922.jpg,True,True,0.6259982585906982,0.8336429595947266
fp32-control,WEB10923.jpg,True,True,0.6784788370132446,0.8964958190917969
fp32-control,WEB10924.jpg,True,True,0.6335034370422363,0.9141930341720581
fp32-control,WEB10925.jpg,True,True,0.3405473232269287,0.6448740363121033
fp32-control,WEB10926.jpg,True,True,0.8085216283798218,0.8085216283798218
fp32-control,WEB10927.jpg,True,True,0.7406325936317444,0.782970130443573
fp32-control,WEB10928.jpg,True,True,0.44135308265686035,0.8851385116577148
fp32-control,WEB10929.jpg,True,True,0.7124979496002197,0.9178351163864136
fp32-control,WEB10930.jpg,True,True,0.5663744807243347,0.8029505610466003
fp32-control,WEB10931.jpg,True,True,0.7227174043655396,0.8418087959289551
fp32-control,WEB10932.jpg,True,True,0.4349132478237152,0.7907320261001587
fp32-control,WEB10933.jpg,True,True,0.2205106019973755,0.9216586351394653
fp32-control,WEB10934.jpg,True,True,0.6439669132232666,0.9237651824951172
fp32-control,WEB10935.jpg,True,True,0.7346698045730591,0.9345270395278931
fp32-control,WEB10936.jpg,True,True,0.5222069621086121,0.5222069621086121
fp32-control,WEB10937.jpg,True,True,0.7252371907234192,0.7252371907234192
fp32-control,WEB10938.jpg,True,True,0.6445081233978271,0.9324228167533875
fp32-control,WEB10939.jpg,True,True,0.7974855899810791,0.9198813438415527
fp32-control,WEB10940.jpg,True,True,0.7315027117729187,0.7315027117729187
fp32-control,WEB10941.jpg,True,True,0.7265099287033081,0.7265099287033081
fp32-control,WEB10942.jpg,True,True,0.6436858773231506,0.8733780384063721
fp32-control,WEB10943.jpg,True,True,0.7337226867675781,0.8489195704460144
fp32-control,WEB10944.jpg,True,True,0.8720071315765381,0.8720071315765381
fp32-control,WEB10945.jpg,True,True,0.5689423680305481,0.6943117380142212
fp32-control,WEB10946.jpg,True,True,0.7067577838897705,0.7067577838897705
fp32-control,WEB10947.jpg,True,True,0.6917902231216431,0.6917902231216431
fp32-control,WEB10948.jpg,True,True,0.5170208215713501,0.5170208215713501
fp32-control,WEB10949.jpg,True,True,0.3124425411224365,0.5445885062217712
fp32-control,WEB10950.jpg,True,True,0.42940354347229004,0.42940354347229004
fp32-control,WEB10951.jpg,True,True,0.8698794841766357,0.8698794841766357
fp32-control,WEB10952.jpg,True,True,0.8725249767303467,0.8725249767303467
fp32-control,WEB10953.jpg,True,True,0.9030483961105347,0.9030483961105347
fp32-control,WEB10954.jpg,True,True,0.21909469366073608,0.22861319780349731
fp32-control,WEB10955.jpg,True,True,0.662520170211792,0.6819750070571899
fp32-control,WEB10956.jpg,True,True,0.8573389649391174,0.8573389649391174
fp32-control,WEB10957.jpg,True,True,0.7233505249023438,0.9066098928451538
fp32-control,WEB10958.jpg,True,True,0.655298113822937,0.899090051651001
fp32-control,WEB10959.jpg,True,True,0.7723586559295654,0.7852383255958557
fp32-control,WEB10960.jpg,True,True,0.7574326992034912,0.8650368452072144
fp32-control,WEB10961.jpg,True,True,0.7505216598510742,0.7505216598510742
fp32-control,WEB10962.jpg,True,True,0.7956980466842651,0.7956980466842651
fp32-control,WEB10963.jpg,True,True,0.5337662696838379,0.5337662696838379
fp32-control,WEB10964.jpg,True,True,0.5843082070350647,0.5843082070350647
fp32-control,WEB10965.jpg,True,True,0.22385936975479126,0.22385936975479126
fp32-control,WEB10966.jpg,True,True,0.47824421525001526,0.47824421525001526
fp32-control,WEB10967.jpg,True,True,0.426251620054245,0.426251620054245
fp32-control,WEB10968.jpg,False,False,0.0,0.9216957688331604
fp32-control,WEB10969.jpg,False,True,0.44778430461883545,0.49516192078590393
fp32-control,WEB10970.jpg,False,False,0.0,0.678369402885437
fp32-control,WEB10971.jpg,False,False,0.0,0.914396345615387
fp32-control,WEB10972.jpg,False,False,0.0,0.9182551503181458
fp32-control,WEB10973.jpg,False,False,0.0,0.9425215721130371
fp32-control,WEB10974.jpg,True,True,0.5090543627738953,0.9207838773727417
fp32-control,WEB10975.jpg,False,False,0.0,0.8484863042831421
fp32-control,WEB10976.jpg,True,False,0.0,0.9384435415267944
fp32-control,WEB10977.jpg,False,False,0.0,0.795986533164978
fp32-control,WEB10978.jpg,True,True,0.7163151502609253,0.910166323184967
fp32-control,WEB10979.jpg,False,True,0.41314345598220825,0.8519551753997803
fp32-control,WEB10980.jpg,False,False,0.0,0.8281073570251465
fp32-control,WEB10981.jpg,False,False,0.0,0.8292254209518433
fp32-control,WEB10982.jpg,True,True,0.4289241433143616,0.7134592533111572
fp32-control,WEB10983.jpg,False,False,0.0,0.8949312567710876
fp32-control,WEB10984.jpg,False,False,0.0,0.6413007974624634
fp32-control,WEB10985.jpg,False,False,0.0,0.8947703838348389
fp32-control,WEB10986.jpg,True,True,0.596053421497345,0.9176861643791199
fp32-control,WEB10987.jpg,True,True,0.2919164299964905,0.910686731338501
fp32-control,WEB10988.jpg,True,True,0.8133334517478943,0.8133334517478943
fp32-control,WEB10989.jpg,False,True,0.4797038435935974,0.9181671142578125
fp32-control,WEB10990.jpg,True,True,0.4949713349342346,0.9268059730529785
fp32-control,WEB10991.jpg,True,True,0.16457432508468628,0.8958992958068848
fp32-control,WEB10992.jpg,True,True,0.4704822599887848,0.4704822599887848
fp32-control,WEB10993.jpg,True,True,0.735076904296875,0.7371270060539246
fp32-control,WEB10994.jpg,False,False,0.0,0.8213174343109131
fp32-control,WEB10995.jpg,True,True,0.847378134727478,0.847378134727478
fp32-control,WEB10996.jpg,True,True,0.7296629548072815,0.7296629548072815
fp32-control,WEB10997.jpg,False,False,0.0,0.8424010872840881
fp32-control,WEB10998.jpg,False,False,0.0,0.861613929271698
fp32-control,WEB10999.jpg,True,True,0.38036519289016724,0.8911965489387512
fp32-control,WEB11000.jpg,False,False,0.0,0.15793216228485107
fp32-control,WEB11001.jpg,False,False,0.0,0.6963812112808228
fp32-control,WEB11002.jpg,True,True,0.42774927616119385,0.889117956161499
fp32-control,WEB11003.jpg,True,True,0.7173963189125061,0.7913902997970581
fp32-control,WEB11004.jpg,False,False,0.0,0.648781418800354
fp32-control,WEB11005.jpg,True,True,0.7759361267089844,0.7759361267089844
fp32-control,WEB11006.jpg,True,True,0.4574684202671051,0.8171008825302124
fp32-control,WEB11007.jpg,False,False,0.0,0.0
fp32-control,WEB11008.jpg,False,True,0.34934890270233154,0.34934890270233154
fp32-control,WEB11009.jpg,True,False,0.0,0.7505863308906555
fp32-control,WEB11010.jpg,False,False,0.0,0.8454970121383667
fp32-control,WEB11011.jpg,False,False,0.0,0.7988429069519043
fp32-control,WEB11012.jpg,False,False,0.0,0.19775134325027466
fp32-control,WEB11013.jpg,False,False,0.0,0.9377741813659668
fp32-control,WEB11014.jpg,False,False,0.0,0.8443365693092346
fp32-control,WEB11015.jpg,False,False,0.0,0.8417438268661499
fp32-control,WEB11016.jpg,False,False,0.0,0.49051910638809204
fp32-control,WEB11017.jpg,False,False,0.0,0.4853106141090393
fp32-control,WEB11018.jpg,False,True,0.6200355887413025,0.6940551996231079
fp32-control,WEB11019.jpg,False,True,0.1563178300857544,0.6267914175987244
fp32-control,WEB11020.jpg,False,False,0.0,0.7940397262573242
fp32-control,WEB11021.jpg,False,False,0.0,0.5710534453392029
fp32-control,WEB11022.jpg,False,False,0.0,0.3164602518081665
fp32-control,WEB11023.jpg,False,False,0.0,0.6353039741516113
fp32-control,WEB11024.jpg,False,False,0.0,0.7245449423789978
fp32-control,WEB11025.jpg,False,False,0.0,0.14750230312347412
fp32-control,WEB11026.jpg,False,False,0.0,0.8590227365493774
fp32-control,WEB11027.jpg,False,False,0.0,0.8837526440620422
fp32-control,WEB11028.jpg,False,False,0.0,0.7340277433395386
fp32-control,WEB11029.jpg,False,True,0.28655973076820374,0.8156588077545166
fp32-control,WEB11030.jpg,True,True,0.7218703031539917,0.831722617149353
fp32-control,WEB11031.jpg,False,False,0.0,0.8679750561714172
fp32-control,WEB11032.jpg,True,True,0.10105419158935547,0.9308203458786011
fp32-control,WEB11033.jpg,False,False,0.0,0.9484558701515198
fp32-control,WEB11034.jpg,False,False,0.0,0.9430720806121826
fp32-control,WEB11035.jpg,False,True,0.3553698658943176,0.896324872970581
fp32-control,WEB11036.jpg,True,True,0.4471844434738159,0.8914377689361572
fp32-control,WEB11037.jpg,False,False,0.0,0.8244472742080688
fp32-control,WEB11038.jpg,True,True,0.2658548057079315,0.2658548057079315
fp32-control,WEB11039.jpg,False,False,0.0,0.8275288939476013
fp32-control,WEB11040.jpg,True,True,0.4668980538845062,0.9148993492126465
fp32-control,WEB11041.jpg,False,False,0.0,0.929552435874939
fp32-control,WEB11042.jpg,False,False,0.0,0.0
fp32-control,WEB11043.jpg,True,True,0.1434554159641266,0.9295308589935303
fp32-control,WEB11044.jpg,False,False,0.0,0.9051704406738281
fp32-control,WEB11045.jpg,False,False,0.0,0.0
fp32-control,WEB11046.jpg,False,False,0.0,0.7279055714607239
fp32-control,WEB11047.jpg,False,False,0.0,0.41472187638282776
fp32-control,WEB11048.jpg,False,False,0.0,0.5818713903427124
fp32-control,WEB11049.jpg,False,False,0.0,0.7865058183670044
fp32-control,WEB11050.jpg,True,True,0.2138872742652893,0.8995552062988281
fp32-control,WEB11051.jpg,False,False,0.0,0.33341652154922485
fp32-control,WEB11052.jpg,True,True,0.38324451446533203,0.38324451446533203
fp32-control,WEB11053.jpg,True,True,0.4842299222946167,0.4842299222946167
fp32-control,WEB11054.jpg,True,True,0.6279600858688354,0.9250266551971436
fp32-control,WEB11055.jpg,True,True,0.42265090346336365,0.8825797438621521
fp32-control,WEB11056.jpg,False,False,0.0,0.846035361289978
fp32-control,WEB11057.jpg,True,True,0.3428044021129608,0.8650954365730286
fp32-control,WEB11058.jpg,False,False,0.0,0.8969950675964355
fp32-control,WEB11059.jpg,False,False,0.0,0.9101462364196777
fp32-control,WEB11060.jpg,False,False,0.0,0.8875951170921326
fp32-control,WEB11061.jpg,False,False,0.0,0.9305133819580078
fp32-control,WEB11062.jpg,False,False,0.0,0.8716520071029663
fp32-control,WEB11063.jpg,False,False,0.0,0.5736338496208191
fp32-control,WEB11064.jpg,False,False,0.0,0.22218850255012512
fp32-control,WEB11065.jpg,False,False,0.0,0.9015170335769653
fp32-control,WEB11066.jpg,False,False,0.0,0.0
fp32-control,WEB11067.jpg,False,False,0.0,0.8760591149330139
fp32-control,WEB11068.jpg,False,False,0.0,0.8824430704116821
fp32-control,WEB11069.jpg,False,False,0.0,0.8422991037368774
fp32-control,WEB11070.jpg,False,False,0.0,0.8911213278770447
fp32-control,WEB11071.jpg,False,False,0.0,0.8703121542930603
fp32-control,WEB11072.jpg,False,False,0.0,0.8130223751068115
fp32-control,WEB11073.jpg,False,False,0.0,0.7771740555763245
fp32-control,WEB11074.jpg,True,False,0.0,0.8204455375671387
fp32-control,WEB11075.jpg,False,False,0.0,0.8904221057891846
fp32-control,WEB11076.jpg,False,False,0.0,0.3982059955596924
fp32-control,WEB11077.jpg,False,False,0.0,0.4643777906894684
fp32-control,WEB11078.jpg,False,False,0.0,0.9023032784461975
fp32-control,WEB11079.jpg,False,False,0.0,0.9416699409484863
fp32-control,WEB11080.jpg,True,False,0.0,0.9113256335258484
fp32-control,WEB11081.jpg,False,False,0.0,0.45993590354919434
fp32-control,WEB11082.jpg,False,False,0.0,0.8174408674240112
fp32-control,WEB11083.jpg,False,False,0.0,0.615821123123169
fp32-control,WEB11084.jpg,True,True,0.6521347761154175,0.7794979810714722
fp32-control,WEB11085.jpg,False,False,0.0,0.8792546987533569
fp32-control,WEB11086.jpg,False,False,0.0,0.7287626266479492
fp32-control,WEB11087.jpg,False,False,0.0,0.8994050025939941
fp32-control,WEB11088.jpg,False,False,0.0,0.8966399431228638
fp32-control,WEB11089.jpg,False,True,0.3601588010787964,0.9340400695800781
fp32-control,WEB11090.jpg,False,False,0.0,0.9207139015197754
fp32-control,WEB11091.jpg,True,True,0.28705382347106934,0.9333400726318359
fp32-control,WEB11092.jpg,False,False,0.0,0.9359591007232666
fp32-control,WEB11093.jpg,False,False,0.0,0.9288416504859924
fp32-control,WEB11094.jpg,False,False,0.0,0.9351844787597656
fp32-control,WEB11095.jpg,False,False,0.0,0.6138607263565063
fp32-control,WEB11096.jpg,True,True,0.47836440801620483,0.8920131325721741
fp32-control,WEB11097.jpg,False,False,0.0,0.8903658390045166
fp32-control,WEB11098.jpg,True,False,0.0,0.8120903372764587
fp32-control,WEB11099.jpg,False,False,0.0,0.8998239040374756
fp32-control,WEB11100.jpg,True,True,0.5711240768432617,0.9126379489898682
fp32-control,WEB11101.jpg,False,False,0.0,0.32779157161712646
fp32-control,WEB11102.jpg,False,False,0.0,0.5851549506187439
fp32-control,WEB11103.jpg,False,False,0.0,0.5327224731445312
fp32-control,WEB11104.jpg,True,True,0.16183263063430786,0.9232878684997559
fp32-control,WEB11105.jpg,False,False,0.0,0.7569339275360107
fp32-control,WEB11106.jpg,False,False,0.0,0.5003261566162109
fp32-control,WEB11107.jpg,False,False,0.0,0.7076706886291504
fp32-control,WEB11108.jpg,False,False,0.0,0.7704059481620789
fp32-control,WEB11109.jpg,False,False,0.0,0.6395883560180664
fp32-control,WEB11110.jpg,True,True,0.46139371395111084,0.8964075446128845
fp32-control,WEB11111.jpg,False,False,0.0,0.8011168837547302
fp32-control,WEB11112.jpg,False,False,0.0,0.7899293303489685
fp32-control,WEB11113.jpg,False,False,0.0,0.9285781383514404
fp32-control,WEB11114.jpg,False,False,0.0,0.7665839195251465
fp32-control,WEB11115.jpg,False,False,0.0,0.6828388571739197
fp32-control,WEB11116.jpg,False,False,0.0,0.9032388925552368
fp32-control,WEB11117.jpg,False,False,0.0,0.8957324028015137
fp32-control,WEB11118.jpg,False,False,0.0,0.9099055528640747
fp32-control,WEB11119.jpg,False,False,0.0,0.9020131230354309
fp32-control,WEB11120.jpg,False,False,0.0,0.3854173719882965
fp32-control,WEB11121.jpg,False,False,0.0,0.9061897993087769
fp32-control,WEB11122.jpg,False,False,0.0,0.9101625680923462
fp32-control,WEB11123.jpg,False,False,0.0,0.8928464651107788
fp32-control,WEB11124.jpg,True,True,0.19790291786193848,0.9037272930145264
fp32-control,WEB11125.jpg,True,True,0.6825259923934937,0.7475124597549438
fp32-control,WEB11126.jpg,True,True,0.49372825026512146,0.9200825691223145
fp32-control,WEB11127.jpg,True,True,0.45338332653045654,0.6263565421104431
fp32-control,WEB11128.jpg,True,True,0.6938192844390869,0.9097733497619629
fp32-control,WEB11129.jpg,False,False,0.0,0.9004143476486206
fp32-control,WEB11130.jpg,False,False,0.0,0.9192924499511719
fp32-control,WEB11131.jpg,True,True,0.4445292055606842,0.8809057474136353
fp32-control,WEB11132.jpg,True,True,0.631335973739624,0.8937908411026001
fp32-control,WEB11133.jpg,True,True,0.5077012777328491,0.903107762336731
fp32-control,WEB11134.jpg,True,True,0.45510897040367126,0.8942247629165649
fp32-control,WEB11135.jpg,True,True,0.16880327463150024,0.8885563611984253
fp32-control,WEB11136.jpg,False,True,0.13224422931671143,0.9242221117019653
fp32-control,WEB11137.jpg,False,False,0.0,0.8836584091186523
fp32-control,WEB11138.jpg,False,False,0.0,0.8837080001831055
fp32-control,WEB11139.jpg,False,False,0.0,0.858774721622467
fp32-control,WEB11140.jpg,False,False,0.0,0.0
fp32-control,WEB11141.jpg,False,False,0.0,0.9136003255844116
fp32-control,WEB11142.jpg,False,False,0.0,0.9060381650924683
fp32-control,WEB11143.jpg,True,True,0.2778704762458801,0.9084177017211914
fp32-control,WEB11144.jpg,True,True,0.5279062390327454,0.9394139051437378
fp32-control,WEB11145.jpg,True,True,0.6612445116043091,0.6612445116043091
fp32-control,WEB11146.jpg,False,False,0.0,0.940376877784729
fp32-control,WEB11147.jpg,True,True,0.8547370433807373,0.8547370433807373
fp32-control,WEB11148.jpg,True,True,0.7152029871940613,0.8637259006500244
fp32-control,WEB11149.jpg,True,True,0.78470778465271,0.8169829845428467
fp32-control,WEB11150.jpg,False,True,0.5262940526008606,0.5262940526008606
fp32-control,WEB11151.jpg,False,False,0.0,0.8902295827865601
fp32-control,WEB11152.jpg,False,False,0.0,0.8990474939346313
fp32-control,WEB11153.jpg,False,False,0.0,0.2949953079223633
fp32-control,WEB11154.jpg,False,True,0.10243460536003113,0.8544184565544128
fp32-control,WEB11155.jpg,True,True,0.6943953633308411,0.9159092903137207
fp32-control,WEB11156.jpg,True,True,0.4860476851463318,0.7463502883911133
fp32-control,WEB11157.jpg,True,True,0.5326235890388489,0.8250112533569336
fp32-control,WEB11158.jpg,True,True,0.6210903525352478,0.9399551749229431
fp32-control,WEB11159.jpg,True,True,0.5689898133277893,0.8860614895820618
fp32-control,WEB11160.jpg,False,True,0.5586437582969666,0.9388231039047241
fp32-control,WEB11161.jpg,True,True,0.6409462094306946,0.9194248914718628
fp32-control,WEB11162.jpg,True,True,0.6219172477722168,0.9338359832763672
fp32-control,WEB11163.jpg,True,True,0.6528775691986084,0.9375186562538147
fp32-control,WEB11164.jpg,False,False,0.0,0.6391542553901672
fp32-control,WEB11165.jpg,False,False,0.0,0.3404173254966736
fp32-control,WEB11166.jpg,False,False,0.0,0.8486586213111877
fp32-control,WEB11167.jpg,False,False,0.0,0.45220836997032166
fp32-control,WEB11168.jpg,False,False,0.0,0.4960128962993622
fp32-control,WEB11169.jpg,True,True,0.5636889934539795,0.5636889934539795
fp32-control,WEB11170.jpg,True,True,0.4176693558692932,0.5023335218429565
fp32-control,WEB11171.jpg,True,True,0.3186236619949341,0.3881913423538208
fp32-control,WEB11172.jpg,True,True,0.5032903552055359,0.6925647258758545
fp32-control,WEB11173.jpg,True,True,0.8525763750076294,0.9058525562286377
fp32-control,WEB11174.jpg,True,True,0.7215441465377808,0.8592720031738281
fp32-control,WEB11175.jpg,False,False,0.0,0.49371322989463806
fp32-control,WEB11176.jpg,False,False,0.0,0.8921615481376648
fp32-control,WEB11177.jpg,False,False,0.0,0.7627522945404053
fp32-control,WEB11178.jpg,False,False,0.0,0.900616466999054
fp32-control,WEB11179.jpg,False,False,0.0,0.5739892721176147
fp32-control,WEB11180.jpg,False,False,0.0,0.8891240954399109
fp32-control,WEB11181.jpg,True,True,0.5099238157272339,0.9513745307922363
fp32-control,WEB11182.jpg,False,False,0.0,0.5775040984153748
fp32-control,WEB11183.jpg,False,False,0.0,0.9081178903579712
fp32-control,WEB11184.jpg,False,False,0.0,0.9196332097053528
fp32-control,WEB11185.jpg,False,False,0.0,0.9071874618530273
fp32-control,WEB11186.jpg,False,False,0.0,0.2988525629043579
fp32-control,WEB11187.jpg,False,False,0.0,0.9288244247436523
fp32-control,WEB11188.jpg,True,True,0.22594231367111206,0.22594231367111206
fp32-control,WEB11189.jpg,True,True,0.6124147176742554,0.8957127928733826
fp32-control,WEB11190.jpg,False,False,0.0,0.5563520193099976
fp32-control,WEB11191.jpg,False,False,0.0,0.9059609174728394
fp32-control,WEB11192.jpg,False,False,0.0,0.8652839660644531
fp32-control,WEB11193.jpg,True,True,0.7234141826629639,0.7234141826629639
fp32-control,WEB11194.jpg,False,False,0.0,0.8876928091049194
fp32-control,WEB11195.jpg,True,True,0.7791953086853027,0.8854716420173645
fp32-control,WEB11196.jpg,True,True,0.35853004455566406,0.8179238438606262
fp32-control,WEB11197.jpg,True,True,0.7304524779319763,0.7304524779319763
fp32-control,WEB11198.jpg,False,False,0.0,0.9346102476119995
fp32-control,WEB11199.jpg,True,True,0.820711612701416,0.8911070227622986
fp32-control,WEB11200.jpg,True,True,0.6846144199371338,0.806607186794281
fp32-control,WEB11201.jpg,False,False,0.0,0.8437249660491943
fp32-control,WEB11202.jpg,True,True,0.626835823059082,0.92706298828125
fp32-control,WEB11203.jpg,True,True,0.24706998467445374,0.9224036335945129
fp32-control,WEB11204.jpg,False,False,0.0,0.845953643321991
fp32-control,WEB11205.jpg,False,False,0.0,0.9039749503135681
fp32-control,WEB11206.jpg,False,False,0.0,0.9095805883407593
fp32-control,WEB11207.jpg,True,False,0.0,0.9257380366325378
fp32-control,WEB11208.jpg,True,False,0.0,0.9039060473442078
fp32-control,WEB11209.jpg,False,False,0.0,0.8757247924804688
fp32-control,WEB11210.jpg,False,False,0.0,0.5603060722351074
fp32-control,WEB11211.jpg,False,False,0.0,0.8288447260856628
fp32-control,WEB11212.jpg,False,False,0.0,0.8121485710144043
fp32-control,WEB11213.jpg,False,False,0.0,0.48643243312835693
fp32-control,WEB11214.jpg,True,False,0.0,0.8613051176071167
fp32-control,WEB11215.jpg,False,False,0.0,0.8668000102043152
fp32-control,WEB11216.jpg,False,False,0.0,0.8514835238456726
fp32-control,WEB11217.jpg,False,False,0.0,0.9213097095489502
fp32-control,WEB11218.jpg,False,True,0.19817090034484863,0.2289353311061859
fp32-control,WEB11219.jpg,True,True,0.3312959372997284,0.49997270107269287
fp32-control,WEB11220.jpg,False,False,0.0,0.7183223962783813
fp32-control,WEB11221.jpg,False,False,0.0,0.6913408637046814
fp32-control,WEB11222.jpg,False,False,0.0,0.702659010887146
fp32-control,WEB11223.jpg,True,True,0.568795919418335,0.568795919418335
fp32-control,WEB11224.jpg,True,True,0.691102147102356,0.691102147102356
fp32-control,WEB11225.jpg,False,False,0.0,0.6336185932159424
fp32-control,WEB11226.jpg,False,False,0.0,0.5708884000778198
fp32-control,WEB11227.jpg,True,False,0.0,0.45983392000198364
fp32-control,WEB11228.jpg,True,True,0.5026938915252686,0.8700821995735168
fp32-control,WEB11229.jpg,False,False,0.0,0.8635687232017517
fp32-control,WEB11230.jpg,False,True,0.19956380128860474,0.9148504734039307
fp32-control,WEB11231.jpg,False,False,0.0,0.9159754514694214
fp32-control,WEB11232.jpg,True,True,0.7064766883850098,0.7064766883850098
fp32-control,WEB11233.jpg,False,False,0.0,0.856450080871582
fp32-control,WEB11234.jpg,False,False,0.0,0.8786889910697937
fp32-control,WEB11235.jpg,False,False,0.0,0.9296728372573853
fp32-control,WEB11236.jpg,False,True,0.10351124405860901,0.8787876963615417
fp32-control,WEB11237.jpg,False,False,0.0,0.8756252527236938
fp32-control,WEB11238.jpg,False,False,0.0,0.8739193677902222
fp32-control,WEB11239.jpg,False,False,0.0,0.7158840894699097
fp32-control,WEB11240.jpg,True,False,0.0,0.912321925163269
fp32-control,WEB11241.jpg,False,False,0.0,0.8480610847473145
fp32-control,WEB11242.jpg,True,True,0.752387285232544,0.752387285232544
fp32-control,WEB11243.jpg,False,True,0.11099821329116821,0.8833180665969849
fp32-control,WEB11244.jpg,False,False,0.0,0.7698503732681274
fp32-control,WEB11245.jpg,False,False,0.0,0.5952726602554321
fp32-control,WEB11246.jpg,True,True,0.3432040214538574,0.9207437038421631
fp32-control,WEB11247.jpg,True,True,0.6891027688980103,0.6891027688980103
fp32-control,WEB11248.jpg,False,False,0.0,0.5942330360412598
fp32-control,WEB11249.jpg,False,False,0.0,0.37573108077049255
fp32-control,WEB11250.jpg,False,False,0.0,0.0
fp32-control,WEB11251.jpg,False,False,0.0,0.8895760774612427
fp32-control,WEB11252.jpg,True,True,0.8234062194824219,0.8234062194824219
fp32-control,WEB11253.jpg,False,False,0.0,0.6195557713508606
fp32-control,WEB11254.jpg,False,False,0.0,0.8667448163032532
fp32-control,WEB11255.jpg,False,False,0.0,0.31824353337287903
fp32-control,WEB11256.jpg,True,True,0.6109590530395508,0.6109590530395508
fp32-control,WEB11257.jpg,False,False,0.0,0.9052672386169434
fp32-control,WEB11258.jpg,False,False,0.0,0.921343982219696
fp32-control,WEB11259.jpg,False,False,0.0,0.7179430723190308
fp32-control,WEB11260.jpg,False,True,0.28796902298927307,0.8936283588409424
fp32-control,WEB11261.jpg,False,False,0.0,0.5076308250427246
fp32-control,WEB11262.jpg,False,False,0.0,0.7860887050628662
fp32-control,WEB11263.jpg,False,True,0.7088139653205872,0.7088139653205872
fp32-control,WEB11264.jpg,False,False,0.0,0.759421706199646
fp32-control,WEB11265.jpg,False,False,0.0,0.20695751905441284
fp32-control,WEB11266.jpg,False,False,0.0,0.9091467261314392
fp32-control,WEB11267.jpg,True,False,0.0,0.9013426899909973
fp32-control,WEB11268.jpg,False,False,0.0,0.8566769957542419
fp32-control,WEB11269.jpg,False,False,0.0,0.32735157012939453
fp32-control,WEB11270.jpg,False,False,0.0,0.0
fp32-control,WEB11271.jpg,True,True,0.39195993542671204,0.39195993542671204
fp32-control,WEB11272.jpg,False,False,0.0,0.7778103947639465
fp32-control,WEB11273.jpg,True,True,0.6308062076568604,0.8028960227966309
fp32-control,WEB11274.jpg,True,True,0.2648364007472992,0.810293972492218
fp32-control,WEB11275.jpg,True,True,0.611980676651001,0.611980676651001
fp32-control,WEB11276.jpg,False,False,0.0,0.5256195664405823
fp32-control,WEB11277.jpg,False,False,0.0,0.8324147462844849
fp32-control,WEB11278.jpg,False,False,0.0,0.3422103822231293
fp32-control,WEB11279.jpg,False,False,0.0,0.4523560106754303
fp32-control,WEB11280.jpg,False,False,0.0,0.48800745606422424
fp32-control,WEB11281.jpg,False,False,0.0,0.9067040681838989
fp32-control,WEB11282.jpg,False,False,0.0,0.7341426014900208
fp32-control,WEB11283.jpg,False,False,0.0,0.9019259214401245
fp32-control,WEB11284.jpg,False,False,0.0,0.8716126084327698
fp32-control,WEB11285.jpg,False,False,0.0,0.7470852136611938
fp32-control,WEB11286.jpg,True,True,0.755535364151001,0.9300068616867065
fp32-control,WEB11287.jpg,False,False,0.0,0.7206763625144958
fp32-control,WEB11288.jpg,False,False,0.0,0.9123890995979309
fp32-control,WEB11289.jpg,False,False,0.0,0.922102689743042
fp32-control,WEB11290.jpg,False,False,0.0,0.8921278715133667
fp32-control,WEB11291.jpg,False,False,0.0,0.8947949409484863
fp32-control,WEB11292.jpg,False,False,0.0,0.8318852782249451
fp32-control,WEB11293.jpg,False,False,0.0,0.694053053855896
fp32-control,WEB11294.jpg,True,True,0.8426815271377563,0.8765274286270142
fp32-control,WEB11295.jpg,True,True,0.6602053046226501,0.8874013423919678
fp32-control,WEB11296.jpg,False,False,0.0,0.6373925805091858
fp32-control,WEB11297.jpg,False,False,0.0,0.782381534576416
fp32-control,WEB11298.jpg,False,False,0.0,0.39644646644592285
fp32-control,WEB11299.jpg,False,False,0.0,0.7918223142623901
fp32-control,WEB11300.jpg,True,True,0.4420424997806549,0.6509013175964355
fp32-control,WEB11301.jpg,False,False,0.0,0.9038935899734497
fp32-control,WEB11302.jpg,False,False,0.0,0.6856022477149963
fp32-control,WEB11303.jpg,True,False,0.0,0.8572582006454468
fp32-control,WEB11304.jpg,True,True,0.1992596685886383,0.1992596685886383
fp32-control,WEB11305.jpg,True,True,0.5962010622024536,0.8023467063903809
fp32-control,WEB11306.jpg,False,False,0.0,0.9039328098297119
fp32-control,WEB11307.jpg,False,False,0.0,0.38750845193862915
fp32-control,WEB11308.jpg,False,False,0.0,0.39620035886764526
fp32-control,WEB11309.jpg,False,False,0.0,0.0
fp32-control,WEB11310.jpg,True,True,0.12110072374343872,0.8042060136795044
fp32-control,WEB11311.jpg,False,False,0.0,0.8655861616134644
fp32-control,WEB11312.jpg,False,False,0.0,0.0
fp32-control,WEB11313.jpg,False,False,0.0,0.897325873374939
fp32-control,WEB11314.jpg,True,True,0.6244543194770813,0.835949182510376
fp32-control,WEB11315.jpg,False,False,0.0,0.6544154286384583
fp32-control,WEB11316.jpg,False,False,0.0,0.8078671097755432
fp32-control,WEB11317.jpg,True,True,0.85472571849823,0.85472571849823
fp32-control,WEB11318.jpg,False,False,0.0,0.8651258945465088
fp32-control,WEB11319.jpg,True,True,0.7963334321975708,0.8328348398208618
fp32-control,WEB11320.jpg,True,True,0.48954638838768005,0.9131088256835938
fp32-control,WEB11321.jpg,False,False,0.0,0.5356555581092834
fp32-control,WEB11322.jpg,False,False,0.0,0.20489028096199036
fp32-control,WEB11323.jpg,False,False,0.0,0.8870571851730347
fp32-control,WEB11324.jpg,True,True,0.7386263608932495,0.7386263608932495
fp32-control,WEB11325.jpg,False,False,0.0,0.42030447721481323
fp32-control,WEB11326.jpg,False,True,0.31582367420196533,0.7475606799125671
fp32-control,WEB11327.jpg,True,True,0.34873998165130615,0.9057589173316956
fp32-control,WEB11328.jpg,False,False,0.0,0.8524179458618164
fp32-control,WEB11329.jpg,True,False,0.0,0.8632519245147705
fp32-control,WEB11330.jpg,True,True,0.29030194878578186,0.9091325402259827
fp32-control,WEB11331.jpg,False,True,0.26978468894958496,0.8697478771209717
fp32-control,WEB11332.jpg,False,True,0.21218693256378174,0.21218693256378174
fp32-control,WEB11333.jpg,True,True,0.3429018259048462,0.6999067068099976
fp32-control,WEB11334.jpg,False,False,0.0,0.8347674608230591
fp32-control,WEB11335.jpg,False,False,0.0,0.5488801002502441
fp32-control,WEB11336.jpg,False,False,0.0,0.30009448528289795
fp32-control,WEB11337.jpg,False,False,0.0,0.46089819073677063
fp32-control,WEB11338.jpg,False,False,0.0,0.8936234712600708
fp32-control,WEB11339.jpg,False,False,0.0,0.7789736986160278
fp32-control,WEB11340.jpg,False,False,0.0,0.8673734068870544
fp32-control,WEB11341.jpg,False,False,0.0,0.6829021573066711
fp32-control,WEB11342.jpg,True,True,0.7088658213615417,0.8742483854293823
fp32-control,WEB11343.jpg,False,False,0.0,0.8779301047325134
fp32-control,WEB11344.jpg,True,True,0.736685574054718,0.8882196545600891
fp32-control,WEB11345.jpg,False,False,0.0,0.9143813848495483
fp32-control,WEB11346.jpg,False,False,0.0,0.9202061295509338
fp32-control,WEB11347.jpg,False,False,0.0,0.5596275329589844
fp32-control,WEB11348.jpg,False,False,0.0,0.8973422050476074
fp32-control,WEB11349.jpg,False,False,0.0,0.6099979877471924
fp32-control,WEB11350.jpg,False,False,0.0,0.9137828350067139
fp32-control,WEB11351.jpg,False,False,0.0,0.0
fp32-control,WEB11352.jpg,False,False,0.0,0.9103273153305054
fp32-control,WEB11353.jpg,True,True,0.8258240222930908,0.8258240222930908
fp32-control,WEB11354.jpg,False,False,0.0,0.9097229242324829
fp32-control,WEB11355.jpg,False,False,0.0,0.11533558368682861
fp32-control,WEB11356.jpg,False,False,0.0,0.2678036689758301
fp32-control,WEB11357.jpg,True,True,0.5528509020805359,0.5633570551872253
fp32-control,WEB11358.jpg,False,False,0.0,0.8686805963516235
fp32-control,WEB11359.jpg,False,False,0.0,0.621437132358551
fp32-control,WEB11360.jpg,False,False,0.0,0.6205759048461914
fp32-control,WEB11361.jpg,False,False,0.0,0.9330533742904663
fp32-control,WEB11362.jpg,False,False,0.0,0.8489158153533936
fp32-control,WEB11363.jpg,False,False,0.0,0.8998461961746216
fp32-control,WEB11364.jpg,False,False,0.0,0.8927110433578491
fp32-control,WEB11365.jpg,True,True,0.8323284983634949,0.8323284983634949
fp32-control,WEB11366.jpg,False,False,0.0,0.39473390579223633
fp32-control,WEB11367.jpg,False,False,0.0,0.6618778705596924
fp32-control,WEB11368.jpg,False,False,0.0,0.6460444331169128
fp32-control,WEB11369.jpg,False,False,0.0,0.8914345502853394
fp32-control,WEB11370.jpg,False,False,0.0,0.27137625217437744
fp32-control,WEB11371.jpg,True,True,0.6791223287582397,0.6791223287582397
fp32-control,WEB11372.jpg,False,True,0.10263240337371826,0.27473390102386475
fp32-control,WEB11373.jpg,False,False,0.0,0.9169099926948547
fp32-control,WEB11374.jpg,False,False,0.0,0.9180576801300049
fp32-control,WEB11375.jpg,True,True,0.8235682845115662,0.8235682845115662
fp32-control,WEB11376.jpg,True,True,0.907713770866394,0.907713770866394
fp32-control,WEB11377.jpg,True,True,0.7051618099212646,0.8755638599395752
fp32-control,WEB11378.jpg,False,False,0.0,0.0
fp32-control,WEB11379.jpg,False,False,0.0,0.7848631739616394
fp32-control,WEB11380.jpg,False,False,0.0,0.8235416412353516
fp32-control,WEB11381.jpg,False,False,0.0,0.873943030834198
fp32-control,WEB11382.jpg,False,False,0.0,0.4480208158493042
fp32-control,WEB11383.jpg,False,False,0.0,0.7278779745101929
fp32-control,WEB11384.jpg,False,False,0.0,0.6716790199279785
fp32-control,WEB11385.jpg,False,False,0.0,0.8120198249816895
fp32-control,WEB11386.jpg,False,False,0.0,0.8716921806335449
fp32-control,WEB11387.jpg,False,False,0.0,0.7195231914520264
fp32-control,WEB11388.jpg,False,False,0.0,0.8926043510437012
fp32-control,WEB11389.jpg,False,True,0.42435118556022644,0.7641987800598145
fp32-control,WEB11390.jpg,False,False,0.0,0.9240541458129883
fp32-control,WEB11391.jpg,True,True,0.3271986246109009,0.7454066872596741
fp32-control,WEB11392.jpg,True,True,0.29227614402770996,0.8741393089294434
fp32-control,WEB11393.jpg,False,False,0.0,0.8189657926559448
fp32-control,WEB11394.jpg,False,False,0.0,0.7773972749710083
fp32-control,WEB11395.jpg,False,False,0.0,0.7702418565750122
fp32-control,WEB11396.jpg,False,False,0.0,0.246726393699646
fp32-control,WEB11397.jpg,False,False,0.0,0.0
fp32-control,WEB11398.jpg,False,False,0.0,0.1962122917175293
fp32-control,WEB11399.jpg,False,False,0.0,0.0
fp32-control,WEB11400.jpg,False,False,0.0,0.4164172112941742
fp32-control,WEB11401.jpg,False,False,0.0,0.7957503795623779
fp32-control,WEB11402.jpg,False,False,0.0,0.23484182357788086
fp32-control,WEB11403.jpg,False,True,0.6443387269973755,0.818769097328186
fp32-control,WEB11404.jpg,False,False,0.0,0.16189071536064148
fp32-control,WEB11405.jpg,False,False,0.0,0.8552818298339844
fp32-control,WEB11406.jpg,False,False,0.0,0.5003242492675781
fp32-control,WEB11407.jpg,False,False,0.0,0.12249144911766052
fp32-control,WEB11408.jpg,False,False,0.0,0.7094942331314087
fp32-control,WEB11409.jpg,False,True,0.5414064526557922,0.6929254531860352
fp32-control,WEB11410.jpg,False,False,0.0,0.9289364218711853
fp32-control,WEB11411.jpg,True,True,0.7877183556556702,0.7877183556556702
fp32-control,WEB11412.jpg,True,True,0.14510217308998108,0.8924185037612915
fp32-control,WEB11413.jpg,True,True,0.3094271421432495,0.910720705986023
fp32-control,WEB11414.jpg,False,False,0.0,0.7325607538223267
fp32-control,WEB11415.jpg,False,False,0.0,0.8816945552825928
fp32-control,WEB11416.jpg,True,True,0.8510932922363281,0.8510932922363281
fp32-control,WEB11417.jpg,False,False,0.0,0.6652090549468994
fp32-control,WEB11418.jpg,False,False,0.0,0.6369822025299072
fp32-control,WEB11419.jpg,False,False,0.0,0.6241428852081299
fp32-control,WEB11420.jpg,False,False,0.0,0.8276721239089966
fp32-control,WEB11421.jpg,False,False,0.0,0.9202877283096313
fp32-control,WEB11422.jpg,False,False,0.0,0.8169913291931152
fp32-control,WEB11423.jpg,False,False,0.0,0.6305659413337708
fp32-control,WEB11424.jpg,False,False,0.0,0.6064842343330383
fp32-control,WEB11425.jpg,True,True,0.2704203128814697,0.9078923463821411
fp32-control,WEB11426.jpg,True,True,0.602952778339386,0.602952778339386
fp32-control,WEB11427.jpg,True,True,0.43504905700683594,0.8276609182357788
fp32-control,WEB11428.jpg,False,True,0.11915752291679382,0.5765248537063599
fp32-control,WEB11429.jpg,False,True,0.22742235660552979,0.7680621147155762
fp32-control,WEB11430.jpg,True,True,0.4979228973388672,0.7519432306289673
fp32-control,WEB11431.jpg,False,True,0.16608384251594543,0.9198131561279297
fp32-control,WEB11432.jpg,True,True,0.21070057153701782,0.8063312768936157
fp32-control,WEB11433.jpg,False,False,0.0,0.23572969436645508
fp32-control,WEB11434.jpg,True,True,0.667034387588501,0.9166535139083862
fp32-control,WEB11435.jpg,True,True,0.6742010712623596,0.8518244028091431
fp32-control,WEB11436.jpg,False,False,0.0,0.855228066444397
fp32-control,WEB11437.jpg,True,True,0.8115710020065308,0.8115710020065308
fp32-control,WEB11438.jpg,True,False,0.0,0.8202323913574219
fp32-control,WEB11439.jpg,True,True,0.4475179612636566,0.8219923973083496
fp32-control,WEB11440.jpg,False,False,0.0,0.7332589626312256
fp32-control,WEB11441.jpg,False,False,0.0,0.5095788240432739
fp32-control,WEB11442.jpg,False,False,0.0,0.2107086479663849
fp32-control,WEB11443.jpg,True,True,0.2796332836151123,0.7264777421951294
fp32-control,WEB11444.jpg,True,True,0.6113971471786499,0.7145307660102844
fp32-control,WEB11445.jpg,True,False,0.0,0.8239968419075012
fp32-control,WEB11446.jpg,True,True,0.8423488140106201,0.8752654790878296
fp32-control,WEB11447.jpg,True,True,0.4079594612121582,0.9209736585617065
fp32-control,WEB11448.jpg,False,False,0.0,0.2085602581501007
fp32-control,WEB11449.jpg,False,False,0.0,0.9319136738777161
fp32-control,WEB11450.jpg,False,False,0.0,0.8732856512069702
fp32-control,WEB11451.jpg,False,False,0.0,0.8869023323059082
fp32-control,WEB11452.jpg,False,False,0.0,0.881054162979126
fp32-control,WEB11453.jpg,False,False,0.0,0.8805826902389526
fp32-control,WEB11454.jpg,False,False,0.0,0.9063088297843933
fp32-control,WEB11455.jpg,False,False,0.0,0.8978941440582275
fp32-control,WEB11456.jpg,False,False,0.0,0.8783292770385742
fp32-control,WEB11457.jpg,True,True,0.47880253195762634,0.8684325218200684
fp32-control,WEB11458.jpg,False,False,0.0,0.8906662464141846
fp32-control,WEB11459.jpg,True,True,0.2859426438808441,0.8914748430252075
fp32-control,WEB11460.jpg,True,True,0.16073349118232727,0.9074099063873291
fp32-control,WEB11461.jpg,False,False,0.0,0.7387418746948242
fp32-control,WEB11462.jpg,False,False,0.0,0.6877360939979553
fp32-control,WEB11463.jpg,False,False,0.0,0.9018727540969849
fp32-control,WEB11464.jpg,False,False,0.0,0.6102684140205383
fp32-control,WEB11465.jpg,False,False,0.0,0.31597965955734253
fp32-control,WEB11466.jpg,False,False,0.0,0.5258918404579163
fp32-control,WEB11467.jpg,False,False,0.0,0.5049503445625305
fp32-control,WEB11468.jpg,False,False,0.0,0.3220405578613281
fp32-control,WEB11469.jpg,False,False,0.0,0.7603753805160522
fp32-control,WEB11470.jpg,False,False,0.0,0.8810093402862549
fp32-control,WEB11471.jpg,False,False,0.0,0.8527592420578003
fp32-control,WEB11472.jpg,False,False,0.0,0.7952097654342651
fp32-control,WEB11473.jpg,False,False,0.0,0.9350399971008301
fp32-control,WEB11474.jpg,False,False,0.0,0.7641564607620239
fp32-control,WEB11475.jpg,False,False,0.0,0.9364652633666992
fp32-control,WEB11476.jpg,False,False,0.0,0.4803244173526764
fp32-control,WEB11477.jpg,False,False,0.0,0.32354143261909485
fp32-control,WEB11478.jpg,False,False,0.0,0.8116074204444885
fp32-control,WEB11479.jpg,False,False,0.0,0.5518438220024109
fp32-control,WEB11480.jpg,False,False,0.0,0.577079713344574
fp32-control,WEB11481.jpg,False,False,0.0,0.2152271568775177
fp32-control,WEB11482.jpg,False,False,0.0,0.895609974861145
fp32-control,WEB11483.jpg,True,True,0.6011722087860107,0.9138240814208984
fp32-control,WEB11484.jpg,True,True,0.80352783203125,0.80352783203125
fp32-control,WEB11485.jpg,False,False,0.0,0.8766232132911682
fp32-control,WEB11486.jpg,True,True,0.584124743938446,0.7959634065628052
fp32-control,WEB11487.jpg,True,True,0.3727598190307617,0.879016101360321
fp32-control,WEB11488.jpg,False,False,0.0,0.6459935903549194
fp32-control,WEB11489.jpg,False,False,0.0,0.9322885274887085
fp32-control,WEB11490.jpg,False,False,0.0,0.807977557182312
fp32-control,WEB11491.jpg,False,False,0.0,0.9252805709838867
fp32-control,WEB11492.jpg,False,False,0.0,0.8954248428344727
fp32-control,WEB11493.jpg,False,False,0.0,0.932269811630249
fp32-control,WEB11494.jpg,False,False,0.0,0.4246435761451721
fp32-control,WEB11495.jpg,False,False,0.0,0.13540804386138916
fp32-control,WEB11496.jpg,False,False,0.0,0.7493711113929749
fp32-control,WEB11497.jpg,False,False,0.0,0.43027767539024353
fp32-control,WEB11498.jpg,False,False,0.0,0.8799275159835815
fp32-control,WEB11499.jpg,False,False,0.0,0.6246886849403381
fp32-control,WEB11500.jpg,False,False,0.0,0.37000730633735657
fp32-control,WEB11501.jpg,False,False,0.0,0.8183004856109619
fp32-control,WEB11502.jpg,False,False,0.0,0.8824379444122314
fp32-control,WEB11503.jpg,False,False,0.0,0.2574019432067871
fp32-control,WEB11504.jpg,False,True,0.2557099461555481,0.870410144329071
fp32-control,WEB11505.jpg,False,False,0.0,0.8478744029998779
fp32-control,WEB11506.jpg,False,False,0.0,0.8940035104751587
fp32-control,WEB11507.jpg,False,False,0.0,0.44024115800857544
fp32-control,WEB11508.jpg,False,False,0.0,0.6247330904006958
fp32-control,WEB11509.jpg,False,False,0.0,0.8556321859359741
fp32-control,WEB11510.jpg,False,False,0.0,0.7707906365394592
fp32-control,WEB11511.jpg,False,True,0.11958327889442444,0.6638873219490051
fp32-control,WEB11512.jpg,False,False,0.0,0.8356450796127319
fp32-control,WEB11513.jpg,False,True,0.6355823278427124,0.8518867492675781
fp32-control,WEB11514.jpg,True,True,0.6330279111862183,0.9012826681137085
fp32-control,WEB11515.jpg,True,True,0.5119324922561646,0.9360208511352539
fp32-control,WEB11516.jpg,False,False,0.0,0.7068272829055786
fp32-control,WEB11517.jpg,True,True,0.6939027309417725,0.8373016715049744
fp32-control,WEB11518.jpg,True,True,0.7474958896636963,0.8672417402267456
fp32-control,WEB11519.jpg,True,True,0.4161513149738312,0.7710325717926025
fp32-control,WEB11520.jpg,True,True,0.5111518502235413,0.8711985349655151
fp32-control,WEB11521.jpg,True,True,0.4080874025821686,0.9073439836502075
fp32-control,WEB11522.jpg,True,True,0.6693296432495117,0.850121021270752
fp32-control,WEB11523.jpg,False,False,0.0,0.933695912361145
fp32-control,WEB11524.jpg,True,True,0.3676051199436188,0.7633262872695923
fp32-control,WEB11525.jpg,True,True,0.21679019927978516,0.8779211044311523
fp32-control,WEB11526.jpg,True,True,0.5517223477363586,0.6788589954376221
fp32-control,WEB11527.jpg,False,True,0.11809718608856201,0.6061067581176758
fp32-control,WEB11528.jpg,True,True,0.7245542407035828,0.799038290977478
fp32-control,WEB11529.jpg,False,False,0.0,0.797284722328186
fp32-control,WEB11530.jpg,False,False,0.0,0.8622493743896484
fp32-control,WEB11531.jpg,False,False,0.0,0.1381683647632599
fp32-control,WEB11532.jpg,True,True,0.21708491444587708,0.9290348887443542
fp32-control,WEB11533.jpg,True,True,0.4570782780647278,0.8342435956001282
fp32-control,WEB11534.jpg,True,True,0.7573424577713013,0.9168555736541748
fp32-control,WEB11535.jpg,False,False,0.0,0.7732211351394653
fp32-control,WEB11536.jpg,False,False,0.0,0.7599747776985168
fp32-control,WEB11537.jpg,True,True,0.4057353436946869,0.4057353436946869
fp32-control,WEB11538.jpg,False,False,0.0,0.8597853183746338
fp32-control,WEB11539.jpg,True,True,0.37515223026275635,0.9015343189239502
fp32-control,WEB11540.jpg,True,True,0.4705040156841278,0.905960738658905
fp32-control,WEB11541.jpg,True,True,0.5378915667533875,0.9032841920852661
fp32-control,WEB11542.jpg,True,True,0.8277977705001831,0.9100501537322998
fp32-control,WEB11543.jpg,False,True,0.1608688235282898,0.9334412813186646
fp32-control,WEB11544.jpg,True,True,0.38621869683265686,0.9260018467903137
fp32-control,WEB11545.jpg,False,False,0.0,0.9372444152832031
fp32-control,WEB11546.jpg,False,False,0.0,0.9320015907287598
fp32-control,WEB11547.jpg,False,False,0.0,0.9036931991577148
fp32-control,WEB11548.jpg,False,False,0.0,0.9332646727561951
fp32-control,WEB11549.jpg,False,False,0.0,0.9299840331077576
fp32-control,WEB11550.jpg,False,False,0.0,0.9302102327346802
fp32-control,WEB11551.jpg,False,False,0.0,0.9061554670333862
fp32-control,WEB11552.jpg,False,False,0.0,0.6931965351104736
fp32-control,WEB11553.jpg,True,True,0.712154746055603,0.9457062482833862
fp32-control,WEB11554.jpg,False,False,0.0,0.9145512580871582
fp32-control,WEB11555.jpg,False,False,0.0,0.9008039236068726
fp32-control,WEB11556.jpg,False,False,0.0,0.9150602221488953
fp32-control,WEB11557.jpg,False,False,0.0,0.9050720930099487
fp32-control,WEB11558.jpg,False,False,0.0,0.9141656756401062
fp32-control,WEB11559.jpg,True,True,0.5187106728553772,0.5187106728553772
fp32-control,WEB11560.jpg,False,False,0.0,0.49851512908935547
fp32-control,WEB11561.jpg,False,False,0.0,0.8656889796257019
fp32-control,WEB11562.jpg,False,False,0.0,0.9129482507705688
fp32-control,WEB11563.jpg,False,False,0.0,0.510542631149292
fp32-control,WEB11564.jpg,False,False,0.0,0.909732460975647
fp32-control,WEB11565.jpg,False,False,0.0,0.20346909761428833
fp32-control,WEB11566.jpg,True,True,0.4191691279411316,0.8960544466972351
fp32-control,WEB11567.jpg,True,True,0.4265024960041046,0.8758214712142944
fp32-control,WEB11568.jpg,False,False,0.0,0.8089853525161743
fp32-control,WEB11569.jpg,False,False,0.0,0.895565390586853
fp32-control,WEB11570.jpg,False,False,0.0,0.8434377908706665
fp32-control,WEB11571.jpg,False,False,0.0,0.8796834945678711
fp32-control,WEB11572.jpg,False,False,0.0,0.7311501502990723
fp32-control,WEB11573.jpg,False,False,0.0,0.45916682481765747
fp32-control,WEB11574.jpg,False,False,0.0,0.4652332663536072
fp32-control,WEB11575.jpg,False,False,0.0,0.6810468435287476
fp32-control,WEB11576.jpg,True,True,0.6141101717948914,0.8385213613510132
fp32-control,WEB11577.jpg,False,False,0.0,0.7042983770370483
fp32-control,WEB11578.jpg,False,False,0.0,0.927266001701355
fp32-control,WEB11579.jpg,True,True,0.34475836157798767,0.8945755958557129
fp32-control,WEB11580.jpg,False,False,0.0,0.6212687492370605
fp32-control,WEB11581.jpg,False,False,0.0,0.7666308879852295
fp32-control,WEB11582.jpg,True,True,0.4050784409046173,0.909216046333313
fp32-control,WEB11583.jpg,True,True,0.1332589089870453,0.913745105266571
fp32-control,WEB11584.jpg,False,True,0.29993605613708496,0.9139581322669983
fp32-control,WEB11585.jpg,False,False,0.0,0.44962024688720703
fp32-control,WEB11586.jpg,False,False,0.0,0.5446941256523132
fp32-control,WEB11587.jpg,False,False,0.0,0.910746693611145
fp32-control,WEB11588.jpg,False,False,0.0,0.35564517974853516
fp32-control,WEB11589.jpg,False,False,0.0,0.7629209756851196
fp32-control,WEB11590.jpg,False,False,0.0,0.7020013332366943
fp32-control,WEB11591.jpg,False,False,0.0,0.8758640289306641
fp32-control,WEB11592.jpg,False,False,0.0,0.30344903469085693
fp32-control,WEB11593.jpg,False,False,0.0,0.6317720413208008
fp32-control,WEB11594.jpg,False,False,0.0,0.9161936044692993
fp32-control,WEB11595.jpg,True,True,0.5445111989974976,0.8732856512069702
fp32-control,WEB11596.jpg,False,False,0.0,0.9175418615341187
fp32-control,WEB11597.jpg,False,False,0.0,0.5663492679595947
fp32-control,WEB11598.jpg,False,False,0.0,0.8941957950592041
fp32-control,WEB11599.jpg,True,True,0.18711340427398682,0.42720767855644226
fp32-control,WEB11600.jpg,False,False,0.0,0.903434693813324
fp32-control,WEB11601.jpg,True,True,0.778283953666687,0.8568727970123291
fp32-control,WEB11602.jpg,False,False,0.0,0.8811507225036621
fp32-control,WEB11603.jpg,True,True,0.644819438457489,0.644819438457489
fp32-control,WEB11604.jpg,False,False,0.0,0.6386356353759766
fp32-control,WEB11605.jpg,False,False,0.0,0.9158098697662354
fp32-control,WEB11606.jpg,True,True,0.5624815225601196,0.7688702344894409
fp32-control,WEB11607.jpg,False,False,0.0,0.9226081371307373
fp32-control,WEB11608.jpg,True,True,0.5588277578353882,0.9391307830810547
fp32-control,WEB11609.jpg,False,True,0.10585680603981018,0.9281502962112427
fp32-control,WEB11610.jpg,True,True,0.149183452129364,0.9183965921401978
fp32-control,WEB11611.jpg,True,True,0.33889085054397583,0.9043369889259338
fp32-control,WEB11612.jpg,True,True,0.5718801021575928,0.8967022895812988
fp32-control,WEB11613.jpg,True,True,0.7875368595123291,0.8289822936058044
fp32-control,WEB11614.jpg,False,False,0.0,0.6974806189537048
fp32-control,WEB11615.jpg,False,True,0.16175708174705505,0.9168285131454468
fp32-control,WEB11616.jpg,True,True,0.2631329596042633,0.9274091720581055
fp32-control,WEB11617.jpg,True,True,0.2642773985862732,0.9044440984725952
fp32-control,WEB11618.jpg,True,True,0.6442102193832397,0.9176796674728394
fp32-control,WEB11619.jpg,True,True,0.17996513843536377,0.9231857061386108
fp32-control,WEB11620.jpg,False,True,0.28038519620895386,0.8578410744667053
fp32-control,WEB11621.jpg,False,True,0.29453641176223755,0.3433104455471039
fp32-control,WEB11622.jpg,False,False,0.0,0.8914633989334106
fp32-control,WEB11623.jpg,False,False,0.0,0.8478967547416687
fp32-control,WEB11624.jpg,False,False,0.0,0.8386571407318115
fp32-control,WEB11625.jpg,True,True,0.5416430234909058,0.9007963538169861
fp32-control,WEB11626.jpg,False,False,0.0,0.6762394905090332
fp32-control,WEB11627.jpg,True,True,0.4414050579071045,0.8991068601608276
fp32-control,WEB11628.jpg,False,False,0.0,0.902384877204895
fp32-control,WEB11629.jpg,False,False,0.0,0.8902838230133057
fp32-control,WEB11630.jpg,False,False,0.0,0.8965859413146973
fp32-control,WEB11631.jpg,False,False,0.0,0.8646558523178101
fp32-control,WEB11632.jpg,False,False,0.0,0.8740395307540894
fp32-control,WEB11633.jpg,False,False,0.0,0.8931548595428467
fp32-control,WEB11634.jpg,True,True,0.7474361658096313,0.7765520811080933
fp32-control,WEB11635.jpg,False,False,0.0,0.9178275465965271
fp32-control,WEB11636.jpg,True,True,0.7897216081619263,0.7897216081619263
fp32-control,WEB11637.jpg,True,True,0.855357825756073,0.902475118637085
fp32-control,WEB11638.jpg,True,True,0.7759897708892822,0.9024257659912109
fp32-control,WEB11639.jpg,True,True,0.8195325136184692,0.8195325136184692
fp32-control,WEB11640.jpg,False,False,0.0,0.9012539982795715
fp32-control,WEB11641.jpg,False,False,0.0,0.727479100227356
fp32-control,WEB11642.jpg,False,False,0.0,0.8154538869857788
fp32-control,WEB11643.jpg,True,True,0.7109944820404053,0.8144237995147705
fp32-control,WEB11644.jpg,True,True,0.7288751602172852,0.7288751602172852
fp32-control,WEB11645.jpg,True,True,0.48639073967933655,0.48639073967933655
fp32-control,WEB11646.jpg,True,True,0.7694035768508911,0.7694035768508911
fp32-control,WEB11647.jpg,True,True,0.7710037231445312,0.7710037231445312
fp32-control,WEB11648.jpg,True,True,0.6390161514282227,0.8978472948074341
fp32-control,WEB11649.jpg,True,True,0.7342738509178162,0.9003280401229858
fp32-control,WEB11650.jpg,False,False,0.0,0.28624123334884644
fp32-control,WEB11651.jpg,True,True,0.24059593677520752,0.9000980854034424
fp32-control,WEB11652.jpg,True,True,0.3920643925666809,0.9225927591323853
fp32-control,WEB11653.jpg,False,False,0.0,0.4560454189777374
fp32-control,WEB11654.jpg,True,True,0.611923336982727,0.8909832239151001
fp32-control,WEB11655.jpg,True,True,0.6044773459434509,0.8189478516578674
fp32-control,WEB11656.jpg,False,False,0.0,0.7861785888671875
fp32-control,WEB11657.jpg,True,True,0.16225787997245789,0.7698649764060974
fp32-control,WEB11658.jpg,True,True,0.6034873723983765,0.7598329186439514
fp32-control,WEB11659.jpg,True,True,0.6354655027389526,0.8689368963241577
fp32-control,WEB11660.jpg,True,True,0.6309176683425903,0.6309176683425903
fp32-control,WEB11661.jpg,True,True,0.22978517413139343,0.9261435270309448
fp32-control,WEB11662.jpg,True,True,0.689401388168335,0.9022102355957031
fp32-control,WEB11663.jpg,True,True,0.7090818881988525,0.9216322898864746
fp32-control,WEB11664.jpg,False,True,0.4890992045402527,0.8649188280105591
fp32-control,WEB11665.jpg,True,True,0.288523405790329,0.288523405790329
fp32-control,WEB11666.jpg,False,False,0.0,0.0
fp32-control,WEB11667.jpg,True,True,0.7521041631698608,0.799410343170166
fp32-control,WEB11668.jpg,True,True,0.7661789655685425,0.8267276287078857
fp32-control,WEB11669.jpg,True,True,0.7663723826408386,0.7663723826408386
fp32-control,WEB11670.jpg,False,False,0.0,0.0
fp32-control,WEB11671.jpg,False,False,0.0,0.6490625143051147
fp32-control,WEB11672.jpg,True,True,0.5458277463912964,0.8673104047775269
fp32-control,WEB11673.jpg,False,False,0.0,0.6765104532241821
fp32-control,WEB11674.jpg,False,False,0.0,0.8514814972877502
fp32-control,WEB11675.jpg,False,False,0.0,0.9064832925796509
fp32-control,WEB11676.jpg,False,False,0.0,0.9267021417617798
fp32-control,WEB11677.jpg,False,False,0.0,0.6947299838066101
fp32-control,WEB11678.jpg,False,True,0.15757188200950623,0.22990968823432922
fp32-control,WEB11679.jpg,True,True,0.7710734605789185,0.7710734605789185
fp32-control,WEB11680.jpg,False,False,0.0,0.8279979825019836
fp32-control,WEB11681.jpg,False,False,0.0,0.826924204826355
fp32-control,WEB11682.jpg,False,False,0.0,0.7966804504394531
fp32-control,WEB11683.jpg,False,False,0.0,0.42112213373184204
fp32-control,WEB11684.jpg,True,True,0.9062340259552002,0.9062340259552002
fp32-control,WEB11685.jpg,False,True,0.12849366664886475,0.8681331872940063
fp32-control,WEB11686.jpg,False,False,0.0,0.7975637316703796
fp32-control,WEB11687.jpg,False,False,0.0,0.9042899012565613
fp32-control,WEB11688.jpg,False,False,0.0,0.7195260524749756
fp32-control,WEB11689.jpg,False,False,0.0,0.1573646068572998
fp32-control,WEB11690.jpg,True,True,0.7557786703109741,0.7557786703109741
fp32-control,WEB11691.jpg,True,True,0.6724045872688293,0.6724045872688293
fp32-control,WEB11692.jpg,True,True,0.5075341463088989,0.9191101789474487
fp32-control,WEB11693.jpg,False,False,0.0,0.8948580026626587
fp32-control,WEB11694.jpg,False,False,0.0,0.6859842538833618
fp32-control,WEB11695.jpg,False,False,0.0,0.9057914614677429
fp32-control,WEB11696.jpg,False,False,0.0,0.0
fp32-control,WEB11697.jpg,False,False,0.0,0.8769634962081909
fp32-control,WEB11698.jpg,False,False,0.0,0.3880157172679901
fp32-control,WEB11699.jpg,True,True,0.22547605633735657,0.8215583562850952
fp32-control,WEB11700.jpg,False,False,0.0,0.85441654920578
fp32-control,WEB11701.jpg,False,False,0.0,0.9162163734436035
fp32-control,WEB11702.jpg,False,False,0.0,0.7313194870948792
fp32-control,WEB11703.jpg,True,True,0.2137569785118103,0.8192771077156067
fp32-control,WEB11704.jpg,True,True,0.7033464908599854,0.9479446411132812
fp32-control,WEB11705.jpg,True,True,0.49982476234436035,0.898564338684082
fp32-control,WEB11706.jpg,True,True,0.7333644032478333,0.8071392178535461
fp32-control,WEB11707.jpg,False,False,0.0,0.6410902142524719
fp32-control,WEB11708.jpg,False,False,0.0,0.867851972579956
fp32-control,WEB11709.jpg,False,False,0.0,0.7572816610336304
fp32-control,WEB11710.jpg,False,False,0.0,0.18378767371177673
fp32-control,WEB11711.jpg,False,False,0.0,0.9219921827316284
fp32-control,WEB11712.jpg,False,False,0.0,0.3634018898010254
fp32-control,WEB11713.jpg,True,True,0.1554204821586609,0.5424110889434814
fp32-control,WEB11714.jpg,True,True,0.4099638760089874,0.8227713704109192
fp32-control,WEB11715.jpg,False,False,0.0,0.4965655207633972
fp32-control,WEB11716.jpg,False,False,0.0,0.909978985786438
fp32-control,WEB11717.jpg,True,True,0.34244224429130554,0.9020620584487915
fp32-control,WEB11718.jpg,False,False,0.0,0.544377326965332
fp32-control,WEB11719.jpg,True,True,0.5943670868873596,0.7795822620391846
fp32-control,WEB11720.jpg,False,False,0.0,0.6718651056289673
fp32-control,WEB11721.jpg,True,True,0.7906368970870972,0.7906368970870972
fp32-control,WEB11722.jpg,False,False,0.0,0.15257909893989563
fp32-control,WEB11723.jpg,False,False,0.0,0.9358927011489868
fp32-control,WEB11724.jpg,False,False,0.0,0.6593929529190063
fp32-control,WEB11725.jpg,False,False,0.0,0.43177440762519836
fp32-control,WEB11726.jpg,False,False,0.0,0.8720196485519409
fp32-control,WEB11727.jpg,False,False,0.0,0.43606579303741455
fp32-control,WEB11728.jpg,False,False,0.0,0.5395008325576782
fp32-control,WEB11729.jpg,True,False,0.0,0.6176151037216187
fp32-control,WEB11730.jpg,True,True,0.15207171440124512,0.8382806777954102
fp32-control,WEB11731.jpg,False,False,0.0,0.6977767944335938
fp32-control,WEB11732.jpg,False,False,0.0,0.9099817276000977
fp32-control,WEB11733.jpg,False,False,0.0,0.42893150448799133
fp32-control,WEB11734.jpg,True,True,0.2851223349571228,0.9439277052879333
fp32-control,WEB11735.jpg,False,False,0.0,0.6309577822685242
fp32-control,WEB11736.jpg,False,False,0.0,0.7987250089645386
fp32-control,WEB11737.jpg,True,True,0.24880963563919067,0.9060896039009094
fp32-control,WEB11738.jpg,False,False,0.0,0.0
fp32-control,WEB11739.jpg,False,False,0.0,0.8986726999282837
fp32-control,WEB11740.jpg,False,False,0.0,0.2235947549343109
fp32-control,WEB11741.jpg,True,False,0.0,0.7644034624099731
fp32-control,WEB11742.jpg,True,False,0.0,0.8989183902740479
fp32-control,WEB11743.jpg,False,False,0.0,0.8261221647262573
fp32-control,WEB11744.jpg,False,False,0.0,0.2266756296157837
fp32-control,WEB11745.jpg,False,False,0.0,0.42909398674964905
fp32-control,WEB11746.jpg,False,True,0.13693517446517944,0.43820077180862427
fp32-control,WEB11747.jpg,False,False,0.0,0.12225201725959778
fp32-control,WEB11748.jpg,False,True,0.11895507574081421,0.8307844400405884
fp32-control,WEB11749.jpg,False,False,0.0,0.47731277346611023
fp32-control,WEB11750.jpg,False,False,0.0,0.7021334767341614
fp32-control,WEB11751.jpg,False,False,0.0,0.6690120697021484
fp32-control,WEB11752.jpg,False,False,0.0,0.9166982173919678
fp32-control,WEB11753.jpg,False,False,0.0,0.0
fp32-control,WEB11754.jpg,False,False,0.0,0.8933267593383789
fp32-control,WEB11755.jpg,False,False,0.0,0.7852138876914978
fp32-control,WEB11756.jpg,False,True,0.2844037413597107,0.8435056805610657
fp32-control,WEB11757.jpg,True,True,0.5993314981460571,0.8284282684326172
fp32-control,WEB11758.jpg,False,False,0.0,0.8295600414276123
fp32-control,WEB11759.jpg,True,False,0.0,0.8710113763809204
fp32-control,WEB11760.jpg,True,True,0.35762691497802734,0.9234610795974731
fp32-control,WEB11761.jpg,False,False,0.0,0.7816770076751709
fp32-control,WEB11762.jpg,False,False,0.0,0.931097149848938
fp32-control,WEB11763.jpg,False,False,0.0,0.4698445200920105
fp32-control,WEB11764.jpg,False,False,0.0,0.7108832597732544
fp32-control,WEB11765.jpg,False,False,0.0,0.6244959235191345
fp32-control,WEB11766.jpg,False,False,0.0,0.6456422209739685
fp32-control,WEB11767.jpg,False,False,0.0,0.9079347252845764
fp32-control,WEB11768.jpg,False,False,0.0,0.2281419038772583
fp32-control,WEB11769.jpg,False,False,0.0,0.3556675910949707
fp32-control,WEB11770.jpg,True,True,0.7407863140106201,0.7407863140106201
fp32-control,WEB11771.jpg,False,False,0.0,0.5136550068855286
fp32-control,WEB11772.jpg,False,False,0.0,0.7541259527206421
fp32-control,WEB11773.jpg,False,False,0.0,0.7869042158126831
fp32-control,WEB11774.jpg,False,False,0.0,0.8874640464782715
fp32-control,WEB11775.jpg,True,True,0.5836196541786194,0.842942476272583
fp32-control,WEB11776.jpg,False,False,0.0,0.4416610300540924
fp32-control,WEB11777.jpg,True,True,0.15298640727996826,0.9087681770324707
fp32-control,WEB11778.jpg,False,False,0.0,0.44903090596199036
fp32-control,WEB11779.jpg,False,False,0.0,0.9239668846130371
fp32-control,WEB11780.jpg,False,False,0.0,0.8023054599761963
fp32-control,WEB11781.jpg,False,False,0.0,0.4303814768791199
fp32-control,WEB11782.jpg,True,True,0.32474368810653687,0.9006449580192566
fp32-control,WEB11783.jpg,False,True,0.4672735929489136,0.4672735929489136
fp32-control,WEB11784.jpg,False,False,0.0,0.20852351188659668
fp32-control,WEB11785.jpg,True,False,0.0,0.4572918713092804
fp32-control,WEB11786.jpg,False,False,0.0,0.9098501801490784
fp32-control,WEB11787.jpg,False,False,0.0,0.7373775243759155
fp32-control,WEB11788.jpg,False,False,0.0,0.7990734577178955
fp32-control,WEB11789.jpg,False,False,0.0,0.8944716453552246
fp32-control,WEB11790.jpg,False,False,0.0,0.9089378118515015
fp32-control,WEB11791.jpg,False,False,0.0,0.8954704999923706
fp32-control,WEB11792.jpg,False,False,0.0,0.9169713258743286
fp32-control,WEB11793.jpg,False,False,0.0,0.8519729971885681
fp32-control,WEB11794.jpg,False,False,0.0,0.8453469276428223
fp32-control,WEB11795.jpg,False,False,0.0,0.6927536129951477
fp32-control,WEB11796.jpg,False,False,0.0,0.8629796504974365
fp32-control,WEB11797.jpg,True,True,0.22223049402236938,0.9105978012084961
fp32-control,WEB11798.jpg,False,False,0.0,0.8720836639404297
fp32-control,WEB11799.jpg,True,True,0.2775990962982178,0.8795372843742371
fp32-control,WEB11800.jpg,False,False,0.0,0.914459228515625
fp32-control,WEB11801.jpg,False,False,0.0,0.7090195417404175
fp32-control,WEB11802.jpg,True,True,0.8408631086349487,0.8408631086349487
fp32-control,WEB11803.jpg,True,True,0.5057291984558105,0.5057291984558105
fp32-control,WEB11804.jpg,False,False,0.0,0.9283230304718018
fp32-control,WEB11805.jpg,True,True,0.5891634821891785,0.8364678621292114
fp32-control,WEB11806.jpg,False,False,0.0,0.6870002746582031
int8-head-fp32,AoF06723.jpg,False,False,0.0,0.0
int8-head-fp32,AoF06724.jpg,False,False,0.0,0.0
int8-head-fp32,AoF06725.jpg,False,False,0.0,0.0
int8-head-fp32,AoF06726.jpg,False,False,0.0,0.0
int8-head-fp32,AoF06727.jpg,False,False,0.0,0.0
int8-head-fp32,AoF06728.jpg,False,False,0.0,0.0
int8-head-fp32,AoF06729.jpg,False,False,0.0,0.0
int8-head-fp32,AoF06730.jpg,False,False,0.0,0.0
int8-head-fp32,AoF06731.jpg,False,False,0.0,0.0
int8-head-fp32,AoF06732.jpg,False,False,0.0,0.0
int8-head-fp32,AoF06733.jpg,False,False,0.0,0.0
int8-head-fp32,AoF06734.jpg,False,False,0.0,0.0
int8-head-fp32,AoF06735.jpg,False,False,0.0,0.0
int8-head-fp32,AoF06736.jpg,False,False,0.0,0.0
int8-head-fp32,AoF06737.jpg,False,False,0.0,0.0
int8-head-fp32,AoF06738.jpg,False,False,0.0,0.0
int8-head-fp32,AoF06739.jpg,False,False,0.0,0.0
int8-head-fp32,AoF06740.jpg,False,False,0.0,0.0
int8-head-fp32,AoF06741.jpg,False,False,0.0,0.0
int8-head-fp32,AoF06742.jpg,False,False,0.0,0.0
int8-head-fp32,AoF06743.jpg,False,False,0.0,0.0
int8-head-fp32,AoF06744.jpg,False,False,0.0,0.0
int8-head-fp32,AoF06745.jpg,False,False,0.0,0.0
int8-head-fp32,AoF06746.jpg,False,False,0.0,0.0
int8-head-fp32,AoF06747.jpg,False,False,0.0,0.0
int8-head-fp32,AoF06748.jpg,False,False,0.0,0.0
int8-head-fp32,AoF06749.jpg,False,False,0.0,0.0
int8-head-fp32,AoF06750.jpg,False,False,0.0,0.0
int8-head-fp32,AoF06751.jpg,False,False,0.0,0.0
int8-head-fp32,AoF06752.jpg,False,False,0.0,0.0
int8-head-fp32,AoF06753.jpg,False,False,0.0,0.0
int8-head-fp32,AoF06754.jpg,False,False,0.0,0.0
int8-head-fp32,AoF06755.jpg,False,False,0.0,0.0
int8-head-fp32,AoF06756.jpg,False,False,0.0,0.0
int8-head-fp32,AoF06757.jpg,False,False,0.0,0.0
int8-head-fp32,AoF06758.jpg,False,False,0.0,0.0
int8-head-fp32,AoF06759.jpg,False,False,0.0,0.0
int8-head-fp32,AoF06760.jpg,False,False,0.0,0.0
int8-head-fp32,AoF06761.jpg,False,False,0.0,0.0
int8-head-fp32,AoF06762.jpg,False,False,0.0,0.0
int8-head-fp32,AoF06763.jpg,False,False,0.0,0.0
int8-head-fp32,AoF06764.jpg,False,False,0.0,0.0
int8-head-fp32,AoF06765.jpg,False,False,0.0,0.0
int8-head-fp32,AoF06766.jpg,False,False,0.0,0.0
int8-head-fp32,AoF06767.jpg,False,False,0.0,0.0
int8-head-fp32,AoF06768.jpg,False,False,0.0,0.0
int8-head-fp32,AoF06769.jpg,False,False,0.0,0.0
int8-head-fp32,AoF06770.jpg,False,False,0.0,0.0
int8-head-fp32,AoF06771.jpg,False,False,0.0,0.0
int8-head-fp32,AoF06772.jpg,False,False,0.0,0.0
int8-head-fp32,AoF06773.jpg,False,False,0.0,0.0
int8-head-fp32,AoF06774.jpg,False,False,0.0,0.0
int8-head-fp32,AoF06775.jpg,False,False,0.0,0.0
int8-head-fp32,AoF06776.jpg,False,False,0.0,0.0
int8-head-fp32,AoF06777.jpg,False,False,0.0,0.0
int8-head-fp32,AoF06778.jpg,False,False,0.0,0.0
int8-head-fp32,AoF06779.jpg,False,False,0.0,0.0
int8-head-fp32,AoF06780.jpg,False,False,0.0,0.0
int8-head-fp32,AoF06781.jpg,False,False,0.0,0.0
int8-head-fp32,AoF06782.jpg,False,False,0.0,0.0
int8-head-fp32,AoF06783.jpg,False,False,0.0,0.0
int8-head-fp32,AoF06784.jpg,False,False,0.0,0.0
int8-head-fp32,AoF06785.jpg,False,False,0.0,0.0
int8-head-fp32,AoF06786.jpg,False,False,0.0,0.0
int8-head-fp32,AoF06787.jpg,False,False,0.0,0.0
int8-head-fp32,AoF06788.jpg,False,False,0.0,0.0
int8-head-fp32,AoF06789.jpg,False,False,0.0,0.0
int8-head-fp32,AoF06790.jpg,False,False,0.0,0.11414942890405655
int8-head-fp32,AoF06791.jpg,False,False,0.0,0.0
int8-head-fp32,AoF06792.jpg,False,False,0.0,0.0
int8-head-fp32,AoF06793.jpg,False,False,0.0,0.0
int8-head-fp32,AoF06794.jpg,False,False,0.0,0.0
int8-head-fp32,AoF06795.jpg,False,False,0.0,0.0
int8-head-fp32,AoF06796.jpg,False,False,0.0,0.0
int8-head-fp32,AoF06797.jpg,False,False,0.0,0.0
int8-head-fp32,AoF06798.jpg,False,False,0.0,0.0
int8-head-fp32,AoF06799.jpg,False,False,0.0,0.0
int8-head-fp32,AoF06800.jpg,False,False,0.0,0.0
int8-head-fp32,AoF06801.jpg,False,False,0.0,0.0
int8-head-fp32,AoF06802.jpg,False,False,0.0,0.0
int8-head-fp32,AoF06803.jpg,False,False,0.0,0.0
int8-head-fp32,AoF06804.jpg,False,False,0.0,0.0
int8-head-fp32,AoF06805.jpg,False,False,0.0,0.0
int8-head-fp32,AoF06806.jpg,False,False,0.0,0.0
int8-head-fp32,AoF06807.jpg,False,False,0.0,0.0
int8-head-fp32,AoF06808.jpg,False,False,0.0,0.0
int8-head-fp32,AoF06809.jpg,False,False,0.0,0.0
int8-head-fp32,AoF06810.jpg,False,False,0.0,0.0
int8-head-fp32,AoF06811.jpg,False,False,0.0,0.0
int8-head-fp32,AoF06812.jpg,False,False,0.0,0.0
int8-head-fp32,AoF06813.jpg,False,False,0.0,0.0
int8-head-fp32,AoF06814.jpg,False,False,0.0,0.0
int8-head-fp32,AoF06815.jpg,False,False,0.0,0.0
int8-head-fp32,AoF06816.jpg,False,False,0.0,0.0
int8-head-fp32,AoF06817.jpg,False,False,0.0,0.0
int8-head-fp32,AoF06818.jpg,False,False,0.0,0.0
int8-head-fp32,AoF06819.jpg,False,False,0.0,0.0
int8-head-fp32,AoF06820.jpg,False,False,0.0,0.0
int8-head-fp32,AoF06821.jpg,False,False,0.0,0.0
int8-head-fp32,AoF06822.jpg,False,False,0.0,0.0
int8-head-fp32,AoF06823.jpg,False,False,0.0,0.0
int8-head-fp32,AoF06824.jpg,False,False,0.0,0.0
int8-head-fp32,AoF06825.jpg,False,False,0.0,0.0
int8-head-fp32,AoF06826.jpg,False,False,0.0,0.0
int8-head-fp32,AoF06827.jpg,False,False,0.0,0.0
int8-head-fp32,AoF06828.jpg,False,False,0.0,0.0
int8-head-fp32,AoF06829.jpg,False,False,0.0,0.0
int8-head-fp32,AoF06830.jpg,False,False,0.0,0.0
int8-head-fp32,AoF06831.jpg,False,False,0.0,0.0
int8-head-fp32,AoF06832.jpg,False,False,0.0,0.0
int8-head-fp32,AoF06833.jpg,False,False,0.0,0.0
int8-head-fp32,AoF06834.jpg,False,False,0.0,0.0
int8-head-fp32,AoF06835.jpg,False,False,0.0,0.0
int8-head-fp32,AoF06836.jpg,False,False,0.0,0.0
int8-head-fp32,AoF06837.jpg,False,False,0.0,0.0
int8-head-fp32,AoF06838.jpg,False,False,0.0,0.0
int8-head-fp32,AoF06839.jpg,False,False,0.0,0.0
int8-head-fp32,AoF06840.jpg,False,False,0.0,0.0
int8-head-fp32,AoF06841.jpg,False,False,0.0,0.0
int8-head-fp32,AoF06842.jpg,False,False,0.0,0.0
int8-head-fp32,AoF06843.jpg,False,False,0.0,0.0
int8-head-fp32,AoF06844.jpg,False,False,0.0,0.0
int8-head-fp32,AoF06845.jpg,False,False,0.0,0.0
int8-head-fp32,AoF06846.jpg,False,False,0.0,0.0
int8-head-fp32,AoF06847.jpg,False,False,0.0,0.0
int8-head-fp32,AoF06848.jpg,False,False,0.0,0.0
int8-head-fp32,AoF06849.jpg,False,False,0.0,0.0
int8-head-fp32,AoF06850.jpg,False,False,0.0,0.0
int8-head-fp32,AoF06851.jpg,False,False,0.0,0.0
int8-head-fp32,AoF06852.jpg,False,False,0.0,0.0
int8-head-fp32,AoF06853.jpg,False,False,0.0,0.0
int8-head-fp32,AoF06854.jpg,False,False,0.0,0.0
int8-head-fp32,AoF06855.jpg,False,False,0.0,0.0
int8-head-fp32,AoF06856.jpg,False,False,0.0,0.0
int8-head-fp32,AoF06857.jpg,False,False,0.0,0.0
int8-head-fp32,AoF06858.jpg,False,False,0.0,0.0
int8-head-fp32,AoF06859.jpg,False,False,0.0,0.0
int8-head-fp32,AoF06860.jpg,False,False,0.0,0.0
int8-head-fp32,AoF06861.jpg,False,False,0.0,0.0
int8-head-fp32,AoF06862.jpg,False,False,0.0,0.0
int8-head-fp32,AoF06863.jpg,False,False,0.0,0.0
int8-head-fp32,AoF06864.jpg,False,False,0.0,0.0
int8-head-fp32,AoF06865.jpg,False,False,0.0,0.0
int8-head-fp32,AoF06866.jpg,False,False,0.0,0.0
int8-head-fp32,AoF06867.jpg,False,False,0.0,0.0
int8-head-fp32,AoF06868.jpg,False,False,0.0,0.0
int8-head-fp32,AoF06869.jpg,False,False,0.0,0.0
int8-head-fp32,AoF06870.jpg,False,False,0.0,0.0
int8-head-fp32,AoF06871.jpg,False,False,0.0,0.0
int8-head-fp32,AoF06872.jpg,False,False,0.0,0.0
int8-head-fp32,AoF06873.jpg,False,False,0.0,0.0
int8-head-fp32,AoF06874.jpg,False,False,0.0,0.0
int8-head-fp32,AoF06875.jpg,False,False,0.0,0.0
int8-head-fp32,AoF06876.jpg,False,False,0.0,0.0
int8-head-fp32,AoF06877.jpg,False,False,0.0,0.0
int8-head-fp32,AoF06878.jpg,False,False,0.0,0.0
int8-head-fp32,AoF06879.jpg,False,False,0.0,0.0
int8-head-fp32,AoF06880.jpg,False,False,0.0,0.0
int8-head-fp32,AoF06881.jpg,False,False,0.0,0.0
int8-head-fp32,AoF06882.jpg,False,False,0.0,0.0
int8-head-fp32,AoF06883.jpg,False,False,0.0,0.0
int8-head-fp32,AoF06884.jpg,False,False,0.0,0.0
int8-head-fp32,AoF06885.jpg,False,False,0.0,0.0
int8-head-fp32,AoF06886.jpg,False,False,0.0,0.0
int8-head-fp32,AoF06887.jpg,False,False,0.0,0.0
int8-head-fp32,AoF06888.jpg,False,False,0.0,0.0
int8-head-fp32,AoF06889.jpg,False,False,0.0,0.0
int8-head-fp32,AoF06890.jpg,False,False,0.0,0.0
int8-head-fp32,AoF06891.jpg,False,False,0.0,0.0
int8-head-fp32,AoF06892.jpg,False,False,0.0,0.0
int8-head-fp32,AoF06893.jpg,False,False,0.0,0.0
int8-head-fp32,AoF06894.jpg,False,False,0.0,0.0
int8-head-fp32,AoF06895.jpg,False,False,0.0,0.0
int8-head-fp32,AoF06896.jpg,False,False,0.0,0.0
int8-head-fp32,AoF06897.jpg,False,False,0.0,0.0
int8-head-fp32,AoF06898.jpg,False,False,0.0,0.0
int8-head-fp32,AoF06899.jpg,False,False,0.0,0.11414942890405655
int8-head-fp32,AoF06900.jpg,False,False,0.0,0.0
int8-head-fp32,AoF06901.jpg,False,False,0.0,0.11414942890405655
int8-head-fp32,AoF06902.jpg,False,False,0.0,0.0
int8-head-fp32,AoF06903.jpg,False,False,0.0,0.0
int8-head-fp32,AoF06904.jpg,False,False,0.0,0.0
int8-head-fp32,AoF06905.jpg,False,False,0.0,0.0
int8-head-fp32,AoF06906.jpg,False,False,0.0,0.0
int8-head-fp32,AoF06907.jpg,False,False,0.0,0.0
int8-head-fp32,AoF06908.jpg,False,False,0.0,0.0
int8-head-fp32,AoF06909.jpg,False,False,0.0,0.0
int8-head-fp32,AoF06910.jpg,False,False,0.0,0.0
int8-head-fp32,AoF06911.jpg,False,False,0.0,0.0
int8-head-fp32,AoF06912.jpg,False,False,0.0,0.0
int8-head-fp32,AoF06913.jpg,False,False,0.0,0.0
int8-head-fp32,AoF06914.jpg,False,False,0.0,0.0
int8-head-fp32,AoF06915.jpg,False,False,0.0,0.0
int8-head-fp32,AoF06916.jpg,False,False,0.0,0.0
int8-head-fp32,AoF06917.jpg,False,False,0.0,0.0
int8-head-fp32,AoF06918.jpg,False,False,0.0,0.11414942890405655
int8-head-fp32,AoF06919.jpg,False,False,0.0,0.0
int8-head-fp32,AoF06920.jpg,False,False,0.0,0.0
int8-head-fp32,AoF06921.jpg,False,False,0.0,0.0
int8-head-fp32,AoF06922.jpg,False,False,0.0,0.0
int8-head-fp32,AoF06923.jpg,False,False,0.0,0.0
int8-head-fp32,AoF06924.jpg,False,False,0.0,0.0
int8-head-fp32,AoF06925.jpg,False,False,0.0,0.0
int8-head-fp32,AoF06926.jpg,False,False,0.0,0.0
int8-head-fp32,AoF06927.jpg,False,False,0.0,0.0
int8-head-fp32,AoF06928.jpg,False,False,0.0,0.0
int8-head-fp32,AoF06929.jpg,False,False,0.0,0.0
int8-head-fp32,AoF06930.jpg,False,False,0.0,0.0
int8-head-fp32,AoF06931.jpg,False,False,0.0,0.0
int8-head-fp32,AoF06932.jpg,False,False,0.0,0.0
int8-head-fp32,AoF06933.jpg,False,False,0.0,0.0
int8-head-fp32,AoF06934.jpg,False,False,0.0,0.0
int8-head-fp32,AoF06935.jpg,False,False,0.0,0.0
int8-head-fp32,AoF06936.jpg,False,False,0.0,0.0
int8-head-fp32,AoF06937.jpg,False,False,0.0,0.0
int8-head-fp32,AoF06938.jpg,False,False,0.0,0.0
int8-head-fp32,AoF06939.jpg,False,False,0.0,0.0
int8-head-fp32,AoF06940.jpg,False,False,0.0,0.0
int8-head-fp32,AoF06941.jpg,False,False,0.0,0.0
int8-head-fp32,AoF06942.jpg,False,False,0.0,0.0
int8-head-fp32,AoF06943.jpg,False,False,0.0,0.0
int8-head-fp32,AoF06944.jpg,False,False,0.0,0.0
int8-head-fp32,AoF06945.jpg,False,False,0.0,0.0
int8-head-fp32,AoF06946.jpg,False,False,0.0,0.0
int8-head-fp32,AoF06947.jpg,False,False,0.0,0.0
int8-head-fp32,AoF06948.jpg,False,False,0.0,0.0
int8-head-fp32,AoF06949.jpg,False,False,0.0,0.0
int8-head-fp32,AoF06950.jpg,False,False,0.0,0.0
int8-head-fp32,AoF06951.jpg,False,False,0.0,0.0
int8-head-fp32,AoF06952.jpg,False,False,0.0,0.0
int8-head-fp32,AoF06953.jpg,False,False,0.0,0.0
int8-head-fp32,AoF06954.jpg,False,False,0.0,0.0
int8-head-fp32,AoF06955.jpg,False,False,0.0,0.0
int8-head-fp32,AoF06956.jpg,False,False,0.0,0.0
int8-head-fp32,AoF06957.jpg,False,False,0.0,0.2641744017601013
int8-head-fp32,AoF06958.jpg,False,False,0.0,0.11414942890405655
int8-head-fp32,AoF06959.jpg,False,False,0.0,0.0
int8-head-fp32,AoF06960.jpg,False,False,0.0,0.2641744017601013
int8-head-fp32,AoF06961.jpg,False,False,0.0,0.0
int8-head-fp32,AoF06962.jpg,False,False,0.0,0.0
int8-head-fp32,AoF06963.jpg,False,False,0.0,0.0
int8-head-fp32,AoF06964.jpg,False,False,0.0,0.0
int8-head-fp32,AoF06965.jpg,False,False,0.0,0.0
int8-head-fp32,AoF06966.jpg,False,False,0.0,0.0
int8-head-fp32,AoF06967.jpg,False,False,0.0,0.0
int8-head-fp32,AoF06968.jpg,False,False,0.0,0.0
int8-head-fp32,AoF06969.jpg,False,False,0.0,0.0
int8-head-fp32,AoF06970.jpg,False,False,0.0,0.0
int8-head-fp32,AoF06971.jpg,False,False,0.0,0.0
int8-head-fp32,AoF06972.jpg,False,False,0.0,0.0
int8-head-fp32,AoF06973.jpg,False,False,0.0,0.0
int8-head-fp32,AoF06974.jpg,False,False,0.0,0.0
int8-head-fp32,AoF06975.jpg,False,False,0.0,0.0
int8-head-fp32,AoF06976.jpg,False,False,0.0,0.0
int8-head-fp32,AoF06977.jpg,False,False,0.0,0.0
int8-head-fp32,AoF06978.jpg,False,False,0.0,0.0
int8-head-fp32,AoF06979.jpg,False,False,0.0,0.0
int8-head-fp32,AoF06980.jpg,False,False,0.0,0.0
int8-head-fp32,AoF06981.jpg,False,False,0.0,0.0
int8-head-fp32,AoF06982.jpg,False,False,0.0,0.0
int8-head-fp32,AoF06983.jpg,False,False,0.0,0.0
int8-head-fp32,AoF06984.jpg,False,False,0.0,0.2641744017601013
int8-head-fp32,AoF06985.jpg,False,False,0.0,0.0
int8-head-fp32,AoF06986.jpg,False,False,0.0,0.0
int8-head-fp32,AoF06987.jpg,False,False,0.0,0.0
int8-head-fp32,AoF06988.jpg,False,False,0.0,0.0
int8-head-fp32,AoF06989.jpg,False,False,0.0,0.0
int8-head-fp32,AoF06990.jpg,False,False,0.0,0.0
int8-head-fp32,AoF06991.jpg,False,False,0.0,0.0
int8-head-fp32,AoF06992.jpg,False,False,0.0,0.0
int8-head-fp32,AoF06993.jpg,False,False,0.0,0.0
int8-head-fp32,AoF06994.jpg,False,False,0.0,0.0
int8-head-fp32,AoF06995.jpg,False,False,0.0,0.0
int8-head-fp32,AoF06996.jpg,False,False,0.0,0.0
int8-head-fp32,AoF06997.jpg,False,False,0.0,0.0
int8-head-fp32,AoF06998.jpg,False,False,0.0,0.0
int8-head-fp32,AoF06999.jpg,False,False,0.0,0.0
int8-head-fp32,AoF07000.jpg,False,False,0.0,0.0
int8-head-fp32,AoF07001.jpg,False,False,0.0,0.0
int8-head-fp32,AoF07002.jpg,False,False,0.0,0.0
int8-head-fp32,AoF07003.jpg,False,False,0.0,0.0
int8-head-fp32,AoF07004.jpg,False,False,0.0,0.0
int8-head-fp32,AoF07005.jpg,False,False,0.0,0.0
int8-head-fp32,AoF07006.jpg,False,False,0.0,0.0
int8-head-fp32,AoF07007.jpg,False,False,0.0,0.0
int8-head-fp32,AoF07008.jpg,False,False,0.0,0.0
int8-head-fp32,AoF07009.jpg,False,False,0.0,0.0
int8-head-fp32,AoF07010.jpg,False,False,0.0,0.0
int8-head-fp32,AoF07011.jpg,False,False,0.0,0.0
int8-head-fp32,AoF07012.jpg,False,False,0.0,0.0
int8-head-fp32,AoF07013.jpg,False,False,0.0,0.0
int8-head-fp32,AoF07014.jpg,False,False,0.0,0.0
int8-head-fp32,AoF07015.jpg,False,False,0.0,0.0
int8-head-fp32,AoF07016.jpg,False,False,0.0,0.0
int8-head-fp32,AoF07017.jpg,False,False,0.0,0.0
int8-head-fp32,AoF07018.jpg,False,False,0.0,0.0
int8-head-fp32,AoF07019.jpg,False,False,0.0,0.0
int8-head-fp32,AoF07020.jpg,False,False,0.0,0.0
int8-head-fp32,AoF07021.jpg,False,False,0.0,0.0
int8-head-fp32,AoF07022.jpg,False,False,0.0,0.0
int8-head-fp32,AoF07023.jpg,False,False,0.0,0.0
int8-head-fp32,AoF07024.jpg,False,False,0.0,0.0
int8-head-fp32,AoF07025.jpg,False,False,0.0,0.0
int8-head-fp32,AoF07026.jpg,False,False,0.0,0.0
int8-head-fp32,AoF07027.jpg,False,False,0.0,0.0
int8-head-fp32,AoF07028.jpg,False,False,0.0,0.0
int8-head-fp32,AoF07029.jpg,False,False,0.0,0.0
int8-head-fp32,AoF07030.jpg,False,False,0.0,0.0
int8-head-fp32,AoF07031.jpg,False,False,0.0,0.0
int8-head-fp32,AoF07032.jpg,False,False,0.0,0.0
int8-head-fp32,AoF07033.jpg,False,False,0.0,0.0
int8-head-fp32,AoF07034.jpg,False,False,0.0,0.0
int8-head-fp32,AoF07035.jpg,False,False,0.0,0.0
int8-head-fp32,AoF07036.jpg,False,False,0.0,0.0
int8-head-fp32,AoF07037.jpg,False,False,0.0,0.0
int8-head-fp32,AoF07038.jpg,False,False,0.0,0.0
int8-head-fp32,AoF07039.jpg,False,False,0.0,0.0
int8-head-fp32,AoF07040.jpg,False,False,0.0,0.0
int8-head-fp32,AoF07041.jpg,False,False,0.0,0.0
int8-head-fp32,AoF07042.jpg,False,False,0.0,0.0
int8-head-fp32,AoF07043.jpg,False,False,0.0,0.0
int8-head-fp32,AoF07044.jpg,False,False,0.0,0.0
int8-head-fp32,AoF07045.jpg,False,False,0.0,0.0
int8-head-fp32,AoF07046.jpg,False,False,0.0,0.0
int8-head-fp32,AoF07047.jpg,False,False,0.0,0.0
int8-head-fp32,AoF07048.jpg,False,False,0.0,0.0
int8-head-fp32,AoF07049.jpg,False,False,0.0,0.0
int8-head-fp32,AoF07050.jpg,False,False,0.0,0.0
int8-head-fp32,AoF07051.jpg,False,False,0.0,0.0
int8-head-fp32,AoF07052.jpg,False,False,0.0,0.0
int8-head-fp32,AoF07053.jpg,False,False,0.0,0.0
int8-head-fp32,AoF07054.jpg,False,False,0.0,0.0
int8-head-fp32,AoF07055.jpg,False,False,0.0,0.0
int8-head-fp32,AoF07056.jpg,False,False,0.0,0.0
int8-head-fp32,AoF07057.jpg,False,False,0.0,0.0
int8-head-fp32,AoF07058.jpg,False,False,0.0,0.0
int8-head-fp32,AoF07059.jpg,False,False,0.0,0.0
int8-head-fp32,AoF07060.jpg,False,False,0.0,0.0
int8-head-fp32,AoF07061.jpg,False,False,0.0,0.0
int8-head-fp32,AoF07062.jpg,False,False,0.0,0.0
int8-head-fp32,AoF07063.jpg,False,False,0.0,0.0
int8-head-fp32,AoF07064.jpg,False,False,0.0,0.0
int8-head-fp32,AoF07065.jpg,False,False,0.0,0.0
int8-head-fp32,AoF07066.jpg,False,False,0.0,0.0
int8-head-fp32,AoF07067.jpg,False,False,0.0,0.0
int8-head-fp32,AoF07068.jpg,False,False,0.0,0.0
int8-head-fp32,AoF07069.jpg,False,False,0.0,0.0
int8-head-fp32,AoF07070.jpg,False,False,0.0,0.0
int8-head-fp32,AoF07071.jpg,False,False,0.0,0.0
int8-head-fp32,AoF07072.jpg,False,False,0.0,0.0
int8-head-fp32,AoF07073.jpg,False,False,0.0,0.0
int8-head-fp32,AoF07074.jpg,False,False,0.0,0.0
int8-head-fp32,AoF07075.jpg,False,False,0.0,0.0
int8-head-fp32,AoF07076.jpg,False,False,0.0,0.0
int8-head-fp32,AoF07077.jpg,False,False,0.0,0.0
int8-head-fp32,AoF07078.jpg,False,False,0.0,0.0
int8-head-fp32,AoF07079.jpg,False,False,0.0,0.0
int8-head-fp32,AoF07080.jpg,False,False,0.0,0.0
int8-head-fp32,AoF07081.jpg,False,False,0.0,0.0
int8-head-fp32,AoF07082.jpg,False,False,0.0,0.0
int8-head-fp32,AoF07083.jpg,False,False,0.0,0.0
int8-head-fp32,AoF07084.jpg,False,False,0.0,0.0
int8-head-fp32,AoF07085.jpg,False,False,0.0,0.0
int8-head-fp32,AoF07086.jpg,False,False,0.0,0.0
int8-head-fp32,AoF07087.jpg,False,False,0.0,0.0
int8-head-fp32,AoF07088.jpg,False,False,0.0,0.0
int8-head-fp32,AoF07089.jpg,False,False,0.0,0.0
int8-head-fp32,AoF07090.jpg,False,False,0.0,0.0
int8-head-fp32,AoF07091.jpg,False,False,0.0,0.0
int8-head-fp32,AoF07092.jpg,False,False,0.0,0.0
int8-head-fp32,AoF07093.jpg,False,False,0.0,0.0
int8-head-fp32,AoF07094.jpg,False,False,0.0,0.0
int8-head-fp32,AoF07095.jpg,False,False,0.0,0.0
int8-head-fp32,AoF07096.jpg,False,False,0.0,0.0
int8-head-fp32,AoF07097.jpg,False,False,0.0,0.0
int8-head-fp32,AoF07098.jpg,False,False,0.0,0.0
int8-head-fp32,AoF07099.jpg,False,False,0.0,0.0
int8-head-fp32,AoF07100.jpg,False,False,0.0,0.0
int8-head-fp32,AoF07101.jpg,False,False,0.0,0.0
int8-head-fp32,AoF07102.jpg,False,False,0.0,0.0
int8-head-fp32,AoF07103.jpg,False,False,0.0,0.0
int8-head-fp32,AoF07104.jpg,False,False,0.0,0.0
int8-head-fp32,AoF07105.jpg,False,False,0.0,0.0
int8-head-fp32,AoF07106.jpg,False,False,0.0,0.0
int8-head-fp32,AoF07107.jpg,False,False,0.0,0.0
int8-head-fp32,AoF07108.jpg,False,False,0.0,0.0
int8-head-fp32,AoF07109.jpg,False,False,0.0,0.0
int8-head-fp32,AoF07110.jpg,False,False,0.0,0.0
int8-head-fp32,AoF07111.jpg,False,False,0.0,0.0
int8-head-fp32,AoF07112.jpg,False,False,0.0,0.0
int8-head-fp32,AoF07113.jpg,False,False,0.0,0.0
int8-head-fp32,AoF07114.jpg,False,False,0.0,0.0
int8-head-fp32,AoF07115.jpg,False,False,0.0,0.0
int8-head-fp32,AoF07116.jpg,False,False,0.0,0.0
int8-head-fp32,AoF07117.jpg,False,False,0.0,0.0
int8-head-fp32,AoF07118.jpg,False,False,0.0,0.0
int8-head-fp32,AoF07119.jpg,False,False,0.0,0.0
int8-head-fp32,AoF07120.jpg,False,False,0.0,0.0
int8-head-fp32,AoF07121.jpg,False,False,0.0,0.0
int8-head-fp32,AoF07122.jpg,False,False,0.0,0.0
int8-head-fp32,AoF07123.jpg,False,False,0.0,0.0
int8-head-fp32,AoF07124.jpg,False,False,0.0,0.0
int8-head-fp32,AoF07125.jpg,False,False,0.0,0.0
int8-head-fp32,AoF07126.jpg,False,False,0.0,0.0
int8-head-fp32,AoF07127.jpg,False,False,0.0,0.0
int8-head-fp32,AoF07128.jpg,False,False,0.0,0.0
int8-head-fp32,AoF07129.jpg,False,False,0.0,0.0
int8-head-fp32,AoF07130.jpg,False,False,0.0,0.0
int8-head-fp32,AoF07131.jpg,False,False,0.0,0.0
int8-head-fp32,AoF07132.jpg,False,False,0.0,0.0
int8-head-fp32,AoF07133.jpg,False,False,0.0,0.0
int8-head-fp32,AoF07134.jpg,False,False,0.0,0.0
int8-head-fp32,AoF07135.jpg,False,False,0.0,0.0
int8-head-fp32,AoF07136.jpg,False,False,0.0,0.0
int8-head-fp32,AoF07137.jpg,False,False,0.0,0.0
int8-head-fp32,AoF07138.jpg,False,False,0.0,0.0
int8-head-fp32,AoF07139.jpg,False,False,0.0,0.0
int8-head-fp32,AoF07140.jpg,False,False,0.0,0.0
int8-head-fp32,AoF07141.jpg,False,False,0.0,0.0
int8-head-fp32,AoF07142.jpg,False,False,0.0,0.0
int8-head-fp32,AoF07143.jpg,False,False,0.0,0.0
int8-head-fp32,AoF07144.jpg,False,False,0.0,0.0
int8-head-fp32,AoF07145.jpg,False,False,0.0,0.0
int8-head-fp32,AoF07146.jpg,False,False,0.0,0.0
int8-head-fp32,AoF07147.jpg,False,False,0.0,0.0
int8-head-fp32,AoF07148.jpg,False,False,0.0,0.0
int8-head-fp32,AoF07149.jpg,False,False,0.0,0.0
int8-head-fp32,AoF07150.jpg,False,False,0.0,0.0
int8-head-fp32,AoF07151.jpg,False,False,0.0,0.0
int8-head-fp32,AoF07152.jpg,False,False,0.0,0.0
int8-head-fp32,AoF07153.jpg,False,False,0.0,0.0
int8-head-fp32,AoF07154.jpg,False,False,0.0,0.0
int8-head-fp32,AoF07155.jpg,False,False,0.0,0.0
int8-head-fp32,AoF07156.jpg,False,False,0.0,0.0
int8-head-fp32,AoF07157.jpg,False,False,0.0,0.0
int8-head-fp32,AoF07158.jpg,False,False,0.0,0.0
int8-head-fp32,AoF07159.jpg,False,False,0.0,0.0
int8-head-fp32,AoF07160.jpg,False,False,0.0,0.0
int8-head-fp32,AoF07161.jpg,False,False,0.0,0.0
int8-head-fp32,AoF07162.jpg,False,False,0.0,0.0
int8-head-fp32,AoF07163.jpg,False,False,0.0,0.0
int8-head-fp32,AoF07164.jpg,False,False,0.0,0.0
int8-head-fp32,AoF07165.jpg,False,False,0.0,0.0
int8-head-fp32,AoF07166.jpg,False,False,0.0,0.0
int8-head-fp32,AoF07167.jpg,False,False,0.0,0.0
int8-head-fp32,AoF07168.jpg,False,False,0.0,0.0
int8-head-fp32,AoF07169.jpg,False,False,0.0,0.0
int8-head-fp32,AoF07170.jpg,False,False,0.0,0.0
int8-head-fp32,AoF07171.jpg,False,False,0.0,0.0
int8-head-fp32,AoF07172.jpg,False,False,0.0,0.0
int8-head-fp32,AoF07173.jpg,False,False,0.0,0.0
int8-head-fp32,AoF07174.jpg,False,False,0.0,0.0
int8-head-fp32,AoF07175.jpg,False,False,0.0,0.0
int8-head-fp32,AoF07176.jpg,False,False,0.0,0.0
int8-head-fp32,AoF07177.jpg,False,False,0.0,0.0
int8-head-fp32,AoF07178.jpg,False,False,0.0,0.11414942890405655
int8-head-fp32,AoF07179.jpg,False,False,0.0,0.0
int8-head-fp32,AoF07180.jpg,False,False,0.0,0.0
int8-head-fp32,AoF07181.jpg,False,False,0.0,0.0
int8-head-fp32,AoF07182.jpg,False,False,0.0,0.0
int8-head-fp32,AoF07183.jpg,False,False,0.0,0.0
int8-head-fp32,AoF07184.jpg,False,False,0.0,0.0
int8-head-fp32,AoF07185.jpg,False,False,0.0,0.0
int8-head-fp32,AoF07186.jpg,False,False,0.0,0.0
int8-head-fp32,AoF07187.jpg,False,False,0.0,0.0
int8-head-fp32,AoF07188.jpg,False,False,0.0,0.0
int8-head-fp32,AoF07189.jpg,False,False,0.0,0.0
int8-head-fp32,AoF07190.jpg,False,False,0.0,0.0
int8-head-fp32,AoF07191.jpg,False,False,0.0,0.0
int8-head-fp32,AoF07192.jpg,False,False,0.0,0.0
int8-head-fp32,AoF07193.jpg,False,False,0.0,0.0
int8-head-fp32,AoF07194.jpg,False,False,0.0,0.0
int8-head-fp32,AoF07195.jpg,False,False,0.0,0.0
int8-head-fp32,AoF07196.jpg,False,False,0.0,0.0
int8-head-fp32,AoF07197.jpg,False,False,0.0,0.0
int8-head-fp32,AoF07198.jpg,False,False,0.0,0.0
int8-head-fp32,AoF07199.jpg,False,False,0.0,0.0
int8-head-fp32,AoF07200.jpg,False,False,0.0,0.0
int8-head-fp32,AoF07201.jpg,False,False,0.0,0.0
int8-head-fp32,AoF07202.jpg,False,False,0.0,0.0
int8-head-fp32,AoF07203.jpg,False,False,0.0,0.0
int8-head-fp32,AoF07204.jpg,False,False,0.0,0.0
int8-head-fp32,AoF07205.jpg,False,False,0.0,0.0
int8-head-fp32,AoF07206.jpg,False,False,0.0,0.0
int8-head-fp32,AoF07207.jpg,False,False,0.0,0.0
int8-head-fp32,AoF07208.jpg,False,False,0.0,0.0
int8-head-fp32,AoF07209.jpg,False,False,0.0,0.0
int8-head-fp32,AoF07210.jpg,False,False,0.0,0.0
int8-head-fp32,AoF07211.jpg,False,False,0.0,0.0
int8-head-fp32,AoF07212.jpg,False,False,0.0,0.0
int8-head-fp32,AoF07213.jpg,False,False,0.0,0.0
int8-head-fp32,AoF07214.jpg,False,False,0.0,0.0
int8-head-fp32,AoF07215.jpg,False,False,0.0,0.0
int8-head-fp32,AoF07216.jpg,False,False,0.0,0.0
int8-head-fp32,AoF07217.jpg,False,False,0.0,0.0
int8-head-fp32,AoF07218.jpg,False,False,0.0,0.0
int8-head-fp32,AoF07219.jpg,False,False,0.0,0.0
int8-head-fp32,AoF07220.jpg,False,False,0.0,0.0
int8-head-fp32,AoF07221.jpg,False,False,0.0,0.0
int8-head-fp32,AoF07222.jpg,False,False,0.0,0.0
int8-head-fp32,AoF07223.jpg,False,False,0.0,0.0
int8-head-fp32,AoF07224.jpg,False,False,0.0,0.0
int8-head-fp32,AoF07225.jpg,False,False,0.0,0.0
int8-head-fp32,AoF07226.jpg,False,False,0.0,0.0
int8-head-fp32,AoF07227.jpg,False,False,0.0,0.0
int8-head-fp32,AoF07228.jpg,False,False,0.0,0.0
int8-head-fp32,AoF07229.jpg,False,False,0.0,0.0
int8-head-fp32,AoF07230.jpg,False,False,0.0,0.0
int8-head-fp32,AoF07231.jpg,False,False,0.0,0.0
int8-head-fp32,AoF07232.jpg,False,False,0.0,0.0
int8-head-fp32,AoF07233.jpg,False,False,0.0,0.0
int8-head-fp32,AoF07234.jpg,False,False,0.0,0.0
int8-head-fp32,AoF07235.jpg,False,False,0.0,0.0
int8-head-fp32,AoF07236.jpg,False,False,0.0,0.0
int8-head-fp32,AoF07237.jpg,False,False,0.0,0.0
int8-head-fp32,AoF07238.jpg,False,False,0.0,0.0
int8-head-fp32,AoF07239.jpg,False,False,0.0,0.0
int8-head-fp32,AoF07240.jpg,False,False,0.0,0.0
int8-head-fp32,AoF07241.jpg,False,False,0.0,0.0
int8-head-fp32,AoF07242.jpg,False,False,0.0,0.0
int8-head-fp32,AoF07243.jpg,False,False,0.0,0.0
int8-head-fp32,AoF07244.jpg,False,False,0.0,0.0
int8-head-fp32,AoF07245.jpg,False,False,0.0,0.0
int8-head-fp32,AoF07246.jpg,False,False,0.0,0.0
int8-head-fp32,AoF07247.jpg,False,False,0.0,0.0
int8-head-fp32,AoF07248.jpg,False,False,0.0,0.0
int8-head-fp32,AoF07249.jpg,False,False,0.0,0.0
int8-head-fp32,AoF07250.jpg,False,False,0.0,0.0
int8-head-fp32,AoF07251.jpg,False,False,0.0,0.0
int8-head-fp32,AoF07252.jpg,False,False,0.0,0.0
int8-head-fp32,AoF07253.jpg,False,False,0.0,0.0
int8-head-fp32,AoF07254.jpg,False,False,0.0,0.0
int8-head-fp32,AoF07255.jpg,False,False,0.0,0.0
int8-head-fp32,AoF07256.jpg,False,False,0.0,0.0
int8-head-fp32,AoF07257.jpg,False,False,0.0,0.0
int8-head-fp32,AoF07258.jpg,False,False,0.0,0.0
int8-head-fp32,AoF07259.jpg,False,False,0.0,0.0
int8-head-fp32,AoF07260.jpg,False,False,0.0,0.0
int8-head-fp32,AoF07261.jpg,False,False,0.0,0.0
int8-head-fp32,AoF07262.jpg,False,False,0.0,0.0
int8-head-fp32,AoF07263.jpg,False,False,0.0,0.0
int8-head-fp32,AoF07264.jpg,False,False,0.0,0.0
int8-head-fp32,AoF07265.jpg,False,False,0.0,0.0
int8-head-fp32,AoF07266.jpg,False,False,0.0,0.0
int8-head-fp32,AoF07267.jpg,False,False,0.0,0.0
int8-head-fp32,AoF07268.jpg,False,False,0.0,0.0
int8-head-fp32,AoF07269.jpg,False,False,0.0,0.0
int8-head-fp32,AoF07270.jpg,False,False,0.0,0.0
int8-head-fp32,AoF07271.jpg,False,False,0.0,0.0
int8-head-fp32,AoF07272.jpg,False,False,0.0,0.0
int8-head-fp32,AoF07273.jpg,False,False,0.0,0.0
int8-head-fp32,AoF07274.jpg,False,False,0.0,0.0
int8-head-fp32,AoF07275.jpg,False,False,0.0,0.0
int8-head-fp32,AoF07276.jpg,False,False,0.0,0.0
int8-head-fp32,AoF07277.jpg,False,False,0.0,0.0
int8-head-fp32,AoF07278.jpg,False,False,0.0,0.0
int8-head-fp32,AoF07279.jpg,False,False,0.0,0.0
int8-head-fp32,AoF07280.jpg,False,False,0.0,0.0
int8-head-fp32,AoF07281.jpg,False,False,0.0,0.0
int8-head-fp32,AoF07282.jpg,False,False,0.0,0.0
int8-head-fp32,AoF07283.jpg,False,False,0.0,0.0
int8-head-fp32,AoF07284.jpg,False,False,0.0,0.0
int8-head-fp32,AoF07285.jpg,False,False,0.0,0.0
int8-head-fp32,AoF07286.jpg,False,False,0.0,0.0
int8-head-fp32,AoF07287.jpg,False,False,0.0,0.0
int8-head-fp32,AoF07288.jpg,False,False,0.0,0.2641744017601013
int8-head-fp32,AoF07289.jpg,False,False,0.0,0.0
int8-head-fp32,AoF07290.jpg,False,False,0.0,0.0
int8-head-fp32,AoF07291.jpg,False,False,0.0,0.0
int8-head-fp32,AoF07292.jpg,False,False,0.0,0.0
int8-head-fp32,AoF07293.jpg,False,False,0.0,0.0
int8-head-fp32,AoF07294.jpg,False,False,0.0,0.0
int8-head-fp32,AoF07295.jpg,False,False,0.0,0.0
int8-head-fp32,AoF07296.jpg,False,False,0.0,0.0
int8-head-fp32,AoF07297.jpg,False,False,0.0,0.0
int8-head-fp32,AoF07298.jpg,False,False,0.0,0.0
int8-head-fp32,AoF07299.jpg,False,False,0.0,0.0
int8-head-fp32,AoF07300.jpg,False,False,0.0,0.0
int8-head-fp32,AoF07301.jpg,False,False,0.0,0.0
int8-head-fp32,AoF07302.jpg,False,False,0.0,0.0
int8-head-fp32,AoF07303.jpg,False,False,0.0,0.0
int8-head-fp32,AoF07304.jpg,False,False,0.0,0.0
int8-head-fp32,AoF07305.jpg,False,False,0.0,0.0
int8-head-fp32,AoF07306.jpg,False,False,0.0,0.0
int8-head-fp32,AoF07307.jpg,False,False,0.0,0.0
int8-head-fp32,AoF07308.jpg,False,False,0.0,0.0
int8-head-fp32,AoF07309.jpg,False,False,0.0,0.0
int8-head-fp32,AoF07310.jpg,False,False,0.0,0.0
int8-head-fp32,AoF07311.jpg,False,False,0.0,0.0
int8-head-fp32,AoF07312.jpg,False,False,0.0,0.0
int8-head-fp32,AoF07313.jpg,False,False,0.0,0.0
int8-head-fp32,AoF07314.jpg,False,False,0.0,0.0
int8-head-fp32,AoF07315.jpg,False,False,0.0,0.0
int8-head-fp32,AoF07316.jpg,False,False,0.0,0.0
int8-head-fp32,AoF07317.jpg,False,False,0.0,0.0
int8-head-fp32,AoF07318.jpg,False,False,0.0,0.0
int8-head-fp32,AoF07319.jpg,False,False,0.0,0.0
int8-head-fp32,AoF07320.jpg,False,False,0.0,0.0
int8-head-fp32,AoF07321.jpg,False,False,0.0,0.0
int8-head-fp32,AoF07322.jpg,False,False,0.0,0.0
int8-head-fp32,AoF07323.jpg,False,False,0.0,0.0
int8-head-fp32,AoF07324.jpg,False,False,0.0,0.0
int8-head-fp32,AoF07325.jpg,False,False,0.0,0.2641744017601013
int8-head-fp32,AoF07326.jpg,False,False,0.0,0.2641744017601013
int8-head-fp32,AoF07327.jpg,False,False,0.0,0.0
int8-head-fp32,AoF07328.jpg,False,False,0.0,0.0
int8-head-fp32,AoF07329.jpg,False,False,0.0,0.0
int8-head-fp32,AoF07330.jpg,False,False,0.0,0.0
int8-head-fp32,AoF07331.jpg,False,False,0.0,0.0
int8-head-fp32,AoF07332.jpg,False,False,0.0,0.0
int8-head-fp32,AoF07333.jpg,False,False,0.0,0.0
int8-head-fp32,AoF07334.jpg,False,False,0.0,0.11414942890405655
int8-head-fp32,AoF07335.jpg,False,False,0.0,0.0
int8-head-fp32,AoF07336.jpg,False,False,0.0,0.0
int8-head-fp32,AoF07337.jpg,False,False,0.0,0.0
int8-head-fp32,AoF07338.jpg,False,False,0.0,0.0
int8-head-fp32,AoF07339.jpg,False,False,0.0,0.0
int8-head-fp32,AoF07340.jpg,False,False,0.0,0.0
int8-head-fp32,AoF07341.jpg,False,False,0.0,0.0
int8-head-fp32,AoF07342.jpg,False,False,0.0,0.0
int8-head-fp32,AoF07343.jpg,False,False,0.0,0.0
int8-head-fp32,AoF07344.jpg,False,False,0.0,0.0
int8-head-fp32,AoF07345.jpg,False,False,0.0,0.0
int8-head-fp32,AoF07346.jpg,False,False,0.0,0.0
int8-head-fp32,AoF07347.jpg,False,False,0.0,0.0
int8-head-fp32,AoF07348.jpg,False,False,0.0,0.0
int8-head-fp32,AoF07349.jpg,False,False,0.0,0.0
int8-head-fp32,AoF07350.jpg,False,False,0.0,0.0
int8-head-fp32,AoF07351.jpg,False,False,0.0,0.0
int8-head-fp32,AoF07352.jpg,False,False,0.0,0.0
int8-head-fp32,AoF07353.jpg,False,False,0.0,0.0
int8-head-fp32,AoF07354.jpg,False,False,0.0,0.0
int8-head-fp32,AoF07355.jpg,False,False,0.0,0.0
int8-head-fp32,AoF07356.jpg,False,False,0.0,0.0
int8-head-fp32,AoF07357.jpg,False,False,0.0,0.0
int8-head-fp32,AoF07358.jpg,False,False,0.0,0.0
int8-head-fp32,AoF07359.jpg,False,False,0.0,0.0
int8-head-fp32,AoF07360.jpg,False,False,0.0,0.0
int8-head-fp32,AoF07361.jpg,False,False,0.0,0.0
int8-head-fp32,AoF07362.jpg,False,False,0.0,0.0
int8-head-fp32,AoF07363.jpg,False,False,0.0,0.0
int8-head-fp32,AoF07364.jpg,False,False,0.0,0.0
int8-head-fp32,AoF07365.jpg,False,False,0.0,0.0
int8-head-fp32,AoF07366.jpg,False,False,0.0,0.0
int8-head-fp32,AoF07367.jpg,False,False,0.0,0.0
int8-head-fp32,AoF07368.jpg,False,False,0.0,0.0
int8-head-fp32,AoF07369.jpg,False,False,0.0,0.0
int8-head-fp32,AoF07370.jpg,False,False,0.0,0.0
int8-head-fp32,AoF07371.jpg,False,False,0.0,0.0
int8-head-fp32,AoF07372.jpg,False,False,0.0,0.0
int8-head-fp32,AoF07373.jpg,False,False,0.0,0.0
int8-head-fp32,AoF07374.jpg,False,False,0.0,0.0
int8-head-fp32,AoF07375.jpg,False,False,0.0,0.0
int8-head-fp32,AoF07376.jpg,False,False,0.0,0.0
int8-head-fp32,AoF07377.jpg,False,False,0.0,0.0
int8-head-fp32,AoF07378.jpg,False,False,0.0,0.0
int8-head-fp32,AoF07379.jpg,False,False,0.0,0.0
int8-head-fp32,AoF07380.jpg,False,False,0.0,0.0
int8-head-fp32,AoF07381.jpg,False,False,0.0,0.11414942890405655
int8-head-fp32,AoF07382.jpg,False,False,0.0,0.2641744017601013
int8-head-fp32,AoF07383.jpg,False,False,0.0,0.0
int8-head-fp32,AoF07384.jpg,False,False,0.0,0.11414942890405655
int8-head-fp32,AoF07385.jpg,False,False,0.0,0.11414942890405655
int8-head-fp32,AoF07386.jpg,False,False,0.0,0.0
int8-head-fp32,AoF07387.jpg,False,False,0.0,0.0
int8-head-fp32,AoF07388.jpg,False,False,0.0,0.0
int8-head-fp32,AoF07389.jpg,False,False,0.0,0.0
int8-head-fp32,AoF07390.jpg,False,False,0.0,0.0
int8-head-fp32,AoF07391.jpg,False,False,0.0,0.0
int8-head-fp32,AoF07392.jpg,False,False,0.0,0.0
int8-head-fp32,AoF07393.jpg,False,False,0.0,0.0
int8-head-fp32,AoF07394.jpg,False,False,0.0,0.0
int8-head-fp32,AoF07395.jpg,False,False,0.0,0.0
int8-head-fp32,AoF07396.jpg,False,False,0.0,0.0
int8-head-fp32,AoF07397.jpg,False,False,0.0,0.0
int8-head-fp32,AoF07398.jpg,False,False,0.0,0.0
int8-head-fp32,AoF07399.jpg,False,False,0.0,0.0
int8-head-fp32,AoF07400.jpg,False,False,0.0,0.0
int8-head-fp32,AoF07401.jpg,False,False,0.0,0.0
int8-head-fp32,AoF07402.jpg,False,False,0.0,0.0
int8-head-fp32,AoF07403.jpg,False,False,0.0,0.0
int8-head-fp32,AoF07404.jpg,False,False,0.0,0.0
int8-head-fp32,AoF07405.jpg,False,False,0.0,0.0
int8-head-fp32,AoF07406.jpg,False,False,0.0,0.0
int8-head-fp32,AoF07407.jpg,False,False,0.0,0.0
int8-head-fp32,AoF07408.jpg,False,False,0.0,0.0
int8-head-fp32,AoF07409.jpg,False,False,0.0,0.0
int8-head-fp32,AoF07410.jpg,False,False,0.0,0.0
int8-head-fp32,AoF07411.jpg,False,False,0.0,0.0
int8-head-fp32,AoF07412.jpg,False,False,0.0,0.2641744017601013
int8-head-fp32,AoF07413.jpg,False,False,0.0,0.0
int8-head-fp32,AoF07414.jpg,False,False,0.0,0.0
int8-head-fp32,AoF07415.jpg,False,False,0.0,0.0
int8-head-fp32,AoF07416.jpg,False,False,0.0,0.0
int8-head-fp32,AoF07417.jpg,False,False,0.0,0.0
int8-head-fp32,AoF07418.jpg,False,False,0.0,0.0
int8-head-fp32,AoF07419.jpg,False,False,0.0,0.0
int8-head-fp32,AoF07420.jpg,False,False,0.0,0.0
int8-head-fp32,AoF07421.jpg,False,False,0.0,0.0
int8-head-fp32,AoF07422.jpg,False,False,0.0,0.0
int8-head-fp32,AoF07423.jpg,False,False,0.0,0.0
int8-head-fp32,AoF07424.jpg,False,False,0.0,0.0
int8-head-fp32,AoF07425.jpg,False,False,0.0,0.0
int8-head-fp32,AoF07426.jpg,False,False,0.0,0.0
int8-head-fp32,AoF07427.jpg,False,False,0.0,0.0
int8-head-fp32,AoF07428.jpg,False,False,0.0,0.0
int8-head-fp32,AoF07429.jpg,False,False,0.0,0.0
int8-head-fp32,AoF07430.jpg,False,False,0.0,0.0
int8-head-fp32,AoF07431.jpg,False,False,0.0,0.0
int8-head-fp32,AoF07432.jpg,False,False,0.0,0.0
int8-head-fp32,AoF07433.jpg,False,False,0.0,0.0
int8-head-fp32,AoF07434.jpg,False,False,0.0,0.0
int8-head-fp32,AoF07435.jpg,False,False,0.0,0.0
int8-head-fp32,AoF07436.jpg,False,False,0.0,0.11414942890405655
int8-head-fp32,AoF07437.jpg,False,False,0.0,0.0
int8-head-fp32,AoF07438.jpg,False,False,0.0,0.0
int8-head-fp32,AoF07439.jpg,False,False,0.0,0.0
int8-head-fp32,AoF07440.jpg,False,False,0.0,0.0
int8-head-fp32,AoF07441.jpg,False,False,0.0,0.0
int8-head-fp32,AoF07442.jpg,False,False,0.0,0.0
int8-head-fp32,AoF07443.jpg,False,False,0.0,0.0
int8-head-fp32,AoF07444.jpg,False,False,0.0,0.0
int8-head-fp32,AoF07445.jpg,False,False,0.0,0.0
int8-head-fp32,AoF07446.jpg,False,False,0.0,0.0
int8-head-fp32,AoF07447.jpg,False,False,0.0,0.0
int8-head-fp32,AoF07448.jpg,False,False,0.0,0.0
int8-head-fp32,AoF07449.jpg,False,False,0.0,0.0
int8-head-fp32,AoF07450.jpg,False,False,0.0,0.0
int8-head-fp32,AoF07451.jpg,False,False,0.0,0.0
int8-head-fp32,AoF07452.jpg,False,False,0.0,0.0
int8-head-fp32,AoF07453.jpg,False,False,0.0,0.0
int8-head-fp32,AoF07454.jpg,False,False,0.0,0.0
int8-head-fp32,AoF07455.jpg,False,False,0.0,0.0
int8-head-fp32,AoF07456.jpg,False,False,0.0,0.0
int8-head-fp32,AoF07457.jpg,False,False,0.0,0.0
int8-head-fp32,AoF07458.jpg,False,False,0.0,0.0
int8-head-fp32,AoF07459.jpg,False,False,0.0,0.0
int8-head-fp32,AoF07460.jpg,False,False,0.0,0.0
int8-head-fp32,AoF07461.jpg,False,False,0.0,0.0
int8-head-fp32,AoF07462.jpg,False,False,0.0,0.0
int8-head-fp32,AoF07463.jpg,False,False,0.0,0.0
int8-head-fp32,AoF07464.jpg,False,False,0.0,0.0
int8-head-fp32,AoF07465.jpg,False,False,0.0,0.0
int8-head-fp32,AoF07466.jpg,False,False,0.0,0.0
int8-head-fp32,AoF07467.jpg,False,False,0.0,0.0
int8-head-fp32,AoF07468.jpg,False,False,0.0,0.0
int8-head-fp32,AoF07469.jpg,False,False,0.0,0.0
int8-head-fp32,AoF07470.jpg,False,False,0.0,0.0
int8-head-fp32,AoF07471.jpg,False,False,0.0,0.0
int8-head-fp32,AoF07472.jpg,False,False,0.0,0.0
int8-head-fp32,AoF07473.jpg,False,False,0.0,0.0
int8-head-fp32,AoF07474.jpg,False,False,0.0,0.0
int8-head-fp32,AoF07475.jpg,False,False,0.0,0.0
int8-head-fp32,AoF07476.jpg,False,False,0.0,0.0
int8-head-fp32,AoF07477.jpg,False,False,0.0,0.0
int8-head-fp32,AoF07478.jpg,False,False,0.0,0.0
int8-head-fp32,AoF07479.jpg,False,False,0.0,0.0
int8-head-fp32,AoF07480.jpg,False,False,0.0,0.0
int8-head-fp32,AoF07481.jpg,False,False,0.0,0.0
int8-head-fp32,AoF07482.jpg,False,False,0.0,0.0
int8-head-fp32,AoF07483.jpg,False,False,0.0,0.0
int8-head-fp32,AoF07484.jpg,False,False,0.0,0.0
int8-head-fp32,AoF07485.jpg,False,False,0.0,0.0
int8-head-fp32,AoF07486.jpg,False,False,0.0,0.0
int8-head-fp32,AoF07487.jpg,False,False,0.0,0.0
int8-head-fp32,AoF07488.jpg,False,False,0.0,0.0
int8-head-fp32,AoF07489.jpg,False,False,0.0,0.0
int8-head-fp32,AoF07490.jpg,False,False,0.0,0.0
int8-head-fp32,AoF07491.jpg,False,False,0.0,0.0
int8-head-fp32,AoF07492.jpg,False,False,0.0,0.0
int8-head-fp32,AoF07493.jpg,False,False,0.0,0.0
int8-head-fp32,AoF07494.jpg,False,False,0.0,0.0
int8-head-fp32,AoF07495.jpg,False,False,0.0,0.0
int8-head-fp32,AoF07496.jpg,False,False,0.0,0.0
int8-head-fp32,AoF07497.jpg,False,False,0.0,0.0
int8-head-fp32,AoF07498.jpg,False,False,0.0,0.0
int8-head-fp32,AoF07499.jpg,False,False,0.0,0.0
int8-head-fp32,AoF07500.jpg,False,False,0.0,0.0
int8-head-fp32,AoF07501.jpg,False,False,0.0,0.0
int8-head-fp32,AoF07502.jpg,False,False,0.0,0.0
int8-head-fp32,AoF07503.jpg,False,False,0.0,0.0
int8-head-fp32,AoF07504.jpg,False,False,0.0,0.0
int8-head-fp32,AoF07505.jpg,False,False,0.0,0.0
int8-head-fp32,AoF07506.jpg,False,False,0.0,0.0
int8-head-fp32,AoF07507.jpg,False,False,0.0,0.0
int8-head-fp32,AoF07508.jpg,False,False,0.0,0.0
int8-head-fp32,AoF07509.jpg,False,False,0.0,0.0
int8-head-fp32,AoF07510.jpg,False,False,0.0,0.0
int8-head-fp32,AoF07511.jpg,False,False,0.0,0.0
int8-head-fp32,AoF07512.jpg,False,False,0.0,0.0
int8-head-fp32,AoF07513.jpg,False,False,0.0,0.0
int8-head-fp32,AoF07514.jpg,False,False,0.0,0.0
int8-head-fp32,AoF07515.jpg,False,False,0.0,0.0
int8-head-fp32,AoF07516.jpg,False,False,0.0,0.0
int8-head-fp32,AoF07517.jpg,False,False,0.0,0.0
int8-head-fp32,AoF07518.jpg,False,False,0.0,0.0
int8-head-fp32,AoF07519.jpg,False,False,0.0,0.0
int8-head-fp32,AoF07520.jpg,False,False,0.0,0.0
int8-head-fp32,AoF07521.jpg,False,False,0.0,0.0
int8-head-fp32,AoF07522.jpg,False,False,0.0,0.0
int8-head-fp32,AoF07523.jpg,False,False,0.0,0.0
int8-head-fp32,AoF07524.jpg,False,False,0.0,0.0
int8-head-fp32,AoF07525.jpg,False,False,0.0,0.0
int8-head-fp32,AoF07526.jpg,False,False,0.0,0.0
int8-head-fp32,AoF07527.jpg,False,False,0.0,0.0
int8-head-fp32,AoF07528.jpg,False,False,0.0,0.0
int8-head-fp32,AoF07529.jpg,False,False,0.0,0.0
int8-head-fp32,AoF07530.jpg,False,False,0.0,0.0
int8-head-fp32,AoF07531.jpg,False,False,0.0,0.0
int8-head-fp32,AoF07532.jpg,False,False,0.0,0.0
int8-head-fp32,AoF07533.jpg,False,False,0.0,0.0
int8-head-fp32,AoF07534.jpg,False,False,0.0,0.0
int8-head-fp32,AoF07535.jpg,False,False,0.0,0.0
int8-head-fp32,AoF07536.jpg,False,False,0.0,0.0
int8-head-fp32,AoF07537.jpg,False,False,0.0,0.0
int8-head-fp32,AoF07538.jpg,False,False,0.0,0.0
int8-head-fp32,AoF07539.jpg,False,False,0.0,0.0
int8-head-fp32,AoF07540.jpg,False,False,0.0,0.0
int8-head-fp32,AoF07541.jpg,False,False,0.0,0.0
int8-head-fp32,AoF07542.jpg,False,False,0.0,0.0
int8-head-fp32,AoF07543.jpg,False,False,0.0,0.0
int8-head-fp32,AoF07544.jpg,False,False,0.0,0.0
int8-head-fp32,AoF07545.jpg,False,False,0.0,0.0
int8-head-fp32,AoF07546.jpg,False,False,0.0,0.0
int8-head-fp32,AoF07547.jpg,False,False,0.0,0.0
int8-head-fp32,AoF07548.jpg,False,False,0.0,0.0
int8-head-fp32,AoF07549.jpg,False,False,0.0,0.0
int8-head-fp32,AoF07550.jpg,False,False,0.0,0.0
int8-head-fp32,AoF07551.jpg,False,False,0.0,0.0
int8-head-fp32,AoF07552.jpg,False,False,0.0,0.0
int8-head-fp32,AoF07553.jpg,False,False,0.0,0.0
int8-head-fp32,AoF07554.jpg,False,False,0.0,0.0
int8-head-fp32,AoF07555.jpg,False,False,0.0,0.0
int8-head-fp32,AoF07556.jpg,False,False,0.0,0.0
int8-head-fp32,AoF07557.jpg,False,False,0.0,0.0
int8-head-fp32,AoF07558.jpg,False,False,0.0,0.0
int8-head-fp32,AoF07559.jpg,False,False,0.0,0.0
int8-head-fp32,AoF07560.jpg,False,False,0.0,0.0
int8-head-fp32,AoF07561.jpg,False,False,0.0,0.0
int8-head-fp32,AoF07562.jpg,False,False,0.0,0.0
int8-head-fp32,AoF07563.jpg,False,False,0.0,0.0
int8-head-fp32,AoF07564.jpg,False,False,0.0,0.0
int8-head-fp32,AoF07565.jpg,False,False,0.0,0.0
int8-head-fp32,AoF07566.jpg,False,False,0.0,0.0
int8-head-fp32,AoF07567.jpg,False,False,0.0,0.0
int8-head-fp32,AoF07568.jpg,False,False,0.0,0.0
int8-head-fp32,AoF07569.jpg,False,False,0.0,0.0
int8-head-fp32,AoF07570.jpg,False,False,0.0,0.0
int8-head-fp32,AoF07571.jpg,False,False,0.0,0.0
int8-head-fp32,AoF07572.jpg,False,False,0.0,0.0
int8-head-fp32,AoF07573.jpg,False,False,0.0,0.0
int8-head-fp32,AoF07574.jpg,False,False,0.0,0.0
int8-head-fp32,AoF07575.jpg,False,False,0.0,0.0
int8-head-fp32,AoF07576.jpg,False,False,0.0,0.0
int8-head-fp32,AoF07577.jpg,False,False,0.0,0.0
int8-head-fp32,AoF07578.jpg,False,False,0.0,0.0
int8-head-fp32,AoF07579.jpg,False,False,0.0,0.0
int8-head-fp32,AoF07580.jpg,False,False,0.0,0.0
int8-head-fp32,AoF07581.jpg,False,False,0.0,0.0
int8-head-fp32,AoF07582.jpg,False,False,0.0,0.0
int8-head-fp32,AoF07583.jpg,False,False,0.0,0.0
int8-head-fp32,AoF07584.jpg,False,False,0.0,0.0
int8-head-fp32,AoF07585.jpg,False,False,0.0,0.0
int8-head-fp32,AoF07586.jpg,False,False,0.0,0.0
int8-head-fp32,AoF07587.jpg,False,False,0.0,0.0
int8-head-fp32,AoF07588.jpg,False,False,0.0,0.0
int8-head-fp32,AoF07589.jpg,False,False,0.0,0.0
int8-head-fp32,AoF07590.jpg,False,False,0.0,0.0
int8-head-fp32,AoF07591.jpg,False,False,0.0,0.0
int8-head-fp32,AoF07592.jpg,False,False,0.0,0.0
int8-head-fp32,AoF07593.jpg,False,False,0.0,0.0
int8-head-fp32,AoF07594.jpg,False,False,0.0,0.0
int8-head-fp32,AoF07595.jpg,False,False,0.0,0.0
int8-head-fp32,AoF07596.jpg,False,False,0.0,0.0
int8-head-fp32,AoF07597.jpg,False,False,0.0,0.0
int8-head-fp32,AoF07598.jpg,False,False,0.0,0.0
int8-head-fp32,AoF07599.jpg,False,False,0.0,0.0
int8-head-fp32,AoF07600.jpg,False,False,0.0,0.0
int8-head-fp32,AoF07601.jpg,False,False,0.0,0.0
int8-head-fp32,AoF07602.jpg,False,False,0.0,0.0
int8-head-fp32,AoF07603.jpg,False,False,0.0,0.0
int8-head-fp32,AoF07604.jpg,False,False,0.0,0.0
int8-head-fp32,AoF07605.jpg,False,False,0.0,0.0
int8-head-fp32,AoF07606.jpg,False,False,0.0,0.0
int8-head-fp32,AoF07607.jpg,False,False,0.0,0.0
int8-head-fp32,AoF07608.jpg,False,False,0.0,0.0
int8-head-fp32,AoF07609.jpg,False,False,0.0,0.0
int8-head-fp32,AoF07610.jpg,False,False,0.0,0.0
int8-head-fp32,AoF07611.jpg,False,False,0.0,0.0
int8-head-fp32,AoF07612.jpg,False,False,0.0,0.0
int8-head-fp32,AoF07613.jpg,False,False,0.0,0.0
int8-head-fp32,AoF07614.jpg,False,False,0.0,0.0
int8-head-fp32,AoF07615.jpg,False,False,0.0,0.0
int8-head-fp32,AoF07616.jpg,False,False,0.0,0.0
int8-head-fp32,AoF07617.jpg,False,False,0.0,0.0
int8-head-fp32,AoF07618.jpg,False,False,0.0,0.0
int8-head-fp32,AoF07619.jpg,False,False,0.0,0.0
int8-head-fp32,AoF07620.jpg,False,False,0.0,0.0
int8-head-fp32,AoF07621.jpg,False,False,0.0,0.0
int8-head-fp32,AoF07622.jpg,False,False,0.0,0.0
int8-head-fp32,AoF07623.jpg,False,False,0.0,0.0
int8-head-fp32,AoF07624.jpg,False,False,0.0,0.0
int8-head-fp32,AoF07625.jpg,False,False,0.0,0.0
int8-head-fp32,AoF07626.jpg,False,False,0.0,0.0
int8-head-fp32,AoF07627.jpg,False,False,0.0,0.0
int8-head-fp32,AoF07628.jpg,False,False,0.0,0.0
int8-head-fp32,AoF07629.jpg,False,False,0.0,0.0
int8-head-fp32,AoF07630.jpg,False,False,0.0,0.0
int8-head-fp32,AoF07631.jpg,False,False,0.0,0.0
int8-head-fp32,AoF07632.jpg,False,False,0.0,0.0
int8-head-fp32,AoF07633.jpg,False,False,0.0,0.0
int8-head-fp32,AoF07634.jpg,False,False,0.0,0.0
int8-head-fp32,AoF07635.jpg,False,False,0.0,0.0
int8-head-fp32,AoF07636.jpg,False,False,0.0,0.0
int8-head-fp32,AoF07637.jpg,False,False,0.0,0.0
int8-head-fp32,AoF07638.jpg,False,False,0.0,0.0
int8-head-fp32,AoF07639.jpg,False,False,0.0,0.0
int8-head-fp32,AoF07640.jpg,False,False,0.0,0.0
int8-head-fp32,AoF07641.jpg,False,False,0.0,0.0
int8-head-fp32,AoF07642.jpg,False,False,0.0,0.0
int8-head-fp32,AoF07643.jpg,False,False,0.0,0.0
int8-head-fp32,AoF07644.jpg,False,False,0.0,0.0
int8-head-fp32,AoF07645.jpg,False,False,0.0,0.0
int8-head-fp32,AoF07646.jpg,False,False,0.0,0.0
int8-head-fp32,AoF07647.jpg,False,False,0.0,0.0
int8-head-fp32,AoF07648.jpg,False,False,0.0,0.0
int8-head-fp32,AoF07649.jpg,False,False,0.0,0.0
int8-head-fp32,AoF07650.jpg,False,False,0.0,0.0
int8-head-fp32,AoF07651.jpg,False,False,0.0,0.0
int8-head-fp32,AoF07652.jpg,False,False,0.0,0.0
int8-head-fp32,AoF07653.jpg,False,False,0.0,0.0
int8-head-fp32,AoF07654.jpg,False,False,0.0,0.0
int8-head-fp32,AoF07655.jpg,False,False,0.0,0.0
int8-head-fp32,AoF07656.jpg,False,False,0.0,0.0
int8-head-fp32,AoF07657.jpg,False,False,0.0,0.0
int8-head-fp32,AoF07658.jpg,False,False,0.0,0.0
int8-head-fp32,AoF07659.jpg,False,False,0.0,0.0
int8-head-fp32,AoF07660.jpg,False,False,0.0,0.0
int8-head-fp32,AoF07661.jpg,False,False,0.0,0.0
int8-head-fp32,AoF07662.jpg,False,False,0.0,0.0
int8-head-fp32,AoF07663.jpg,False,False,0.0,0.0
int8-head-fp32,AoF07664.jpg,False,False,0.0,0.0
int8-head-fp32,AoF07665.jpg,False,False,0.0,0.0
int8-head-fp32,AoF07666.jpg,False,False,0.0,0.0
int8-head-fp32,AoF07667.jpg,False,False,0.0,0.0
int8-head-fp32,AoF07668.jpg,False,False,0.0,0.0
int8-head-fp32,AoF07669.jpg,False,False,0.0,0.0
int8-head-fp32,AoF07670.jpg,False,False,0.0,0.0
int8-head-fp32,AoF07671.jpg,False,False,0.0,0.0
int8-head-fp32,AoF07672.jpg,False,False,0.0,0.0
int8-head-fp32,AoF07673.jpg,False,False,0.0,0.0
int8-head-fp32,AoF07674.jpg,False,False,0.0,0.0
int8-head-fp32,AoF07675.jpg,False,False,0.0,0.0
int8-head-fp32,AoF07676.jpg,False,False,0.0,0.0
int8-head-fp32,AoF07677.jpg,False,False,0.0,0.0
int8-head-fp32,AoF07678.jpg,False,False,0.0,0.0
int8-head-fp32,AoF07679.jpg,False,False,0.0,0.0
int8-head-fp32,AoF07680.jpg,False,False,0.0,0.0
int8-head-fp32,AoF07681.jpg,False,False,0.0,0.0
int8-head-fp32,AoF07682.jpg,False,False,0.0,0.0
int8-head-fp32,AoF07683.jpg,False,False,0.0,0.0
int8-head-fp32,AoF07684.jpg,False,False,0.0,0.0
int8-head-fp32,AoF07685.jpg,False,False,0.0,0.0
int8-head-fp32,AoF07686.jpg,False,False,0.0,0.0
int8-head-fp32,AoF07687.jpg,False,False,0.0,0.0
int8-head-fp32,AoF07688.jpg,False,False,0.0,0.0
int8-head-fp32,AoF07689.jpg,False,False,0.0,0.0
int8-head-fp32,AoF07690.jpg,False,False,0.0,0.0
int8-head-fp32,AoF07691.jpg,False,False,0.0,0.0
int8-head-fp32,AoF07692.jpg,False,False,0.0,0.0
int8-head-fp32,AoF07693.jpg,False,False,0.0,0.0
int8-head-fp32,AoF07694.jpg,False,False,0.0,0.0
int8-head-fp32,AoF07695.jpg,False,False,0.0,0.0
int8-head-fp32,AoF07696.jpg,False,False,0.0,0.0
int8-head-fp32,AoF07697.jpg,False,False,0.0,0.0
int8-head-fp32,AoF07698.jpg,False,False,0.0,0.0
int8-head-fp32,AoF07699.jpg,False,False,0.0,0.0
int8-head-fp32,AoF07700.jpg,False,False,0.0,0.0
int8-head-fp32,AoF07701.jpg,False,False,0.0,0.0
int8-head-fp32,AoF07702.jpg,False,False,0.0,0.0
int8-head-fp32,AoF07703.jpg,False,False,0.0,0.0
int8-head-fp32,AoF07704.jpg,False,False,0.0,0.0
int8-head-fp32,AoF07705.jpg,False,False,0.0,0.0
int8-head-fp32,AoF07706.jpg,False,False,0.0,0.0
int8-head-fp32,AoF07707.jpg,False,False,0.0,0.0
int8-head-fp32,AoF07708.jpg,False,False,0.0,0.0
int8-head-fp32,AoF07709.jpg,False,False,0.0,0.0
int8-head-fp32,AoF07710.jpg,False,False,0.0,0.0
int8-head-fp32,AoF07711.jpg,False,False,0.0,0.0
int8-head-fp32,AoF07712.jpg,False,False,0.0,0.0
int8-head-fp32,AoF07713.jpg,False,False,0.0,0.0
int8-head-fp32,AoF07714.jpg,False,False,0.0,0.0
int8-head-fp32,AoF07715.jpg,False,False,0.0,0.0
int8-head-fp32,AoF07716.jpg,False,False,0.0,0.0
int8-head-fp32,AoF07717.jpg,False,False,0.0,0.0
int8-head-fp32,AoF07718.jpg,True,False,0.0,0.0
int8-head-fp32,AoF07719.jpg,True,False,0.0,0.0
int8-head-fp32,AoF07720.jpg,True,False,0.0,0.4989960789680481
int8-head-fp32,AoF07721.jpg,True,False,0.0,0.0
int8-head-fp32,AoF07722.jpg,True,False,0.0,0.0
int8-head-fp32,AoF07723.jpg,True,False,0.0,0.11414942890405655
int8-head-fp32,AoF07724.jpg,True,False,0.0,0.0
int8-head-fp32,AoF07725.jpg,True,False,0.0,0.0
int8-head-fp32,AoF07726.jpg,True,False,0.0,0.0
int8-head-fp32,AoF07727.jpg,True,False,0.0,0.0
int8-head-fp32,AoF07728.jpg,True,False,0.0,0.0
int8-head-fp32,AoF07729.jpg,True,False,0.0,0.0
int8-head-fp32,AoF07730.jpg,True,False,0.0,0.0
int8-head-fp32,AoF07731.jpg,True,False,0.0,0.0
int8-head-fp32,AoF07732.jpg,True,False,0.0,0.0
int8-head-fp32,AoF07733.jpg,True,False,0.0,0.0
int8-head-fp32,AoF07734.jpg,True,False,0.0,0.0
int8-head-fp32,AoF07735.jpg,True,False,0.0,0.0
int8-head-fp32,AoF07736.jpg,True,False,0.0,0.0
int8-head-fp32,AoF07737.jpg,True,False,0.0,0.0
int8-head-fp32,AoF07738.jpg,True,False,0.0,0.0
int8-head-fp32,AoF07739.jpg,True,False,0.0,0.0
int8-head-fp32,AoF07740.jpg,True,False,0.0,0.0
int8-head-fp32,AoF07741.jpg,True,False,0.0,0.0
int8-head-fp32,AoF07742.jpg,True,False,0.0,0.0
int8-head-fp32,AoF07743.jpg,True,False,0.0,0.0
int8-head-fp32,AoF07744.jpg,True,False,0.0,0.0
int8-head-fp32,AoF07745.jpg,True,False,0.0,0.0
int8-head-fp32,AoF07746.jpg,True,False,0.0,0.0
int8-head-fp32,AoF07747.jpg,True,True,0.11414942890405655,0.11414942890405655
int8-head-fp32,AoF07748.jpg,True,False,0.0,0.0
int8-head-fp32,AoF07749.jpg,True,False,0.0,0.0
int8-head-fp32,AoF07750.jpg,True,False,0.0,0.0
int8-head-fp32,AoF07751.jpg,True,True,0.4989960789680481,0.4989960789680481
int8-head-fp32,AoF07752.jpg,True,True,0.11414942890405655,0.11414942890405655
int8-head-fp32,AoF07753.jpg,True,True,0.7338177561759949,0.7338177561759949
int8-head-fp32,AoF07754.jpg,True,True,0.2641744017601013,0.2641744017601013
int8-head-fp32,AoF07755.jpg,True,True,0.11414942890405655,0.11414942890405655
int8-head-fp32,AoF07756.jpg,True,False,0.0,0.0
int8-head-fp32,AoF07757.jpg,True,True,0.2641744017601013,0.2641744017601013
int8-head-fp32,AoF07758.jpg,True,False,0.0,0.0
int8-head-fp32,AoF07759.jpg,True,False,0.0,0.0
int8-head-fp32,AoF07760.jpg,True,False,0.0,0.0
int8-head-fp32,AoF07761.jpg,True,False,0.0,0.0
int8-head-fp32,AoF07762.jpg,True,False,0.0,0.0
int8-head-fp32,AoF07763.jpg,True,True,0.11414942890405655,0.11414942890405655
int8-head-fp32,AoF07764.jpg,True,True,0.2641744017601013,0.2641744017601013
int8-head-fp32,AoF07765.jpg,True,False,0.0,0.0
int8-head-fp32,AoF07766.jpg,True,False,0.0,0.0
int8-head-fp32,AoF07767.jpg,True,True,0.2641744017601013,0.2641744017601013
int8-head-fp32,AoF07768.jpg,True,True,0.4989960789680481,0.4989960789680481
int8-head-fp32,AoF07769.jpg,True,False,0.0,0.0
int8-head-fp32,AoF07770.jpg,True,True,0.7338177561759949,0.7338177561759949
int8-head-fp32,AoF07771.jpg,True,True,0.2641744017601013,0.2641744017601013
int8-head-fp32,AoF07772.jpg,True,True,0.2641744017601013,0.2641744017601013
int8-head-fp32,AoF07773.jpg,True,True,0.2641744017601013,0.2641744017601013
int8-head-fp32,AoF07774.jpg,True,True,0.7338177561759949,0.7338177561759949
int8-head-fp32,AoF07775.jpg,True,True,0.4989960789680481,0.4989960789680481
int8-head-fp32,AoF07776.jpg,True,False,0.0,0.0
int8-head-fp32,AoF07777.jpg,True,True,0.11414942890405655,0.11414942890405655
int8-head-fp32,AoF07778.jpg,True,False,0.0,0.0
int8-head-fp32,AoF07779.jpg,True,False,0.0,0.0
int8-head-fp32,AoF07780.jpg,True,False,0.0,0.0
int8-head-fp32,AoF07781.jpg,True,False,0.0,0.0
int8-head-fp32,AoF07782.jpg,True,False,0.0,0.0
int8-head-fp32,AoF07783.jpg,True,True,0.11414942890405655,0.11414942890405655
int8-head-fp32,AoF07784.jpg,True,False,0.0,0.0
int8-head-fp32,AoF07785.jpg,True,False,0.0,0.0
int8-head-fp32,AoF07786.jpg,True,False,0.0,0.0
int8-head-fp32,AoF07787.jpg,True,False,0.0,0.0
int8-head-fp32,AoF07788.jpg,True,False,0.0,0.0
int8-head-fp32,AoF07789.jpg,True,False,0.0,0.0
int8-head-fp32,AoF07790.jpg,True,True,0.11414942890405655,0.11414942890405655
int8-head-fp32,AoF07791.jpg,True,True,0.11414942890405655,0.11414942890405655
int8-head-fp32,AoF07792.jpg,True,False,0.0,0.0
int8-head-fp32,AoF07793.jpg,True,False,0.0,0.0
int8-head-fp32,AoF07794.jpg,True,False,0.0,0.0
int8-head-fp32,AoF07795.jpg,True,False,0.0,0.0
int8-head-fp32,AoF07796.jpg,True,False,0.0,0.0
int8-head-fp32,AoF07797.jpg,True,False,0.0,0.0
int8-head-fp32,AoF07798.jpg,True,False,0.0,0.0
int8-head-fp32,AoF07799.jpg,True,False,0.0,0.0
int8-head-fp32,AoF07800.jpg,True,False,0.0,0.0
int8-head-fp32,AoF07801.jpg,True,False,0.0,0.0
int8-head-fp32,AoF07802.jpg,True,False,0.0,0.0
int8-head-fp32,AoF07803.jpg,True,False,0.0,0.0
int8-head-fp32,AoF07804.jpg,True,False,0.0,0.0
int8-head-fp32,AoF07805.jpg,True,True,0.11414942890405655,0.11414942890405655
int8-head-fp32,AoF07806.jpg,True,False,0.0,0.0
int8-head-fp32,AoF07807.jpg,True,False,0.0,0.0
int8-head-fp32,AoF07808.jpg,True,False,0.0,0.0
int8-head-fp32,AoF07809.jpg,True,False,0.0,0.0
int8-head-fp32,AoF07810.jpg,True,False,0.0,0.0
int8-head-fp32,AoF07811.jpg,True,False,0.0,0.0
int8-head-fp32,AoF07812.jpg,True,False,0.0,0.0
int8-head-fp32,AoF07813.jpg,True,False,0.0,0.0
int8-head-fp32,AoF07814.jpg,True,False,0.0,0.0
int8-head-fp32,AoF07815.jpg,True,False,0.0,0.0
int8-head-fp32,AoF07816.jpg,True,False,0.0,0.0
int8-head-fp32,AoF07817.jpg,True,False,0.0,0.0
int8-head-fp32,AoF07818.jpg,True,False,0.0,0.0
int8-head-fp32,AoF07819.jpg,True,False,0.0,0.0
int8-head-fp32,AoF07820.jpg,True,False,0.0,0.0
int8-head-fp32,AoF07821.jpg,True,False,0.0,0.0
int8-head-fp32,AoF07822.jpg,True,False,0.0,0.0
int8-head-fp32,AoF07823.jpg,True,False,0.0,0.0
int8-head-fp32,AoF07824.jpg,True,False,0.0,0.0
int8-head-fp32,AoF07825.jpg,True,False,0.0,0.0
int8-head-fp32,AoF07826.jpg,True,False,0.0,0.0
int8-head-fp32,AoF07827.jpg,True,False,0.0,0.0
int8-head-fp32,AoF07828.jpg,True,False,0.0,0.0
int8-head-fp32,AoF07829.jpg,True,False,0.0,0.0
int8-head-fp32,AoF07830.jpg,False,False,0.0,0.0
int8-head-fp32,AoF07831.jpg,True,False,0.0,0.0
int8-head-fp32,AoF07832.jpg,True,False,0.0,0.0
int8-head-fp32,AoF07833.jpg,True,False,0.0,0.0
int8-head-fp32,AoF07834.jpg,True,False,0.0,0.0
int8-head-fp32,AoF07835.jpg,True,False,0.0,0.0
int8-head-fp32,AoF07836.jpg,True,False,0.0,0.0
int8-head-fp32,AoF07837.jpg,True,False,0.0,0.0
int8-head-fp32,AoF07838.jpg,True,False,0.0,0.0
int8-head-fp32,AoF07839.jpg,True,False,0.0,0.0
int8-head-fp32,AoF07840.jpg,True,False,0.0,0.0
int8-head-fp32,AoF07841.jpg,True,False,0.0,0.0
int8-head-fp32,AoF07842.jpg,True,False,0.0,0.0
int8-head-fp32,AoF07843.jpg,True,False,0.0,0.0
int8-head-fp32,AoF07844.jpg,True,False,0.0,0.0
int8-head-fp32,AoF07845.jpg,True,False,0.0,0.0
int8-head-fp32,AoF07846.jpg,True,False,0.0,0.0
int8-head-fp32,AoF07847.jpg,True,True,0.4989960789680481,0.4989960789680481
int8-head-fp32,AoF07848.jpg,True,False,0.0,0.0
int8-head-fp32,AoF07849.jpg,True,False,0.0,0.0
int8-head-fp32,AoF07850.jpg,True,False,0.0,0.0
int8-head-fp32,AoF07851.jpg,True,False,0.0,0.0
int8-head-fp32,AoF07852.jpg,True,False,0.0,0.0
int8-head-fp32,AoF07853.jpg,True,False,0.0,0.0
int8-head-fp32,AoF07854.jpg,True,False,0.0,0.0
int8-head-fp32,AoF07855.jpg,True,False,0.0,0.0
int8-head-fp32,AoF07856.jpg,True,False,0.0,0.0
int8-head-fp32,AoF07857.jpg,True,False,0.0,0.0
int8-head-fp32,AoF07858.jpg,True,False,0.0,0.0
int8-head-fp32,AoF07859.jpg,True,False,0.0,0.0
int8-head-fp32,AoF07860.jpg,True,False,0.0,0.0
int8-head-fp32,AoF07861.jpg,True,False,0.0,0.0
int8-head-fp32,AoF07862.jpg,True,False,0.0,0.0
int8-head-fp32,AoF07863.jpg,True,False,0.0,0.0
int8-head-fp32,AoF07864.jpg,True,False,0.0,0.0
int8-head-fp32,AoF07865.jpg,True,False,0.0,0.0
int8-head-fp32,AoF07866.jpg,True,False,0.0,0.0
int8-head-fp32,AoF07867.jpg,True,False,0.0,0.0
int8-head-fp32,AoF07868.jpg,True,False,0.0,0.0
int8-head-fp32,AoF07869.jpg,True,False,0.0,0.0
int8-head-fp32,AoF07870.jpg,True,False,0.0,0.0
int8-head-fp32,AoF07871.jpg,True,False,0.0,0.0
int8-head-fp32,AoF07872.jpg,True,False,0.0,0.0
int8-head-fp32,AoF07873.jpg,True,False,0.0,0.0
int8-head-fp32,AoF07874.jpg,True,False,0.0,0.0
int8-head-fp32,AoF07875.jpg,True,False,0.0,0.0
int8-head-fp32,AoF07876.jpg,True,False,0.0,0.0
int8-head-fp32,AoF07877.jpg,True,False,0.0,0.0
int8-head-fp32,AoF07878.jpg,True,False,0.0,0.0
int8-head-fp32,AoF07879.jpg,True,False,0.0,0.0
int8-head-fp32,AoF07880.jpg,True,False,0.0,0.0
int8-head-fp32,AoF07881.jpg,True,True,0.7338177561759949,0.7338177561759949
int8-head-fp32,AoF07882.jpg,True,False,0.0,0.0
int8-head-fp32,AoF07883.jpg,True,False,0.0,0.0
int8-head-fp32,AoF07884.jpg,True,False,0.0,0.0
int8-head-fp32,AoF07885.jpg,True,False,0.0,0.0
int8-head-fp32,AoF07886.jpg,True,True,0.11414942890405655,0.11414942890405655
int8-head-fp32,AoF07887.jpg,True,True,0.11414942890405655,0.11414942890405655
int8-head-fp32,AoF07888.jpg,True,False,0.0,0.0
int8-head-fp32,AoF07889.jpg,True,False,0.0,0.0
int8-head-fp32,AoF07890.jpg,True,False,0.0,0.0
int8-head-fp32,AoF07891.jpg,True,False,0.0,0.0
int8-head-fp32,AoF07892.jpg,True,True,0.4989960789680481,0.4989960789680481
int8-head-fp32,AoF07893.jpg,True,True,0.7338177561759949,0.7338177561759949
int8-head-fp32,AoF07894.jpg,True,True,0.2641744017601013,0.2641744017601013
int8-head-fp32,AoF07895.jpg,True,True,0.8316601514816284,0.8316601514816284
int8-head-fp32,AoF07896.jpg,True,False,0.0,0.0
int8-head-fp32,AoF07897.jpg,True,False,0.0,0.0
int8-head-fp32,AoF07898.jpg,True,True,0.11414942890405655,0.11414942890405655
int8-head-fp32,AoF07899.jpg,True,False,0.0,0.0
int8-head-fp32,AoF07900.jpg,True,False,0.0,0.0
int8-head-fp32,AoF07901.jpg,True,False,0.0,0.0
int8-head-fp32,AoF07902.jpg,True,False,0.0,0.0
int8-head-fp32,AoF07903.jpg,True,False,0.0,0.0
int8-head-fp32,AoF07904.jpg,True,True,0.8316601514816284,0.8316601514816284
int8-head-fp32,AoF07905.jpg,True,False,0.0,0.0
int8-head-fp32,AoF07906.jpg,True,False,0.0,0.0
int8-head-fp32,AoF07907.jpg,True,False,0.0,0.0
int8-head-fp32,AoF07908.jpg,True,False,0.0,0.0
int8-head-fp32,AoF07909.jpg,True,True,0.2641744017601013,0.2641744017601013
int8-head-fp32,AoF07910.jpg,True,True,0.4989960789680481,0.4989960789680481
int8-head-fp32,AoF07911.jpg,True,True,0.4989960789680481,0.4989960789680481
int8-head-fp32,AoF07912.jpg,True,False,0.0,0.0
int8-head-fp32,AoF07913.jpg,True,False,0.0,0.0
int8-head-fp32,AoF07914.jpg,True,False,0.0,0.0
int8-head-fp32,AoF07915.jpg,True,False,0.0,0.0
int8-head-fp32,AoF07916.jpg,True,False,0.0,0.0
int8-head-fp32,AoF07917.jpg,True,False,0.0,0.0
int8-head-fp32,AoF07918.jpg,True,False,0.0,0.0
int8-head-fp32,AoF07919.jpg,True,False,0.0,0.0
int8-head-fp32,AoF07920.jpg,True,False,0.0,0.0
int8-head-fp32,AoF07921.jpg,True,False,0.0,0.0
int8-head-fp32,AoF07922.jpg,True,False,0.0,0.0
int8-head-fp32,AoF07923.jpg,True,True,0.4989960789680481,0.4989960789680481
int8-head-fp32,AoF07924.jpg,True,False,0.0,0.0
int8-head-fp32,AoF07925.jpg,True,False,0.0,0.0
int8-head-fp32,AoF07926.jpg,True,False,0.0,0.0
int8-head-fp32,AoF07927.jpg,True,False,0.0,0.0
int8-head-fp32,AoF07928.jpg,True,False,0.0,0.0
int8-head-fp32,AoF07929.jpg,True,False,0.0,0.0
int8-head-fp32,AoF07930.jpg,True,False,0.0,0.0
int8-head-fp32,AoF07931.jpg,True,False,0.0,0.0
int8-head-fp32,AoF07932.jpg,True,False,0.0,0.0
int8-head-fp32,AoF07933.jpg,True,False,0.0,0.0
int8-head-fp32,AoF07934.jpg,True,False,0.0,0.0
int8-head-fp32,AoF07935.jpg,True,False,0.0,0.0
int8-head-fp32,AoF07936.jpg,True,False,0.0,0.0
int8-head-fp32,AoF07937.jpg,True,False,0.0,0.0
int8-head-fp32,AoF07938.jpg,True,False,0.0,0.0
int8-head-fp32,AoF07939.jpg,True,False,0.0,0.0
int8-head-fp32,AoF07940.jpg,True,False,0.0,0.0
int8-head-fp32,AoF07941.jpg,True,False,0.0,0.0
int8-head-fp32,AoF07942.jpg,True,False,0.0,0.0
int8-head-fp32,AoF07943.jpg,True,False,0.0,0.0
int8-head-fp32,AoF07944.jpg,True,False,0.0,0.0
int8-head-fp32,AoF07945.jpg,True,False,0.0,0.0
int8-head-fp32,AoF07946.jpg,True,False,0.0,0.0
int8-head-fp32,AoF07947.jpg,True,False,0.0,0.0
int8-head-fp32,AoF07948.jpg,True,False,0.0,0.0
int8-head-fp32,AoF07949.jpg,True,False,0.0,0.0
int8-head-fp32,AoF07950.jpg,True,False,0.0,0.0
int8-head-fp32,AoF07951.jpg,True,False,0.0,0.0
int8-head-fp32,AoF07952.jpg,True,False,0.0,0.0
int8-head-fp32,AoF07953.jpg,True,False,0.0,0.0
int8-head-fp32,AoF07954.jpg,True,False,0.0,0.0
int8-head-fp32,AoF07955.jpg,True,False,0.0,0.0
int8-head-fp32,AoF07956.jpg,True,False,0.0,0.0
int8-head-fp32,AoF07957.jpg,True,False,0.0,0.0
int8-head-fp32,AoF07958.jpg,True,False,0.0,0.0
int8-head-fp32,AoF07959.jpg,True,True,0.11414942890405655,0.11414942890405655
int8-head-fp32,AoF07960.jpg,True,False,0.0,0.0
int8-head-fp32,AoF07961.jpg,True,False,0.0,0.0
int8-head-fp32,AoF07962.jpg,True,False,0.0,0.0
int8-head-fp32,AoF07963.jpg,True,False,0.0,0.0
int8-head-fp32,AoF07964.jpg,False,False,0.0,0.11414942890405655
int8-head-fp32,AoF07965.jpg,False,False,0.0,0.0
int8-head-fp32,AoF07966.jpg,False,False,0.0,0.0
int8-head-fp32,AoF07967.jpg,True,False,0.0,0.0
int8-head-fp32,AoF07968.jpg,True,True,0.2641744017601013,0.2641744017601013
int8-head-fp32,AoF07969.jpg,False,False,0.0,0.0
int8-head-fp32,AoF07970.jpg,False,False,0.0,0.0
int8-head-fp32,AoF07971.jpg,False,False,0.0,0.0
int8-head-fp32,AoF07972.jpg,False,False,0.0,0.0
int8-head-fp32,AoF07973.jpg,False,False,0.0,0.0
int8-head-fp32,AoF07974.jpg,False,False,0.0,0.0
int8-head-fp32,AoF07975.jpg,False,False,0.0,0.0
int8-head-fp32,AoF07976.jpg,False,False,0.0,0.0
int8-head-fp32,AoF07977.jpg,False,False,0.0,0.0
int8-head-fp32,AoF07978.jpg,False,False,0.0,0.4989960789680481
int8-head-fp32,AoF07979.jpg,False,False,0.0,0.0
int8-head-fp32,AoF07980.jpg,False,False,0.0,0.0
int8-head-fp32,AoF07981.jpg,False,False,0.0,0.0
int8-head-fp32,AoF07982.jpg,False,False,0.0,0.0
int8-head-fp32,AoF07983.jpg,False,False,0.0,0.0
int8-head-fp32,AoF07984.jpg,False,False,0.0,0.0
int8-head-fp32,AoF07985.jpg,False,False,0.0,0.0
int8-head-fp32,AoF07986.jpg,False,False,0.0,0.0
int8-head-fp32,AoF07987.jpg,False,False,0.0,0.0
int8-head-fp32,AoF07988.jpg,False,False,0.0,0.0
int8-head-fp32,AoF07989.jpg,False,False,0.0,0.4989960789680481
int8-head-fp32,AoF07990.jpg,False,False,0.0,0.11414942890405655
int8-head-fp32,AoF07991.jpg,False,False,0.0,0.0
int8-head-fp32,AoF07992.jpg,False,False,0.0,0.0
int8-head-fp32,AoF07993.jpg,False,False,0.0,0.0
int8-head-fp32,AoF07994.jpg,False,False,0.0,0.4989960789680481
int8-head-fp32,AoF07995.jpg,False,False,0.0,0.0
int8-head-fp32,AoF07996.jpg,False,False,0.0,0.0
int8-head-fp32,AoF07997.jpg,False,False,0.0,0.0
int8-head-fp32,AoF07998.jpg,False,False,0.0,0.0
int8-head-fp32,AoF07999.jpg,False,False,0.0,0.0
int8-head-fp32,AoF08000.jpg,False,False,0.0,0.4989960789680481
int8-head-fp32,AoF08001.jpg,False,False,0.0,0.0
int8-head-fp32,AoF08002.jpg,False,False,0.0,0.0
int8-head-fp32,AoF08003.jpg,False,False,0.0,0.0
int8-head-fp32,AoF08004.jpg,False,False,0.0,0.0
int8-head-fp32,AoF08005.jpg,False,False,0.0,0.0
int8-head-fp32,AoF08006.jpg,False,False,0.0,0.0
int8-head-fp32,AoF08007.jpg,False,False,0.0,0.0
int8-head-fp32,AoF08008.jpg,False,False,0.0,0.0
int8-head-fp32,AoF08009.jpg,False,False,0.0,0.0
int8-head-fp32,AoF08010.jpg,False,False,0.0,0.0
int8-head-fp32,AoF08011.jpg,False,False,0.0,0.0
int8-head-fp32,AoF08012.jpg,False,False,0.0,0.0
int8-head-fp32,AoF08013.jpg,False,False,0.0,0.0
int8-head-fp32,AoF08014.jpg,False,False,0.0,0.0
int8-head-fp32,AoF08015.jpg,False,False,0.0,0.0
int8-head-fp32,AoF08016.jpg,False,False,0.0,0.0
int8-head-fp32,AoF08017.jpg,False,False,0.0,0.0
int8-head-fp32,AoF08018.jpg,False,False,0.0,0.0
int8-head-fp32,AoF08019.jpg,False,False,0.0,0.0
int8-head-fp32,AoF08020.jpg,False,False,0.0,0.0
int8-head-fp32,AoF08021.jpg,False,False,0.0,0.0
int8-head-fp32,AoF08022.jpg,False,False,0.0,0.0
int8-head-fp32,AoF08023.jpg,False,False,0.0,0.0
int8-head-fp32,AoF08024.jpg,False,False,0.0,0.0
int8-head-fp32,AoF08025.jpg,False,False,0.0,0.0
int8-head-fp32,AoF08026.jpg,False,False,0.0,0.0
int8-head-fp32,AoF08027.jpg,False,False,0.0,0.0
int8-head-fp32,AoF08028.jpg,False,False,0.0,0.0
int8-head-fp32,AoF08029.jpg,False,False,0.0,0.0
int8-head-fp32,AoF08030.jpg,False,False,0.0,0.0
int8-head-fp32,AoF08031.jpg,False,False,0.0,0.0
int8-head-fp32,AoF08032.jpg,False,False,0.0,0.0
int8-head-fp32,AoF08033.jpg,False,False,0.0,0.0
int8-head-fp32,AoF08034.jpg,False,False,0.0,0.0
int8-head-fp32,AoF08035.jpg,False,False,0.0,0.0
int8-head-fp32,AoF08036.jpg,False,False,0.0,0.2641744017601013
int8-head-fp32,AoF08037.jpg,False,False,0.0,0.0
int8-head-fp32,AoF08038.jpg,False,False,0.0,0.0
int8-head-fp32,AoF08039.jpg,False,False,0.0,0.11414942890405655
int8-head-fp32,AoF08040.jpg,False,False,0.0,0.0
int8-head-fp32,AoF08041.jpg,False,False,0.0,0.0
int8-head-fp32,AoF08042.jpg,False,False,0.0,0.0
int8-head-fp32,AoF08043.jpg,False,False,0.0,0.0
int8-head-fp32,AoF08044.jpg,False,False,0.0,0.0
int8-head-fp32,AoF08045.jpg,False,False,0.0,0.0
int8-head-fp32,AoF08046.jpg,False,False,0.0,0.0
int8-head-fp32,AoF08047.jpg,False,False,0.0,0.0
int8-head-fp32,AoF08048.jpg,False,False,0.0,0.0
int8-head-fp32,AoF08049.jpg,False,False,0.0,0.0
int8-head-fp32,AoF08050.jpg,False,False,0.0,0.0
int8-head-fp32,AoF08051.jpg,False,False,0.0,0.0
int8-head-fp32,AoF08052.jpg,False,False,0.0,0.0
int8-head-fp32,AoF08053.jpg,False,False,0.0,0.0
int8-head-fp32,AoF08054.jpg,False,False,0.0,0.0
int8-head-fp32,AoF08055.jpg,False,False,0.0,0.0
int8-head-fp32,AoF08056.jpg,False,False,0.0,0.0
int8-head-fp32,AoF08057.jpg,False,False,0.0,0.0
int8-head-fp32,AoF08058.jpg,False,False,0.0,0.0
int8-head-fp32,AoF08059.jpg,False,False,0.0,0.2641744017601013
int8-head-fp32,AoF08060.jpg,False,False,0.0,0.0
int8-head-fp32,AoF08061.jpg,False,False,0.0,0.0
int8-head-fp32,AoF08062.jpg,False,False,0.0,0.0
int8-head-fp32,AoF08063.jpg,False,False,0.0,0.0
int8-head-fp32,AoF08064.jpg,False,False,0.0,0.0
int8-head-fp32,AoF08065.jpg,False,False,0.0,0.0
int8-head-fp32,AoF08066.jpg,False,False,0.0,0.0
int8-head-fp32,AoF08067.jpg,True,False,0.0,0.0
int8-head-fp32,AoF08068.jpg,False,False,0.0,0.0
int8-head-fp32,AoF08069.jpg,False,False,0.0,0.0
int8-head-fp32,AoF08070.jpg,False,False,0.0,0.0
int8-head-fp32,AoF08071.jpg,False,False,0.0,0.0
int8-head-fp32,AoF08072.jpg,False,False,0.0,0.0
int8-head-fp32,AoF08073.jpg,False,False,0.0,0.0
int8-head-fp32,AoF08074.jpg,False,False,0.0,0.0
int8-head-fp32,AoF08075.jpg,False,False,0.0,0.0
int8-head-fp32,AoF08076.jpg,True,False,0.0,0.0
int8-head-fp32,AoF08077.jpg,False,False,0.0,0.0
int8-head-fp32,AoF08078.jpg,False,False,0.0,0.0
int8-head-fp32,AoF08079.jpg,False,False,0.0,0.0
int8-head-fp32,AoF08080.jpg,False,False,0.0,0.0
int8-head-fp32,AoF08081.jpg,False,False,0.0,0.11414942890405655
int8-head-fp32,AoF08082.jpg,False,False,0.0,0.0
int8-head-fp32,AoF08083.jpg,False,False,0.0,0.0
int8-head-fp32,AoF08084.jpg,False,False,0.0,0.0
int8-head-fp32,AoF08085.jpg,False,False,0.0,0.0
int8-head-fp32,AoF08086.jpg,False,False,0.0,0.0
int8-head-fp32,AoF08087.jpg,False,False,0.0,0.2641744017601013
int8-head-fp32,AoF08088.jpg,False,False,0.0,0.0
int8-head-fp32,AoF08089.jpg,False,False,0.0,0.7338177561759949
int8-head-fp32,AoF08090.jpg,False,False,0.0,0.2641744017601013
int8-head-fp32,AoF08091.jpg,False,False,0.0,0.0
int8-head-fp32,AoF08092.jpg,False,False,0.0,0.0
int8-head-fp32,AoF08093.jpg,False,False,0.0,0.0
int8-head-fp32,AoF08094.jpg,False,False,0.0,0.0
int8-head-fp32,AoF08095.jpg,False,False,0.0,0.0
int8-head-fp32,AoF08096.jpg,False,False,0.0,0.0
int8-head-fp32,AoF08097.jpg,False,False,0.0,0.0
int8-head-fp32,AoF08098.jpg,False,False,0.0,0.0
int8-head-fp32,AoF08099.jpg,False,False,0.0,0.0
int8-head-fp32,AoF08100.jpg,False,False,0.0,0.0
int8-head-fp32,AoF08101.jpg,False,False,0.0,0.0
int8-head-fp32,AoF08102.jpg,False,False,0.0,0.0
int8-head-fp32,AoF08103.jpg,False,False,0.0,0.0
int8-head-fp32,AoF08104.jpg,False,False,0.0,0.0
int8-head-fp32,AoF08105.jpg,False,False,0.0,0.0
int8-head-fp32,AoF08106.jpg,False,False,0.0,0.0
int8-head-fp32,AoF08107.jpg,False,False,0.0,0.0
int8-head-fp32,AoF08108.jpg,False,False,0.0,0.0
int8-head-fp32,AoF08109.jpg,False,False,0.0,0.11414942890405655
int8-head-fp32,AoF08110.jpg,False,False,0.0,0.0
int8-head-fp32,AoF08111.jpg,False,False,0.0,0.0
int8-head-fp32,AoF08112.jpg,False,False,0.0,0.0
int8-head-fp32,AoF08113.jpg,False,False,0.0,0.0
int8-head-fp32,AoF08114.jpg,False,False,0.0,0.0
int8-head-fp32,AoF08115.jpg,False,False,0.0,0.0
int8-head-fp32,AoF08116.jpg,False,False,0.0,0.0
int8-head-fp32,AoF08117.jpg,False,False,0.0,0.0
int8-head-fp32,AoF08118.jpg,False,False,0.0,0.0
int8-head-fp32,AoF08119.jpg,False,False,0.0,0.4989960789680481
int8-head-fp32,AoF08120.jpg,False,False,0.0,0.2641744017601013
int8-head-fp32,AoF08121.jpg,False,False,0.0,0.0
int8-head-fp32,AoF08122.jpg,False,False,0.0,0.0
int8-head-fp32,AoF08123.jpg,False,False,0.0,0.0
int8-head-fp32,AoF08124.jpg,False,False,0.0,0.0
int8-head-fp32,AoF08125.jpg,False,False,0.0,0.0
int8-head-fp32,AoF08126.jpg,False,False,0.0,0.0
int8-head-fp32,AoF08127.jpg,False,False,0.0,0.0
int8-head-fp32,AoF08128.jpg,False,False,0.0,0.0
int8-head-fp32,AoF08129.jpg,False,False,0.0,0.0
int8-head-fp32,AoF08130.jpg,False,False,0.0,0.0
int8-head-fp32,AoF08131.jpg,False,False,0.0,0.0
int8-head-fp32,AoF08132.jpg,False,False,0.0,0.0
int8-head-fp32,AoF08133.jpg,False,False,0.0,0.0
int8-head-fp32,AoF08134.jpg,False,False,0.0,0.0
int8-head-fp32,AoF08135.jpg,False,False,0.0,0.0
int8-head-fp32,AoF08136.jpg,False,False,0.0,0.0
int8-head-fp32,AoF08137.jpg,False,False,0.0,0.0
int8-head-fp32,AoF08138.jpg,False,False,0.0,0.0
int8-head-fp32,AoF08139.jpg,False,False,0.0,0.0
int8-head-fp32,AoF08140.jpg,False,False,0.0,0.0
int8-head-fp32,AoF08141.jpg,False,False,0.0,0.0
int8-head-fp32,AoF08142.jpg,False,False,0.0,0.0
int8-head-fp32,AoF08143.jpg,False,False,0.0,0.0
int8-head-fp32,AoF08144.jpg,False,False,0.0,0.0
int8-head-fp32,AoF08145.jpg,False,False,0.0,0.0
int8-head-fp32,AoF08146.jpg,False,False,0.0,0.0
int8-head-fp32,AoF08147.jpg,False,False,0.0,0.0
int8-head-fp32,AoF08148.jpg,False,False,0.0,0.0
int8-head-fp32,AoF08149.jpg,False,False,0.0,0.0
int8-head-fp32,AoF08150.jpg,False,False,0.0,0.0
int8-head-fp32,AoF08151.jpg,False,False,0.0,0.0
int8-head-fp32,AoF08152.jpg,False,False,0.0,0.0
int8-head-fp32,AoF08153.jpg,False,False,0.0,0.0
int8-head-fp32,AoF08154.jpg,False,False,0.0,0.0
int8-head-fp32,AoF08155.jpg,False,False,0.0,0.0
int8-head-fp32,AoF08156.jpg,False,False,0.0,0.0
int8-head-fp32,AoF08157.jpg,False,False,0.0,0.0
int8-head-fp32,AoF08158.jpg,False,False,0.0,0.0
int8-head-fp32,AoF08159.jpg,False,False,0.0,0.0
int8-head-fp32,AoF08160.jpg,False,False,0.0,0.0
int8-head-fp32,AoF08161.jpg,False,False,0.0,0.11414942890405655
int8-head-fp32,AoF08162.jpg,False,False,0.0,0.0
int8-head-fp32,AoF08163.jpg,False,False,0.0,0.11414942890405655
int8-head-fp32,AoF08164.jpg,False,False,0.0,0.0
int8-head-fp32,AoF08165.jpg,False,False,0.0,0.0
int8-head-fp32,AoF08166.jpg,False,False,0.0,0.0
int8-head-fp32,AoF08167.jpg,False,False,0.0,0.0
int8-head-fp32,AoF08168.jpg,False,False,0.0,0.0
int8-head-fp32,AoF08169.jpg,False,False,0.0,0.0
int8-head-fp32,AoF08170.jpg,False,False,0.0,0.0
int8-head-fp32,AoF08171.jpg,False,False,0.0,0.0
int8-head-fp32,AoF08172.jpg,False,False,0.0,0.0
int8-head-fp32,AoF08173.jpg,False,False,0.0,0.0
int8-head-fp32,AoF08174.jpg,False,False,0.0,0.0
int8-head-fp32,AoF08175.jpg,False,False,0.0,0.0
int8-head-fp32,AoF08176.jpg,False,False,0.0,0.0
int8-head-fp32,AoF08177.jpg,False,False,0.0,0.0
int8-head-fp32,AoF08178.jpg,False,False,0.0,0.0
int8-head-fp32,AoF08179.jpg,False,False,0.0,0.0
int8-head-fp32,AoF08180.jpg,False,False,0.0,0.0
int8-head-fp32,AoF08181.jpg,False,False,0.0,0.0
int8-head-fp32,AoF08182.jpg,False,False,0.0,0.0
int8-head-fp32,AoF08183.jpg,False,False,0.0,0.0
int8-head-fp32,AoF08184.jpg,False,False,0.0,0.0
int8-head-fp32,AoF08185.jpg,False,False,0.0,0.0
int8-head-fp32,AoF08186.jpg,False,False,0.0,0.0
int8-head-fp32,AoF08187.jpg,False,False,0.0,0.0
int8-head-fp32,AoF08188.jpg,False,False,0.0,0.0
int8-head-fp32,AoF08189.jpg,False,False,0.0,0.0
int8-head-fp32,AoF08190.jpg,False,False,0.0,0.0
int8-head-fp32,AoF08191.jpg,True,False,0.0,0.0
int8-head-fp32,AoF08192.jpg,False,False,0.0,0.0
int8-head-fp32,AoF08193.jpg,False,False,0.0,0.0
int8-head-fp32,AoF08194.jpg,False,False,0.0,0.0
int8-head-fp32,AoF08195.jpg,False,False,0.0,0.0
int8-head-fp32,AoF08196.jpg,False,False,0.0,0.0
int8-head-fp32,AoF08197.jpg,False,False,0.0,0.0
int8-head-fp32,AoF08198.jpg,False,False,0.0,0.0
int8-head-fp32,AoF08199.jpg,False,False,0.0,0.0
int8-head-fp32,AoF08200.jpg,False,False,0.0,0.0
int8-head-fp32,AoF08201.jpg,False,False,0.0,0.0
int8-head-fp32,AoF08202.jpg,False,False,0.0,0.0
int8-head-fp32,AoF08203.jpg,False,False,0.0,0.0
int8-head-fp32,AoF08204.jpg,False,False,0.0,0.0
int8-head-fp32,AoF08205.jpg,False,False,0.0,0.0
int8-head-fp32,AoF08206.jpg,False,False,0.0,0.0
int8-head-fp32,AoF08207.jpg,False,False,0.0,0.0
int8-head-fp32,AoF08208.jpg,False,False,0.0,0.0
int8-head-fp32,AoF08209.jpg,False,False,0.0,0.0
int8-head-fp32,AoF08210.jpg,False,False,0.0,0.0
int8-head-fp32,AoF08211.jpg,False,False,0.0,0.11414942890405655
int8-head-fp32,AoF08212.jpg,False,False,0.0,0.0
int8-head-fp32,AoF08213.jpg,False,False,0.0,0.0
int8-head-fp32,AoF08214.jpg,False,False,0.0,0.0
int8-head-fp32,AoF08215.jpg,False,False,0.0,0.0
int8-head-fp32,AoF08216.jpg,False,False,0.0,0.0
int8-head-fp32,AoF08217.jpg,False,False,0.0,0.0
int8-head-fp32,AoF08218.jpg,False,False,0.0,0.0
int8-head-fp32,AoF08219.jpg,False,False,0.0,0.0
int8-head-fp32,AoF08220.jpg,False,False,0.0,0.0
int8-head-fp32,AoF08221.jpg,False,False,0.0,0.0
int8-head-fp32,AoF08222.jpg,False,False,0.0,0.0
int8-head-fp32,AoF08223.jpg,False,False,0.0,0.0
int8-head-fp32,AoF08224.jpg,False,False,0.0,0.0
int8-head-fp32,AoF08225.jpg,False,False,0.0,0.0
int8-head-fp32,AoF08226.jpg,False,False,0.0,0.0
int8-head-fp32,AoF08227.jpg,False,False,0.0,0.0
int8-head-fp32,AoF08228.jpg,False,False,0.0,0.0
int8-head-fp32,AoF08229.jpg,False,False,0.0,0.0
int8-head-fp32,AoF08230.jpg,False,False,0.0,0.0
int8-head-fp32,AoF08231.jpg,False,False,0.0,0.0
int8-head-fp32,AoF08232.jpg,False,False,0.0,0.4989960789680481
int8-head-fp32,AoF08233.jpg,False,False,0.0,0.11414942890405655
int8-head-fp32,AoF08234.jpg,False,False,0.0,0.2641744017601013
int8-head-fp32,AoF08235.jpg,False,False,0.0,0.0
int8-head-fp32,AoF08236.jpg,False,False,0.0,0.0
int8-head-fp32,AoF08237.jpg,False,False,0.0,0.0
int8-head-fp32,AoF08238.jpg,False,False,0.0,0.0
int8-head-fp32,AoF08239.jpg,False,False,0.0,0.0
int8-head-fp32,AoF08240.jpg,False,False,0.0,0.0
int8-head-fp32,AoF08241.jpg,False,False,0.0,0.0
int8-head-fp32,AoF08242.jpg,False,False,0.0,0.0
int8-head-fp32,AoF08243.jpg,False,False,0.0,0.0
int8-head-fp32,AoF08244.jpg,False,False,0.0,0.0
int8-head-fp32,AoF08245.jpg,False,False,0.0,0.4989960789680481
int8-head-fp32,AoF08246.jpg,False,False,0.0,0.0
int8-head-fp32,AoF08247.jpg,False,False,0.0,0.0
int8-head-fp32,AoF08248.jpg,False,False,0.0,0.0
int8-head-fp32,AoF08249.jpg,False,False,0.0,0.0
int8-head-fp32,AoF08250.jpg,False,False,0.0,0.0
int8-head-fp32,AoF08251.jpg,False,False,0.0,0.0
int8-head-fp32,AoF08252.jpg,False,False,0.0,0.0
int8-head-fp32,AoF08253.jpg,False,False,0.0,0.0
int8-head-fp32,AoF08254.jpg,False,False,0.0,0.0
int8-head-fp32,AoF08255.jpg,False,False,0.0,0.0
int8-head-fp32,AoF08256.jpg,False,False,0.0,0.0
int8-head-fp32,AoF08257.jpg,False,False,0.0,0.0
int8-head-fp32,AoF08258.jpg,False,False,0.0,0.0
int8-head-fp32,AoF08259.jpg,False,False,0.0,0.0
int8-head-fp32,AoF08260.jpg,False,False,0.0,0.0
int8-head-fp32,AoF08261.jpg,False,False,0.0,0.0
int8-head-fp32,AoF08262.jpg,False,False,0.0,0.0
int8-head-fp32,AoF08263.jpg,False,False,0.0,0.0
int8-head-fp32,AoF08264.jpg,False,False,0.0,0.0
int8-head-fp32,AoF08265.jpg,False,False,0.0,0.0
int8-head-fp32,AoF08266.jpg,False,False,0.0,0.0
int8-head-fp32,AoF08267.jpg,False,False,0.0,0.0
int8-head-fp32,AoF08268.jpg,False,False,0.0,0.0
int8-head-fp32,AoF08269.jpg,False,False,0.0,0.0
int8-head-fp32,AoF08270.jpg,False,False,0.0,0.0
int8-head-fp32,AoF08271.jpg,False,False,0.0,0.0
int8-head-fp32,AoF08272.jpg,False,False,0.0,0.0
int8-head-fp32,AoF08273.jpg,False,False,0.0,0.0
int8-head-fp32,AoF08274.jpg,False,True,0.2641744017601013,0.2641744017601013
int8-head-fp32,AoF08275.jpg,False,False,0.0,0.0
int8-head-fp32,AoF08276.jpg,False,False,0.0,0.0
int8-head-fp32,AoF08277.jpg,False,False,0.0,0.0
int8-head-fp32,AoF08278.jpg,False,False,0.0,0.0
int8-head-fp32,AoF08279.jpg,False,False,0.0,0.0
int8-head-fp32,AoF08280.jpg,False,False,0.0,0.0
int8-head-fp32,AoF08281.jpg,False,False,0.0,0.0
int8-head-fp32,AoF08282.jpg,False,False,0.0,0.0
int8-head-fp32,AoF08283.jpg,False,False,0.0,0.0
int8-head-fp32,AoF08284.jpg,False,False,0.0,0.0
int8-head-fp32,AoF08285.jpg,False,False,0.0,0.0
int8-head-fp32,AoF08286.jpg,False,False,0.0,0.0
int8-head-fp32,AoF08287.jpg,False,False,0.0,0.0
int8-head-fp32,AoF08288.jpg,False,False,0.0,0.0
int8-head-fp32,AoF08289.jpg,False,False,0.0,0.0
int8-head-fp32,AoF08290.jpg,False,False,0.0,0.0
int8-head-fp32,AoF08291.jpg,False,False,0.0,0.0
int8-head-fp32,AoF08292.jpg,False,False,0.0,0.0
int8-head-fp32,AoF08293.jpg,False,False,0.0,0.0
int8-head-fp32,AoF08294.jpg,False,False,0.0,0.0
int8-head-fp32,AoF08295.jpg,False,False,0.0,0.0
int8-head-fp32,AoF08296.jpg,False,False,0.0,0.0
int8-head-fp32,AoF08297.jpg,False,False,0.0,0.0
int8-head-fp32,AoF08298.jpg,False,False,0.0,0.0
int8-head-fp32,AoF08299.jpg,False,False,0.0,0.11414942890405655
int8-head-fp32,AoF08300.jpg,False,False,0.0,0.0
int8-head-fp32,AoF08301.jpg,False,False,0.0,0.0
int8-head-fp32,AoF08302.jpg,False,False,0.0,0.0
int8-head-fp32,AoF08303.jpg,False,False,0.0,0.2641744017601013
int8-head-fp32,AoF08304.jpg,False,False,0.0,0.0
int8-head-fp32,AoF08305.jpg,False,False,0.0,0.0
int8-head-fp32,AoF08306.jpg,False,False,0.0,0.0
int8-head-fp32,AoF08307.jpg,False,False,0.0,0.0
int8-head-fp32,AoF08308.jpg,False,False,0.0,0.0
int8-head-fp32,AoF08309.jpg,False,False,0.0,0.0
int8-head-fp32,AoF08310.jpg,False,False,0.0,0.0
int8-head-fp32,AoF08311.jpg,False,False,0.0,0.0
int8-head-fp32,AoF08312.jpg,False,False,0.0,0.0
int8-head-fp32,AoF08313.jpg,False,False,0.0,0.0
int8-head-fp32,AoF08314.jpg,False,False,0.0,0.0
int8-head-fp32,AoF08315.jpg,False,False,0.0,0.0
int8-head-fp32,AoF08316.jpg,False,False,0.0,0.0
int8-head-fp32,AoF08317.jpg,False,False,0.0,0.0
int8-head-fp32,AoF08318.jpg,False,False,0.0,0.0
int8-head-fp32,AoF08319.jpg,False,False,0.0,0.0
int8-head-fp32,AoF08320.jpg,False,False,0.0,0.0
int8-head-fp32,AoF08321.jpg,False,False,0.0,0.0
int8-head-fp32,AoF08322.jpg,False,False,0.0,0.0
int8-head-fp32,AoF08323.jpg,False,False,0.0,0.0
int8-head-fp32,AoF08324.jpg,False,False,0.0,0.0
int8-head-fp32,AoF08325.jpg,False,False,0.0,0.0
int8-head-fp32,AoF08326.jpg,False,False,0.0,0.0
int8-head-fp32,AoF08327.jpg,False,False,0.0,0.0
int8-head-fp32,AoF08328.jpg,False,False,0.0,0.0
int8-head-fp32,AoF08329.jpg,False,False,0.0,0.0
int8-head-fp32,AoF08330.jpg,False,False,0.0,0.0
int8-head-fp32,AoF08331.jpg,False,False,0.0,0.0
int8-head-fp32,AoF08332.jpg,False,False,0.0,0.0
int8-head-fp32,AoF08333.jpg,False,False,0.0,0.0
int8-head-fp32,AoF08334.jpg,False,False,0.0,0.0
int8-head-fp32,AoF08335.jpg,False,False,0.0,0.0
int8-head-fp32,AoF08336.jpg,False,False,0.0,0.0
int8-head-fp32,AoF08337.jpg,False,False,0.0,0.0
int8-head-fp32,AoF08338.jpg,False,False,0.0,0.0
int8-head-fp32,AoF08339.jpg,False,False,0.0,0.0
int8-head-fp32,AoF08340.jpg,False,False,0.0,0.0
int8-head-fp32,AoF08341.jpg,False,False,0.0,0.0
int8-head-fp32,AoF08342.jpg,False,False,0.0,0.0
int8-head-fp32,AoF08343.jpg,False,False,0.0,0.0
int8-head-fp32,AoF08344.jpg,False,False,0.0,0.0
int8-head-fp32,AoF08345.jpg,False,False,0.0,0.0
int8-head-fp32,AoF08346.jpg,False,False,0.0,0.0
int8-head-fp32,AoF08347.jpg,False,False,0.0,0.0
int8-head-fp32,AoF08348.jpg,False,False,0.0,0.0
int8-head-fp32,AoF08349.jpg,False,False,0.0,0.0
int8-head-fp32,AoF08350.jpg,False,False,0.0,0.0
int8-head-fp32,AoF08351.jpg,False,False,0.0,0.0
int8-head-fp32,AoF08352.jpg,False,False,0.0,0.0
int8-head-fp32,AoF08353.jpg,False,False,0.0,0.0
int8-head-fp32,AoF08354.jpg,False,False,0.0,0.0
int8-head-fp32,AoF08355.jpg,False,False,0.0,0.0
int8-head-fp32,AoF08356.jpg,False,False,0.0,0.7338177561759949
int8-head-fp32,AoF08357.jpg,False,False,0.0,0.0
int8-head-fp32,AoF08358.jpg,False,False,0.0,0.0
int8-head-fp32,AoF08359.jpg,False,False,0.0,0.2641744017601013
int8-head-fp32,AoF08360.jpg,False,False,0.0,0.0
int8-head-fp32,AoF08361.jpg,False,False,0.0,0.2641744017601013
int8-head-fp32,AoF08362.jpg,False,False,0.0,0.0
int8-head-fp32,AoF08363.jpg,False,False,0.0,0.7338177561759949
int8-head-fp32,AoF08364.jpg,False,False,0.0,0.7338177561759949
int8-head-fp32,AoF08365.jpg,False,False,0.0,0.7338177561759949
int8-head-fp32,AoF08366.jpg,False,False,0.0,0.0
int8-head-fp32,AoF08367.jpg,False,False,0.0,0.0
int8-head-fp32,AoF08368.jpg,False,False,0.0,0.0
int8-head-fp32,AoF08369.jpg,False,False,0.0,0.0
int8-head-fp32,AoF08370.jpg,False,False,0.0,0.0
int8-head-fp32,AoF08371.jpg,False,False,0.0,0.0
int8-head-fp32,AoF08372.jpg,False,False,0.0,0.2641744017601013
int8-head-fp32,AoF08373.jpg,False,False,0.0,0.7338177561759949
int8-head-fp32,AoF08374.jpg,False,False,0.0,0.7338177561759949
int8-head-fp32,AoF08375.jpg,False,False,0.0,0.0
int8-head-fp32,AoF08376.jpg,False,False,0.0,0.0
int8-head-fp32,AoF08377.jpg,False,False,0.0,0.0
int8-head-fp32,AoF08378.jpg,False,False,0.0,0.0
int8-head-fp32,AoF08379.jpg,False,False,0.0,0.2641744017601013
int8-head-fp32,AoF08380.jpg,False,False,0.0,0.0
int8-head-fp32,AoF08381.jpg,False,False,0.0,0.0
int8-head-fp32,AoF08382.jpg,False,False,0.0,0.0
int8-head-fp32,AoF08383.jpg,False,False,0.0,0.0
int8-head-fp32,PublicDataset01055.jpg,True,False,0.0,0.0
int8-head-fp32,PublicDataset01056.jpg,True,False,0.0,0.0
int8-head-fp32,PublicDataset01057.jpg,True,False,0.0,0.0
int8-head-fp32,PublicDataset01058.jpg,True,False,0.0,0.0
int8-head-fp32,PublicDataset01059.jpg,True,False,0.0,0.0
int8-head-fp32,PublicDataset01060.jpg,True,False,0.0,0.0
int8-head-fp32,PublicDataset01061.jpg,True,True,0.4989960789680481,0.4989960789680481
int8-head-fp32,PublicDataset01062.jpg,True,True,0.2641744017601013,0.2641744017601013
int8-head-fp32,PublicDataset01063.jpg,True,True,0.4989960789680481,0.4989960789680481
int8-head-fp32,PublicDataset01064.jpg,True,True,0.7338177561759949,0.7338177561759949
int8-head-fp32,PublicDataset01065.jpg,True,True,0.7338177561759949,0.7338177561759949
int8-head-fp32,PublicDataset01066.jpg,True,True,0.7338177561759949,0.7338177561759949
int8-head-fp32,PublicDataset01067.jpg,True,True,0.2641744017601013,0.2641744017601013
int8-head-fp32,PublicDataset01068.jpg,True,True,0.2641744017601013,0.2641744017601013
int8-head-fp32,PublicDataset01069.jpg,True,True,0.7338177561759949,0.7338177561759949
int8-head-fp32,PublicDataset01070.jpg,True,False,0.0,0.0
int8-head-fp32,PublicDataset01071.jpg,True,False,0.0,0.0
int8-head-fp32,PublicDataset01072.jpg,True,False,0.0,0.0
int8-head-fp32,PublicDataset01073.jpg,True,False,0.0,0.0
int8-head-fp32,PublicDataset01074.jpg,True,False,0.0,0.0
int8-head-fp32,PublicDataset01075.jpg,True,True,0.2641744017601013,0.2641744017601013
int8-head-fp32,PublicDataset01076.jpg,True,True,0.7338177561759949,0.7338177561759949
int8-head-fp32,PublicDataset01077.jpg,True,True,0.7338177561759949,0.7338177561759949
int8-head-fp32,PublicDataset01078.jpg,False,True,0.2641744017601013,0.2641744017601013
int8-head-fp32,PublicDataset01079.jpg,True,False,0.0,0.0
int8-head-fp32,PublicDataset01080.jpg,True,False,0.0,0.0
int8-head-fp32,PublicDataset01081.jpg,True,False,0.0,0.0
int8-head-fp32,PublicDataset01082.jpg,True,False,0.0,0.0
int8-head-fp32,PublicDataset01083.jpg,True,False,0.0,0.0
int8-head-fp32,PublicDataset01084.jpg,True,True,0.4989960789680481,0.4989960789680481
int8-head-fp32,PublicDataset01085.jpg,True,True,0.7338177561759949,0.7338177561759949
int8-head-fp32,PublicDataset01086.jpg,True,True,0.2641744017601013,0.2641744017601013
int8-head-fp32,PublicDataset01087.jpg,True,True,0.4989960789680481,0.4989960789680481
int8-head-fp32,PublicDataset01088.jpg,True,False,0.0,0.0
int8-head-fp32,PublicDataset01089.jpg,True,True,0.7338177561759949,0.7338177561759949
int8-head-fp32,PublicDataset01090.jpg,True,True,0.7338177561759949,0.7338177561759949
int8-head-fp32,PublicDataset01091.jpg,True,True,0.4989960789680481,0.4989960789680481
int8-head-fp32,PublicDataset01092.jpg,True,False,0.0,0.0
int8-head-fp32,PublicDataset01093.jpg,True,False,0.0,0.0
int8-head-fp32,PublicDataset01094.jpg,False,False,0.0,0.0
int8-head-fp32,PublicDataset01095.jpg,False,False,0.0,0.0
int8-head-fp32,PublicDataset01096.jpg,False,False,0.0,0.11414942890405655
int8-head-fp32,PublicDataset01097.jpg,False,False,0.0,0.4989960789680481
int8-head-fp32,PublicDataset01098.jpg,False,False,0.0,0.0
int8-head-fp32,PublicDataset01099.jpg,False,False,0.0,0.0
int8-head-fp32,PublicDataset01100.jpg,False,False,0.0,0.0
int8-head-fp32,PublicDataset01101.jpg,False,False,0.0,0.0
int8-head-fp32,PublicDataset01102.jpg,False,False,0.0,0.0
int8-head-fp32,PublicDataset01103.jpg,False,False,0.0,0.11414942890405655
int8-head-fp32,PublicDataset01104.jpg,False,False,0.0,0.0
int8-head-fp32,PublicDataset01105.jpg,False,False,0.0,0.4989960789680481
int8-head-fp32,PublicDataset01106.jpg,False,False,0.0,0.0
int8-head-fp32,PublicDataset01107.jpg,False,False,0.0,0.2641744017601013
int8-head-fp32,PublicDataset01108.jpg,False,False,0.0,0.11414942890405655
int8-head-fp32,PublicDataset01109.jpg,False,False,0.0,0.0
int8-head-fp32,PublicDataset01110.jpg,False,False,0.0,0.0
int8-head-fp32,PublicDataset01111.jpg,False,False,0.0,0.0
int8-head-fp32,PublicDataset01112.jpg,False,False,0.0,0.2641744017601013
int8-head-fp32,PublicDataset01113.jpg,False,False,0.0,0.2641744017601013
int8-head-fp32,PublicDataset01114.jpg,False,False,0.0,0.0
int8-head-fp32,PublicDataset01115.jpg,False,False,0.0,0.0
int8-head-fp32,PublicDataset01116.jpg,False,False,0.0,0.0
int8-head-fp32,PublicDataset01117.jpg,False,False,0.0,0.0
int8-head-fp32,PublicDataset01118.jpg,False,False,0.0,0.0
int8-head-fp32,PublicDataset01119.jpg,False,False,0.0,0.2641744017601013
int8-head-fp32,PublicDataset01120.jpg,False,False,0.0,0.0
int8-head-fp32,PublicDataset01121.jpg,False,False,0.0,0.11414942890405655
int8-head-fp32,PublicDataset01122.jpg,False,False,0.0,0.0
int8-head-fp32,PublicDataset01123.jpg,False,False,0.0,0.0
int8-head-fp32,PublicDataset01124.jpg,False,False,0.0,0.0
int8-head-fp32,PublicDataset01125.jpg,False,False,0.0,0.0
int8-head-fp32,PublicDataset01126.jpg,False,False,0.0,0.0
int8-head-fp32,PublicDataset01127.jpg,False,False,0.0,0.0
int8-head-fp32,PublicDataset01128.jpg,False,False,0.0,0.0
int8-head-fp32,PublicDataset01129.jpg,False,False,0.0,0.0
int8-head-fp32,PublicDataset01130.jpg,False,False,0.0,0.0
int8-head-fp32,PublicDataset01131.jpg,False,False,0.0,0.0
int8-head-fp32,PublicDataset01132.jpg,False,False,0.0,0.0
int8-head-fp32,PublicDataset01133.jpg,False,False,0.0,0.0
int8-head-fp32,PublicDataset01134.jpg,False,False,0.0,0.0
int8-head-fp32,PublicDataset01135.jpg,False,False,0.0,0.0
int8-head-fp32,PublicDataset01136.jpg,False,False,0.0,0.0
int8-head-fp32,PublicDataset01137.jpg,False,False,0.0,0.0
int8-head-fp32,PublicDataset01138.jpg,False,False,0.0,0.11414942890405655
int8-head-fp32,PublicDataset01139.jpg,False,False,0.0,0.0
int8-head-fp32,PublicDataset01140.jpg,False,False,0.0,0.0
int8-head-fp32,PublicDataset01141.jpg,False,False,0.0,0.0
int8-head-fp32,PublicDataset01142.jpg,False,False,0.0,0.2641744017601013
int8-head-fp32,PublicDataset01143.jpg,False,False,0.0,0.0
int8-head-fp32,PublicDataset01144.jpg,False,False,0.0,0.0
int8-head-fp32,PublicDataset01145.jpg,False,False,0.0,0.0
int8-head-fp32,PublicDataset01146.jpg,False,True,0.11414942890405655,0.2641744017601013
int8-head-fp32,PublicDataset01147.jpg,False,False,0.0,0.0
int8-head-fp32,PublicDataset01148.jpg,False,False,0.0,0.0
int8-head-fp32,PublicDataset01149.jpg,False,False,0.0,0.0
int8-head-fp32,PublicDataset01150.jpg,False,False,0.0,0.0
int8-head-fp32,PublicDataset01151.jpg,False,False,0.0,0.0
int8-head-fp32,PublicDataset01152.jpg,False,False,0.0,0.0
int8-head-fp32,PublicDataset01153.jpg,False,False,0.0,0.0
int8-head-fp32,PublicDataset01154.jpg,False,False,0.0,0.0
int8-head-fp32,PublicDataset01155.jpg,False,False,0.0,0.0
int8-head-fp32,PublicDataset01156.jpg,False,False,0.0,0.0
int8-head-fp32,PublicDataset01157.jpg,False,False,0.0,0.0
int8-head-fp32,PublicDataset01158.jpg,False,False,0.0,0.0
int8-head-fp32,PublicDataset01159.jpg,False,False,0.0,0.0
int8-head-fp32,PublicDataset01160.jpg,False,False,0.0,0.0
int8-head-fp32,PublicDataset01161.jpg,False,False,0.0,0.0
int8-head-fp32,PublicDataset01162.jpg,False,False,0.0,0.0
int8-head-fp32,PublicDataset01163.jpg,False,False,0.0,0.0
int8-head-fp32,PublicDataset01164.jpg,False,False,0.0,0.0
int8-head-fp32,PublicDataset01165.jpg,True,False,0.0,0.0
int8-head-fp32,PublicDataset01166.jpg,True,False,0.0,0.0
int8-head-fp32,PublicDataset01167.jpg,True,False,0.0,0.0
int8-head-fp32,PublicDataset01168.jpg,False,False,0.0,0.0
int8-head-fp32,PublicDataset01169.jpg,False,False,0.0,0.0
int8-head-fp32,PublicDataset01170.jpg,False,False,0.0,0.0
int8-head-fp32,PublicDataset01171.jpg,False,False,0.0,0.0
int8-head-fp32,PublicDataset01172.jpg,False,False,0.0,0.0
int8-head-fp32,PublicDataset01173.jpg,False,False,0.0,0.0
int8-head-fp32,PublicDataset01174.jpg,False,False,0.0,0.0
int8-head-fp32,PublicDataset01175.jpg,False,False,0.0,0.0
int8-head-fp32,PublicDataset01176.jpg,False,False,0.0,0.0
int8-head-fp32,PublicDataset01177.jpg,False,False,0.0,0.0
int8-head-fp32,PublicDataset01178.jpg,False,False,0.0,0.0
int8-head-fp32,PublicDataset01179.jpg,False,False,0.0,0.0
int8-head-fp32,PublicDataset01180.jpg,False,False,0.0,0.0
int8-head-fp32,PublicDataset01181.jpg,False,False,0.0,0.0
int8-head-fp32,PublicDataset01182.jpg,False,False,0.0,0.0
int8-head-fp32,PublicDataset01183.jpg,False,False,0.0,0.0
int8-head-fp32,PublicDataset01184.jpg,False,False,0.0,0.0
int8-head-fp32,PublicDataset01185.jpg,False,False,0.0,0.0
int8-head-fp32,PublicDataset01186.jpg,False,False,0.0,0.0
int8-head-fp32,PublicDataset01187.jpg,False,False,0.0,0.0
int8-head-fp32,PublicDataset01188.jpg,False,False,0.0,0.0
int8-head-fp32,PublicDataset01189.jpg,False,False,0.0,0.0
int8-head-fp32,PublicDataset01190.jpg,False,False,0.0,0.0
int8-head-fp32,PublicDataset01191.jpg,False,False,0.0,0.0
int8-head-fp32,PublicDataset01192.jpg,False,False,0.0,0.0
int8-head-fp32,PublicDataset01193.jpg,False,False,0.0,0.0
int8-head-fp32,PublicDataset01194.jpg,False,False,0.0,0.0
int8-head-fp32,PublicDataset01195.jpg,False,False,0.0,0.0
int8-head-fp32,PublicDataset01196.jpg,False,False,0.0,0.0
int8-head-fp32,PublicDataset01197.jpg,False,False,0.0,0.11414942890405655
int8-head-fp32,PublicDataset01198.jpg,False,False,0.0,0.0
int8-head-fp32,PublicDataset01199.jpg,False,False,0.0,0.0
int8-head-fp32,PublicDataset01200.jpg,False,False,0.0,0.2641744017601013
int8-head-fp32,PublicDataset01201.jpg,False,False,0.0,0.0
int8-head-fp32,PublicDataset01202.jpg,False,False,0.0,0.0
int8-head-fp32,PublicDataset01203.jpg,False,False,0.0,0.11414942890405655
int8-head-fp32,PublicDataset01204.jpg,False,False,0.0,0.0
int8-head-fp32,PublicDataset01205.jpg,False,False,0.0,0.0
int8-head-fp32,PublicDataset01206.jpg,False,False,0.0,0.0
int8-head-fp32,PublicDataset01207.jpg,False,False,0.0,0.0
int8-head-fp32,PublicDataset01208.jpg,False,False,0.0,0.0
int8-head-fp32,PublicDataset01209.jpg,False,False,0.0,0.4989960789680481
int8-head-fp32,PublicDataset01210.jpg,False,False,0.0,0.0
int8-head-fp32,PublicDataset01211.jpg,False,False,0.0,0.2641744017601013
int8-head-fp32,PublicDataset01212.jpg,False,False,0.0,0.0
int8-head-fp32,PublicDataset01213.jpg,False,False,0.0,0.0
int8-head-fp32,PublicDataset01214.jpg,False,False,0.0,0.0
int8-head-fp32,PublicDataset01215.jpg,False,False,0.0,0.2641744017601013
int8-head-fp32,PublicDataset01216.jpg,False,False,0.0,0.0
int8-head-fp32,PublicDataset01217.jpg,True,False,0.0,0.0
int8-head-fp32,PublicDataset01218.jpg,False,False,0.0,0.0
int8-head-fp32,PublicDataset01219.jpg,False,False,0.0,0.0
int8-head-fp32,PublicDataset01220.jpg,False,False,0.0,0.0
int8-head-fp32,PublicDataset01221.jpg,False,False,0.0,0.0
int8-head-fp32,PublicDataset01222.jpg,False,False,0.0,0.0
int8-head-fp32,PublicDataset01223.jpg,False,False,0.0,0.0
int8-head-fp32,PublicDataset01224.jpg,False,False,0.0,0.0
int8-head-fp32,PublicDataset01225.jpg,True,False,0.0,0.7338177561759949
int8-head-fp32,PublicDataset01226.jpg,False,False,0.0,0.0
int8-head-fp32,PublicDataset01227.jpg,False,False,0.0,0.0
int8-head-fp32,PublicDataset01228.jpg,False,False,0.0,0.0
int8-head-fp32,PublicDataset01229.jpg,False,False,0.0,0.0
int8-head-fp32,PublicDataset01230.jpg,False,False,0.0,0.0
int8-head-fp32,PublicDataset01231.jpg,False,False,0.0,0.0
int8-head-fp32,PublicDataset01232.jpg,False,False,0.0,0.0
int8-head-fp32,PublicDataset01233.jpg,False,False,0.0,0.0
int8-head-fp32,PublicDataset01234.jpg,False,False,0.0,0.0
int8-head-fp32,PublicDataset01235.jpg,False,False,0.0,0.2641744017601013
int8-head-fp32,PublicDataset01236.jpg,False,False,0.0,0.11414942890405655
int8-head-fp32,PublicDataset01237.jpg,False,False,0.0,0.11414942890405655
int8-head-fp32,PublicDataset01238.jpg,False,False,0.0,0.2641744017601013
int8-head-fp32,PublicDataset01239.jpg,True,True,0.2641744017601013,0.4989960789680481
int8-head-fp32,PublicDataset01240.jpg,False,False,0.0,0.0
int8-head-fp32,PublicDataset01241.jpg,True,False,0.0,0.11414942890405655
int8-head-fp32,PublicDataset01242.jpg,True,False,0.0,0.0
int8-head-fp32,PublicDataset01243.jpg,False,False,0.0,0.11414942890405655
int8-head-fp32,PublicDataset01244.jpg,False,False,0.0,0.7338177561759949
int8-head-fp32,PublicDataset01245.jpg,False,False,0.0,0.0
int8-head-fp32,PublicDataset01246.jpg,False,False,0.0,0.0
int8-head-fp32,PublicDataset01247.jpg,False,False,0.0,0.0
int8-head-fp32,PublicDataset01248.jpg,False,False,0.0,0.0
int8-head-fp32,PublicDataset01249.jpg,False,False,0.0,0.0
int8-head-fp32,PublicDataset01250.jpg,False,False,0.0,0.0
int8-head-fp32,PublicDataset01251.jpg,False,False,0.0,0.2641744017601013
int8-head-fp32,PublicDataset01252.jpg,False,False,0.0,0.2641744017601013
int8-head-fp32,PublicDataset01253.jpg,False,False,0.0,0.0
int8-head-fp32,PublicDataset01254.jpg,False,False,0.0,0.0
int8-head-fp32,PublicDataset01255.jpg,False,False,0.0,0.0
int8-head-fp32,PublicDataset01256.jpg,False,False,0.0,0.0
int8-head-fp32,PublicDataset01257.jpg,False,True,0.2641744017601013,0.2641744017601013
int8-head-fp32,PublicDataset01258.jpg,False,False,0.0,0.0
int8-head-fp32,PublicDataset01259.jpg,False,False,0.0,0.0
int8-head-fp32,PublicDataset01260.jpg,False,False,0.0,0.0
int8-head-fp32,PublicDataset01261.jpg,False,False,0.0,0.11414942890405655
int8-head-fp32,PublicDataset01262.jpg,False,False,0.0,0.0
int8-head-fp32,PublicDataset01263.jpg,False,False,0.0,0.0
int8-head-fp32,PublicDataset01264.jpg,False,False,0.0,0.0
int8-head-fp32,PublicDataset01265.jpg,False,False,0.0,0.0
int8-head-fp32,PublicDataset01266.jpg,False,False,0.0,0.0
int8-head-fp32,PublicDataset01267.jpg,False,False,0.0,0.0
int8-head-fp32,PublicDataset01268.jpg,False,False,0.0,0.0
int8-head-fp32,PublicDataset01269.jpg,False,False,0.0,0.0
int8-head-fp32,PublicDataset01270.jpg,False,False,0.0,0.0
int8-head-fp32,PublicDataset01271.jpg,False,False,0.0,0.0
int8-head-fp32,PublicDataset01272.jpg,False,False,0.0,0.0
int8-head-fp32,PublicDataset01273.jpg,False,False,0.0,0.0
int8-head-fp32,PublicDataset01274.jpg,False,False,0.0,0.0
int8-head-fp32,PublicDataset01275.jpg,False,False,0.0,0.7338177561759949
int8-head-fp32,PublicDataset01276.jpg,True,False,0.0,0.2641744017601013
int8-head-fp32,PublicDataset01277.jpg,False,False,0.0,0.7338177561759949
int8-head-fp32,PublicDataset01278.jpg,False,False,0.0,0.0
int8-head-fp32,PublicDataset01279.jpg,False,False,0.0,0.4989960789680481
int8-head-fp32,PublicDataset01280.jpg,True,False,0.0,0.7338177561759949
int8-head-fp32,PublicDataset01281.jpg,False,False,0.0,0.0
int8-head-fp32,PublicDataset01282.jpg,False,False,0.0,0.0
int8-head-fp32,PublicDataset01283.jpg,False,False,0.0,0.0
int8-head-fp32,PublicDataset01284.jpg,False,False,0.0,0.0
int8-head-fp32,PublicDataset01285.jpg,False,False,0.0,0.4989960789680481
int8-head-fp32,PublicDataset01286.jpg,False,False,0.0,0.0
int8-head-fp32,PublicDataset01287.jpg,False,False,0.0,0.0
int8-head-fp32,PublicDataset01288.jpg,False,False,0.0,0.0
int8-head-fp32,PublicDataset01289.jpg,False,False,0.0,0.0
int8-head-fp32,PublicDataset01290.jpg,False,False,0.0,0.0
int8-head-fp32,PublicDataset01291.jpg,False,False,0.0,0.0
int8-head-fp32,PublicDataset01292.jpg,False,False,0.0,0.0
int8-head-fp32,PublicDataset01293.jpg,False,False,0.0,0.0
int8-head-fp32,PublicDataset01294.jpg,False,False,0.0,0.0
int8-head-fp32,PublicDataset01295.jpg,False,False,0.0,0.0
int8-head-fp32,PublicDataset01296.jpg,False,False,0.0,0.0
int8-head-fp32,PublicDataset01297.jpg,False,False,0.0,0.0
int8-head-fp32,PublicDataset01298.jpg,False,False,0.0,0.0
int8-head-fp32,PublicDataset01299.jpg,False,False,0.0,0.0
int8-head-fp32,PublicDataset01300.jpg,False,False,0.0,0.0
int8-head-fp32,PublicDataset01301.jpg,False,False,0.0,0.0
int8-head-fp32,PublicDataset01302.jpg,False,False,0.0,0.0
int8-head-fp32,PublicDataset01303.jpg,False,False,0.0,0.0
int8-head-fp32,PublicDataset01304.jpg,False,False,0.0,0.0
int8-head-fp32,PublicDataset01305.jpg,False,False,0.0,0.0
int8-head-fp32,PublicDataset01306.jpg,False,False,0.0,0.0
int8-head-fp32,PublicDataset01307.jpg,False,True,0.11414942890405655,0.11414942890405655
int8-head-fp32,PublicDataset01308.jpg,False,False,0.0,0.0
int8-head-fp32,PublicDataset01309.jpg,False,False,0.0,0.0
int8-head-fp32,PublicDataset01310.jpg,False,False,0.0,0.0
int8-head-fp32,PublicDataset01311.jpg,False,False,0.0,0.0
int8-head-fp32,PublicDataset01312.jpg,False,False,0.0,0.0
int8-head-fp32,PublicDataset01313.jpg,False,False,0.0,0.0
int8-head-fp32,PublicDataset01314.jpg,False,False,0.0,0.0
int8-head-fp32,PublicDataset01315.jpg,False,False,0.0,0.0
int8-head-fp32,PublicDataset01316.jpg,False,False,0.0,0.0
int8-head-fp32,PublicDataset01317.jpg,True,True,0.4989960789680481,0.4989960789680481
int8-head-fp32,PublicDataset01318.jpg,True,False,0.0,0.0
int8-head-fp32,PublicDataset01319.jpg,True,True,0.8316601514816284,0.8316601514816284
int8-head-fp32,PublicDataset01320.jpg,True,True,0.7338177561759949,0.7338177561759949
int8-head-fp32,PublicDataset01321.jpg,True,True,0.7338177561759949,0.7338177561759949
int8-head-fp32,PublicDataset01322.jpg,True,True,0.4989960789680481,0.4989960789680481
int8-head-fp32,PublicDataset01323.jpg,True,True,0.11414942890405655,0.11414942890405655
int8-head-fp32,PublicDataset01324.jpg,True,True,0.2641744017601013,0.2641744017601013
int8-head-fp32,PublicDataset01325.jpg,True,True,0.2641744017601013,0.4989960789680481
int8-head-fp32,PublicDataset01326.jpg,True,True,0.2641744017601013,0.2641744017601013
int8-head-fp32,PublicDataset01327.jpg,True,True,0.7338177561759949,0.7338177561759949
int8-head-fp32,PublicDataset01328.jpg,True,True,0.8316601514816284,0.8316601514816284
int8-head-fp32,PublicDataset01329.jpg,True,False,0.0,0.0
int8-head-fp32,PublicDataset01330.jpg,True,False,0.0,0.0
int8-head-fp32,PublicDataset01331.jpg,False,False,0.0,0.0
int8-head-fp32,PublicDataset01332.jpg,False,False,0.0,0.0
int8-head-fp32,PublicDataset01333.jpg,False,False,0.0,0.0
int8-head-fp32,PublicDataset01334.jpg,False,False,0.0,0.0
int8-head-fp32,PublicDataset01335.jpg,False,False,0.0,0.0
int8-head-fp32,WEB09443.jpg,False,False,0.0,0.4989960789680481
int8-head-fp32,WEB09444.jpg,False,False,0.0,0.0
int8-head-fp32,WEB09445.jpg,False,False,0.0,0.0
int8-head-fp32,WEB09446.jpg,False,False,0.0,0.0
int8-head-fp32,WEB09447.jpg,False,False,0.0,0.0
int8-head-fp32,WEB09448.jpg,False,False,0.0,0.0
int8-head-fp32,WEB09449.jpg,False,False,0.0,0.0
int8-head-fp32,WEB09450.jpg,False,False,0.0,0.0
int8-head-fp32,WEB09451.jpg,False,False,0.0,0.0
int8-head-fp32,WEB09452.jpg,False,False,0.0,0.0
int8-head-fp32,WEB09453.jpg,False,False,0.0,0.0
int8-head-fp32,WEB09454.jpg,False,False,0.0,0.0
int8-head-fp32,WEB09455.jpg,False,False,0.0,0.0
int8-head-fp32,WEB09456.jpg,False,False,0.0,0.0
int8-head-fp32,WEB09457.jpg,False,False,0.0,0.0
int8-head-fp32,WEB09458.jpg,False,False,0.0,0.0
int8-head-fp32,WEB09459.jpg,False,False,0.0,0.0
int8-head-fp32,WEB09460.jpg,False,False,0.0,0.0
int8-head-fp32,WEB09461.jpg,False,False,0.0,0.0
int8-head-fp32,WEB09462.jpg,False,False,0.0,0.0
int8-head-fp32,WEB09463.jpg,False,False,0.0,0.0
int8-head-fp32,WEB09464.jpg,False,False,0.0,0.0
int8-head-fp32,WEB09465.jpg,False,False,0.0,0.0
int8-head-fp32,WEB09466.jpg,False,False,0.0,0.0
int8-head-fp32,WEB09467.jpg,False,False,0.0,0.0
int8-head-fp32,WEB09468.jpg,False,False,0.0,0.0
int8-head-fp32,WEB09469.jpg,False,False,0.0,0.0
int8-head-fp32,WEB09470.jpg,False,False,0.0,0.0
int8-head-fp32,WEB09471.jpg,False,False,0.0,0.0
int8-head-fp32,WEB09472.jpg,False,False,0.0,0.0
int8-head-fp32,WEB09473.jpg,False,False,0.0,0.0
int8-head-fp32,WEB09474.jpg,False,False,0.0,0.0
int8-head-fp32,WEB09475.jpg,False,False,0.0,0.0
int8-head-fp32,WEB09476.jpg,False,False,0.0,0.0
int8-head-fp32,WEB09477.jpg,False,False,0.0,0.0
int8-head-fp32,WEB09478.jpg,False,False,0.0,0.0
int8-head-fp32,WEB09479.jpg,False,False,0.0,0.0
int8-head-fp32,WEB09480.jpg,False,False,0.0,0.0
int8-head-fp32,WEB09481.jpg,False,False,0.0,0.0
int8-head-fp32,WEB09482.jpg,False,False,0.0,0.0
int8-head-fp32,WEB09483.jpg,False,False,0.0,0.0
int8-head-fp32,WEB09484.jpg,False,False,0.0,0.0
int8-head-fp32,WEB09485.jpg,False,False,0.0,0.0
int8-head-fp32,WEB09486.jpg,False,False,0.0,0.0
int8-head-fp32,WEB09487.jpg,False,False,0.0,0.0
int8-head-fp32,WEB09488.jpg,False,False,0.0,0.0
int8-head-fp32,WEB09489.jpg,False,False,0.0,0.0
int8-head-fp32,WEB09490.jpg,False,False,0.0,0.0
int8-head-fp32,WEB09491.jpg,False,False,0.0,0.0
int8-head-fp32,WEB09492.jpg,False,False,0.0,0.0
int8-head-fp32,WEB09493.jpg,False,False,0.0,0.0
int8-head-fp32,WEB09494.jpg,False,False,0.0,0.0
int8-head-fp32,WEB09495.jpg,False,False,0.0,0.0
int8-head-fp32,WEB09496.jpg,False,False,0.0,0.0
int8-head-fp32,WEB09497.jpg,False,False,0.0,0.2641744017601013
int8-head-fp32,WEB09498.jpg,False,False,0.0,0.0
int8-head-fp32,WEB09499.jpg,False,False,0.0,0.0
int8-head-fp32,WEB09500.jpg,False,False,0.0,0.0
int8-head-fp32,WEB09501.jpg,False,False,0.0,0.0
int8-head-fp32,WEB09502.jpg,False,False,0.0,0.0
int8-head-fp32,WEB09503.jpg,False,False,0.0,0.0
int8-head-fp32,WEB09504.jpg,False,False,0.0,0.0
int8-head-fp32,WEB09505.jpg,False,False,0.0,0.0
int8-head-fp32,WEB09506.jpg,False,False,0.0,0.0
int8-head-fp32,WEB09507.jpg,False,False,0.0,0.0
int8-head-fp32,WEB09508.jpg,False,False,0.0,0.0
int8-head-fp32,WEB09509.jpg,False,False,0.0,0.0
int8-head-fp32,WEB09510.jpg,False,False,0.0,0.0
int8-head-fp32,WEB09511.jpg,False,False,0.0,0.0
int8-head-fp32,WEB09512.jpg,False,False,0.0,0.0
int8-head-fp32,WEB09513.jpg,False,False,0.0,0.0
int8-head-fp32,WEB09514.jpg,False,False,0.0,0.0
int8-head-fp32,WEB09515.jpg,False,False,0.0,0.0
int8-head-fp32,WEB09516.jpg,False,False,0.0,0.0
int8-head-fp32,WEB09517.jpg,False,False,0.0,0.0
int8-head-fp32,WEB09518.jpg,False,False,0.0,0.0
int8-head-fp32,WEB09519.jpg,False,False,0.0,0.0
int8-head-fp32,WEB09520.jpg,False,False,0.0,0.0
int8-head-fp32,WEB09521.jpg,False,False,0.0,0.0
int8-head-fp32,WEB09522.jpg,False,False,0.0,0.0
int8-head-fp32,WEB09523.jpg,False,False,0.0,0.0
int8-head-fp32,WEB09524.jpg,False,False,0.0,0.0
int8-head-fp32,WEB09525.jpg,False,False,0.0,0.0
int8-head-fp32,WEB09526.jpg,False,False,0.0,0.0
int8-head-fp32,WEB09527.jpg,False,False,0.0,0.0
int8-head-fp32,WEB09528.jpg,False,False,0.0,0.0
int8-head-fp32,WEB09529.jpg,False,False,0.0,0.0
int8-head-fp32,WEB09530.jpg,False,False,0.0,0.0
int8-head-fp32,WEB09531.jpg,False,False,0.0,0.0
int8-head-fp32,WEB09532.jpg,False,False,0.0,0.0
int8-head-fp32,WEB09533.jpg,False,False,0.0,0.0
int8-head-fp32,WEB09534.jpg,False,False,0.0,0.0
int8-head-fp32,WEB09535.jpg,False,False,0.0,0.0
int8-head-fp32,WEB09536.jpg,False,False,0.0,0.0
int8-head-fp32,WEB09537.jpg,False,False,0.0,0.0
int8-head-fp32,WEB09538.jpg,False,False,0.0,0.0
int8-head-fp32,WEB09539.jpg,False,False,0.0,0.0
int8-head-fp32,WEB09540.jpg,False,False,0.0,0.0
int8-head-fp32,WEB09541.jpg,False,False,0.0,0.0
int8-head-fp32,WEB09542.jpg,False,False,0.0,0.0
int8-head-fp32,WEB09543.jpg,False,False,0.0,0.0
int8-head-fp32,WEB09544.jpg,False,False,0.0,0.0
int8-head-fp32,WEB09545.jpg,False,False,0.0,0.0
int8-head-fp32,WEB09546.jpg,False,False,0.0,0.2641744017601013
int8-head-fp32,WEB09547.jpg,False,False,0.0,0.0
int8-head-fp32,WEB09548.jpg,False,False,0.0,0.0
int8-head-fp32,WEB09549.jpg,False,False,0.0,0.0
int8-head-fp32,WEB09550.jpg,False,False,0.0,0.0
int8-head-fp32,WEB09551.jpg,False,False,0.0,0.0
int8-head-fp32,WEB09552.jpg,False,False,0.0,0.0
int8-head-fp32,WEB09553.jpg,False,False,0.0,0.0
int8-head-fp32,WEB09554.jpg,False,False,0.0,0.0
int8-head-fp32,WEB09555.jpg,False,False,0.0,0.11414942890405655
int8-head-fp32,WEB09556.jpg,False,False,0.0,0.0
int8-head-fp32,WEB09557.jpg,False,False,0.0,0.0
int8-head-fp32,WEB09558.jpg,False,False,0.0,0.0
int8-head-fp32,WEB09559.jpg,False,False,0.0,0.0
int8-head-fp32,WEB09560.jpg,False,False,0.0,0.0
int8-head-fp32,WEB09561.jpg,False,False,0.0,0.0
int8-head-fp32,WEB09562.jpg,False,False,0.0,0.0
int8-head-fp32,WEB09563.jpg,False,False,0.0,0.0
int8-head-fp32,WEB09564.jpg,False,False,0.0,0.0
int8-head-fp32,WEB09565.jpg,False,False,0.0,0.0
int8-head-fp32,WEB09566.jpg,False,False,0.0,0.11414942890405655
int8-head-fp32,WEB09567.jpg,False,False,0.0,0.0
int8-head-fp32,WEB09568.jpg,False,False,0.0,0.0
int8-head-fp32,WEB09569.jpg,False,False,0.0,0.0
int8-head-fp32,WEB09570.jpg,False,False,0.0,0.0
int8-head-fp32,WEB09571.jpg,False,False,0.0,0.0
int8-head-fp32,WEB09572.jpg,False,False,0.0,0.0
int8-head-fp32,WEB09573.jpg,False,False,0.0,0.0
int8-head-fp32,WEB09574.jpg,False,False,0.0,0.0
int8-head-fp32,WEB09575.jpg,False,False,0.0,0.0
int8-head-fp32,WEB09576.jpg,False,False,0.0,0.0
int8-head-fp32,WEB09577.jpg,False,False,0.0,0.0
int8-head-fp32,WEB09578.jpg,False,False,0.0,0.0
int8-head-fp32,WEB09579.jpg,False,False,0.0,0.0
int8-head-fp32,WEB09580.jpg,False,False,0.0,0.0
int8-head-fp32,WEB09581.jpg,False,False,0.0,0.0
int8-head-fp32,WEB09582.jpg,False,False,0.0,0.0
int8-head-fp32,WEB09583.jpg,False,False,0.0,0.0
int8-head-fp32,WEB09584.jpg,False,False,0.0,0.0
int8-head-fp32,WEB09585.jpg,False,False,0.0,0.0
int8-head-fp32,WEB09586.jpg,False,False,0.0,0.0
int8-head-fp32,WEB09587.jpg,False,False,0.0,0.0
int8-head-fp32,WEB09588.jpg,False,False,0.0,0.0
int8-head-fp32,WEB09589.jpg,False,False,0.0,0.0
int8-head-fp32,WEB09590.jpg,False,False,0.0,0.0
int8-head-fp32,WEB09591.jpg,False,False,0.0,0.0
int8-head-fp32,WEB09592.jpg,False,False,0.0,0.0
int8-head-fp32,WEB09593.jpg,False,False,0.0,0.0
int8-head-fp32,WEB09594.jpg,False,False,0.0,0.0
int8-head-fp32,WEB09595.jpg,False,False,0.0,0.0
int8-head-fp32,WEB09596.jpg,False,False,0.0,0.0
int8-head-fp32,WEB09597.jpg,False,False,0.0,0.0
int8-head-fp32,WEB09598.jpg,False,False,0.0,0.0
int8-head-fp32,WEB09599.jpg,False,False,0.0,0.0
int8-head-fp32,WEB09600.jpg,False,False,0.0,0.0
int8-head-fp32,WEB09601.jpg,False,False,0.0,0.0
int8-head-fp32,WEB09602.jpg,False,False,0.0,0.0
int8-head-fp32,WEB09603.jpg,False,False,0.0,0.0
int8-head-fp32,WEB09604.jpg,False,False,0.0,0.0
int8-head-fp32,WEB09605.jpg,False,False,0.0,0.0
int8-head-fp32,WEB09606.jpg,False,False,0.0,0.0
int8-head-fp32,WEB09607.jpg,False,False,0.0,0.0
int8-head-fp32,WEB09608.jpg,False,False,0.0,0.0
int8-head-fp32,WEB09609.jpg,False,False,0.0,0.0
int8-head-fp32,WEB09610.jpg,False,False,0.0,0.0
int8-head-fp32,WEB09611.jpg,False,False,0.0,0.0
int8-head-fp32,WEB09612.jpg,False,False,0.0,0.0
int8-head-fp32,WEB09613.jpg,False,False,0.0,0.0
int8-head-fp32,WEB09614.jpg,False,False,0.0,0.0
int8-head-fp32,WEB09615.jpg,False,False,0.0,0.0
int8-head-fp32,WEB09616.jpg,False,False,0.0,0.0
int8-head-fp32,WEB09617.jpg,False,False,0.0,0.0
int8-head-fp32,WEB09618.jpg,False,False,0.0,0.0
int8-head-fp32,WEB09619.jpg,False,False,0.0,0.0
int8-head-fp32,WEB09620.jpg,False,False,0.0,0.0
int8-head-fp32,WEB09621.jpg,False,False,0.0,0.0
int8-head-fp32,WEB09622.jpg,False,False,0.0,0.0
int8-head-fp32,WEB09623.jpg,False,False,0.0,0.0
int8-head-fp32,WEB09624.jpg,False,False,0.0,0.0
int8-head-fp32,WEB09625.jpg,False,False,0.0,0.0
int8-head-fp32,WEB09626.jpg,False,False,0.0,0.0
int8-head-fp32,WEB09627.jpg,False,False,0.0,0.0
int8-head-fp32,WEB09628.jpg,False,False,0.0,0.0
int8-head-fp32,WEB09629.jpg,False,False,0.0,0.0
int8-head-fp32,WEB09630.jpg,False,False,0.0,0.0
int8-head-fp32,WEB09631.jpg,False,False,0.0,0.0
int8-head-fp32,WEB09632.jpg,False,False,0.0,0.0
int8-head-fp32,WEB09633.jpg,False,False,0.0,0.0
int8-head-fp32,WEB09634.jpg,False,False,0.0,0.0
int8-head-fp32,WEB09635.jpg,False,False,0.0,0.0
int8-head-fp32,WEB09636.jpg,False,False,0.0,0.0
int8-head-fp32,WEB09637.jpg,False,False,0.0,0.0
int8-head-fp32,WEB09638.jpg,False,False,0.0,0.0
int8-head-fp32,WEB09639.jpg,False,False,0.0,0.0
int8-head-fp32,WEB09640.jpg,False,False,0.0,0.0
int8-head-fp32,WEB09641.jpg,False,False,0.0,0.0
int8-head-fp32,WEB09642.jpg,False,False,0.0,0.0
int8-head-fp32,WEB09643.jpg,False,False,0.0,0.0
int8-head-fp32,WEB09644.jpg,False,False,0.0,0.0
int8-head-fp32,WEB09645.jpg,False,False,0.0,0.0
int8-head-fp32,WEB09646.jpg,False,False,0.0,0.0
int8-head-fp32,WEB09647.jpg,False,False,0.0,0.0
int8-head-fp32,WEB09648.jpg,False,False,0.0,0.0
int8-head-fp32,WEB09649.jpg,False,False,0.0,0.0
int8-head-fp32,WEB09650.jpg,False,False,0.0,0.0
int8-head-fp32,WEB09651.jpg,False,False,0.0,0.0
int8-head-fp32,WEB09652.jpg,False,False,0.0,0.0
int8-head-fp32,WEB09653.jpg,False,False,0.0,0.0
int8-head-fp32,WEB09654.jpg,False,False,0.0,0.0
int8-head-fp32,WEB09655.jpg,False,False,0.0,0.0
int8-head-fp32,WEB09656.jpg,False,False,0.0,0.0
int8-head-fp32,WEB09657.jpg,False,False,0.0,0.0
int8-head-fp32,WEB09658.jpg,False,False,0.0,0.0
int8-head-fp32,WEB09659.jpg,False,False,0.0,0.0
int8-head-fp32,WEB09660.jpg,False,False,0.0,0.0
int8-head-fp32,WEB09661.jpg,False,False,0.0,0.0
int8-head-fp32,WEB09662.jpg,False,False,0.0,0.0
int8-head-fp32,WEB09663.jpg,False,False,0.0,0.0
int8-head-fp32,WEB09664.jpg,False,False,0.0,0.0
int8-head-fp32,WEB09665.jpg,False,False,0.0,0.0
int8-head-fp32,WEB09666.jpg,False,False,0.0,0.0
int8-head-fp32,WEB09667.jpg,False,False,0.0,0.0
int8-head-fp32,WEB09668.jpg,False,False,0.0,0.0
int8-head-fp32,WEB09669.jpg,False,False,0.0,0.0
int8-head-fp32,WEB09670.jpg,False,False,0.0,0.0
int8-head-fp32,WEB09671.jpg,False,False,0.0,0.0
int8-head-fp32,WEB09672.jpg,False,False,0.0,0.0
int8-head-fp32,WEB09673.jpg,False,False,0.0,0.0
int8-head-fp32,WEB09674.jpg,False,False,0.0,0.0
int8-head-fp32,WEB09675.jpg,False,False,0.0,0.0
int8-head-fp32,WEB09676.jpg,False,False,0.0,0.0
int8-head-fp32,WEB09677.jpg,False,False,0.0,0.0
int8-head-fp32,WEB09678.jpg,False,False,0.0,0.0
int8-head-fp32,WEB09679.jpg,False,False,0.0,0.0
int8-head-fp32,WEB09680.jpg,False,False,0.0,0.0
int8-head-fp32,WEB09681.jpg,False,False,0.0,0.0
int8-head-fp32,WEB09682.jpg,False,False,0.0,0.0
int8-head-fp32,WEB09683.jpg,False,False,0.0,0.0
int8-head-fp32,WEB09684.jpg,False,False,0.0,0.0
int8-head-fp32,WEB09685.jpg,False,False,0.0,0.0
int8-head-fp32,WEB09686.jpg,False,False,0.0,0.0
int8-head-fp32,WEB09687.jpg,False,False,0.0,0.2641744017601013
int8-head-fp32,WEB09688.jpg,False,False,0.0,0.0
int8-head-fp32,WEB09689.jpg,False,False,0.0,0.0
int8-head-fp32,WEB09690.jpg,False,False,0.0,0.0
int8-head-fp32,WEB09691.jpg,False,False,0.0,0.0
int8-head-fp32,WEB09692.jpg,False,False,0.0,0.4989960789680481
int8-head-fp32,WEB09693.jpg,False,False,0.0,0.0
int8-head-fp32,WEB09694.jpg,False,False,0.0,0.4989960789680481
int8-head-fp32,WEB09695.jpg,False,False,0.0,0.0
int8-head-fp32,WEB09696.jpg,False,False,0.0,0.0
int8-head-fp32,WEB09697.jpg,False,False,0.0,0.0
int8-head-fp32,WEB09698.jpg,False,False,0.0,0.0
int8-head-fp32,WEB09699.jpg,False,False,0.0,0.0
int8-head-fp32,WEB09700.jpg,False,False,0.0,0.0
int8-head-fp32,WEB09701.jpg,False,False,0.0,0.0
int8-head-fp32,WEB09702.jpg,False,False,0.0,0.0
int8-head-fp32,WEB09703.jpg,False,False,0.0,0.0
int8-head-fp32,WEB09704.jpg,False,False,0.0,0.0
int8-head-fp32,WEB09705.jpg,False,False,0.0,0.0
int8-head-fp32,WEB09706.jpg,False,False,0.0,0.0
int8-head-fp32,WEB09707.jpg,False,False,0.0,0.0
int8-head-fp32,WEB09708.jpg,False,False,0.0,0.0
int8-head-fp32,WEB09709.jpg,False,False,0.0,0.0
int8-head-fp32,WEB09710.jpg,False,False,0.0,0.0
int8-head-fp32,WEB09711.jpg,False,False,0.0,0.0
int8-head-fp32,WEB09712.jpg,False,False,0.0,0.0
int8-head-fp32,WEB09713.jpg,False,False,0.0,0.0
int8-head-fp32,WEB09714.jpg,False,False,0.0,0.0
int8-head-fp32,WEB09715.jpg,False,False,0.0,0.0
int8-head-fp32,WEB09716.jpg,False,False,0.0,0.0
int8-head-fp32,WEB09717.jpg,False,False,0.0,0.0
int8-head-fp32,WEB09718.jpg,False,False,0.0,0.0
int8-head-fp32,WEB09719.jpg,False,False,0.0,0.0
int8-head-fp32,WEB09720.jpg,False,False,0.0,0.0
int8-head-fp32,WEB09721.jpg,False,False,0.0,0.0
int8-head-fp32,WEB09722.jpg,False,False,0.0,0.0
int8-head-fp32,WEB09723.jpg,False,False,0.0,0.0
int8-head-fp32,WEB09724.jpg,False,False,0.0,0.0
int8-head-fp32,WEB09725.jpg,False,False,0.0,0.0
int8-head-fp32,WEB09726.jpg,False,False,0.0,0.0
int8-head-fp32,WEB09727.jpg,False,False,0.0,0.0
int8-head-fp32,WEB09728.jpg,False,False,0.0,0.0
int8-head-fp32,WEB09729.jpg,False,False,0.0,0.0
int8-head-fp32,WEB09730.jpg,False,False,0.0,0.0
int8-head-fp32,WEB09731.jpg,False,False,0.0,0.0
int8-head-fp32,WEB09732.jpg,False,False,0.0,0.0
int8-head-fp32,WEB09733.jpg,False,False,0.0,0.0
int8-head-fp32,WEB09734.jpg,False,False,0.0,0.0
int8-head-fp32,WEB09735.jpg,False,False,0.0,0.0
int8-head-fp32,WEB09736.jpg,False,False,0.0,0.0
int8-head-fp32,WEB09737.jpg,False,False,0.0,0.0
int8-head-fp32,WEB09738.jpg,False,False,0.0,0.0
int8-head-fp32,WEB09739.jpg,False,False,0.0,0.0
int8-head-fp32,WEB09740.jpg,False,False,0.0,0.0
int8-head-fp32,WEB09741.jpg,False,False,0.0,0.0
int8-head-fp32,WEB09742.jpg,False,False,0.0,0.0
int8-head-fp32,WEB09743.jpg,False,False,0.0,0.0
int8-head-fp32,WEB09744.jpg,False,False,0.0,0.0
int8-head-fp32,WEB09745.jpg,False,False,0.0,0.0
int8-head-fp32,WEB09746.jpg,False,False,0.0,0.0
int8-head-fp32,WEB09747.jpg,False,False,0.0,0.0
int8-head-fp32,WEB09748.jpg,False,False,0.0,0.0
int8-head-fp32,WEB09749.jpg,False,False,0.0,0.0
int8-head-fp32,WEB09750.jpg,False,False,0.0,0.0
int8-head-fp32,WEB09751.jpg,False,False,0.0,0.0
int8-head-fp32,WEB09752.jpg,False,False,0.0,0.0
int8-head-fp32,WEB09753.jpg,False,False,0.0,0.0
int8-head-fp32,WEB09754.jpg,False,False,0.0,0.0
int8-head-fp32,WEB09755.jpg,False,False,0.0,0.0
int8-head-fp32,WEB09756.jpg,False,False,0.0,0.0
int8-head-fp32,WEB09757.jpg,False,False,0.0,0.0
int8-head-fp32,WEB09758.jpg,False,False,0.0,0.0
int8-head-fp32,WEB09759.jpg,False,False,0.0,0.0
int8-head-fp32,WEB09760.jpg,False,False,0.0,0.0
int8-head-fp32,WEB09761.jpg,False,False,0.0,0.0
int8-head-fp32,WEB09762.jpg,False,False,0.0,0.0
int8-head-fp32,WEB09763.jpg,False,False,0.0,0.0
int8-head-fp32,WEB09764.jpg,False,False,0.0,0.0
int8-head-fp32,WEB09765.jpg,False,False,0.0,0.0
int8-head-fp32,WEB09766.jpg,False,False,0.0,0.0
int8-head-fp32,WEB09767.jpg,False,False,0.0,0.11414942890405655
int8-head-fp32,WEB09768.jpg,False,False,0.0,0.0
int8-head-fp32,WEB09769.jpg,False,False,0.0,0.4989960789680481
int8-head-fp32,WEB09770.jpg,False,False,0.0,0.7338177561759949
int8-head-fp32,WEB09771.jpg,False,False,0.0,0.0
int8-head-fp32,WEB09772.jpg,False,False,0.0,0.0
int8-head-fp32,WEB09773.jpg,False,False,0.0,0.0
int8-head-fp32,WEB09774.jpg,False,False,0.0,0.0
int8-head-fp32,WEB09775.jpg,False,False,0.0,0.0
int8-head-fp32,WEB09776.jpg,False,False,0.0,0.0
int8-head-fp32,WEB09777.jpg,False,False,0.0,0.0
int8-head-fp32,WEB09778.jpg,False,False,0.0,0.0
int8-head-fp32,WEB09779.jpg,False,False,0.0,0.0
int8-head-fp32,WEB09780.jpg,False,False,0.0,0.0
int8-head-fp32,WEB09781.jpg,False,False,0.0,0.0
int8-head-fp32,WEB09782.jpg,False,False,0.0,0.0
int8-head-fp32,WEB09783.jpg,False,False,0.0,0.0
int8-head-fp32,WEB09784.jpg,False,False,0.0,0.0
int8-head-fp32,WEB09785.jpg,False,False,0.0,0.0
int8-head-fp32,WEB09786.jpg,False,False,0.0,0.0
int8-head-fp32,WEB09787.jpg,False,False,0.0,0.0
int8-head-fp32,WEB09788.jpg,False,False,0.0,0.0
int8-head-fp32,WEB09789.jpg,False,False,0.0,0.0
int8-head-fp32,WEB09790.jpg,False,False,0.0,0.0
int8-head-fp32,WEB09791.jpg,False,False,0.0,0.0
int8-head-fp32,WEB09792.jpg,False,False,0.0,0.0
int8-head-fp32,WEB09793.jpg,False,False,0.0,0.0
int8-head-fp32,WEB09794.jpg,False,False,0.0,0.0
int8-head-fp32,WEB09795.jpg,False,False,0.0,0.0
int8-head-fp32,WEB09796.jpg,False,False,0.0,0.0
int8-head-fp32,WEB09797.jpg,False,False,0.0,0.0
int8-head-fp32,WEB09798.jpg,False,False,0.0,0.0
int8-head-fp32,WEB09799.jpg,False,False,0.0,0.0
int8-head-fp32,WEB09800.jpg,False,False,0.0,0.0
int8-head-fp32,WEB09801.jpg,False,False,0.0,0.0
int8-head-fp32,WEB09802.jpg,False,False,0.0,0.0
int8-head-fp32,WEB09803.jpg,False,False,0.0,0.0
int8-head-fp32,WEB09804.jpg,False,False,0.0,0.0
int8-head-fp32,WEB09805.jpg,False,False,0.0,0.0
int8-head-fp32,WEB09806.jpg,False,False,0.0,0.0
int8-head-fp32,WEB09807.jpg,False,False,0.0,0.0
int8-head-fp32,WEB09808.jpg,False,False,0.0,0.0
int8-head-fp32,WEB09809.jpg,False,False,0.0,0.0
int8-head-fp32,WEB09810.jpg,False,False,0.0,0.0
int8-head-fp32,WEB09811.jpg,False,False,0.0,0.0
int8-head-fp32,WEB09812.jpg,False,False,0.0,0.0
int8-head-fp32,WEB09813.jpg,False,False,0.0,0.0
int8-head-fp32,WEB09814.jpg,False,False,0.0,0.0
int8-head-fp32,WEB09815.jpg,False,False,0.0,0.0
int8-head-fp32,WEB09816.jpg,False,False,0.0,0.0
int8-head-fp32,WEB09817.jpg,False,False,0.0,0.0
int8-head-fp32,WEB09818.jpg,False,False,0.0,0.0
int8-head-fp32,WEB09819.jpg,False,False,0.0,0.0
int8-head-fp32,WEB09820.jpg,False,False,0.0,0.0
int8-head-fp32,WEB09821.jpg,False,False,0.0,0.0
int8-head-fp32,WEB09822.jpg,False,False,0.0,0.0
int8-head-fp32,WEB09823.jpg,False,False,0.0,0.0
int8-head-fp32,WEB09824.jpg,False,False,0.0,0.0
int8-head-fp32,WEB09825.jpg,False,False,0.0,0.0
int8-head-fp32,WEB09826.jpg,False,False,0.0,0.0
int8-head-fp32,WEB09827.jpg,False,False,0.0,0.0
int8-head-fp32,WEB09828.jpg,False,False,0.0,0.0
int8-head-fp32,WEB09829.jpg,False,False,0.0,0.0
int8-head-fp32,WEB09830.jpg,False,False,0.0,0.0
int8-head-fp32,WEB09831.jpg,False,False,0.0,0.0
int8-head-fp32,WEB09832.jpg,False,False,0.0,0.0
int8-head-fp32,WEB09833.jpg,False,False,0.0,0.0
int8-head-fp32,WEB09834.jpg,False,False,0.0,0.0
int8-head-fp32,WEB09835.jpg,False,False,0.0,0.2641744017601013
int8-head-fp32,WEB09836.jpg,False,False,0.0,0.2641744017601013
int8-head-fp32,WEB09837.jpg,False,False,0.0,0.0
int8-head-fp32,WEB09838.jpg,False,False,0.0,0.0
int8-head-fp32,WEB09839.jpg,False,False,0.0,0.0
int8-head-fp32,WEB09840.jpg,False,False,0.0,0.0
int8-head-fp32,WEB09841.jpg,False,False,0.0,0.0
int8-head-fp32,WEB09842.jpg,False,False,0.0,0.0
int8-head-fp32,WEB09843.jpg,False,False,0.0,0.0
int8-head-fp32,WEB09844.jpg,False,False,0.0,0.0
int8-head-fp32,WEB09845.jpg,False,False,0.0,0.0
int8-head-fp32,WEB09846.jpg,False,False,0.0,0.0
int8-head-fp32,WEB09847.jpg,False,False,0.0,0.0
int8-head-fp32,WEB09848.jpg,False,False,0.0,0.0
int8-head-fp32,WEB09849.jpg,False,False,0.0,0.0
int8-head-fp32,WEB09850.jpg,False,False,0.0,0.0
int8-head-fp32,WEB09851.jpg,False,False,0.0,0.0
int8-head-fp32,WEB09852.jpg,False,False,0.0,0.0
int8-head-fp32,WEB09853.jpg,False,False,0.0,0.0
int8-head-fp32,WEB09854.jpg,False,False,0.0,0.0
int8-head-fp32,WEB09855.jpg,False,False,0.0,0.0
int8-head-fp32,WEB09856.jpg,False,False,0.0,0.0
int8-head-fp32,WEB09857.jpg,False,False,0.0,0.0
int8-head-fp32,WEB09858.jpg,False,False,0.0,0.0
int8-head-fp32,WEB09859.jpg,False,False,0.0,0.0
int8-head-fp32,WEB09860.jpg,False,False,0.0,0.0
int8-head-fp32,WEB09861.jpg,False,False,0.0,0.0
int8-head-fp32,WEB09862.jpg,False,False,0.0,0.0
int8-head-fp32,WEB09863.jpg,False,False,0.0,0.0
int8-head-fp32,WEB09864.jpg,False,False,0.0,0.0
int8-head-fp32,WEB09865.jpg,False,False,0.0,0.0
int8-head-fp32,WEB09866.jpg,False,False,0.0,0.0
int8-head-fp32,WEB09867.jpg,False,False,0.0,0.0
int8-head-fp32,WEB09868.jpg,False,False,0.0,0.0
int8-head-fp32,WEB09869.jpg,False,False,0.0,0.0
int8-head-fp32,WEB09870.jpg,False,False,0.0,0.0
int8-head-fp32,WEB09871.jpg,False,False,0.0,0.0
int8-head-fp32,WEB09872.jpg,False,False,0.0,0.0
int8-head-fp32,WEB09873.jpg,False,False,0.0,0.0
int8-head-fp32,WEB09874.jpg,False,False,0.0,0.0
int8-head-fp32,WEB09875.jpg,False,False,0.0,0.0
int8-head-fp32,WEB09876.jpg,False,False,0.0,0.0
int8-head-fp32,WEB09877.jpg,False,False,0.0,0.0
int8-head-fp32,WEB09878.jpg,False,False,0.0,0.0
int8-head-fp32,WEB09879.jpg,False,False,0.0,0.0
int8-head-fp32,WEB09880.jpg,False,False,0.0,0.11414942890405655
int8-head-fp32,WEB09881.jpg,False,False,0.0,0.0
int8-head-fp32,WEB09882.jpg,False,False,0.0,0.0
int8-head-fp32,WEB09883.jpg,False,False,0.0,0.0
int8-head-fp32,WEB09884.jpg,False,False,0.0,0.0
int8-head-fp32,WEB09885.jpg,False,False,0.0,0.0
int8-head-fp32,WEB09886.jpg,False,False,0.0,0.0
int8-head-fp32,WEB09887.jpg,False,False,0.0,0.0
int8-head-fp32,WEB09888.jpg,False,False,0.0,0.0
int8-head-fp32,WEB09889.jpg,False,False,0.0,0.0
int8-head-fp32,WEB09890.jpg,False,False,0.0,0.0
int8-head-fp32,WEB09891.jpg,False,False,0.0,0.0
int8-head-fp32,WEB09892.jpg,False,False,0.0,0.0
int8-head-fp32,WEB09893.jpg,False,False,0.0,0.0
int8-head-fp32,WEB09894.jpg,False,False,0.0,0.0
int8-head-fp32,WEB09895.jpg,False,False,0.0,0.0
int8-head-fp32,WEB09896.jpg,False,False,0.0,0.0
int8-head-fp32,WEB09897.jpg,False,False,0.0,0.0
int8-head-fp32,WEB09898.jpg,False,False,0.0,0.0
int8-head-fp32,WEB09899.jpg,False,False,0.0,0.0
int8-head-fp32,WEB09900.jpg,False,False,0.0,0.0
int8-head-fp32,WEB09901.jpg,False,False,0.0,0.0
int8-head-fp32,WEB09902.jpg,False,False,0.0,0.0
int8-head-fp32,WEB09903.jpg,False,False,0.0,0.0
int8-head-fp32,WEB09904.jpg,False,False,0.0,0.0
int8-head-fp32,WEB09905.jpg,False,False,0.0,0.0
int8-head-fp32,WEB09906.jpg,False,False,0.0,0.0
int8-head-fp32,WEB09907.jpg,False,False,0.0,0.0
int8-head-fp32,WEB09908.jpg,False,False,0.0,0.0
int8-head-fp32,WEB09909.jpg,False,False,0.0,0.0
int8-head-fp32,WEB09910.jpg,False,False,0.0,0.0
int8-head-fp32,WEB09911.jpg,False,False,0.0,0.0
int8-head-fp32,WEB09912.jpg,False,False,0.0,0.0
int8-head-fp32,WEB09913.jpg,False,False,0.0,0.0
int8-head-fp32,WEB09914.jpg,False,False,0.0,0.0
int8-head-fp32,WEB09915.jpg,False,False,0.0,0.0
int8-head-fp32,WEB09916.jpg,False,False,0.0,0.0
int8-head-fp32,WEB09917.jpg,False,False,0.0,0.0
int8-head-fp32,WEB09918.jpg,False,False,0.0,0.0
int8-head-fp32,WEB09919.jpg,False,False,0.0,0.0
int8-head-fp32,WEB09920.jpg,False,False,0.0,0.0
int8-head-fp32,WEB09921.jpg,False,False,0.0,0.0
int8-head-fp32,WEB09922.jpg,False,False,0.0,0.0
int8-head-fp32,WEB09923.jpg,False,False,0.0,0.0
int8-head-fp32,WEB09924.jpg,False,False,0.0,0.0
int8-head-fp32,WEB09925.jpg,False,False,0.0,0.0
int8-head-fp32,WEB09926.jpg,False,False,0.0,0.0
int8-head-fp32,WEB09927.jpg,False,False,0.0,0.0
int8-head-fp32,WEB09928.jpg,False,False,0.0,0.0
int8-head-fp32,WEB09929.jpg,False,False,0.0,0.0
int8-head-fp32,WEB09930.jpg,False,False,0.0,0.0
int8-head-fp32,WEB09931.jpg,False,False,0.0,0.0
int8-head-fp32,WEB09932.jpg,False,False,0.0,0.0
int8-head-fp32,WEB09933.jpg,False,False,0.0,0.0
int8-head-fp32,WEB09934.jpg,False,False,0.0,0.0
int8-head-fp32,WEB09935.jpg,False,False,0.0,0.0
int8-head-fp32,WEB09936.jpg,False,False,0.0,0.0
int8-head-fp32,WEB09937.jpg,False,False,0.0,0.0
int8-head-fp32,WEB09938.jpg,False,False,0.0,0.0
int8-head-fp32,WEB09939.jpg,False,False,0.0,0.0
int8-head-fp32,WEB09940.jpg,False,False,0.0,0.0
int8-head-fp32,WEB09941.jpg,False,False,0.0,0.0
int8-head-fp32,WEB09942.jpg,False,False,0.0,0.0
int8-head-fp32,WEB09943.jpg,False,False,0.0,0.0
int8-head-fp32,WEB09944.jpg,False,False,0.0,0.0
int8-head-fp32,WEB09945.jpg,False,False,0.0,0.0
int8-head-fp32,WEB09946.jpg,False,False,0.0,0.0
int8-head-fp32,WEB09947.jpg,False,False,0.0,0.0
int8-head-fp32,WEB09948.jpg,False,False,0.0,0.0
int8-head-fp32,WEB09949.jpg,False,False,0.0,0.0
int8-head-fp32,WEB09950.jpg,False,False,0.0,0.0
int8-head-fp32,WEB09951.jpg,False,False,0.0,0.0
int8-head-fp32,WEB09952.jpg,False,False,0.0,0.0
int8-head-fp32,WEB09953.jpg,False,False,0.0,0.0
int8-head-fp32,WEB09954.jpg,False,False,0.0,0.0
int8-head-fp32,WEB09955.jpg,False,False,0.0,0.0
int8-head-fp32,WEB09956.jpg,False,False,0.0,0.0
int8-head-fp32,WEB09957.jpg,False,False,0.0,0.0
int8-head-fp32,WEB09958.jpg,False,False,0.0,0.0
int8-head-fp32,WEB09959.jpg,False,False,0.0,0.0
int8-head-fp32,WEB09960.jpg,False,False,0.0,0.0
int8-head-fp32,WEB09961.jpg,False,False,0.0,0.0
int8-head-fp32,WEB09962.jpg,False,False,0.0,0.0
int8-head-fp32,WEB09963.jpg,False,False,0.0,0.0
int8-head-fp32,WEB09964.jpg,False,False,0.0,0.0
int8-head-fp32,WEB09965.jpg,False,False,0.0,0.0
int8-head-fp32,WEB09966.jpg,False,False,0.0,0.0
int8-head-fp32,WEB09967.jpg,False,False,0.0,0.0
int8-head-fp32,WEB09968.jpg,False,False,0.0,0.0
int8-head-fp32,WEB09969.jpg,False,False,0.0,0.0
int8-head-fp32,WEB09970.jpg,False,False,0.0,0.0
int8-head-fp32,WEB09971.jpg,True,True,0.2641744017601013,0.7338177561759949
int8-head-fp32,WEB09972.jpg,False,False,0.0,0.11414942890405655
int8-head-fp32,WEB09973.jpg,False,False,0.0,0.0
int8-head-fp32,WEB09974.jpg,False,False,0.0,0.0
int8-head-fp32,WEB09975.jpg,False,False,0.0,0.2641744017601013
int8-head-fp32,WEB09976.jpg,False,False,0.0,0.0
int8-head-fp32,WEB09977.jpg,False,False,0.0,0.0
int8-head-fp32,WEB09978.jpg,False,False,0.0,0.0
int8-head-fp32,WEB09979.jpg,False,False,0.0,0.0
int8-head-fp32,WEB09980.jpg,False,False,0.0,0.0
int8-head-fp32,WEB09981.jpg,False,False,0.0,0.0
int8-head-fp32,WEB09982.jpg,False,False,0.0,0.0
int8-head-fp32,WEB09983.jpg,False,False,0.0,0.0
int8-head-fp32,WEB09984.jpg,False,False,0.0,0.0
int8-head-fp32,WEB09985.jpg,False,False,0.0,0.0
int8-head-fp32,WEB09986.jpg,False,False,0.0,0.0
int8-head-fp32,WEB09987.jpg,False,False,0.0,0.0
int8-head-fp32,WEB09988.jpg,False,False,0.0,0.0
int8-head-fp32,WEB09989.jpg,False,False,0.0,0.0
int8-head-fp32,WEB09990.jpg,False,False,0.0,0.0
int8-head-fp32,WEB09991.jpg,False,False,0.0,0.0
int8-head-fp32,WEB09992.jpg,False,False,0.0,0.0
int8-head-fp32,WEB09993.jpg,False,False,0.0,0.0
int8-head-fp32,WEB09994.jpg,False,False,0.0,0.0
int8-head-fp32,WEB09995.jpg,False,False,0.0,0.0
int8-head-fp32,WEB09996.jpg,False,False,0.0,0.0
int8-head-fp32,WEB09997.jpg,False,False,0.0,0.0
int8-head-fp32,WEB09998.jpg,False,False,0.0,0.0
int8-head-fp32,WEB09999.jpg,False,False,0.0,0.0
int8-head-fp32,WEB10000.jpg,False,False,0.0,0.0
int8-head-fp32,WEB10001.jpg,False,False,0.0,0.0
int8-head-fp32,WEB10002.jpg,False,False,0.0,0.0
int8-head-fp32,WEB10003.jpg,False,False,0.0,0.0
int8-head-fp32,WEB10004.jpg,False,False,0.0,0.0
int8-head-fp32,WEB10005.jpg,False,False,0.0,0.0
int8-head-fp32,WEB10006.jpg,False,False,0.0,0.0
int8-head-fp32,WEB10007.jpg,False,False,0.0,0.0
int8-head-fp32,WEB10008.jpg,False,False,0.0,0.0
int8-head-fp32,WEB10009.jpg,False,False,0.0,0.0
int8-head-fp32,WEB10010.jpg,False,False,0.0,0.0
int8-head-fp32,WEB10011.jpg,False,False,0.0,0.0
int8-head-fp32,WEB10012.jpg,False,False,0.0,0.0
int8-head-fp32,WEB10013.jpg,False,False,0.0,0.0
int8-head-fp32,WEB10014.jpg,False,False,0.0,0.0
int8-head-fp32,WEB10015.jpg,False,False,0.0,0.0
int8-head-fp32,WEB10016.jpg,False,False,0.0,0.0
int8-head-fp32,WEB10017.jpg,False,False,0.0,0.0
int8-head-fp32,WEB10018.jpg,False,False,0.0,0.0
int8-head-fp32,WEB10019.jpg,False,False,0.0,0.0
int8-head-fp32,WEB10020.jpg,False,False,0.0,0.0
int8-head-fp32,WEB10021.jpg,False,False,0.0,0.0
int8-head-fp32,WEB10022.jpg,False,False,0.0,0.0
int8-head-fp32,WEB10023.jpg,False,False,0.0,0.0
int8-head-fp32,WEB10024.jpg,False,False,0.0,0.0
int8-head-fp32,WEB10025.jpg,False,False,0.0,0.0
int8-head-fp32,WEB10026.jpg,False,False,0.0,0.0
int8-head-fp32,WEB10027.jpg,False,False,0.0,0.0
int8-head-fp32,WEB10028.jpg,False,False,0.0,0.0
int8-head-fp32,WEB10029.jpg,False,False,0.0,0.0
int8-head-fp32,WEB10030.jpg,True,False,0.0,0.0
int8-head-fp32,WEB10031.jpg,False,False,0.0,0.0
int8-head-fp32,WEB10032.jpg,True,False,0.0,0.0
int8-head-fp32,WEB10033.jpg,False,False,0.0,0.0
int8-head-fp32,WEB10034.jpg,False,False,0.0,0.2641744017601013
int8-head-fp32,WEB10035.jpg,False,False,0.0,0.0
int8-head-fp32,WEB10036.jpg,False,False,0.0,0.0
int8-head-fp32,WEB10037.jpg,False,False,0.0,0.0
int8-head-fp32,WEB10038.jpg,True,False,0.0,0.0
int8-head-fp32,WEB10039.jpg,True,False,0.0,0.0
int8-head-fp32,WEB10040.jpg,True,False,0.0,0.0
int8-head-fp32,WEB10041.jpg,True,False,0.0,0.0
int8-head-fp32,WEB10042.jpg,False,False,0.0,0.0
int8-head-fp32,WEB10043.jpg,False,False,0.0,0.7338177561759949
int8-head-fp32,WEB10044.jpg,False,False,0.0,0.2641744017601013
int8-head-fp32,WEB10045.jpg,False,False,0.0,0.0
int8-head-fp32,WEB10046.jpg,False,False,0.0,0.0
int8-head-fp32,WEB10047.jpg,False,False,0.0,0.0
int8-head-fp32,WEB10048.jpg,False,False,0.0,0.0
int8-head-fp32,WEB10049.jpg,False,False,0.0,0.0
int8-head-fp32,WEB10050.jpg,False,False,0.0,0.0
int8-head-fp32,WEB10051.jpg,False,False,0.0,0.0
int8-head-fp32,WEB10052.jpg,False,False,0.0,0.11414942890405655
int8-head-fp32,WEB10053.jpg,False,False,0.0,0.11414942890405655
int8-head-fp32,WEB10054.jpg,False,False,0.0,0.0
int8-head-fp32,WEB10055.jpg,False,False,0.0,0.0
int8-head-fp32,WEB10056.jpg,False,False,0.0,0.0
int8-head-fp32,WEB10057.jpg,False,False,0.0,0.0
int8-head-fp32,WEB10058.jpg,False,False,0.0,0.0
int8-head-fp32,WEB10059.jpg,False,False,0.0,0.0
int8-head-fp32,WEB10060.jpg,False,False,0.0,0.0
int8-head-fp32,WEB10061.jpg,False,False,0.0,0.0
int8-head-fp32,WEB10062.jpg,False,False,0.0,0.0
int8-head-fp32,WEB10063.jpg,False,False,0.0,0.0
int8-head-fp32,WEB10064.jpg,False,False,0.0,0.0
int8-head-fp32,WEB10065.jpg,False,False,0.0,0.0
int8-head-fp32,WEB10066.jpg,False,False,0.0,0.0
int8-head-fp32,WEB10067.jpg,False,False,0.0,0.0
int8-head-fp32,WEB10068.jpg,False,False,0.0,0.0
int8-head-fp32,WEB10069.jpg,False,False,0.0,0.0
int8-head-fp32,WEB10070.jpg,False,False,0.0,0.0
int8-head-fp32,WEB10071.jpg,False,False,0.0,0.0
int8-head-fp32,WEB10072.jpg,False,False,0.0,0.0
int8-head-fp32,WEB10073.jpg,False,False,0.0,0.0
int8-head-fp32,WEB10074.jpg,False,False,0.0,0.0
int8-head-fp32,WEB10075.jpg,False,False,0.0,0.0
int8-head-fp32,WEB10076.jpg,False,False,0.0,0.0
int8-head-fp32,WEB10077.jpg,False,False,0.0,0.0
int8-head-fp32,WEB10078.jpg,False,False,0.0,0.0
int8-head-fp32,WEB10079.jpg,False,False,0.0,0.0
int8-head-fp32,WEB10080.jpg,False,False,0.0,0.0
int8-head-fp32,WEB10081.jpg,False,False,0.0,0.0
int8-head-fp32,WEB10082.jpg,False,False,0.0,0.0
int8-head-fp32,WEB10083.jpg,False,False,0.0,0.0
int8-head-fp32,WEB10084.jpg,False,False,0.0,0.0
int8-head-fp32,WEB10085.jpg,False,False,0.0,0.0
int8-head-fp32,WEB10086.jpg,False,True,0.11414942890405655,0.11414942890405655
int8-head-fp32,WEB10087.jpg,False,False,0.0,0.0
int8-head-fp32,WEB10088.jpg,False,False,0.0,0.0
int8-head-fp32,WEB10089.jpg,False,False,0.0,0.0
int8-head-fp32,WEB10090.jpg,False,False,0.0,0.0
int8-head-fp32,WEB10091.jpg,False,False,0.0,0.0
int8-head-fp32,WEB10092.jpg,False,False,0.0,0.0
int8-head-fp32,WEB10093.jpg,False,False,0.0,0.0
int8-head-fp32,WEB10094.jpg,False,False,0.0,0.0
int8-head-fp32,WEB10095.jpg,False,False,0.0,0.0
int8-head-fp32,WEB10096.jpg,False,False,0.0,0.0
int8-head-fp32,WEB10097.jpg,False,False,0.0,0.0
int8-head-fp32,WEB10098.jpg,False,False,0.0,0.11414942890405655
int8-head-fp32,WEB10099.jpg,False,True,0.11414942890405655,0.4989960789680481
int8-head-fp32,WEB10100.jpg,False,False,0.0,0.0
int8-head-fp32,WEB10101.jpg,False,False,0.0,0.0
int8-head-fp32,WEB10102.jpg,False,False,0.0,0.0
int8-head-fp32,WEB10103.jpg,False,False,0.0,0.0
int8-head-fp32,WEB10104.jpg,False,False,0.0,0.0
int8-head-fp32,WEB10105.jpg,False,False,0.0,0.0
int8-head-fp32,WEB10106.jpg,False,False,0.0,0.0
int8-head-fp32,WEB10107.jpg,False,False,0.0,0.0
int8-head-fp32,WEB10108.jpg,False,False,0.0,0.0
int8-head-fp32,WEB10109.jpg,False,True,0.4989960789680481,0.4989960789680481
int8-head-fp32,WEB10110.jpg,False,False,0.0,0.0
int8-head-fp32,WEB10111.jpg,False,False,0.0,0.0
int8-head-fp32,WEB10112.jpg,False,False,0.0,0.0
int8-head-fp32,WEB10113.jpg,False,False,0.0,0.0
int8-head-fp32,WEB10114.jpg,False,False,0.0,0.0
int8-head-fp32,WEB10115.jpg,False,False,0.0,0.0
int8-head-fp32,WEB10116.jpg,False,False,0.0,0.0
int8-head-fp32,WEB10117.jpg,False,False,0.0,0.0
int8-head-fp32,WEB10118.jpg,False,False,0.0,0.0
int8-head-fp32,WEB10119.jpg,False,False,0.0,0.11414942890405655
int8-head-fp32,WEB10120.jpg,False,False,0.0,0.0
int8-head-fp32,WEB10121.jpg,False,False,0.0,0.0
int8-head-fp32,WEB10122.jpg,False,False,0.0,0.0
int8-head-fp32,WEB10123.jpg,False,False,0.0,0.0
int8-head-fp32,WEB10124.jpg,False,False,0.0,0.0
int8-head-fp32,WEB10125.jpg,False,False,0.0,0.0
int8-head-fp32,WEB10126.jpg,False,False,0.0,0.0
int8-head-fp32,WEB10127.jpg,False,True,0.11414942890405655,0.11414942890405655
int8-head-fp32,WEB10128.jpg,False,False,0.0,0.0
int8-head-fp32,WEB10129.jpg,False,False,0.0,0.0
int8-head-fp32,WEB10130.jpg,False,False,0.0,0.0
int8-head-fp32,WEB10131.jpg,False,False,0.0,0.0
int8-head-fp32,WEB10132.jpg,False,False,0.0,0.0
int8-head-fp32,WEB10133.jpg,False,False,0.0,0.0
int8-head-fp32,WEB10134.jpg,False,False,0.0,0.0
int8-head-fp32,WEB10135.jpg,False,False,0.0,0.0
int8-head-fp32,WEB10136.jpg,False,False,0.0,0.0
int8-head-fp32,WEB10137.jpg,False,False,0.0,0.0
int8-head-fp32,WEB10138.jpg,False,False,0.0,0.0
int8-head-fp32,WEB10139.jpg,False,False,0.0,0.0
int8-head-fp32,WEB10140.jpg,False,False,0.0,0.0
int8-head-fp32,WEB10141.jpg,False,False,0.0,0.0
int8-head-fp32,WEB10142.jpg,False,False,0.0,0.0
int8-head-fp32,WEB10143.jpg,False,False,0.0,0.0
int8-head-fp32,WEB10144.jpg,False,False,0.0,0.0
int8-head-fp32,WEB10145.jpg,False,True,0.11414942890405655,0.11414942890405655
int8-head-fp32,WEB10146.jpg,False,False,0.0,0.0
int8-head-fp32,WEB10147.jpg,False,False,0.0,0.0
int8-head-fp32,WEB10148.jpg,False,False,0.0,0.2641744017601013
int8-head-fp32,WEB10149.jpg,False,False,0.0,0.0
int8-head-fp32,WEB10150.jpg,False,False,0.0,0.0
int8-head-fp32,WEB10151.jpg,False,False,0.0,0.0
int8-head-fp32,WEB10152.jpg,False,False,0.0,0.0
int8-head-fp32,WEB10153.jpg,False,False,0.0,0.0
int8-head-fp32,WEB10154.jpg,False,False,0.0,0.0
int8-head-fp32,WEB10155.jpg,False,False,0.0,0.0
int8-head-fp32,WEB10156.jpg,False,False,0.0,0.0
int8-head-fp32,WEB10157.jpg,False,False,0.0,0.0
int8-head-fp32,WEB10158.jpg,False,False,0.0,0.0
int8-head-fp32,WEB10159.jpg,False,False,0.0,0.0
int8-head-fp32,WEB10160.jpg,False,False,0.0,0.0
int8-head-fp32,WEB10161.jpg,False,False,0.0,0.0
int8-head-fp32,WEB10162.jpg,False,False,0.0,0.0
int8-head-fp32,WEB10163.jpg,False,False,0.0,0.0
int8-head-fp32,WEB10164.jpg,False,False,0.0,0.0
int8-head-fp32,WEB10165.jpg,False,False,0.0,0.0
int8-head-fp32,WEB10166.jpg,False,False,0.0,0.0
int8-head-fp32,WEB10167.jpg,False,False,0.0,0.0
int8-head-fp32,WEB10168.jpg,False,False,0.0,0.0
int8-head-fp32,WEB10169.jpg,False,False,0.0,0.0
int8-head-fp32,WEB10170.jpg,False,False,0.0,0.0
int8-head-fp32,WEB10171.jpg,False,False,0.0,0.0
int8-head-fp32,WEB10172.jpg,False,False,0.0,0.0
int8-head-fp32,WEB10173.jpg,False,False,0.0,0.0
int8-head-fp32,WEB10174.jpg,False,False,0.0,0.0
int8-head-fp32,WEB10175.jpg,False,False,0.0,0.0
int8-head-fp32,WEB10176.jpg,False,False,0.0,0.0
int8-head-fp32,WEB10177.jpg,False,False,0.0,0.0
int8-head-fp32,WEB10178.jpg,False,False,0.0,0.0
int8-head-fp32,WEB10179.jpg,False,False,0.0,0.0
int8-head-fp32,WEB10180.jpg,False,False,0.0,0.2641744017601013
int8-head-fp32,WEB10181.jpg,False,False,0.0,0.0
int8-head-fp32,WEB10182.jpg,False,False,0.0,0.4989960789680481
int8-head-fp32,WEB10183.jpg,False,False,0.0,0.0
int8-head-fp32,WEB10184.jpg,False,False,0.0,0.0
int8-head-fp32,WEB10185.jpg,False,False,0.0,0.0
int8-head-fp32,WEB10186.jpg,False,False,0.0,0.0
int8-head-fp32,WEB10187.jpg,False,False,0.0,0.0
int8-head-fp32,WEB10188.jpg,False,False,0.0,0.0
int8-head-fp32,WEB10189.jpg,False,False,0.0,0.0
int8-head-fp32,WEB10190.jpg,False,False,0.0,0.0
int8-head-fp32,WEB10191.jpg,False,False,0.0,0.0
int8-head-fp32,WEB10192.jpg,False,False,0.0,0.0
int8-head-fp32,WEB10193.jpg,False,False,0.0,0.0
int8-head-fp32,WEB10194.jpg,False,False,0.0,0.0
int8-head-fp32,WEB10195.jpg,False,False,0.0,0.0
int8-head-fp32,WEB10196.jpg,False,False,0.0,0.0
int8-head-fp32,WEB10197.jpg,False,False,0.0,0.0
int8-head-fp32,WEB10198.jpg,False,False,0.0,0.0
int8-head-fp32,WEB10199.jpg,False,False,0.0,0.0
int8-head-fp32,WEB10200.jpg,False,False,0.0,0.0
int8-head-fp32,WEB10201.jpg,False,False,0.0,0.0
int8-head-fp32,WEB10202.jpg,False,False,0.0,0.0
int8-head-fp32,WEB10203.jpg,False,False,0.0,0.0
int8-head-fp32,WEB10204.jpg,False,False,0.0,0.2641744017601013
int8-head-fp32,WEB10205.jpg,False,False,0.0,0.0
int8-head-fp32,WEB10206.jpg,False,False,0.0,0.0
int8-head-fp32,WEB10207.jpg,False,False,0.0,0.0
int8-head-fp32,WEB10208.jpg,False,False,0.0,0.0
int8-head-fp32,WEB10209.jpg,False,False,0.0,0.11414942890405655
int8-head-fp32,WEB10210.jpg,False,False,0.0,0.0
int8-head-fp32,WEB10211.jpg,False,False,0.0,0.0
int8-head-fp32,WEB10212.jpg,False,False,0.0,0.0
int8-head-fp32,WEB10213.jpg,False,False,0.0,0.0
int8-head-fp32,WEB10214.jpg,False,False,0.0,0.0
int8-head-fp32,WEB10215.jpg,False,False,0.0,0.0
int8-head-fp32,WEB10216.jpg,False,True,0.11414942890405655,0.11414942890405655
int8-head-fp32,WEB10217.jpg,False,False,0.0,0.0
int8-head-fp32,WEB10218.jpg,False,False,0.0,0.0
int8-head-fp32,WEB10219.jpg,False,False,0.0,0.0
int8-head-fp32,WEB10220.jpg,False,False,0.0,0.0
int8-head-fp32,WEB10221.jpg,False,False,0.0,0.0
int8-head-fp32,WEB10222.jpg,False,False,0.0,0.0
int8-head-fp32,WEB10223.jpg,False,False,0.0,0.0
int8-head-fp32,WEB10224.jpg,False,False,0.0,0.0
int8-head-fp32,WEB10225.jpg,False,False,0.0,0.4989960789680481
int8-head-fp32,WEB10226.jpg,False,False,0.0,0.0
int8-head-fp32,WEB10227.jpg,False,False,0.0,0.0
int8-head-fp32,WEB10228.jpg,False,False,0.0,0.0
int8-head-fp32,WEB10229.jpg,False,False,0.0,0.0
int8-head-fp32,WEB10230.jpg,False,False,0.0,0.0
int8-head-fp32,WEB10231.jpg,False,False,0.0,0.0
int8-head-fp32,WEB10232.jpg,False,False,0.0,0.0
int8-head-fp32,WEB10233.jpg,False,False,0.0,0.0
int8-head-fp32,WEB10234.jpg,False,False,0.0,0.11414942890405655
int8-head-fp32,WEB10235.jpg,False,False,0.0,0.0
int8-head-fp32,WEB10236.jpg,False,False,0.0,0.0
int8-head-fp32,WEB10237.jpg,False,False,0.0,0.0
int8-head-fp32,WEB10238.jpg,False,False,0.0,0.0
int8-head-fp32,WEB10239.jpg,False,False,0.0,0.0
int8-head-fp32,WEB10240.jpg,False,False,0.0,0.0
int8-head-fp32,WEB10241.jpg,False,False,0.0,0.0
int8-head-fp32,WEB10242.jpg,False,False,0.0,0.0
int8-head-fp32,WEB10243.jpg,False,False,0.0,0.0
int8-head-fp32,WEB10244.jpg,False,False,0.0,0.0
int8-head-fp32,WEB10245.jpg,False,False,0.0,0.0
int8-head-fp32,WEB10246.jpg,False,False,0.0,0.0
int8-head-fp32,WEB10247.jpg,False,False,0.0,0.0
int8-head-fp32,WEB10248.jpg,False,False,0.0,0.0
int8-head-fp32,WEB10249.jpg,False,False,0.0,0.0
int8-head-fp32,WEB10250.jpg,False,False,0.0,0.0
int8-head-fp32,WEB10251.jpg,False,False,0.0,0.0
int8-head-fp32,WEB10252.jpg,False,False,0.0,0.0
int8-head-fp32,WEB10253.jpg,False,False,0.0,0.4989960789680481
int8-head-fp32,WEB10254.jpg,False,False,0.0,0.0
int8-head-fp32,WEB10255.jpg,False,False,0.0,0.0
int8-head-fp32,WEB10256.jpg,False,False,0.0,0.0
int8-head-fp32,WEB10257.jpg,False,False,0.0,0.0
int8-head-fp32,WEB10258.jpg,False,False,0.0,0.0
int8-head-fp32,WEB10259.jpg,False,False,0.0,0.0
int8-head-fp32,WEB10260.jpg,False,False,0.0,0.0
int8-head-fp32,WEB10261.jpg,False,False,0.0,0.0
int8-head-fp32,WEB10262.jpg,False,False,0.0,0.0
int8-head-fp32,WEB10263.jpg,False,False,0.0,0.0
int8-head-fp32,WEB10264.jpg,False,False,0.0,0.0
int8-head-fp32,WEB10265.jpg,False,False,0.0,0.0
int8-head-fp32,WEB10266.jpg,False,False,0.0,0.0
int8-head-fp32,WEB10267.jpg,False,True,0.2641744017601013,0.2641744017601013
int8-head-fp32,WEB10268.jpg,False,False,0.0,0.0
int8-head-fp32,WEB10269.jpg,False,False,0.0,0.0
int8-head-fp32,WEB10270.jpg,False,False,0.0,0.0
int8-head-fp32,WEB10271.jpg,False,False,0.0,0.0
int8-head-fp32,WEB10272.jpg,False,False,0.0,0.0
int8-head-fp32,WEB10273.jpg,False,False,0.0,0.4989960789680481
int8-head-fp32,WEB10274.jpg,False,False,0.0,0.0
int8-head-fp32,WEB10275.jpg,False,False,0.0,0.0
int8-head-fp32,WEB10276.jpg,False,False,0.0,0.0
int8-head-fp32,WEB10277.jpg,False,False,0.0,0.0
int8-head-fp32,WEB10278.jpg,False,False,0.0,0.0
int8-head-fp32,WEB10279.jpg,False,False,0.0,0.0
int8-head-fp32,WEB10280.jpg,False,False,0.0,0.0
int8-head-fp32,WEB10281.jpg,False,False,0.0,0.0
int8-head-fp32,WEB10282.jpg,False,False,0.0,0.0
int8-head-fp32,WEB10283.jpg,False,False,0.0,0.0
int8-head-fp32,WEB10284.jpg,False,False,0.0,0.0
int8-head-fp32,WEB10285.jpg,False,False,0.0,0.0
int8-head-fp32,WEB10286.jpg,False,False,0.0,0.0
int8-head-fp32,WEB10287.jpg,False,False,0.0,0.0
int8-head-fp32,WEB10288.jpg,False,False,0.0,0.0
int8-head-fp32,WEB10289.jpg,False,False,0.0,0.0
int8-head-fp32,WEB10290.jpg,False,False,0.0,0.0
int8-head-fp32,WEB10291.jpg,False,False,0.0,0.0
int8-head-fp32,WEB10292.jpg,False,False,0.0,0.0
int8-head-fp32,WEB10293.jpg,False,False,0.0,0.0
int8-head-fp32,WEB10294.jpg,False,False,0.0,0.0
int8-head-fp32,WEB10295.jpg,False,False,0.0,0.0
int8-head-fp32,WEB10296.jpg,False,False,0.0,0.0
int8-head-fp32,WEB10297.jpg,False,False,0.0,0.0
int8-head-fp32,WEB10298.jpg,False,False,0.0,0.0
int8-head-fp32,WEB10299.jpg,False,False,0.0,0.2641744017601013
int8-head-fp32,WEB10300.jpg,False,False,0.0,0.0
int8-head-fp32,WEB10301.jpg,False,False,0.0,0.0
int8-head-fp32,WEB10302.jpg,False,False,0.0,0.0
int8-head-fp32,WEB10303.jpg,False,False,0.0,0.0
int8-head-fp32,WEB10304.jpg,False,False,0.0,0.0
int8-head-fp32,WEB10305.jpg,False,False,0.0,0.2641744017601013
int8-head-fp32,WEB10306.jpg,False,False,0.0,0.0
int8-head-fp32,WEB10307.jpg,False,False,0.0,0.0
int8-head-fp32,WEB10308.jpg,False,False,0.0,0.0
int8-head-fp32,WEB10309.jpg,False,False,0.0,0.0
int8-head-fp32,WEB10310.jpg,False,False,0.0,0.0
int8-head-fp32,WEB10311.jpg,False,False,0.0,0.0
int8-head-fp32,WEB10312.jpg,False,False,0.0,0.0
int8-head-fp32,WEB10313.jpg,False,False,0.0,0.0
int8-head-fp32,WEB10314.jpg,False,False,0.0,0.0
int8-head-fp32,WEB10315.jpg,False,False,0.0,0.0
int8-head-fp32,WEB10316.jpg,False,False,0.0,0.0
int8-head-fp32,WEB10317.jpg,False,False,0.0,0.0
int8-head-fp32,WEB10318.jpg,False,False,0.0,0.0
int8-head-fp32,WEB10319.jpg,False,False,0.0,0.0
int8-head-fp32,WEB10320.jpg,False,False,0.0,0.0
int8-head-fp32,WEB10321.jpg,False,False,0.0,0.0
int8-head-fp32,WEB10322.jpg,False,False,0.0,0.0
int8-head-fp32,WEB10323.jpg,False,False,0.0,0.0
int8-head-fp32,WEB10324.jpg,False,False,0.0,0.0
int8-head-fp32,WEB10325.jpg,False,False,0.0,0.0
int8-head-fp32,WEB10326.jpg,False,False,0.0,0.0
int8-head-fp32,WEB10327.jpg,False,False,0.0,0.0
int8-head-fp32,WEB10328.jpg,False,False,0.0,0.0
int8-head-fp32,WEB10329.jpg,False,False,0.0,0.0
int8-head-fp32,WEB10330.jpg,False,False,0.0,0.0
int8-head-fp32,WEB10331.jpg,False,False,0.0,0.0
int8-head-fp32,WEB10332.jpg,False,False,0.0,0.0
int8-head-fp32,WEB10333.jpg,False,False,0.0,0.0
int8-head-fp32,WEB10334.jpg,False,False,0.0,0.0
int8-head-fp32,WEB10335.jpg,False,False,0.0,0.0
int8-head-fp32,WEB10336.jpg,False,False,0.0,0.0
int8-head-fp32,WEB10337.jpg,False,False,0.0,0.0
int8-head-fp32,WEB10338.jpg,False,False,0.0,0.11414942890405655
int8-head-fp32,WEB10339.jpg,False,False,0.0,0.0
int8-head-fp32,WEB10340.jpg,False,False,0.0,0.0
int8-head-fp32,WEB10341.jpg,False,False,0.0,0.0
int8-head-fp32,WEB10342.jpg,False,False,0.0,0.0
int8-head-fp32,WEB10343.jpg,False,False,0.0,0.0
int8-head-fp32,WEB10344.jpg,False,False,0.0,0.0
int8-head-fp32,WEB10345.jpg,False,False,0.0,0.0
int8-head-fp32,WEB10346.jpg,False,False,0.0,0.0
int8-head-fp32,WEB10347.jpg,False,False,0.0,0.0
int8-head-fp32,WEB10348.jpg,False,False,0.0,0.0
int8-head-fp32,WEB10349.jpg,False,False,0.0,0.0
int8-head-fp32,WEB10350.jpg,False,False,0.0,0.0
int8-head-fp32,WEB10351.jpg,False,False,0.0,0.0
int8-head-fp32,WEB10352.jpg,False,False,0.0,0.0
int8-head-fp32,WEB10353.jpg,False,False,0.0,0.0
int8-head-fp32,WEB10354.jpg,False,False,0.0,0.0
int8-head-fp32,WEB10355.jpg,False,False,0.0,0.0
int8-head-fp32,WEB10356.jpg,False,False,0.0,0.0
int8-head-fp32,WEB10357.jpg,False,False,0.0,0.0
int8-head-fp32,WEB10358.jpg,False,False,0.0,0.7338177561759949
int8-head-fp32,WEB10359.jpg,False,False,0.0,0.0
int8-head-fp32,WEB10360.jpg,False,False,0.0,0.0
int8-head-fp32,WEB10361.jpg,False,False,0.0,0.0
int8-head-fp32,WEB10362.jpg,False,False,0.0,0.0
int8-head-fp32,WEB10363.jpg,False,False,0.0,0.0
int8-head-fp32,WEB10364.jpg,False,False,0.0,0.0
int8-head-fp32,WEB10365.jpg,False,False,0.0,0.2641744017601013
int8-head-fp32,WEB10366.jpg,False,False,0.0,0.4989960789680481
int8-head-fp32,WEB10367.jpg,False,False,0.0,0.0
int8-head-fp32,WEB10368.jpg,False,False,0.0,0.0
int8-head-fp32,WEB10369.jpg,False,False,0.0,0.0
int8-head-fp32,WEB10370.jpg,False,False,0.0,0.0
int8-head-fp32,WEB10371.jpg,False,False,0.0,0.0
int8-head-fp32,WEB10372.jpg,False,True,0.2641744017601013,0.2641744017601013
int8-head-fp32,WEB10373.jpg,False,False,0.0,0.0
int8-head-fp32,WEB10374.jpg,False,False,0.0,0.0
int8-head-fp32,WEB10375.jpg,False,False,0.0,0.0
int8-head-fp32,WEB10376.jpg,False,False,0.0,0.0
int8-head-fp32,WEB10377.jpg,False,False,0.0,0.0
int8-head-fp32,WEB10378.jpg,False,False,0.0,0.0
int8-head-fp32,WEB10379.jpg,False,False,0.0,0.0
int8-head-fp32,WEB10380.jpg,False,False,0.0,0.0
int8-head-fp32,WEB10381.jpg,False,False,0.0,0.0
int8-head-fp32,WEB10382.jpg,False,False,0.0,0.7338177561759949
int8-head-fp32,WEB10383.jpg,False,False,0.0,0.0
int8-head-fp32,WEB10384.jpg,False,False,0.0,0.0
int8-head-fp32,WEB10385.jpg,False,False,0.0,0.0
int8-head-fp32,WEB10386.jpg,False,False,0.0,0.0
int8-head-fp32,WEB10387.jpg,False,False,0.0,0.4989960789680481
int8-head-fp32,WEB10388.jpg,False,False,0.0,0.0
int8-head-fp32,WEB10389.jpg,False,False,0.0,0.0
int8-head-fp32,WEB10390.jpg,False,False,0.0,0.0
int8-head-fp32,WEB10391.jpg,False,False,0.0,0.0
int8-head-fp32,WEB10392.jpg,False,False,0.0,0.0
int8-head-fp32,WEB10393.jpg,False,False,0.0,0.0
int8-head-fp32,WEB10394.jpg,False,False,0.0,0.0
int8-head-fp32,WEB10395.jpg,False,False,0.0,0.0
int8-head-fp32,WEB10396.jpg,False,False,0.0,0.0
int8-head-fp32,WEB10397.jpg,False,False,0.0,0.0
int8-head-fp32,WEB10398.jpg,False,False,0.0,0.11414942890405655
int8-head-fp32,WEB10399.jpg,False,False,0.0,0.2641744017601013
int8-head-fp32,WEB10400.jpg,False,False,0.0,0.0
int8-head-fp32,WEB10401.jpg,False,False,0.0,0.0
int8-head-fp32,WEB10402.jpg,False,False,0.0,0.0
int8-head-fp32,WEB10403.jpg,False,True,0.11414942890405655,0.11414942890405655
int8-head-fp32,WEB10404.jpg,False,False,0.0,0.0
int8-head-fp32,WEB10405.jpg,False,False,0.0,0.0
int8-head-fp32,WEB10406.jpg,False,False,0.0,0.0
int8-head-fp32,WEB10407.jpg,False,False,0.0,0.0
int8-head-fp32,WEB10408.jpg,False,False,0.0,0.0
int8-head-fp32,WEB10409.jpg,False,False,0.0,0.0
int8-head-fp32,WEB10410.jpg,False,False,0.0,0.0
int8-head-fp32,WEB10411.jpg,False,False,0.0,0.0
int8-head-fp32,WEB10412.jpg,False,False,0.0,0.0
int8-head-fp32,WEB10413.jpg,False,False,0.0,0.0
int8-head-fp32,WEB10414.jpg,False,False,0.0,0.0
int8-head-fp32,WEB10415.jpg,False,False,0.0,0.0
int8-head-fp32,WEB10416.jpg,False,False,0.0,0.0
int8-head-fp32,WEB10417.jpg,False,False,0.0,0.0
int8-head-fp32,WEB10418.jpg,False,False,0.0,0.0
int8-head-fp32,WEB10419.jpg,False,False,0.0,0.0
int8-head-fp32,WEB10420.jpg,False,False,0.0,0.0
int8-head-fp32,WEB10421.jpg,False,False,0.0,0.0
int8-head-fp32,WEB10422.jpg,False,False,0.0,0.0
int8-head-fp32,WEB10423.jpg,False,False,0.0,0.0
int8-head-fp32,WEB10424.jpg,False,False,0.0,0.0
int8-head-fp32,WEB10425.jpg,False,False,0.0,0.0
int8-head-fp32,WEB10426.jpg,False,False,0.0,0.0
int8-head-fp32,WEB10427.jpg,False,False,0.0,0.0
int8-head-fp32,WEB10428.jpg,True,True,0.2641744017601013,0.4989960789680481
int8-head-fp32,WEB10429.jpg,True,True,0.7338177561759949,0.7338177561759949
int8-head-fp32,WEB10430.jpg,True,True,0.7338177561759949,0.7338177561759949
int8-head-fp32,WEB10431.jpg,True,True,0.4989960789680481,0.4989960789680481
int8-head-fp32,WEB10432.jpg,True,True,0.7338177561759949,0.7338177561759949
int8-head-fp32,WEB10433.jpg,True,True,0.7338177561759949,0.7338177561759949
int8-head-fp32,WEB10434.jpg,True,False,0.0,0.0
int8-head-fp32,WEB10435.jpg,True,True,0.4989960789680481,0.4989960789680481
int8-head-fp32,WEB10436.jpg,True,True,0.11414942890405655,0.11414942890405655
int8-head-fp32,WEB10437.jpg,True,True,0.7338177561759949,0.7338177561759949
int8-head-fp32,WEB10438.jpg,True,True,0.7338177561759949,0.7338177561759949
int8-head-fp32,WEB10439.jpg,True,True,0.2641744017601013,0.2641744017601013
int8-head-fp32,WEB10440.jpg,True,True,0.4989960789680481,0.4989960789680481
int8-head-fp32,WEB10441.jpg,True,False,0.0,0.0
int8-head-fp32,WEB10442.jpg,True,False,0.0,0.0
int8-head-fp32,WEB10443.jpg,True,True,0.7338177561759949,0.7338177561759949
int8-head-fp32,WEB10444.jpg,True,True,0.2641744017601013,0.2641744017601013
int8-head-fp32,WEB10445.jpg,True,True,0.11414942890405655,0.11414942890405655
int8-head-fp32,WEB10446.jpg,True,True,0.4989960789680481,0.4989960789680481
int8-head-fp32,WEB10447.jpg,True,True,0.4989960789680481,0.4989960789680481
int8-head-fp32,WEB10448.jpg,True,True,0.7338177561759949,0.7338177561759949
int8-head-fp32,WEB10449.jpg,True,True,0.4989960789680481,0.4989960789680481
int8-head-fp32,WEB10450.jpg,True,True,0.4989960789680481,0.4989960789680481
int8-head-fp32,WEB10451.jpg,True,True,0.2641744017601013,0.2641744017601013
int8-head-fp32,WEB10452.jpg,True,True,0.2641744017601013,0.2641744017601013
int8-head-fp32,WEB10453.jpg,True,True,0.7338177561759949,0.7338177561759949
int8-head-fp32,WEB10454.jpg,True,True,0.11414942890405655,0.11414942890405655
int8-head-fp32,WEB10455.jpg,True,True,0.4989960789680481,0.4989960789680481
int8-head-fp32,WEB10456.jpg,True,True,0.7338177561759949,0.7338177561759949
int8-head-fp32,WEB10457.jpg,True,False,0.0,0.0
int8-head-fp32,WEB10458.jpg,True,True,0.8316601514816284,0.8316601514816284
int8-head-fp32,WEB10459.jpg,True,True,0.2641744017601013,0.2641744017601013
int8-head-fp32,WEB10460.jpg,True,True,0.7338177561759949,0.7338177561759949
int8-head-fp32,WEB10461.jpg,True,False,0.0,0.0
int8-head-fp32,WEB10462.jpg,True,False,0.0,0.0
int8-head-fp32,WEB10463.jpg,True,False,0.0,0.0
int8-head-fp32,WEB10464.jpg,True,False,0.0,0.0
int8-head-fp32,WEB10465.jpg,True,False,0.0,0.0
int8-head-fp32,WEB10466.jpg,True,True,0.4989960789680481,0.4989960789680481
int8-head-fp32,WEB10467.jpg,True,True,0.4989960789680481,0.4989960789680481
int8-head-fp32,WEB10468.jpg,True,True,0.7338177561759949,0.7338177561759949
int8-head-fp32,WEB10469.jpg,True,False,0.0,0.0
int8-head-fp32,WEB10470.jpg,True,True,0.2641744017601013,0.2641744017601013
int8-head-fp32,WEB10471.jpg,True,False,0.0,0.0
int8-head-fp32,WEB10472.jpg,True,False,0.0,0.0
int8-head-fp32,WEB10473.jpg,True,False,0.0,0.0
int8-head-fp32,WEB10474.jpg,True,True,0.8316601514816284,0.8316601514816284
int8-head-fp32,WEB10475.jpg,True,True,0.2641744017601013,0.4989960789680481
int8-head-fp32,WEB10476.jpg,True,True,0.11414942890405655,0.11414942890405655
int8-head-fp32,WEB10477.jpg,True,True,0.4989960789680481,0.4989960789680481
int8-head-fp32,WEB10478.jpg,True,False,0.0,0.0
int8-head-fp32,WEB10479.jpg,True,True,0.4989960789680481,0.4989960789680481
int8-head-fp32,WEB10480.jpg,True,True,0.4989960789680481,0.4989960789680481
int8-head-fp32,WEB10481.jpg,True,True,0.7338177561759949,0.7338177561759949
int8-head-fp32,WEB10482.jpg,True,True,0.4989960789680481,0.4989960789680481
int8-head-fp32,WEB10483.jpg,True,True,0.4989960789680481,0.4989960789680481
int8-head-fp32,WEB10484.jpg,True,True,0.2641744017601013,0.2641744017601013
int8-head-fp32,WEB10485.jpg,True,False,0.0,0.0
int8-head-fp32,WEB10486.jpg,True,True,0.7338177561759949,0.7338177561759949
int8-head-fp32,WEB10487.jpg,True,False,0.0,0.0
int8-head-fp32,WEB10488.jpg,True,False,0.0,0.0
int8-head-fp32,WEB10489.jpg,True,True,0.4989960789680481,0.4989960789680481
int8-head-fp32,WEB10490.jpg,True,True,0.4989960789680481,0.4989960789680481
int8-head-fp32,WEB10491.jpg,True,True,0.8316601514816284,0.8316601514816284
int8-head-fp32,WEB10492.jpg,True,True,0.7338177561759949,0.7338177561759949
int8-head-fp32,WEB10493.jpg,True,True,0.7338177561759949,0.7338177561759949
int8-head-fp32,WEB10494.jpg,True,False,0.0,0.0
int8-head-fp32,WEB10495.jpg,True,True,0.7338177561759949,0.7338177561759949
int8-head-fp32,WEB10496.jpg,True,False,0.0,0.0
int8-head-fp32,WEB10497.jpg,True,False,0.0,0.0
int8-head-fp32,WEB10498.jpg,True,True,0.2641744017601013,0.2641744017601013
int8-head-fp32,WEB10499.jpg,True,True,0.4989960789680481,0.4989960789680481
int8-head-fp32,WEB10500.jpg,True,True,0.7338177561759949,0.7338177561759949
int8-head-fp32,WEB10501.jpg,True,False,0.0,0.0
int8-head-fp32,WEB10502.jpg,True,False,0.0,0.0
int8-head-fp32,WEB10503.jpg,True,False,0.0,0.0
int8-head-fp32,WEB10504.jpg,True,True,0.2641744017601013,0.4989960789680481
int8-head-fp32,WEB10505.jpg,True,True,0.7338177561759949,0.8316601514816284
int8-head-fp32,WEB10506.jpg,True,False,0.0,0.0
int8-head-fp32,WEB10507.jpg,True,True,0.2641744017601013,0.2641744017601013
int8-head-fp32,WEB10508.jpg,True,True,0.11414942890405655,0.4989960789680481
int8-head-fp32,WEB10509.jpg,True,True,0.11414942890405655,0.2641744017601013
int8-head-fp32,WEB10510.jpg,True,False,0.0,0.0
int8-head-fp32,WEB10511.jpg,True,True,0.11414942890405655,0.11414942890405655
int8-head-fp32,WEB10512.jpg,True,False,0.0,0.0
int8-head-fp32,WEB10513.jpg,True,True,0.8316601514816284,0.8316601514816284
int8-head-fp32,WEB10514.jpg,True,False,0.0,0.0
int8-head-fp32,WEB10515.jpg,True,True,0.11414942890405655,0.11414942890405655
int8-head-fp32,WEB10516.jpg,True,False,0.0,0.0
int8-head-fp32,WEB10517.jpg,True,False,0.0,0.0
int8-head-fp32,WEB10518.jpg,True,False,0.0,0.0
int8-head-fp32,WEB10519.jpg,True,True,0.2641744017601013,0.2641744017601013
int8-head-fp32,WEB10520.jpg,True,False,0.0,0.0
int8-head-fp32,WEB10521.jpg,True,True,0.7338177561759949,0.7338177561759949
int8-head-fp32,WEB10522.jpg,True,True,0.7338177561759949,0.7338177561759949
int8-head-fp32,WEB10523.jpg,True,True,0.4989960789680481,0.4989960789680481
int8-head-fp32,WEB10524.jpg,True,True,0.4989960789680481,0.4989960789680481
int8-head-fp32,WEB10525.jpg,True,False,0.0,0.0
int8-head-fp32,WEB10526.jpg,True,True,0.7338177561759949,0.7338177561759949
int8-head-fp32,WEB10527.jpg,True,True,0.2641744017601013,0.2641744017601013
int8-head-fp32,WEB10528.jpg,True,True,0.4989960789680481,0.4989960789680481
int8-head-fp32,WEB10529.jpg,True,True,0.8316601514816284,0.8316601514816284
int8-head-fp32,WEB10530.jpg,True,True,0.7338177561759949,0.7338177561759949
int8-head-fp32,WEB10531.jpg,True,True,0.4989960789680481,0.4989960789680481
int8-head-fp32,WEB10532.jpg,True,True,0.7338177561759949,0.7338177561759949
int8-head-fp32,WEB10533.jpg,True,False,0.0,0.0
int8-head-fp32,WEB10534.jpg,True,True,0.11414942890405655,0.2641744017601013
int8-head-fp32,WEB10535.jpg,True,True,0.7338177561759949,0.7338177561759949
int8-head-fp32,WEB10536.jpg,False,False,0.0,0.0
int8-head-fp32,WEB10537.jpg,True,True,0.7338177561759949,0.7338177561759949
int8-head-fp32,WEB10538.jpg,True,True,0.7338177561759949,0.7338177561759949
int8-head-fp32,WEB10539.jpg,True,False,0.0,0.11414942890405655
int8-head-fp32,WEB10540.jpg,True,False,0.0,0.0
int8-head-fp32,WEB10541.jpg,True,True,0.8316601514816284,0.8316601514816284
int8-head-fp32,WEB10542.jpg,True,False,0.0,0.0
int8-head-fp32,WEB10543.jpg,True,True,0.7338177561759949,0.7338177561759949
int8-head-fp32,WEB10544.jpg,True,True,0.7338177561759949,0.7338177561759949
int8-head-fp32,WEB10545.jpg,True,False,0.0,0.0
int8-head-fp32,WEB10546.jpg,True,False,0.0,0.0
int8-head-fp32,WEB10547.jpg,True,False,0.0,0.11414942890405655
int8-head-fp32,WEB10548.jpg,True,True,0.7338177561759949,0.7338177561759949
int8-head-fp32,WEB10549.jpg,True,True,0.2641744017601013,0.4989960789680481
int8-head-fp32,WEB10550.jpg,True,True,0.2641744017601013,0.2641744017601013
int8-head-fp32,WEB10551.jpg,True,True,0.2641744017601013,0.2641744017601013
int8-head-fp32,WEB10552.jpg,True,True,0.8316601514816284,0.8316601514816284
int8-head-fp32,WEB10553.jpg,True,False,0.0,0.0
int8-head-fp32,WEB10554.jpg,False,False,0.0,0.7338177561759949
int8-head-fp32,WEB10555.jpg,True,True,0.7338177561759949,0.7338177561759949
int8-head-fp32,WEB10556.jpg,True,True,0.4989960789680481,0.4989960789680481
int8-head-fp32,WEB10557.jpg,True,False,0.0,0.0
int8-head-fp32,WEB10558.jpg,True,False,0.0,0.4989960789680481
int8-head-fp32,WEB10559.jpg,True,True,0.2641744017601013,0.4989960789680481
int8-head-fp32,WEB10560.jpg,True,True,0.11414942890405655,0.11414942890405655
int8-head-fp32,WEB10561.jpg,True,True,0.2641744017601013,0.2641744017601013
int8-head-fp32,WEB10562.jpg,True,True,0.2641744017601013,0.2641744017601013
int8-head-fp32,WEB10563.jpg,True,True,0.7338177561759949,0.7338177561759949
int8-head-fp32,WEB10564.jpg,True,True,0.7338177561759949,0.7338177561759949
int8-head-fp32,WEB10565.jpg,True,True,0.2641744017601013,0.2641744017601013
int8-head-fp32,WEB10566.jpg,True,True,0.4989960789680481,0.4989960789680481
int8-head-fp32,WEB10567.jpg,True,False,0.0,0.0
int8-head-fp32,WEB10568.jpg,True,True,0.2641744017601013,0.2641744017601013
int8-head-fp32,WEB10569.jpg,True,True,0.7338177561759949,0.7338177561759949
int8-head-fp32,WEB10570.jpg,True,False,0.0,0.0
int8-head-fp32,WEB10571.jpg,True,True,0.7338177561759949,0.7338177561759949
int8-head-fp32,WEB10572.jpg,True,True,0.4989960789680481,0.4989960789680481
int8-head-fp32,WEB10573.jpg,True,True,0.4989960789680481,0.4989960789680481
int8-head-fp32,WEB10574.jpg,True,True,0.4989960789680481,0.4989960789680481
int8-head-fp32,WEB10575.jpg,True,True,0.7338177561759949,0.7338177561759949
int8-head-fp32,WEB10576.jpg,True,True,0.2641744017601013,0.2641744017601013
int8-head-fp32,WEB10577.jpg,True,True,0.4989960789680481,0.4989960789680481
int8-head-fp32,WEB10578.jpg,True,True,0.2641744017601013,0.2641744017601013
int8-head-fp32,WEB10579.jpg,True,True,0.7338177561759949,0.7338177561759949
int8-head-fp32,WEB10580.jpg,True,False,0.0,0.0
int8-head-fp32,WEB10581.jpg,True,True,0.7338177561759949,0.7338177561759949
int8-head-fp32,WEB10582.jpg,True,False,0.0,0.0
int8-head-fp32,WEB10583.jpg,True,True,0.7338177561759949,0.7338177561759949
int8-head-fp32,WEB10584.jpg,True,True,0.2641744017601013,0.2641744017601013
int8-head-fp32,WEB10585.jpg,True,True,0.7338177561759949,0.7338177561759949
int8-head-fp32,WEB10586.jpg,True,False,0.0,0.0
int8-head-fp32,WEB10587.jpg,True,True,0.7338177561759949,0.7338177561759949
int8-head-fp32,WEB10588.jpg,True,True,0.7338177561759949,0.7338177561759949
int8-head-fp32,WEB10589.jpg,True,False,0.0,0.0
int8-head-fp32,WEB10590.jpg,True,True,0.8316601514816284,0.8316601514816284
int8-head-fp32,WEB10591.jpg,True,False,0.0,0.0
int8-head-fp32,WEB10592.jpg,True,True,0.2641744017601013,0.2641744017601013
int8-head-fp32,WEB10593.jpg,True,True,0.4989960789680481,0.4989960789680481
int8-head-fp32,WEB10594.jpg,True,True,0.8316601514816284,0.8316601514816284
int8-head-fp32,WEB10595.jpg,True,False,0.0,0.0
int8-head-fp32,WEB10596.jpg,True,True,0.7338177561759949,0.7338177561759949
int8-head-fp32,WEB10597.jpg,True,True,0.7338177561759949,0.7338177561759949
int8-head-fp32,WEB10598.jpg,True,True,0.7338177561759949,0.7338177561759949
int8-head-fp32,WEB10599.jpg,True,True,0.2641744017601013,0.2641744017601013
int8-head-fp32,WEB10600.jpg,True,True,0.7338177561759949,0.7338177561759949
int8-head-fp32,WEB10601.jpg,True,True,0.4989960789680481,0.4989960789680481
int8-head-fp32,WEB10602.jpg,True,True,0.7338177561759949,0.7338177561759949
int8-head-fp32,WEB10603.jpg,True,True,0.2641744017601013,0.2641744017601013
int8-head-fp32,WEB10604.jpg,True,True,0.2641744017601013,0.2641744017601013
int8-head-fp32,WEB10605.jpg,True,True,0.2641744017601013,0.2641744017601013
int8-head-fp32,WEB10606.jpg,True,True,0.4989960789680481,0.4989960789680481
int8-head-fp32,WEB10607.jpg,True,True,0.4989960789680481,0.7338177561759949
int8-head-fp32,WEB10608.jpg,True,True,0.7338177561759949,0.7338177561759949
int8-head-fp32,WEB10609.jpg,True,False,0.0,0.0
int8-head-fp32,WEB10610.jpg,True,True,0.7338177561759949,0.7338177561759949
int8-head-fp32,WEB10611.jpg,True,True,0.7338177561759949,0.7338177561759949
int8-head-fp32,WEB10612.jpg,True,True,0.7338177561759949,0.7338177561759949
int8-head-fp32,WEB10613.jpg,True,True,0.7338177561759949,0.7338177561759949
int8-head-fp32,WEB10614.jpg,True,True,0.7338177561759949,0.7338177561759949
int8-head-fp32,WEB10615.jpg,True,True,0.2641744017601013,0.4989960789680481
int8-head-fp32,WEB10616.jpg,True,True,0.7338177561759949,0.7338177561759949
int8-head-fp32,WEB10617.jpg,True,True,0.4989960789680481,0.4989960789680481
int8-head-fp32,WEB10618.jpg,True,True,0.11414942890405655,0.11414942890405655
int8-head-fp32,WEB10619.jpg,True,True,0.11414942890405655,0.11414942890405655
int8-head-fp32,WEB10620.jpg,True,True,0.11414942890405655,0.11414942890405655
int8-head-fp32,WEB10621.jpg,True,False,0.0,0.0
int8-head-fp32,WEB10622.jpg,True,False,0.0,0.0
int8-head-fp32,WEB10623.jpg,True,True,0.11414942890405655,0.11414942890405655
int8-head-fp32,WEB10624.jpg,True,True,0.7338177561759949,0.7338177561759949
int8-head-fp32,WEB10625.jpg,True,True,0.4989960789680481,0.4989960789680481
int8-head-fp32,WEB10626.jpg,True,True,0.4989960789680481,0.4989960789680481
int8-head-fp32,WEB10627.jpg,True,True,0.7338177561759949,0.7338177561759949
int8-head-fp32,WEB10628.jpg,True,True,0.2641744017601013,0.4989960789680481
int8-head-fp32,WEB10629.jpg,True,True,0.7338177561759949,0.7338177561759949
int8-head-fp32,WEB10630.jpg,True,True,0.11414942890405655,0.4989960789680481
int8-head-fp32,WEB10631.jpg,True,True,0.7338177561759949,0.7338177561759949
int8-head-fp32,WEB10632.jpg,True,True,0.7338177561759949,0.7338177561759949
int8-head-fp32,WEB10633.jpg,True,True,0.4989960789680481,0.4989960789680481
int8-head-fp32,WEB10634.jpg,True,True,0.2641744017601013,0.2641744017601013
int8-head-fp32,WEB10635.jpg,True,True,0.4989960789680481,0.4989960789680481
int8-head-fp32,WEB10636.jpg,True,True,0.8316601514816284,0.8316601514816284
int8-head-fp32,WEB10637.jpg,True,True,0.7338177561759949,0.7338177561759949
int8-head-fp32,WEB10638.jpg,True,True,0.7338177561759949,0.7338177561759949
int8-head-fp32,WEB10639.jpg,True,True,0.7338177561759949,0.7338177561759949
int8-head-fp32,WEB10640.jpg,True,False,0.0,0.0
int8-head-fp32,WEB10641.jpg,True,True,0.7338177561759949,0.7338177561759949
int8-head-fp32,WEB10642.jpg,True,True,0.4989960789680481,0.4989960789680481
int8-head-fp32,WEB10643.jpg,True,True,0.7338177561759949,0.7338177561759949
int8-head-fp32,WEB10644.jpg,True,True,0.4989960789680481,0.4989960789680481
int8-head-fp32,WEB10645.jpg,True,True,0.8316601514816284,0.8316601514816284
int8-head-fp32,WEB10646.jpg,True,True,0.8316601514816284,0.8316601514816284
int8-head-fp32,WEB10647.jpg,True,True,0.7338177561759949,0.7338177561759949
int8-head-fp32,WEB10648.jpg,True,True,0.4989960789680481,0.4989960789680481
int8-head-fp32,WEB10649.jpg,True,True,0.4989960789680481,0.4989960789680481
int8-head-fp32,WEB10650.jpg,True,True,0.4989960789680481,0.4989960789680481
int8-head-fp32,WEB10651.jpg,True,True,0.4989960789680481,0.4989960789680481
int8-head-fp32,WEB10652.jpg,True,True,0.4989960789680481,0.4989960789680481
int8-head-fp32,WEB10653.jpg,True,False,0.0,0.0
int8-head-fp32,WEB10654.jpg,True,False,0.0,0.11414942890405655
int8-head-fp32,WEB10655.jpg,True,False,0.0,0.0
int8-head-fp32,WEB10656.jpg,True,True,0.7338177561759949,0.7338177561759949
int8-head-fp32,WEB10657.jpg,True,True,0.2641744017601013,0.2641744017601013
int8-head-fp32,WEB10658.jpg,True,True,0.4989960789680481,0.4989960789680481
int8-head-fp32,WEB10659.jpg,True,True,0.4989960789680481,0.4989960789680481
int8-head-fp32,WEB10660.jpg,True,True,0.2641744017601013,0.2641744017601013
int8-head-fp32,WEB10661.jpg,True,True,0.2641744017601013,0.2641744017601013
int8-head-fp32,WEB10662.jpg,True,False,0.0,0.0
int8-head-fp32,WEB10663.jpg,True,False,0.0,0.0
int8-head-fp32,WEB10664.jpg,True,True,0.4989960789680481,0.4989960789680481
int8-head-fp32,WEB10665.jpg,True,True,0.8316601514816284,0.8316601514816284
int8-head-fp32,WEB10666.jpg,True,True,0.2641744017601013,0.2641744017601013
int8-head-fp32,WEB10667.jpg,True,True,0.7338177561759949,0.7338177561759949
int8-head-fp32,WEB10668.jpg,True,True,0.4989960789680481,0.4989960789680481
int8-head-fp32,WEB10669.jpg,True,True,0.2641744017601013,0.2641744017601013
int8-head-fp32,WEB10670.jpg,True,True,0.4989960789680481,0.4989960789680481
int8-head-fp32,WEB10671.jpg,True,False,0.0,0.0
int8-head-fp32,WEB10672.jpg,True,True,0.7338177561759949,0.7338177561759949
int8-head-fp32,WEB10673.jpg,True,True,0.7338177561759949,0.7338177561759949
int8-head-fp32,WEB10674.jpg,True,True,0.2641744017601013,0.2641744017601013
int8-head-fp32,WEB10675.jpg,True,True,0.11414942890405655,0.11414942890405655
int8-head-fp32,WEB10676.jpg,True,False,0.0,0.0
int8-head-fp32,WEB10677.jpg,True,False,0.0,0.0
int8-head-fp32,WEB10678.jpg,True,True,0.7338177561759949,0.7338177561759949
int8-head-fp32,WEB10679.jpg,True,True,0.7338177561759949,0.7338177561759949
int8-head-fp32,WEB10680.jpg,True,False,0.0,0.0
int8-head-fp32,WEB10681.jpg,True,True,0.11414942890405655,0.11414942890405655
int8-head-fp32,WEB10682.jpg,True,True,0.7338177561759949,0.7338177561759949
int8-head-fp32,WEB10683.jpg,True,True,0.4989960789680481,0.4989960789680481
int8-head-fp32,WEB10684.jpg,True,True,0.7338177561759949,0.7338177561759949
int8-head-fp32,WEB10685.jpg,True,True,0.2641744017601013,0.2641744017601013
int8-head-fp32,WEB10686.jpg,True,False,0.0,0.0
int8-head-fp32,WEB10687.jpg,True,True,0.7338177561759949,0.7338177561759949
int8-head-fp32,WEB10688.jpg,True,True,0.7338177561759949,0.7338177561759949
int8-head-fp32,WEB10689.jpg,True,True,0.7338177561759949,0.7338177561759949
int8-head-fp32,WEB10690.jpg,True,True,0.7338177561759949,0.7338177561759949
int8-head-fp32,WEB10691.jpg,True,True,0.8316601514816284,0.8316601514816284
int8-head-fp32,WEB10692.jpg,True,True,0.7338177561759949,0.7338177561759949
int8-head-fp32,WEB10693.jpg,True,True,0.7338177561759949,0.7338177561759949
int8-head-fp32,WEB10694.jpg,True,True,0.7338177561759949,0.7338177561759949
int8-head-fp32,WEB10695.jpg,True,True,0.7338177561759949,0.7338177561759949
int8-head-fp32,WEB10696.jpg,True,True,0.7338177561759949,0.7338177561759949
int8-head-fp32,WEB10697.jpg,True,True,0.8316601514816284,0.8316601514816284
int8-head-fp32,WEB10698.jpg,True,True,0.7338177561759949,0.7338177561759949
int8-head-fp32,WEB10699.jpg,True,True,0.8316601514816284,0.8316601514816284
int8-head-fp32,WEB10700.jpg,True,True,0.7338177561759949,0.7338177561759949
int8-head-fp32,WEB10701.jpg,True,True,0.8316601514816284,0.8316601514816284
int8-head-fp32,WEB10702.jpg,True,True,0.7338177561759949,0.7338177561759949
int8-head-fp32,WEB10703.jpg,True,True,0.2641744017601013,0.2641744017601013
int8-head-fp32,WEB10704.jpg,True,False,0.0,0.0
int8-head-fp32,WEB10705.jpg,True,False,0.0,0.0
int8-head-fp32,WEB10706.jpg,True,False,0.0,0.0
int8-head-fp32,WEB10707.jpg,True,False,0.0,0.0
int8-head-fp32,WEB10708.jpg,True,True,0.2641744017601013,0.2641744017601013
int8-head-fp32,WEB10709.jpg,True,False,0.0,0.0
int8-head-fp32,WEB10710.jpg,True,False,0.0,0.0
int8-head-fp32,WEB10711.jpg,True,True,0.11414942890405655,0.11414942890405655
int8-head-fp32,WEB10712.jpg,True,True,0.11414942890405655,0.4989960789680481
int8-head-fp32,WEB10713.jpg,True,False,0.0,0.11414942890405655
int8-head-fp32,WEB10714.jpg,True,False,0.0,0.0
int8-head-fp32,WEB10715.jpg,True,True,0.4989960789680481,0.4989960789680481
int8-head-fp32,WEB10716.jpg,True,False,0.0,0.0
int8-head-fp32,WEB10717.jpg,True,False,0.0,0.0
int8-head-fp32,WEB10718.jpg,False,False,0.0,0.0
int8-head-fp32,WEB10719.jpg,True,False,0.0,0.0
int8-head-fp32,WEB10720.jpg,True,False,0.0,0.0
int8-head-fp32,WEB10721.jpg,True,True,0.7338177561759949,0.7338177561759949
int8-head-fp32,WEB10722.jpg,True,True,0.4989960789680481,0.4989960789680481
int8-head-fp32,WEB10723.jpg,True,True,0.2641744017601013,0.2641744017601013
int8-head-fp32,WEB10724.jpg,True,False,0.0,0.0
int8-head-fp32,WEB10725.jpg,True,True,0.7338177561759949,0.7338177561759949
int8-head-fp32,WEB10726.jpg,True,True,0.2641744017601013,0.2641744017601013
int8-head-fp32,WEB10727.jpg,True,True,0.7338177561759949,0.7338177561759949
int8-head-fp32,WEB10728.jpg,True,False,0.0,0.0
int8-head-fp32,WEB10729.jpg,True,False,0.0,0.2641744017601013
int8-head-fp32,WEB10730.jpg,True,False,0.0,0.0
int8-head-fp32,WEB10731.jpg,True,False,0.0,0.0
int8-head-fp32,WEB10732.jpg,True,False,0.0,0.0
int8-head-fp32,WEB10733.jpg,True,True,0.7338177561759949,0.7338177561759949
int8-head-fp32,WEB10734.jpg,True,True,0.2641744017601013,0.2641744017601013
int8-head-fp32,WEB10735.jpg,True,True,0.7338177561759949,0.7338177561759949
int8-head-fp32,WEB10736.jpg,True,True,0.4989960789680481,0.4989960789680481
int8-head-fp32,WEB10737.jpg,True,False,0.0,0.0
int8-head-fp32,WEB10738.jpg,True,True,0.2641744017601013,0.2641744017601013
int8-head-fp32,WEB10739.jpg,True,False,0.0,0.0
int8-head-fp32,WEB10740.jpg,True,True,0.2641744017601013,0.4989960789680481
int8-head-fp32,WEB10741.jpg,True,True,0.11414942890405655,0.11414942890405655
int8-head-fp32,WEB10742.jpg,True,True,0.7338177561759949,0.7338177561759949
int8-head-fp32,WEB10743.jpg,True,True,0.11414942890405655,0.11414942890405655
int8-head-fp32,WEB10744.jpg,True,False,0.0,0.4989960789680481
int8-head-fp32,WEB10745.jpg,True,False,0.0,0.11414942890405655
int8-head-fp32,WEB10746.jpg,True,False,0.0,0.2641744017601013
int8-head-fp32,WEB10747.jpg,True,False,0.0,0.0
int8-head-fp32,WEB10748.jpg,True,False,0.0,0.4989960789680481
int8-head-fp32,WEB10749.jpg,True,False,0.0,0.0
int8-head-fp32,WEB10750.jpg,True,False,0.0,0.0
int8-head-fp32,WEB10751.jpg,True,True,0.8316601514816284,0.8316601514816284
int8-head-fp32,WEB10752.jpg,True,True,0.11414942890405655,0.11414942890405655
int8-head-fp32,WEB10753.jpg,True,True,0.2641744017601013,0.2641744017601013
int8-head-fp32,WEB10754.jpg,True,True,0.7338177561759949,0.7338177561759949
int8-head-fp32,WEB10755.jpg,True,False,0.0,0.0
int8-head-fp32,WEB10756.jpg,True,True,0.2641744017601013,0.2641744017601013
int8-head-fp32,WEB10757.jpg,True,False,0.0,0.0
int8-head-fp32,WEB10758.jpg,True,True,0.2641744017601013,0.2641744017601013
int8-head-fp32,WEB10759.jpg,True,True,0.2641744017601013,0.2641744017601013
int8-head-fp32,WEB10760.jpg,True,True,0.2641744017601013,0.4989960789680481
int8-head-fp32,WEB10761.jpg,True,False,0.0,0.11414942890405655
int8-head-fp32,WEB10762.jpg,True,True,0.2641744017601013,0.4989960789680481
int8-head-fp32,WEB10763.jpg,True,True,0.7338177561759949,0.7338177561759949
int8-head-fp32,WEB10764.jpg,True,True,0.2641744017601013,0.2641744017601013
int8-head-fp32,WEB10765.jpg,True,True,0.4989960789680481,0.4989960789680481
int8-head-fp32,WEB10766.jpg,True,True,0.7338177561759949,0.7338177561759949
int8-head-fp32,WEB10767.jpg,True,True,0.11414942890405655,0.11414942890405655
int8-head-fp32,WEB10768.jpg,True,True,0.7338177561759949,0.7338177561759949
int8-head-fp32,WEB10769.jpg,True,True,0.7338177561759949,0.7338177561759949
int8-head-fp32,WEB10770.jpg,True,True,0.8316601514816284,0.8316601514816284
int8-head-fp32,WEB10771.jpg,True,False,0.0,0.0
int8-head-fp32,WEB10772.jpg,True,True,0.4989960789680481,0.4989960789680481
int8-head-fp32,WEB10773.jpg,True,False,0.0,0.0
int8-head-fp32,WEB10774.jpg,True,True,0.2641744017601013,0.2641744017601013
int8-head-fp32,WEB10775.jpg,True,True,0.4989960789680481,0.4989960789680481
int8-head-fp32,WEB10776.jpg,True,True,0.7338177561759949,0.7338177561759949
int8-head-fp32,WEB10777.jpg,True,True,0.11414942890405655,0.11414942890405655
int8-head-fp32,WEB10778.jpg,True,False,0.0,0.0
int8-head-fp32,WEB10779.jpg,True,False,0.0,0.0
int8-head-fp32,WEB10780.jpg,True,False,0.0,0.0
int8-head-fp32,WEB10781.jpg,True,False,0.0,0.0
int8-head-fp32,WEB10782.jpg,True,False,0.0,0.0
int8-head-fp32,WEB10783.jpg,True,False,0.0,0.0
int8-head-fp32,WEB10784.jpg,True,False,0.0,0.0
int8-head-fp32,WEB10785.jpg,True,False,0.0,0.0
int8-head-fp32,WEB10786.jpg,True,False,0.0,0.0
int8-head-fp32,WEB10787.jpg,True,True,0.2641744017601013,0.2641744017601013
int8-head-fp32,WEB10788.jpg,True,True,0.11414942890405655,0.11414942890405655
int8-head-fp32,WEB10789.jpg,False,False,0.0,0.0
int8-head-fp32,WEB10790.jpg,True,False,0.0,0.0
int8-head-fp32,WEB10791.jpg,True,False,0.0,0.0
int8-head-fp32,WEB10792.jpg,True,False,0.0,0.0
int8-head-fp32,WEB10793.jpg,True,False,0.0,0.0
int8-head-fp32,WEB10794.jpg,True,False,0.0,0.0
int8-head-fp32,WEB10795.jpg,True,False,0.0,0.0
int8-head-fp32,WEB10796.jpg,True,False,0.0,0.0
int8-head-fp32,WEB10797.jpg,True,False,0.0,0.0
int8-head-fp32,WEB10798.jpg,True,False,0.0,0.11414942890405655
int8-head-fp32,WEB10799.jpg,True,False,0.0,0.2641744017601013
int8-head-fp32,WEB10800.jpg,True,True,0.4989960789680481,0.4989960789680481
int8-head-fp32,WEB10801.jpg,True,False,0.0,0.0
int8-head-fp32,WEB10802.jpg,False,False,0.0,0.0
int8-head-fp32,WEB10803.jpg,True,False,0.0,0.0
int8-head-fp32,WEB10804.jpg,True,False,0.0,0.0
int8-head-fp32,WEB10805.jpg,True,True,0.11414942890405655,0.11414942890405655
int8-head-fp32,WEB10806.jpg,True,True,0.7338177561759949,0.7338177561759949
int8-head-fp32,WEB10807.jpg,True,False,0.0,0.0
int8-head-fp32,WEB10808.jpg,True,False,0.0,0.0
int8-head-fp32,WEB10809.jpg,True,False,0.0,0.0
int8-head-fp32,WEB10810.jpg,True,True,0.2641744017601013,0.2641744017601013
int8-head-fp32,WEB10811.jpg,True,False,0.0,0.11414942890405655
int8-head-fp32,WEB10812.jpg,True,True,0.2641744017601013,0.2641744017601013
int8-head-fp32,WEB10813.jpg,True,True,0.4989960789680481,0.4989960789680481
int8-head-fp32,WEB10814.jpg,True,True,0.4989960789680481,0.4989960789680481
int8-head-fp32,WEB10815.jpg,True,True,0.2641744017601013,0.2641744017601013
int8-head-fp32,WEB10816.jpg,True,True,0.2641744017601013,0.2641744017601013
int8-head-fp32,WEB10817.jpg,True,True,0.4989960789680481,0.4989960789680481
int8-head-fp32,WEB10818.jpg,True,False,0.0,0.0
int8-head-fp32,WEB10819.jpg,True,False,0.0,0.0
int8-head-fp32,WEB10820.jpg,True,False,0.0,0.0
int8-head-fp32,WEB10821.jpg,True,True,0.4989960789680481,0.4989960789680481
int8-head-fp32,WEB10822.jpg,True,True,0.11414942890405655,0.2641744017601013
int8-head-fp32,WEB10823.jpg,True,False,0.0,0.0
int8-head-fp32,WEB10824.jpg,True,True,0.2641744017601013,0.4989960789680481
int8-head-fp32,WEB10825.jpg,True,False,0.0,0.0
int8-head-fp32,WEB10826.jpg,True,True,0.7338177561759949,0.7338177561759949
int8-head-fp32,WEB10827.jpg,True,False,0.0,0.0
int8-head-fp32,WEB10828.jpg,True,True,0.2641744017601013,0.2641744017601013
int8-head-fp32,WEB10829.jpg,True,True,0.2641744017601013,0.2641744017601013
int8-head-fp32,WEB10830.jpg,True,True,0.2641744017601013,0.2641744017601013
int8-head-fp32,WEB10831.jpg,True,False,0.0,0.0
int8-head-fp32,WEB10832.jpg,True,False,0.0,0.0
int8-head-fp32,WEB10833.jpg,True,False,0.0,0.0
int8-head-fp32,WEB10834.jpg,True,False,0.0,0.0
int8-head-fp32,WEB10835.jpg,True,False,0.0,0.0
int8-head-fp32,WEB10836.jpg,True,False,0.0,0.0
int8-head-fp32,WEB10837.jpg,True,False,0.0,0.0
int8-head-fp32,WEB10838.jpg,True,False,0.0,0.0
int8-head-fp32,WEB10839.jpg,True,True,0.7338177561759949,0.7338177561759949
int8-head-fp32,WEB10840.jpg,True,False,0.0,0.0
int8-head-fp32,WEB10841.jpg,True,False,0.0,0.0
int8-head-fp32,WEB10842.jpg,True,False,0.0,0.0
int8-head-fp32,WEB10843.jpg,True,False,0.0,0.0
int8-head-fp32,WEB10844.jpg,True,True,0.11414942890405655,0.2641744017601013
int8-head-fp32,WEB10845.jpg,True,False,0.0,0.0
int8-head-fp32,WEB10846.jpg,True,True,0.11414942890405655,0.11414942890405655
int8-head-fp32,WEB10847.jpg,True,False,0.0,0.0
int8-head-fp32,WEB10848.jpg,True,False,0.0,0.0
int8-head-fp32,WEB10849.jpg,True,True,0.7338177561759949,0.7338177561759949
int8-head-fp32,WEB10850.jpg,True,True,0.7338177561759949,0.7338177561759949
int8-head-fp32,WEB10851.jpg,True,False,0.0,0.11414942890405655
int8-head-fp32,WEB10852.jpg,True,True,0.4989960789680481,0.4989960789680481
int8-head-fp32,WEB10853.jpg,True,True,0.11414942890405655,0.11414942890405655
int8-head-fp32,WEB10854.jpg,True,False,0.0,0.0
int8-head-fp32,WEB10855.jpg,True,True,0.4989960789680481,0.4989960789680481
int8-head-fp32,WEB10856.jpg,True,True,0.11414942890405655,0.11414942890405655
int8-head-fp32,WEB10857.jpg,True,True,0.2641744017601013,0.2641744017601013
int8-head-fp32,WEB10858.jpg,True,False,0.0,0.11414942890405655
int8-head-fp32,WEB10859.jpg,True,True,0.7338177561759949,0.7338177561759949
int8-head-fp32,WEB10860.jpg,True,True,0.11414942890405655,0.11414942890405655
int8-head-fp32,WEB10861.jpg,True,True,0.7338177561759949,0.7338177561759949
int8-head-fp32,WEB10862.jpg,True,True,0.2641744017601013,0.2641744017601013
int8-head-fp32,WEB10863.jpg,True,False,0.0,0.0
int8-head-fp32,WEB10864.jpg,True,False,0.0,0.0
int8-head-fp32,WEB10865.jpg,True,False,0.0,0.0
int8-head-fp32,WEB10866.jpg,True,True,0.11414942890405655,0.4989960789680481
int8-head-fp32,WEB10867.jpg,True,True,0.4989960789680481,0.4989960789680481
int8-head-fp32,WEB10868.jpg,True,True,0.11414942890405655,0.4989960789680481
int8-head-fp32,WEB10869.jpg,True,True,0.7338177561759949,0.7338177561759949
int8-head-fp32,WEB10870.jpg,True,True,0.7338177561759949,0.7338177561759949
int8-head-fp32,WEB10871.jpg,True,True,0.4989960789680481,0.4989960789680481
int8-head-fp32,WEB10872.jpg,True,True,0.4989960789680481,0.4989960789680481
int8-head-fp32,WEB10873.jpg,True,True,0.7338177561759949,0.7338177561759949
int8-head-fp32,WEB10874.jpg,True,True,0.7338177561759949,0.7338177561759949
int8-head-fp32,WEB10875.jpg,True,True,0.7338177561759949,0.7338177561759949
int8-head-fp32,WEB10876.jpg,True,True,0.7338177561759949,0.7338177561759949
int8-head-fp32,WEB10877.jpg,True,True,0.4989960789680481,0.4989960789680481
int8-head-fp32,WEB10878.jpg,True,True,0.2641744017601013,0.2641744017601013
int8-head-fp32,WEB10879.jpg,True,True,0.11414942890405655,0.11414942890405655
int8-head-fp32,WEB10880.jpg,True,True,0.8316601514816284,0.8316601514816284
int8-head-fp32,WEB10881.jpg,True,True,0.4989960789680481,0.4989960789680481
int8-head-fp32,WEB10882.jpg,True,True,0.4989960789680481,0.4989960789680481
int8-head-fp32,WEB10883.jpg,True,True,0.2641744017601013,0.2641744017601013
int8-head-fp32,WEB10884.jpg,True,True,0.4989960789680481,0.7338177561759949
int8-head-fp32,WEB10885.jpg,True,True,0.7338177561759949,0.7338177561759949
int8-head-fp32,WEB10886.jpg,True,True,0.4989960789680481,0.4989960789680481
int8-head-fp32,WEB10887.jpg,True,True,0.7338177561759949,0.7338177561759949
int8-head-fp32,WEB10888.jpg,True,True,0.7338177561759949,0.7338177561759949
int8-head-fp32,WEB10889.jpg,True,True,0.4989960789680481,0.7338177561759949
int8-head-fp32,WEB10890.jpg,True,True,0.4989960789680481,0.4989960789680481
int8-head-fp32,WEB10891.jpg,True,True,0.2641744017601013,0.2641744017601013
int8-head-fp32,WEB10892.jpg,True,True,0.2641744017601013,0.2641744017601013
int8-head-fp32,WEB10893.jpg,True,False,0.0,0.0
int8-head-fp32,WEB10894.jpg,True,False,0.0,0.0
int8-head-fp32,WEB10895.jpg,True,True,0.2641744017601013,0.2641744017601013
int8-head-fp32,WEB10896.jpg,True,True,0.4989960789680481,0.4989960789680481
int8-head-fp32,WEB10897.jpg,True,True,0.4989960789680481,0.4989960789680481
int8-head-fp32,WEB10898.jpg,False,True,0.11414942890405655,0.7338177561759949
int8-head-fp32,WEB10899.jpg,True,True,0.7338177561759949,0.7338177561759949
int8-head-fp32,WEB10900.jpg,True,True,0.7338177561759949,0.7338177561759949
int8-head-fp32,WEB10901.jpg,True,True,0.11414942890405655,0.11414942890405655
int8-head-fp32,WEB10902.jpg,True,True,0.7338177561759949,0.7338177561759949
int8-head-fp32,WEB10903.jpg,True,True,0.7338177561759949,0.7338177561759949
int8-head-fp32,WEB10904.jpg,True,True,0.2641744017601013,0.2641744017601013
int8-head-fp32,WEB10905.jpg,True,False,0.0,0.0
int8-head-fp32,WEB10906.jpg,True,True,0.7338177561759949,0.7338177561759949
int8-head-fp32,WEB10907.jpg,True,True,0.7338177561759949,0.7338177561759949
int8-head-fp32,WEB10908.jpg,True,True,0.7338177561759949,0.7338177561759949
int8-head-fp32,WEB10909.jpg,True,True,0.7338177561759949,0.7338177561759949
int8-head-fp32,WEB10910.jpg,True,True,0.8316601514816284,0.8316601514816284
int8-head-fp32,WEB10911.jpg,True,True,0.4989960789680481,0.4989960789680481
int8-head-fp32,WEB10912.jpg,True,True,0.4989960789680481,0.4989960789680481
int8-head-fp32,WEB10913.jpg,True,True,0.4989960789680481,0.4989960789680481
int8-head-fp32,WEB10914.jpg,True,True,0.2641744017601013,0.2641744017601013
int8-head-fp32,WEB10915.jpg,True,False,0.0,0.0
int8-head-fp32,WEB10916.jpg,True,True,0.2641744017601013,0.2641744017601013
int8-head-fp32,WEB10917.jpg,True,True,0.7338177561759949,0.7338177561759949
int8-head-fp32,WEB10918.jpg,True,False,0.0,0.0
int8-head-fp32,WEB10919.jpg,True,False,0.0,0.0
int8-head-fp32,WEB10920.jpg,True,False,0.0,0.0
int8-head-fp32,WEB10921.jpg,True,False,0.0,0.0
int8-head-fp32,WEB10922.jpg,True,False,0.0,0.0
int8-head-fp32,WEB10923.jpg,True,False,0.0,0.0
int8-head-fp32,WEB10924.jpg,True,False,0.0,0.0
int8-head-fp32,WEB10925.jpg,True,True,0.4989960789680481,0.7338177561759949
int8-head-fp32,WEB10926.jpg,True,True,0.4989960789680481,0.4989960789680481
int8-head-fp32,WEB10927.jpg,True,True,0.7338177561759949,0.7338177561759949
int8-head-fp32,WEB10928.jpg,True,True,0.4989960789680481,0.4989960789680481
int8-head-fp32,WEB10929.jpg,True,True,0.7338177561759949,0.7338177561759949
int8-head-fp32,WEB10930.jpg,True,True,0.7338177561759949,0.7338177561759949
int8-head-fp32,WEB10931.jpg,True,True,0.2641744017601013,0.4989960789680481
int8-head-fp32,WEB10932.jpg,True,True,0.2641744017601013,0.2641744017601013
int8-head-fp32,WEB10933.jpg,True,True,0.2641744017601013,0.2641744017601013
int8-head-fp32,WEB10934.jpg,True,True,0.11414942890405655,0.11414942890405655
int8-head-fp32,WEB10935.jpg,True,False,0.0,0.0
int8-head-fp32,WEB10936.jpg,True,True,0.2641744017601013,0.2641744017601013
int8-head-fp32,WEB10937.jpg,True,False,0.0,0.0
int8-head-fp32,WEB10938.jpg,True,True,0.7338177561759949,0.7338177561759949
int8-head-fp32,WEB10939.jpg,True,True,0.7338177561759949,0.7338177561759949
int8-head-fp32,WEB10940.jpg,True,True,0.4989960789680481,0.4989960789680481
int8-head-fp32,WEB10941.jpg,True,True,0.4989960789680481,0.4989960789680481
int8-head-fp32,WEB10942.jpg,True,True,0.4989960789680481,0.4989960789680481
int8-head-fp32,WEB10943.jpg,True,True,0.4989960789680481,0.4989960789680481
int8-head-fp32,WEB10944.jpg,True,True,0.7338177561759949,0.7338177561759949
int8-head-fp32,WEB10945.jpg,True,True,0.4989960789680481,0.4989960789680481
int8-head-fp32,WEB10946.jpg,True,True,0.4989960789680481,0.4989960789680481
int8-head-fp32,WEB10947.jpg,True,True,0.4989960789680481,0.4989960789680481
int8-head-fp32,WEB10948.jpg,True,True,0.7338177561759949,0.7338177561759949
int8-head-fp32,WEB10949.jpg,True,True,0.7338177561759949,0.7338177561759949
int8-head-fp32,WEB10950.jpg,True,True,0.4989960789680481,0.4989960789680481
int8-head-fp32,WEB10951.jpg,True,True,0.8316601514816284,0.8316601514816284
int8-head-fp32,WEB10952.jpg,True,True,0.8316601514816284,0.8316601514816284
int8-head-fp32,WEB10953.jpg,True,True,0.8316601514816284,0.8316601514816284
int8-head-fp32,WEB10954.jpg,True,False,0.0,0.0
int8-head-fp32,WEB10955.jpg,True,True,0.7338177561759949,0.7338177561759949
int8-head-fp32,WEB10956.jpg,True,True,0.2641744017601013,0.2641744017601013
int8-head-fp32,WEB10957.jpg,True,True,0.7338177561759949,0.7338177561759949
int8-head-fp32,WEB10958.jpg,True,True,0.7338177561759949,0.7338177561759949
int8-head-fp32,WEB10959.jpg,True,True,0.2641744017601013,0.2641744017601013
int8-head-fp32,WEB10960.jpg,True,False,0.0,0.0
int8-head-fp32,WEB10961.jpg,True,False,0.0,0.0
int8-head-fp32,WEB10962.jpg,True,True,0.4989960789680481,0.4989960789680481
int8-head-fp32,WEB10963.jpg,True,False,0.0,0.0
int8-head-fp32,WEB10964.jpg,True,True,0.2641744017601013,0.2641744017601013
int8-head-fp32,WEB10965.jpg,True,False,0.0,0.0
int8-head-fp32,WEB10966.jpg,True,False,0.0,0.0
int8-head-fp32,WEB10967.jpg,True,False,0.0,0.0
int8-head-fp32,WEB10968.jpg,False,False,0.0,0.7338177561759949
int8-head-fp32,WEB10969.jpg,False,True,0.11414942890405655,0.7338177561759949
int8-head-fp32,WEB10970.jpg,False,False,0.0,0.11414942890405655
int8-head-fp32,WEB10971.jpg,False,False,0.0,0.8316601514816284
int8-head-fp32,WEB10972.jpg,False,False,0.0,0.0
int8-head-fp32,WEB10973.jpg,False,False,0.0,0.2641744017601013
int8-head-fp32,WEB10974.jpg,True,True,0.2641744017601013,0.8316601514816284
int8-head-fp32,WEB10975.jpg,False,False,0.0,0.11414942890405655
int8-head-fp32,WEB10976.jpg,True,False,0.0,0.4989960789680481
int8-head-fp32,WEB10977.jpg,False,False,0.0,0.7338177561759949
int8-head-fp32,WEB10978.jpg,True,True,0.7338177561759949,0.7338177561759949
int8-head-fp32,WEB10979.jpg,False,True,0.11414942890405655,0.2641744017601013
int8-head-fp32,WEB10980.jpg,False,False,0.0,0.11414942890405655
int8-head-fp32,WEB10981.jpg,False,False,0.0,0.0
int8-head-fp32,WEB10982.jpg,True,True,0.2641744017601013,0.2641744017601013
int8-head-fp32,WEB10983.jpg,False,False,0.0,0.4989960789680481
int8-head-fp32,WEB10984.jpg,False,False,0.0,0.2641744017601013
int8-head-fp32,WEB10985.jpg,False,False,0.0,0.11414942890405655
int8-head-fp32,WEB10986.jpg,True,True,0.4989960789680481,0.4989960789680481
int8-head-fp32,WEB10987.jpg,True,True,0.7338177561759949,0.7338177561759949
int8-head-fp32,WEB10988.jpg,True,True,0.7338177561759949,0.7338177561759949
int8-head-fp32,WEB10989.jpg,False,False,0.0,0.0
int8-head-fp32,WEB10990.jpg,True,True,0.2641744017601013,0.2641744017601013
int8-head-fp32,WEB10991.jpg,True,False,0.0,0.7338177561759949
int8-head-fp32,WEB10992.jpg,True,True,0.4989960789680481,0.7338177561759949
int8-head-fp32,WEB10993.jpg,True,True,0.11414942890405655,0.4989960789680481
int8-head-fp32,WEB10994.jpg,False,False,0.0,0.7338177561759949
int8-head-fp32,WEB10995.jpg,True,True,0.7338177561759949,0.7338177561759949
int8-head-fp32,WEB10996.jpg,True,True,0.4989960789680481,0.4989960789680481
int8-head-fp32,WEB10997.jpg,False,False,0.0,0.4989960789680481
int8-head-fp32,WEB10998.jpg,False,False,0.0,0.0
int8-head-fp32,WEB10999.jpg,True,True,0.2641744017601013,0.2641744017601013
int8-head-fp32,WEB11000.jpg,False,False,0.0,0.7338177561759949
int8-head-fp32,WEB11001.jpg,False,False,0.0,0.11414942890405655
int8-head-fp32,WEB11002.jpg,True,False,0.0,0.0
int8-head-fp32,WEB11003.jpg,True,True,0.4989960789680481,0.4989960789680481
int8-head-fp32,WEB11004.jpg,False,False,0.0,0.4989960789680481
int8-head-fp32,WEB11005.jpg,True,True,0.4989960789680481,0.4989960789680481
int8-head-fp32,WEB11006.jpg,True,True,0.2641744017601013,0.4989960789680481
int8-head-fp32,WEB11007.jpg,False,False,0.0,0.0
int8-head-fp32,WEB11008.jpg,False,True,0.2641744017601013,0.2641744017601013
int8-head-fp32,WEB11009.jpg,True,False,0.0,0.0
int8-head-fp32,WEB11010.jpg,False,False,0.0,0.11414942890405655
int8-head-fp32,WEB11011.jpg,False,False,0.0,0.0
int8-head-fp32,WEB11012.jpg,False,False,0.0,0.0
int8-head-fp32,WEB11013.jpg,False,False,0.0,0.2641744017601013
int8-head-fp32,WEB11014.jpg,False,False,0.0,0.4989960789680481
int8-head-fp32,WEB11015.jpg,False,False,0.0,0.0
int8-head-fp32,WEB11016.jpg,False,False,0.0,0.4989960789680481
int8-head-fp32,WEB11017.jpg,False,False,0.0,0.2641744017601013
int8-head-fp32,WEB11018.jpg,False,False,0.0,0.0
int8-head-fp32,WEB11019.jpg,False,False,0.0,0.11414942890405655
int8-head-fp32,WEB11020.jpg,False,False,0.0,0.4989960789680481
int8-head-fp32,WEB11021.jpg,False,False,0.0,0.7338177561759949
int8-head-fp32,WEB11022.jpg,False,False,0.0,0.2641744017601013
int8-head-fp32,WEB11023.jpg,False,False,0.0,0.0
int8-head-fp32,WEB11024.jpg,False,False,0.0,0.0
int8-head-fp32,WEB11025.jpg,False,False,0.0,0.11414942890405655
int8-head-fp32,WEB11026.jpg,False,False,0.0,0.2641744017601013
int8-head-fp32,WEB11027.jpg,False,False,0.0,0.0
int8-head-fp32,WEB11028.jpg,False,False,0.0,0.2641744017601013
int8-head-fp32,WEB11029.jpg,False,True,0.4989960789680481,0.4989960789680481
int8-head-fp32,WEB11030.jpg,True,True,0.2641744017601013,0.2641744017601013
int8-head-fp32,WEB11031.jpg,False,False,0.0,0.0
int8-head-fp32,WEB11032.jpg,True,False,0.0,0.2641744017601013
int8-head-fp32,WEB11033.jpg,False,False,0.0,0.0
int8-head-fp32,WEB11034.jpg,False,False,0.0,0.7338177561759949
int8-head-fp32,WEB11035.jpg,False,False,0.0,0.2641744017601013
int8-head-fp32,WEB11036.jpg,True,True,0.4989960789680481,0.4989960789680481
int8-head-fp32,WEB11037.jpg,False,False,0.0,0.0
int8-head-fp32,WEB11038.jpg,True,True,0.2641744017601013,0.2641744017601013
int8-head-fp32,WEB11039.jpg,False,False,0.0,0.0
int8-head-fp32,WEB11040.jpg,True,False,0.0,0.7338177561759949
int8-head-fp32,WEB11041.jpg,False,False,0.0,0.2641744017601013
int8-head-fp32,WEB11042.jpg,False,False,0.0,0.0
int8-head-fp32,WEB11043.jpg,True,False,0.0,0.2641744017601013
int8-head-fp32,WEB11044.jpg,False,False,0.0,0.7338177561759949
int8-head-fp32,WEB11045.jpg,False,False,0.0,0.0
int8-head-fp32,WEB11046.jpg,False,False,0.0,0.0
int8-head-fp32,WEB11047.jpg,False,False,0.0,0.0
int8-head-fp32,WEB11048.jpg,False,False,0.0,0.11414942890405655
int8-head-fp32,WEB11049.jpg,False,False,0.0,0.0
int8-head-fp32,WEB11050.jpg,True,True,0.11414942890405655,0.7338177561759949
int8-head-fp32,WEB11051.jpg,False,False,0.0,0.0
int8-head-fp32,WEB11052.jpg,True,True,0.11414942890405655,0.2641744017601013
int8-head-fp32,WEB11053.jpg,True,True,0.4989960789680481,0.4989960789680481
int8-head-fp32,WEB11054.jpg,True,True,0.7338177561759949,0.7338177561759949
int8-head-fp32,WEB11055.jpg,True,False,0.0,0.0
int8-head-fp32,WEB11056.jpg,False,False,0.0,0.7338177561759949
int8-head-fp32,WEB11057.jpg,True,False,0.0,0.0
int8-head-fp32,WEB11058.jpg,False,False,0.0,0.0
int8-head-fp32,WEB11059.jpg,False,False,0.0,0.0
int8-head-fp32,WEB11060.jpg,False,False,0.0,0.4989960789680481
int8-head-fp32,WEB11061.jpg,False,False,0.0,0.11414942890405655
int8-head-fp32,WEB11062.jpg,False,False,0.0,0.4989960789680481
int8-head-fp32,WEB11063.jpg,False,False,0.0,0.0
int8-head-fp32,WEB11064.jpg,False,False,0.0,0.0
int8-head-fp32,WEB11065.jpg,False,False,0.0,0.0
int8-head-fp32,WEB11066.jpg,False,False,0.0,0.0
int8-head-fp32,WEB11067.jpg,False,False,0.0,0.4989960789680481
int8-head-fp32,WEB11068.jpg,False,False,0.0,0.0
int8-head-fp32,WEB11069.jpg,False,False,0.0,0.0
int8-head-fp32,WEB11070.jpg,False,False,0.0,0.0
int8-head-fp32,WEB11071.jpg,False,False,0.0,0.0
int8-head-fp32,WEB11072.jpg,False,False,0.0,0.0
int8-head-fp32,WEB11073.jpg,False,False,0.0,0.2641744017601013
int8-head-fp32,WEB11074.jpg,True,False,0.0,0.7338177561759949
int8-head-fp32,WEB11075.jpg,False,False,0.0,0.0
int8-head-fp32,WEB11076.jpg,False,False,0.0,0.0
int8-head-fp32,WEB11077.jpg,False,False,0.0,0.0
int8-head-fp32,WEB11078.jpg,False,False,0.0,0.2641744017601013
int8-head-fp32,WEB11079.jpg,False,False,0.0,0.7338177561759949
int8-head-fp32,WEB11080.jpg,True,False,0.0,0.7338177561759949
int8-head-fp32,WEB11081.jpg,False,False,0.0,0.0
int8-head-fp32,WEB11082.jpg,False,False,0.0,0.0
int8-head-fp32,WEB11083.jpg,False,False,0.0,0.0
int8-head-fp32,WEB11084.jpg,True,True,0.7338177561759949,0.7338177561759949
int8-head-fp32,WEB11085.jpg,False,False,0.0,0.0
int8-head-fp32,WEB11086.jpg,False,False,0.0,0.0
int8-head-fp32,WEB11087.jpg,False,False,0.0,0.0
int8-head-fp32,WEB11088.jpg,False,False,0.0,0.11414942890405655
int8-head-fp32,WEB11089.jpg,False,False,0.0,0.0
int8-head-fp32,WEB11090.jpg,False,False,0.0,0.0
int8-head-fp32,WEB11091.jpg,True,False,0.0,0.0
int8-head-fp32,WEB11092.jpg,False,False,0.0,0.0
int8-head-fp32,WEB11093.jpg,False,False,0.0,0.2641744017601013
int8-head-fp32,WEB11094.jpg,False,False,0.0,0.4989960789680481
int8-head-fp32,WEB11095.jpg,False,False,0.0,0.0
int8-head-fp32,WEB11096.jpg,True,True,0.11414942890405655,0.2641744017601013
int8-head-fp32,WEB11097.jpg,False,False,0.0,0.11414942890405655
int8-head-fp32,WEB11098.jpg,True,True,0.11414942890405655,0.2641744017601013
int8-head-fp32,WEB11099.jpg,False,False,0.0,0.4989960789680481
int8-head-fp32,WEB11100.jpg,True,True,0.7338177561759949,0.7338177561759949
int8-head-fp32,WEB11101.jpg,False,False,0.0,0.11414942890405655
int8-head-fp32,WEB11102.jpg,False,False,0.0,0.0
int8-head-fp32,WEB11103.jpg,False,False,0.0,0.0
int8-head-fp32,WEB11104.jpg,True,True,0.11414942890405655,0.4989960789680481
int8-head-fp32,WEB11105.jpg,False,True,0.2641744017601013,0.2641744017601013
int8-head-fp32,WEB11106.jpg,False,False,0.0,0.0
int8-head-fp32,WEB11107.jpg,False,False,0.0,0.0
int8-head-fp32,WEB11108.jpg,False,False,0.0,0.0
int8-head-fp32,WEB11109.jpg,False,False,0.0,0.0
int8-head-fp32,WEB11110.jpg,True,True,0.11414942890405655,0.7338177561759949
int8-head-fp32,WEB11111.jpg,False,False,0.0,0.0
int8-head-fp32,WEB11112.jpg,False,False,0.0,0.0
int8-head-fp32,WEB11113.jpg,False,False,0.0,0.0
int8-head-fp32,WEB11114.jpg,False,False,0.0,0.0
int8-head-fp32,WEB11115.jpg,False,False,0.0,0.0
int8-head-fp32,WEB11116.jpg,False,False,0.0,0.0
int8-head-fp32,WEB11117.jpg,False,False,0.0,0.0
int8-head-fp32,WEB11118.jpg,False,False,0.0,0.0
int8-head-fp32,WEB11119.jpg,False,False,0.0,0.0
int8-head-fp32,WEB11120.jpg,False,False,0.0,0.0
int8-head-fp32,WEB11121.jpg,False,False,0.0,0.0
int8-head-fp32,WEB11122.jpg,False,False,0.0,0.4989960789680481
int8-head-fp32,WEB11123.jpg,False,False,0.0,0.4989960789680481
int8-head-fp32,WEB11124.jpg,True,False,0.0,0.7338177561759949
int8-head-fp32,WEB11125.jpg,True,True,0.2641744017601013,0.2641744017601013
int8-head-fp32,WEB11126.jpg,True,False,0.0,0.0
int8-head-fp32,WEB11127.jpg,True,False,0.0,0.0
int8-head-fp32,WEB11128.jpg,True,True,0.2641744017601013,0.2641744017601013
int8-head-fp32,WEB11129.jpg,False,False,0.0,0.0
int8-head-fp32,WEB11130.jpg,False,False,0.0,0.0
int8-head-fp32,WEB11131.jpg,True,False,0.0,0.4989960789680481
int8-head-fp32,WEB11132.jpg,True,True,0.4989960789680481,0.4989960789680481
int8-head-fp32,WEB11133.jpg,True,True,0.4989960789680481,0.4989960789680481
int8-head-fp32,WEB11134.jpg,True,True,0.4989960789680481,0.4989960789680481
int8-head-fp32,WEB11135.jpg,True,False,0.0,0.0
int8-head-fp32,WEB11136.jpg,False,False,0.0,0.7338177561759949
int8-head-fp32,WEB11137.jpg,False,False,0.0,0.11414942890405655
int8-head-fp32,WEB11138.jpg,False,False,0.0,0.11414942890405655
int8-head-fp32,WEB11139.jpg,False,False,0.0,0.2641744017601013
int8-head-fp32,WEB11140.jpg,False,False,0.0,0.0
int8-head-fp32,WEB11141.jpg,False,False,0.0,0.0
int8-head-fp32,WEB11142.jpg,False,False,0.0,0.0
int8-head-fp32,WEB11143.jpg,True,False,0.0,0.0
int8-head-fp32,WEB11144.jpg,True,True,0.2641744017601013,0.2641744017601013
int8-head-fp32,WEB11145.jpg,True,False,0.0,0.0
int8-head-fp32,WEB11146.jpg,False,False,0.0,0.0
int8-head-fp32,WEB11147.jpg,True,True,0.7338177561759949,0.7338177561759949
int8-head-fp32,WEB11148.jpg,True,True,0.11414942890405655,0.2641744017601013
int8-head-fp32,WEB11149.jpg,True,False,0.0,0.0
int8-head-fp32,WEB11150.jpg,False,False,0.0,0.0
int8-head-fp32,WEB11151.jpg,False,False,0.0,0.0
int8-head-fp32,WEB11152.jpg,False,False,0.0,0.0
int8-head-fp32,WEB11153.jpg,False,False,0.0,0.0
int8-head-fp32,WEB11154.jpg,False,False,0.0,0.7338177561759949
int8-head-fp32,WEB11155.jpg,True,True,0.4989960789680481,0.7338177561759949
int8-head-fp32,WEB11156.jpg,True,True,0.11414942890405655,0.11414942890405655
int8-head-fp32,WEB11157.jpg,True,False,0.0,0.0
int8-head-fp32,WEB11158.jpg,True,True,0.4989960789680481,0.4989960789680481
int8-head-fp32,WEB11159.jpg,True,True,0.7338177561759949,0.7338177561759949
int8-head-fp32,WEB11160.jpg,False,True,0.4989960789680481,0.7338177561759949
int8-head-fp32,WEB11161.jpg,True,True,0.7338177561759949,0.7338177561759949
int8-head-fp32,WEB11162.jpg,True,True,0.7338177561759949,0.7338177561759949
int8-head-fp32,WEB11163.jpg,True,True,0.4989960789680481,0.4989960789680481
int8-head-fp32,WEB11164.jpg,False,False,0.0,0.0
int8-head-fp32,WEB11165.jpg,False,False,0.0,0.0
int8-head-fp32,WEB11166.jpg,False,False,0.0,0.0
int8-head-fp32,WEB11167.jpg,False,False,0.0,0.0
int8-head-fp32,WEB11168.jpg,False,False,0.0,0.0
int8-head-fp32,WEB11169.jpg,True,True,0.7338177561759949,0.7338177561759949
int8-head-fp32,WEB11170.jpg,True,False,0.0,0.0
int8-head-fp32,WEB11171.jpg,True,False,0.0,0.0
int8-head-fp32,WEB11172.jpg,True,True,0.4989960789680481,0.4989960789680481
int8-head-fp32,WEB11173.jpg,True,True,0.7338177561759949,0.7338177561759949
int8-head-fp32,WEB11174.jpg,True,True,0.8316601514816284,0.8316601514816284
int8-head-fp32,WEB11175.jpg,False,False,0.0,0.0
int8-head-fp32,WEB11176.jpg,False,False,0.0,0.0
int8-head-fp32,WEB11177.jpg,False,False,0.0,0.0
int8-head-fp32,WEB11178.jpg,False,False,0.0,0.11414942890405655
int8-head-fp32,WEB11179.jpg,False,False,0.0,0.0
int8-head-fp32,WEB11180.jpg,False,False,0.0,0.8316601514816284
int8-head-fp32,WEB11181.jpg,True,True,0.2641744017601013,0.2641744017601013
int8-head-fp32,WEB11182.jpg,False,False,0.0,0.2641744017601013
int8-head-fp32,WEB11183.jpg,False,False,0.0,0.11414942890405655
int8-head-fp32,WEB11184.jpg,False,False,0.0,0.0
int8-head-fp32,WEB11185.jpg,False,False,0.0,0.0
int8-head-fp32,WEB11186.jpg,False,False,0.0,0.11414942890405655
int8-head-fp32,WEB11187.jpg,False,False,0.0,0.4989960789680481
int8-head-fp32,WEB11188.jpg,True,False,0.0,0.0
int8-head-fp32,WEB11189.jpg,True,False,0.0,0.2641744017601013
int8-head-fp32,WEB11190.jpg,False,False,0.0,0.0
int8-head-fp32,WEB11191.jpg,False,False,0.0,0.4989960789680481
int8-head-fp32,WEB11192.jpg,False,False,0.0,0.2641744017601013
int8-head-fp32,WEB11193.jpg,True,True,0.7338177561759949,0.7338177561759949
int8-head-fp32,WEB11194.jpg,False,False,0.0,0.0
int8-head-fp32,WEB11195.jpg,True,True,0.7338177561759949,0.7338177561759949
int8-head-fp32,WEB11196.jpg,True,True,0.2641744017601013,0.2641744017601013
int8-head-fp32,WEB11197.jpg,True,True,0.4989960789680481,0.4989960789680481
int8-head-fp32,WEB11198.jpg,False,False,0.0,0.0
int8-head-fp32,WEB11199.jpg,True,False,0.0,0.4989960789680481
int8-head-fp32,WEB11200.jpg,True,True,0.7338177561759949,0.8316601514816284
int8-head-fp32,WEB11201.jpg,False,False,0.0,0.0
int8-head-fp32,WEB11202.jpg,True,True,0.4989960789680481,0.7338177561759949
int8-head-fp32,WEB11203.jpg,True,True,0.2641744017601013,0.2641744017601013
int8-head-fp32,WEB11204.jpg,False,False,0.0,0.4989960789680481
int8-head-fp32,WEB11205.jpg,False,False,0.0,0.0
int8-head-fp32,WEB11206.jpg,False,False,0.0,0.0
int8-head-fp32,WEB11207.jpg,True,False,0.0,0.0
int8-head-fp32,WEB11208.jpg,True,False,0.0,0.0
int8-head-fp32,WEB11209.jpg,False,False,0.0,0.4989960789680481
int8-head-fp32,WEB11210.jpg,False,False,0.0,0.0
int8-head-fp32,WEB11211.jpg,False,False,0.0,0.0
int8-head-fp32,WEB11212.jpg,False,False,0.0,0.0
int8-head-fp32,WEB11213.jpg,False,False,0.0,0.0
int8-head-fp32,WEB11214.jpg,True,False,0.0,0.0
int8-head-fp32,WEB11215.jpg,False,False,0.0,0.0
int8-head-fp32,WEB11216.jpg,False,False,0.0,0.0
int8-head-fp32,WEB11217.jpg,False,False,0.0,0.0
int8-head-fp32,WEB11218.jpg,False,False,0.0,0.0
int8-head-fp32,WEB11219.jpg,True,False,0.0,0.0
int8-head-fp32,WEB11220.jpg,False,False,0.0,0.0
int8-head-fp32,WEB11221.jpg,False,False,0.0,0.0
int8-head-fp32,WEB11222.jpg,False,False,0.0,0.0
int8-head-fp32,WEB11223.jpg,True,True,0.4989960789680481,0.4989960789680481
int8-head-fp32,WEB11224.jpg,True,True,0.8316601514816284,0.8316601514816284
int8-head-fp32,WEB11225.jpg,False,False,0.0,0.0
int8-head-fp32,WEB11226.jpg,False,False,0.0,0.11414942890405655
int8-head-fp32,WEB11227.jpg,True,True,0.11414942890405655,0.2641744017601013
int8-head-fp32,WEB11228.jpg,True,False,0.0,0.0
int8-head-fp32,WEB11229.jpg,False,False,0.0,0.11414942890405655
int8-head-fp32,WEB11230.jpg,False,False,0.0,0.0
int8-head-fp32,WEB11231.jpg,False,False,0.0,0.0
int8-head-fp32,WEB11232.jpg,True,True,0.7338177561759949,0.7338177561759949
int8-head-fp32,WEB11233.jpg,False,False,0.0,0.0
int8-head-fp32,WEB11234.jpg,False,False,0.0,0.4989960789680481
int8-head-fp32,WEB11235.jpg,False,False,0.0,0.7338177561759949
int8-head-fp32,WEB11236.jpg,False,False,0.0,0.0
int8-head-fp32,WEB11237.jpg,False,False,0.0,0.11414942890405655
int8-head-fp32,WEB11238.jpg,False,False,0.0,0.0
int8-head-fp32,WEB11239.jpg,False,False,0.0,0.0
int8-head-fp32,WEB11240.jpg,True,False,0.0,0.11414942890405655
int8-head-fp32,WEB11241.jpg,False,False,0.0,0.0
int8-head-fp32,WEB11242.jpg,True,True,0.4989960789680481,0.4989960789680481
int8-head-fp32,WEB11243.jpg,False,False,0.0,0.0
int8-head-fp32,WEB11244.jpg,False,False,0.0,0.0
int8-head-fp32,WEB11245.jpg,False,False,0.0,0.0
int8-head-fp32,WEB11246.jpg,True,True,0.4989960789680481,0.4989960789680481
int8-head-fp32,WEB11247.jpg,True,True,0.2641744017601013,0.2641744017601013
int8-head-fp32,WEB11248.jpg,False,False,0.0,0.4989960789680481
int8-head-fp32,WEB11249.jpg,False,False,0.0,0.0
int8-head-fp32,WEB11250.jpg,False,False,0.0,0.0
int8-head-fp32,WEB11251.jpg,False,False,0.0,0.0
int8-head-fp32,WEB11252.jpg,True,True,0.2641744017601013,0.4989960789680481
int8-head-fp32,WEB11253.jpg,False,False,0.0,0.0
int8-head-fp32,WEB11254.jpg,False,False,0.0,0.11414942890405655
int8-head-fp32,WEB11255.jpg,False,False,0.0,0.0
int8-head-fp32,WEB11256.jpg,True,True,0.7338177561759949,0.7338177561759949
int8-head-fp32,WEB11257.jpg,False,False,0.0,0.0
int8-head-fp32,WEB11258.jpg,False,False,0.0,0.2641744017601013
int8-head-fp32,WEB11259.jpg,False,False,0.0,0.0
int8-head-fp32,WEB11260.jpg,False,False,0.0,0.0
int8-head-fp32,WEB11261.jpg,False,False,0.0,0.4989960789680481
int8-head-fp32,WEB11262.jpg,False,False,0.0,0.0
int8-head-fp32,WEB11263.jpg,False,False,0.0,0.0
int8-head-fp32,WEB11264.jpg,False,False,0.0,0.0
int8-head-fp32,WEB11265.jpg,False,False,0.0,0.0
int8-head-fp32,WEB11266.jpg,False,False,0.0,0.0
int8-head-fp32,WEB11267.jpg,True,False,0.0,0.0
int8-head-fp32,WEB11268.jpg,False,False,0.0,0.4989960789680481
int8-head-fp32,WEB11269.jpg,False,False,0.0,0.0
int8-head-fp32,WEB11270.jpg,False,False,0.0,0.0
int8-head-fp32,WEB11271.jpg,True,True,0.4989960789680481,0.4989960789680481
int8-head-fp32,WEB11272.jpg,False,False,0.0,0.0
int8-head-fp32,WEB11273.jpg,True,True,0.8316601514816284,0.8316601514816284
int8-head-fp32,WEB11274.jpg,True,True,0.2641744017601013,0.7338177561759949
int8-head-fp32,WEB11275.jpg,True,True,0.4989960789680481,0.4989960789680481
int8-head-fp32,WEB11276.jpg,False,False,0.0,0.11414942890405655
int8-head-fp32,WEB11277.jpg,False,False,0.0,0.0
int8-head-fp32,WEB11278.jpg,False,False,0.0,0.0
int8-head-fp32,WEB11279.jpg,False,False,0.0,0.0
int8-head-fp32,WEB11280.jpg,False,False,0.0,0.0
int8-head-fp32,WEB11281.jpg,False,False,0.0,0.0
int8-head-fp32,WEB11282.jpg,False,False,0.0,0.0
int8-head-fp32,WEB11283.jpg,False,False,0.0,0.0
int8-head-fp32,WEB11284.jpg,False,False,0.0,0.0
int8-head-fp32,WEB11285.jpg,False,False,0.0,0.0
int8-head-fp32,WEB11286.jpg,True,True,0.7338177561759949,0.7338177561759949
int8-head-fp32,WEB11287.jpg,False,False,0.0,0.0
int8-head-fp32,WEB11288.jpg,False,False,0.0,0.0
int8-head-fp32,WEB11289.jpg,False,False,0.0,0.4989960789680481
int8-head-fp32,WEB11290.jpg,False,False,0.0,0.2641744017601013
int8-head-fp32,WEB11291.jpg,False,False,0.0,0.4989960789680481
int8-head-fp32,WEB11292.jpg,False,False,0.0,0.0
int8-head-fp32,WEB11293.jpg,False,False,0.0,0.2641744017601013
int8-head-fp32,WEB11294.jpg,True,True,0.7338177561759949,0.7338177561759949
int8-head-fp32,WEB11295.jpg,True,False,0.0,0.0
int8-head-fp32,WEB11296.jpg,False,False,0.0,0.0
int8-head-fp32,WEB11297.jpg,False,False,0.0,0.0
int8-head-fp32,WEB11298.jpg,False,False,0.0,0.0
int8-head-fp32,WEB11299.jpg,False,False,0.0,0.2641744017601013
int8-head-fp32,WEB11300.jpg,True,False,0.0,0.0
int8-head-fp32,WEB11301.jpg,False,False,0.0,0.0
int8-head-fp32,WEB11302.jpg,False,False,0.0,0.11414942890405655
int8-head-fp32,WEB11303.jpg,True,False,0.0,0.0
int8-head-fp32,WEB11304.jpg,True,True,0.11414942890405655,0.11414942890405655
int8-head-fp32,WEB11305.jpg,True,True,0.4989960789680481,0.4989960789680481
int8-head-fp32,WEB11306.jpg,False,False,0.0,0.0
int8-head-fp32,WEB11307.jpg,False,False,0.0,0.0
int8-head-fp32,WEB11308.jpg,False,False,0.0,0.0
int8-head-fp32,WEB11309.jpg,False,False,0.0,0.0
int8-head-fp32,WEB11310.jpg,True,False,0.0,0.2641744017601013
int8-head-fp32,WEB11311.jpg,False,False,0.0,0.0
int8-head-fp32,WEB11312.jpg,False,False,0.0,0.0
int8-head-fp32,WEB11313.jpg,False,False,0.0,0.4989960789680481
int8-head-fp32,WEB11314.jpg,True,True,0.2641744017601013,0.2641744017601013
int8-head-fp32,WEB11315.jpg,False,False,0.0,0.2641744017601013
int8-head-fp32,WEB11316.jpg,False,False,0.0,0.0
int8-head-fp32,WEB11317.jpg,True,True,0.7338177561759949,0.7338177561759949
int8-head-fp32,WEB11318.jpg,False,False,0.0,0.0
int8-head-fp32,WEB11319.jpg,True,False,0.0,0.0
int8-head-fp32,WEB11320.jpg,True,True,0.7338177561759949,0.7338177561759949
int8-head-fp32,WEB11321.jpg,False,False,0.0,0.0
int8-head-fp32,WEB11322.jpg,False,False,0.0,0.0
int8-head-fp32,WEB11323.jpg,False,False,0.0,0.7338177561759949
int8-head-fp32,WEB11324.jpg,True,True,0.4989960789680481,0.4989960789680481
int8-head-fp32,WEB11325.jpg,False,False,0.0,0.11414942890405655
int8-head-fp32,WEB11326.jpg,False,False,0.0,0.0
int8-head-fp32,WEB11327.jpg,True,True,0.2641744017601013,0.7338177561759949
int8-head-fp32,WEB11328.jpg,False,False,0.0,0.11414942890405655
int8-head-fp32,WEB11329.jpg,True,False,0.0,0.0
int8-head-fp32,WEB11330.jpg,True,True,0.4989960789680481,0.7338177561759949
int8-head-fp32,WEB11331.jpg,False,True,0.2641744017601013,0.2641744017601013
int8-head-fp32,WEB11332.jpg,False,False,0.0,0.0
int8-head-fp32,WEB11333.jpg,True,False,0.0,0.0
int8-head-fp32,WEB11334.jpg,False,False,0.0,0.11414942890405655
int8-head-fp32,WEB11335.jpg,False,False,0.0,0.2641744017601013
int8-head-fp32,WEB11336.jpg,False,False,0.0,0.0
int8-head-fp32,WEB11337.jpg,False,False,0.0,0.0
int8-head-fp32,WEB11338.jpg,False,False,0.0,0.4989960789680481
int8-head-fp32,WEB11339.jpg,False,False,0.0,0.0
int8-head-fp32,WEB11340.jpg,False,False,0.0,0.0
int8-head-fp32,WEB11341.jpg,False,False,0.0,0.0
int8-head-fp32,WEB11342.jpg,True,True,0.7338177561759949,0.7338177561759949
int8-head-fp32,WEB11343.jpg,False,False,0.0,0.7338177561759949
int8-head-fp32,WEB11344.jpg,True,True,0.8316601514816284,0.8316601514816284
int8-head-fp32,WEB11345.jpg,False,False,0.0,0.4989960789680481
int8-head-fp32,WEB11346.jpg,False,False,0.0,0.0
int8-head-fp32,WEB11347.jpg,False,False,0.0,0.0
int8-head-fp32,WEB11348.jpg,False,False,0.0,0.7338177561759949
int8-head-fp32,WEB11349.jpg,False,False,0.0,0.0
int8-head-fp32,WEB11350.jpg,False,False,0.0,0.0
int8-head-fp32,WEB11351.jpg,False,False,0.0,0.0
int8-head-fp32,WEB11352.jpg,False,False,0.0,0.11414942890405655
int8-head-fp32,WEB11353.jpg,True,True,0.7338177561759949,0.7338177561759949
int8-head-fp32,WEB11354.jpg,False,False,0.0,0.2641744017601013
int8-head-fp32,WEB11355.jpg,False,False,0.0,0.0
int8-head-fp32,WEB11356.jpg,False,False,0.0,0.0
int8-head-fp32,WEB11357.jpg,True,True,0.2641744017601013,0.2641744017601013
int8-head-fp32,WEB11358.jpg,False,False,0.0,0.4989960789680481
int8-head-fp32,WEB11359.jpg,False,False,0.0,0.2641744017601013
int8-head-fp32,WEB11360.jpg,False,False,0.0,0.0
int8-head-fp32,WEB11361.jpg,False,False,0.0,0.0
int8-head-fp32,WEB11362.jpg,False,False,0.0,0.4989960789680481
int8-head-fp32,WEB11363.jpg,False,False,0.0,0.0
int8-head-fp32,WEB11364.jpg,False,False,0.0,0.0
int8-head-fp32,WEB11365.jpg,True,True,0.7338177561759949,0.7338177561759949
int8-head-fp32,WEB11366.jpg,False,False,0.0,0.11414942890405655
int8-head-fp32,WEB11367.jpg,False,False,0.0,0.0
int8-head-fp32,WEB11368.jpg,False,False,0.0,0.2641744017601013
int8-head-fp32,WEB11369.jpg,False,False,0.0,0.0
int8-head-fp32,WEB11370.jpg,False,False,0.0,0.0
int8-head-fp32,WEB11371.jpg,True,True,0.7338177561759949,0.7338177561759949
int8-head-fp32,WEB11372.jpg,False,False,0.0,0.0
int8-head-fp32,WEB11373.jpg,False,False,0.0,0.0
int8-head-fp32,WEB11374.jpg,False,False,0.0,0.4989960789680481
int8-head-fp32,WEB11375.jpg,True,True,0.7338177561759949,0.7338177561759949
int8-head-fp32,WEB11376.jpg,True,True,0.7338177561759949,0.7338177561759949
int8-head-fp32,WEB11377.jpg,True,False,0.0,0.0
int8-head-fp32,WEB11378.jpg,False,False,0.0,0.0
int8-head-fp32,WEB11379.jpg,False,False,0.0,0.4989960789680481
int8-head-fp32,WEB11380.jpg,False,False,0.0,0.0
int8-head-fp32,WEB11381.jpg,False,False,0.0,0.2641744017601013
int8-head-fp32,WEB11382.jpg,False,False,0.0,0.2641744017601013
int8-head-fp32,WEB11383.jpg,False,False,0.0,0.0
int8-head-fp32,WEB11384.jpg,False,False,0.0,0.7338177561759949
int8-head-fp32,WEB11385.jpg,False,False,0.0,0.0
int8-head-fp32,WEB11386.jpg,False,False,0.0,0.7338177561759949
int8-head-fp32,WEB11387.jpg,False,False,0.0,0.4989960789680481
int8-head-fp32,WEB11388.jpg,False,False,0.0,0.4989960789680481
int8-head-fp32,WEB11389.jpg,False,True,0.7338177561759949,0.7338177561759949
int8-head-fp32,WEB11390.jpg,False,False,0.0,0.2641744017601013
int8-head-fp32,WEB11391.jpg,True,True,0.2641744017601013,0.2641744017601013
int8-head-fp32,WEB11392.jpg,True,True,0.4989960789680481,0.4989960789680481
int8-head-fp32,WEB11393.jpg,False,False,0.0,0.4989960789680481
int8-head-fp32,WEB11394.jpg,False,False,0.0,0.2641744017601013
int8-head-fp32,WEB11395.jpg,False,True,0.2641744017601013,0.2641744017601013
int8-head-fp32,WEB11396.jpg,False,False,0.0,0.0
int8-head-fp32,WEB11397.jpg,False,False,0.0,0.0
int8-head-fp32,WEB11398.jpg,False,False,0.0,0.0
int8-head-fp32,WEB11399.jpg,False,False,0.0,0.0
int8-head-fp32,WEB11400.jpg,False,False,0.0,0.0
int8-head-fp32,WEB11401.jpg,False,False,0.0,0.0
int8-head-fp32,WEB11402.jpg,False,False,0.0,0.0
int8-head-fp32,WEB11403.jpg,False,True,0.7338177561759949,0.7338177561759949
int8-head-fp32,WEB11404.jpg,False,False,0.0,0.0
int8-head-fp32,WEB11405.jpg,False,False,0.0,0.0
int8-head-fp32,WEB11406.jpg,False,False,0.0,0.0
int8-head-fp32,WEB11407.jpg,False,False,0.0,0.0
int8-head-fp32,WEB11408.jpg,False,False,0.0,0.0
int8-head-fp32,WEB11409.jpg,False,False,0.0,0.7338177561759949
int8-head-fp32,WEB11410.jpg,False,False,0.0,0.2641744017601013
int8-head-fp32,WEB11411.jpg,True,False,0.0,0.0
int8-head-fp32,WEB11412.jpg,True,False,0.0,0.7338177561759949
int8-head-fp32,WEB11413.jpg,True,False,0.0,0.0
int8-head-fp32,WEB11414.jpg,False,False,0.0,0.0
int8-head-fp32,WEB11415.jpg,False,False,0.0,0.7338177561759949
int8-head-fp32,WEB11416.jpg,True,True,0.7338177561759949,0.7338177561759949
int8-head-fp32,WEB11417.jpg,False,False,0.0,0.0
int8-head-fp32,WEB11418.jpg,False,False,0.0,0.0
int8-head-fp32,WEB11419.jpg,False,False,0.0,0.2641744017601013
int8-head-fp32,WEB11420.jpg,False,False,0.0,0.2641744017601013
int8-head-fp32,WEB11421.jpg,False,False,0.0,0.4989960789680481
int8-head-fp32,WEB11422.jpg,False,False,0.0,0.0
int8-head-fp32,WEB11423.jpg,False,False,0.0,0.2641744017601013
int8-head-fp32,WEB11424.jpg,False,False,0.0,0.0
int8-head-fp32,WEB11425.jpg,True,False,0.0,0.0
int8-head-fp32,WEB11426.jpg,True,False,0.0,0.0
int8-head-fp32,WEB11427.jpg,True,False,0.0,0.0
int8-head-fp32,WEB11428.jpg,False,False,0.0,0.2641744017601013
int8-head-fp32,WEB11429.jpg,False,False,0.0,0.0
int8-head-fp32,WEB11430.jpg,True,False,0.0,0.0
int8-head-fp32,WEB11431.jpg,False,False,0.0,0.4989960789680481
int8-head-fp32,WEB11432.jpg,True,False,0.0,0.0
int8-head-fp32,WEB11433.jpg,False,False,0.0,0.11414942890405655
int8-head-fp32,WEB11434.jpg,True,True,0.4989960789680481,0.7338177561759949
int8-head-fp32,WEB11435.jpg,True,True,0.7338177561759949,0.7338177561759949
int8-head-fp32,WEB11436.jpg,False,False,0.0,0.2641744017601013
int8-head-fp32,WEB11437.jpg,True,True,0.7338177561759949,0.7338177561759949
int8-head-fp32,WEB11438.jpg,True,False,0.0,0.11414942890405655
int8-head-fp32,WEB11439.jpg,True,True,0.4989960789680481,0.4989960789680481
int8-head-fp32,WEB11440.jpg,False,False,0.0,0.0
int8-head-fp32,WEB11441.jpg,False,False,0.0,0.0
int8-head-fp32,WEB11442.jpg,False,False,0.0,0.0
int8-head-fp32,WEB11443.jpg,True,True,0.2641744017601013,0.2641744017601013
int8-head-fp32,WEB11444.jpg,True,True,0.4989960789680481,0.4989960789680481
int8-head-fp32,WEB11445.jpg,True,False,0.0,0.2641744017601013
int8-head-fp32,WEB11446.jpg,True,False,0.0,0.0
int8-head-fp32,WEB11447.jpg,True,False,0.0,0.0
int8-head-fp32,WEB11448.jpg,False,False,0.0,0.0
int8-head-fp32,WEB11449.jpg,False,False,0.0,0.8316601514816284
int8-head-fp32,WEB11450.jpg,False,False,0.0,0.0
int8-head-fp32,WEB11451.jpg,False,False,0.0,0.0
int8-head-fp32,WEB11452.jpg,False,False,0.0,0.2641744017601013
int8-head-fp32,WEB11453.jpg,False,False,0.0,0.0
int8-head-fp32,WEB11454.jpg,False,False,0.0,0.0
int8-head-fp32,WEB11455.jpg,False,False,0.0,0.0
int8-head-fp32,WEB11456.jpg,False,False,0.0,0.0
int8-head-fp32,WEB11457.jpg,True,True,0.4989960789680481,0.4989960789680481
int8-head-fp32,WEB11458.jpg,False,False,0.0,0.4989960789680481
int8-head-fp32,WEB11459.jpg,True,True,0.2641744017601013,0.4989960789680481
int8-head-fp32,WEB11460.jpg,True,True,0.4989960789680481,0.4989960789680481
int8-head-fp32,WEB11461.jpg,False,False,0.0,0.0
int8-head-fp32,WEB11462.jpg,False,False,0.0,0.0
int8-head-fp32,WEB11463.jpg,False,False,0.0,0.4989960789680481
int8-head-fp32,WEB11464.jpg,False,False,0.0,0.0
int8-head-fp32,WEB11465.jpg,False,False,0.0,0.0
int8-head-fp32,WEB11466.jpg,False,False,0.0,0.0
int8-head-fp32,WEB11467.jpg,False,False,0.0,0.0
int8-head-fp32,WEB11468.jpg,False,False,0.0,0.0
int8-head-fp32,WEB11469.jpg,False,False,0.0,0.0
int8-head-fp32,WEB11470.jpg,False,False,0.0,0.11414942890405655
int8-head-fp32,WEB11471.jpg,False,False,0.0,0.7338177561759949
int8-head-fp32,WEB11472.jpg,False,False,0.0,0.4989960789680481
int8-head-fp32,WEB11473.jpg,False,False,0.0,0.4989960789680481
int8-head-fp32,WEB11474.jpg,False,False,0.0,0.0
int8-head-fp32,WEB11475.jpg,False,False,0.0,0.2641744017601013
int8-head-fp32,WEB11476.jpg,False,False,0.0,0.0
int8-head-fp32,WEB11477.jpg,False,False,0.0,0.0
int8-head-fp32,WEB11478.jpg,False,False,0.0,0.0
int8-head-fp32,WEB11479.jpg,False,False,0.0,0.0
int8-head-fp32,WEB11480.jpg,False,False,0.0,0.0
int8-head-fp32,WEB11481.jpg,False,False,0.0,0.0
int8-head-fp32,WEB11482.jpg,False,False,0.0,0.11414942890405655
int8-head-fp32,WEB11483.jpg,True,True,0.7338177561759949,0.7338177561759949
int8-head-fp32,WEB11484.jpg,True,True,0.7338177561759949,0.7338177561759949
int8-head-fp32,WEB11485.jpg,False,False,0.0,0.0
int8-head-fp32,WEB11486.jpg,True,False,0.0,0.0
int8-head-fp32,WEB11487.jpg,True,False,0.0,0.0
int8-head-fp32,WEB11488.jpg,False,False,0.0,0.2641744017601013
int8-head-fp32,WEB11489.jpg,False,False,0.0,0.0
int8-head-fp32,WEB11490.jpg,False,False,0.0,0.0
int8-head-fp32,WEB11491.jpg,False,False,0.0,0.0
int8-head-fp32,WEB11492.jpg,False,False,0.0,0.0
int8-head-fp32,WEB11493.jpg,False,False,0.0,0.0
int8-head-fp32,WEB11494.jpg,False,False,0.0,0.11414942890405655
int8-head-fp32,WEB11495.jpg,False,False,0.0,0.0
int8-head-fp32,WEB11496.jpg,False,False,0.0,0.4989960789680481
int8-head-fp32,WEB11497.jpg,False,False,0.0,0.2641744017601013
int8-head-fp32,WEB11498.jpg,False,False,0.0,0.0
int8-head-fp32,WEB11499.jpg,False,False,0.0,0.0
int8-head-fp32,WEB11500.jpg,False,False,0.0,0.0
int8-head-fp32,WEB11501.jpg,False,False,0.0,0.0
int8-head-fp32,WEB11502.jpg,False,False,0.0,0.0
int8-head-fp32,WEB11503.jpg,False,False,0.0,0.0
int8-head-fp32,WEB11504.jpg,False,True,0.2641744017601013,0.2641744017601013
int8-head-fp32,WEB11505.jpg,False,False,0.0,0.0
int8-head-fp32,WEB11506.jpg,False,False,0.0,0.0
int8-head-fp32,WEB11507.jpg,False,False,0.0,0.0
int8-head-fp32,WEB11508.jpg,False,False,0.0,0.11414942890405655
int8-head-fp32,WEB11509.jpg,False,False,0.0,0.4989960789680481
int8-head-fp32,WEB11510.jpg,False,False,0.0,0.2641744017601013
int8-head-fp32,WEB11511.jpg,False,False,0.0,0.4989960789680481
int8-head-fp32,WEB11512.jpg,False,False,0.0,0.4989960789680481
int8-head-fp32,WEB11513.jpg,False,True,0.7338177561759949,0.7338177561759949
int8-head-fp32,WEB11514.jpg,True,True,0.4989960789680481,0.7338177561759949
int8-head-fp32,WEB11515.jpg,True,True,0.2641744017601013,0.2641744017601013
int8-head-fp32,WEB11516.jpg,False,False,0.0,0.0
int8-head-fp32,WEB11517.jpg,True,True,0.4989960789680481,0.4989960789680481
int8-head-fp32,WEB11518.jpg,True,True,0.4989960789680481,0.4989960789680481
int8-head-fp32,WEB11519.jpg,True,False,0.0,0.0
int8-head-fp32,WEB11520.jpg,True,False,0.0,0.0
int8-head-fp32,WEB11521.jpg,True,True,0.2641744017601013,0.2641744017601013
int8-head-fp32,WEB11522.jpg,True,True,0.2641744017601013,0.2641744017601013
int8-head-fp32,WEB11523.jpg,False,False,0.0,0.0
int8-head-fp32,WEB11524.jpg,True,True,0.2641744017601013,0.2641744017601013
int8-head-fp32,WEB11525.jpg,True,False,0.0,0.0
int8-head-fp32,WEB11526.jpg,True,False,0.0,0.0
int8-head-fp32,WEB11527.jpg,False,False,0.0,0.4989960789680481
int8-head-fp32,WEB11528.jpg,True,True,0.4989960789680481,0.4989960789680481
int8-head-fp32,WEB11529.jpg,False,False,0.0,0.0
int8-head-fp32,WEB11530.jpg,False,False,0.0,0.7338177561759949
int8-head-fp32,WEB11531.jpg,False,False,0.0,0.0
int8-head-fp32,WEB11532.jpg,True,False,0.0,0.2641744017601013
int8-head-fp32,WEB11533.jpg,True,True,0.11414942890405655,0.4989960789680481
int8-head-fp32,WEB11534.jpg,True,True,0.2641744017601013,0.2641744017601013
int8-head-fp32,WEB11535.jpg,False,False,0.0,0.0
int8-head-fp32,WEB11536.jpg,False,False,0.0,0.2641744017601013
int8-head-fp32,WEB11537.jpg,True,False,0.0,0.0
int8-head-fp32,WEB11538.jpg,False,False,0.0,0.11414942890405655
int8-head-fp32,WEB11539.jpg,True,True,0.11414942890405655,0.11414942890405655
int8-head-fp32,WEB11540.jpg,True,False,0.0,0.11414942890405655
int8-head-fp32,WEB11541.jpg,True,True,0.4989960789680481,0.4989960789680481
int8-head-fp32,WEB11542.jpg,True,True,0.2641744017601013,0.2641744017601013
int8-head-fp32,WEB11543.jpg,False,True,0.11414942890405655,0.11414942890405655
int8-head-fp32,WEB11544.jpg,True,False,0.0,0.2641744017601013
int8-head-fp32,WEB11545.jpg,False,False,0.0,0.0
int8-head-fp32,WEB11546.jpg,False,False,0.0,0.0
int8-head-fp32,WEB11547.jpg,False,False,0.0,0.2641744017601013
int8-head-fp32,WEB11548.jpg,False,False,0.0,0.0
int8-head-fp32,WEB11549.jpg,False,False,0.0,0.0
int8-head-fp32,WEB11550.jpg,False,False,0.0,0.0
int8-head-fp32,WEB11551.jpg,False,False,0.0,0.0
int8-head-fp32,WEB11552.jpg,False,False,0.0,0.0
int8-head-fp32,WEB11553.jpg,True,True,0.7338177561759949,0.7338177561759949
int8-head-fp32,WEB11554.jpg,False,False,0.0,0.11414942890405655
int8-head-fp32,WEB11555.jpg,False,False,0.0,0.11414942890405655
int8-head-fp32,WEB11556.jpg,False,False,0.0,0.7338177561759949
int8-head-fp32,WEB11557.jpg,False,False,0.0,0.7338177561759949
int8-head-fp32,WEB11558.jpg,False,False,0.0,0.7338177561759949
int8-head-fp32,WEB11559.jpg,True,True,0.4989960789680481,0.4989960789680481
int8-head-fp32,WEB11560.jpg,False,False,0.0,0.0
int8-head-fp32,WEB11561.jpg,False,False,0.0,0.0
int8-head-fp32,WEB11562.jpg,False,False,0.0,0.2641744017601013
int8-head-fp32,WEB11563.jpg,False,False,0.0,0.0
int8-head-fp32,WEB11564.jpg,False,False,0.0,0.0
int8-head-fp32,WEB11565.jpg,False,False,0.0,0.0
int8-head-fp32,WEB11566.jpg,True,False,0.0,0.4989960789680481
int8-head-fp32,WEB11567.jpg,True,True,0.4989960789680481,0.4989960789680481
int8-head-fp32,WEB11568.jpg,False,False,0.0,0.4989960789680481
int8-head-fp32,WEB11569.jpg,False,False,0.0,0.0
int8-head-fp32,WEB11570.jpg,False,False,0.0,0.0
int8-head-fp32,WEB11571.jpg,False,False,0.0,0.0
int8-head-fp32,WEB11572.jpg,False,False,0.0,0.0
int8-head-fp32,WEB11573.jpg,False,False,0.0,0.7338177561759949
int8-head-fp32,WEB11574.jpg,False,False,0.0,0.7338177561759949
int8-head-fp32,WEB11575.jpg,False,False,0.0,0.0
int8-head-fp32,WEB11576.jpg,True,True,0.2641744017601013,0.2641744017601013
int8-head-fp32,WEB11577.jpg,False,False,0.0,0.0
int8-head-fp32,WEB11578.jpg,False,False,0.0,0.2641744017601013
int8-head-fp32,WEB11579.jpg,True,True,0.11414942890405655,0.4989960789680481
int8-head-fp32,WEB11580.jpg,False,False,0.0,0.0
int8-head-fp32,WEB11581.jpg,False,False,0.0,0.0
int8-head-fp32,WEB11582.jpg,True,True,0.4989960789680481,0.8316601514816284
int8-head-fp32,WEB11583.jpg,True,True,0.2641744017601013,0.2641744017601013
int8-head-fp32,WEB11584.jpg,False,False,0.0,0.0
int8-head-fp32,WEB11585.jpg,False,False,0.0,0.0
int8-head-fp32,WEB11586.jpg,False,False,0.0,0.0
int8-head-fp32,WEB11587.jpg,False,False,0.0,0.0
int8-head-fp32,WEB11588.jpg,False,False,0.0,0.0
int8-head-fp32,WEB11589.jpg,False,False,0.0,0.0
int8-head-fp32,WEB11590.jpg,False,False,0.0,0.0
int8-head-fp32,WEB11591.jpg,False,False,0.0,0.0
int8-head-fp32,WEB11592.jpg,False,False,0.0,0.0
int8-head-fp32,WEB11593.jpg,False,False,0.0,0.0
int8-head-fp32,WEB11594.jpg,False,False,0.0,0.0
int8-head-fp32,WEB11595.jpg,True,False,0.0,0.0
int8-head-fp32,WEB11596.jpg,False,False,0.0,0.2641744017601013
int8-head-fp32,WEB11597.jpg,False,False,0.0,0.0
int8-head-fp32,WEB11598.jpg,False,False,0.0,0.0
int8-head-fp32,WEB11599.jpg,True,True,0.11414942890405655,0.11414942890405655
int8-head-fp32,WEB11600.jpg,False,False,0.0,0.0
int8-head-fp32,WEB11601.jpg,True,True,0.2641744017601013,0.4989960789680481
int8-head-fp32,WEB11602.jpg,False,False,0.0,0.0
int8-head-fp32,WEB11603.jpg,True,True,0.2641744017601013,0.2641744017601013
int8-head-fp32,WEB11604.jpg,False,False,0.0,0.0
int8-head-fp32,WEB11605.jpg,False,False,0.0,0.0
int8-head-fp32,WEB11606.jpg,True,True,0.4989960789680481,0.4989960789680481
int8-head-fp32,WEB11607.jpg,False,False,0.0,0.0
int8-head-fp32,WEB11608.jpg,True,True,0.4989960789680481,0.7338177561759949
int8-head-fp32,WEB11609.jpg,False,False,0.0,0.0
int8-head-fp32,WEB11610.jpg,True,True,0.4989960789680481,0.4989960789680481
int8-head-fp32,WEB11611.jpg,True,False,0.0,0.4989960789680481
int8-head-fp32,WEB11612.jpg,True,False,0.0,0.4989960789680481
int8-head-fp32,WEB11613.jpg,True,False,0.0,0.0
int8-head-fp32,WEB11614.jpg,False,False,0.0,0.0
int8-head-fp32,WEB11615.jpg,False,False,0.0,0.0
int8-head-fp32,WEB11616.jpg,True,True,0.4989960789680481,0.7338177561759949
int8-head-fp32,WEB11617.jpg,True,False,0.0,0.7338177561759949
int8-head-fp32,WEB11618.jpg,True,True,0.2641744017601013,0.8316601514816284
int8-head-fp32,WEB11619.jpg,True,True,0.2641744017601013,0.8316601514816284
int8-head-fp32,WEB11620.jpg,False,False,0.0,0.0
int8-head-fp32,WEB11621.jpg,False,False,0.0,0.0
int8-head-fp32,WEB11622.jpg,False,False,0.0,0.0
int8-head-fp32,WEB11623.jpg,False,False,0.0,0.0
int8-head-fp32,WEB11624.jpg,False,False,0.0,0.0
int8-head-fp32,WEB11625.jpg,True,True,0.7338177561759949,0.7338177561759949
int8-head-fp32,WEB11626.jpg,False,False,0.0,0.0
int8-head-fp32,WEB11627.jpg,True,True,0.2641744017601013,0.2641744017601013
int8-head-fp32,WEB11628.jpg,False,False,0.0,0.2641744017601013
int8-head-fp32,WEB11629.jpg,False,False,0.0,0.7338177561759949
int8-head-fp32,WEB11630.jpg,False,False,0.0,0.0
int8-head-fp32,WEB11631.jpg,False,False,0.0,0.7338177561759949
int8-head-fp32,WEB11632.jpg,False,False,0.0,0.7338177561759949
int8-head-fp32,WEB11633.jpg,False,False,0.0,0.7338177561759949
int8-head-fp32,WEB11634.jpg,True,True,0.4989960789680481,0.4989960789680481
int8-head-fp32,WEB11635.jpg,False,False,0.0,0.0
int8-head-fp32,WEB11636.jpg,True,True,0.7338177561759949,0.7338177561759949
int8-head-fp32,WEB11637.jpg,True,True,0.7338177561759949,0.7338177561759949
int8-head-fp32,WEB11638.jpg,True,True,0.7338177561759949,0.7338177561759949
int8-head-fp32,WEB11639.jpg,True,True,0.7338177561759949,0.7338177561759949
int8-head-fp32,WEB11640.jpg,False,False,0.0,0.2641744017601013
int8-head-fp32,WEB11641.jpg,False,False,0.0,0.0
int8-head-fp32,WEB11642.jpg,False,False,0.0,0.0
int8-head-fp32,WEB11643.jpg,True,False,0.0,0.0
int8-head-fp32,WEB11644.jpg,True,True,0.2641744017601013,0.2641744017601013
int8-head-fp32,WEB11645.jpg,True,False,0.0,0.0
int8-head-fp32,WEB11646.jpg,True,True,0.7338177561759949,0.7338177561759949
int8-head-fp32,WEB11647.jpg,True,True,0.11414942890405655,0.11414942890405655
int8-head-fp32,WEB11648.jpg,True,False,0.0,0.0
int8-head-fp32,WEB11649.jpg,True,False,0.0,0.0
int8-head-fp32,WEB11650.jpg,False,False,0.0,0.11414942890405655
int8-head-fp32,WEB11651.jpg,True,True,0.2641744017601013,0.7338177561759949
int8-head-fp32,WEB11652.jpg,True,True,0.2641744017601013,0.8316601514816284
int8-head-fp32,WEB11653.jpg,False,False,0.0,0.0
int8-head-fp32,WEB11654.jpg,True,False,0.0,0.0
int8-head-fp32,WEB11655.jpg,True,True,0.4989960789680481,0.4989960789680481
int8-head-fp32,WEB11656.jpg,False,False,0.0,0.2641744017601013
int8-head-fp32,WEB11657.jpg,True,False,0.0,0.0
int8-head-fp32,WEB11658.jpg,True,False,0.0,0.0
int8-head-fp32,WEB11659.jpg,True,False,0.0,0.2641744017601013
int8-head-fp32,WEB11660.jpg,True,True,0.2641744017601013,0.4989960789680481
int8-head-fp32,WEB11661.jpg,True,True,0.2641744017601013,0.4989960789680481
int8-head-fp32,WEB11662.jpg,True,True,0.7338177561759949,0.7338177561759949
int8-head-fp32,WEB11663.jpg,True,True,0.4989960789680481,0.4989960789680481
int8-head-fp32,WEB11664.jpg,False,False,0.0,0.11414942890405655
int8-head-fp32,WEB11665.jpg,True,True,0.11414942890405655,0.11414942890405655
int8-head-fp32,WEB11666.jpg,False,False,0.0,0.0
int8-head-fp32,WEB11667.jpg,True,True,0.8316601514816284,0.8316601514816284
int8-head-fp32,WEB11668.jpg,True,True,0.7338177561759949,0.7338177561759949
int8-head-fp32,WEB11669.jpg,True,True,0.7338177561759949,0.7338177561759949
int8-head-fp32,WEB11670.jpg,False,False,0.0,0.0
int8-head-fp32,WEB11671.jpg,False,False,0.0,0.0
int8-head-fp32,WEB11672.jpg,True,True,0.7338177561759949,0.7338177561759949
int8-head-fp32,WEB11673.jpg,False,False,0.0,0.0
int8-head-fp32,WEB11674.jpg,False,False,0.0,0.0
int8-head-fp32,WEB11675.jpg,False,False,0.0,0.0
int8-head-fp32,WEB11676.jpg,False,False,0.0,0.0
int8-head-fp32,WEB11677.jpg,False,False,0.0,0.0
int8-head-fp32,WEB11678.jpg,False,False,0.0,0.0
int8-head-fp32,WEB11679.jpg,True,True,0.4989960789680481,0.4989960789680481
int8-head-fp32,WEB11680.jpg,False,False,0.0,0.0
int8-head-fp32,WEB11681.jpg,False,False,0.0,0.0
int8-head-fp32,WEB11682.jpg,False,False,0.0,0.0
int8-head-fp32,WEB11683.jpg,False,False,0.0,0.0
int8-head-fp32,WEB11684.jpg,True,False,0.0,0.0
int8-head-fp32,WEB11685.jpg,False,False,0.0,0.0
int8-head-fp32,WEB11686.jpg,False,False,0.0,0.0
int8-head-fp32,WEB11687.jpg,False,False,0.0,0.0
int8-head-fp32,WEB11688.jpg,False,False,0.0,0.0
int8-head-fp32,WEB11689.jpg,False,False,0.0,0.0
int8-head-fp32,WEB11690.jpg,True,True,0.7338177561759949,0.7338177561759949
int8-head-fp32,WEB11691.jpg,True,True,0.7338177561759949,0.7338177561759949
int8-head-fp32,WEB11692.jpg,True,True,0.11414942890405655,0.11414942890405655
int8-head-fp32,WEB11693.jpg,False,False,0.0,0.4989960789680481
int8-head-fp32,WEB11694.jpg,False,False,0.0,0.0
int8-head-fp32,WEB11695.jpg,False,False,0.0,0.0
int8-head-fp32,WEB11696.jpg,False,False,0.0,0.0
int8-head-fp32,WEB11697.jpg,False,True,0.11414942890405655,0.2641744017601013
int8-head-fp32,WEB11698.jpg,False,False,0.0,0.0
int8-head-fp32,WEB11699.jpg,True,False,0.0,0.4989960789680481
int8-head-fp32,WEB11700.jpg,False,False,0.0,0.0
int8-head-fp32,WEB11701.jpg,False,False,0.0,0.0
int8-head-fp32,WEB11702.jpg,False,False,0.0,0.0
int8-head-fp32,WEB11703.jpg,True,False,0.0,0.2641744017601013
int8-head-fp32,WEB11704.jpg,True,True,0.7338177561759949,0.7338177561759949
int8-head-fp32,WEB11705.jpg,True,True,0.11414942890405655,0.4989960789680481
int8-head-fp32,WEB11706.jpg,True,True,0.2641744017601013,0.2641744017601013
int8-head-fp32,WEB11707.jpg,False,False,0.0,0.0
int8-head-fp32,WEB11708.jpg,False,False,0.0,0.0
int8-head-fp32,WEB11709.jpg,False,False,0.0,0.0
int8-head-fp32,WEB11710.jpg,False,False,0.0,0.0
int8-head-fp32,WEB11711.jpg,False,False,0.0,0.7338177561759949
int8-head-fp32,WEB11712.jpg,False,False,0.0,0.11414942890405655
int8-head-fp32,WEB11713.jpg,True,False,0.0,0.0
int8-head-fp32,WEB11714.jpg,True,False,0.0,0.0
int8-head-fp32,WEB11715.jpg,False,False,0.0,0.0
int8-head-fp32,WEB11716.jpg,False,False,0.0,0.0
int8-head-fp32,WEB11717.jpg,True,False,0.0,0.11414942890405655
int8-head-fp32,WEB11718.jpg,False,False,0.0,0.2641744017601013
int8-head-fp32,WEB11719.jpg,True,True,0.2641744017601013,0.4989960789680481
int8-head-fp32,WEB11720.jpg,False,False,0.0,0.0
int8-head-fp32,WEB11721.jpg,True,True,0.7338177561759949,0.7338177561759949
int8-head-fp32,WEB11722.jpg,False,False,0.0,0.11414942890405655
int8-head-fp32,WEB11723.jpg,False,False,0.0,0.2641744017601013
int8-head-fp32,WEB11724.jpg,False,False,0.0,0.0
int8-head-fp32,WEB11725.jpg,False,False,0.0,0.0
int8-head-fp32,WEB11726.jpg,False,False,0.0,0.0
int8-head-fp32,WEB11727.jpg,False,False,0.0,0.0
int8-head-fp32,WEB11728.jpg,False,False,0.0,0.2641744017601013
int8-head-fp32,WEB11729.jpg,True,False,0.0,0.0
int8-head-fp32,WEB11730.jpg,True,False,0.0,0.4989960789680481
int8-head-fp32,WEB11731.jpg,False,False,0.0,0.0
int8-head-fp32,WEB11732.jpg,False,False,0.0,0.0
int8-head-fp32,WEB11733.jpg,False,False,0.0,0.0
int8-head-fp32,WEB11734.jpg,True,True,0.11414942890405655,0.11414942890405655
int8-head-fp32,WEB11735.jpg,False,False,0.0,0.0
int8-head-fp32,WEB11736.jpg,False,False,0.0,0.0
int8-head-fp32,WEB11737.jpg,True,False,0.0,0.11414942890405655
int8-head-fp32,WEB11738.jpg,False,False,0.0,0.0
int8-head-fp32,WEB11739.jpg,False,False,0.0,0.7338177561759949
int8-head-fp32,WEB11740.jpg,False,False,0.0,0.0
int8-head-fp32,WEB11741.jpg,True,False,0.0,0.4989960789680481
int8-head-fp32,WEB11742.jpg,True,False,0.0,0.4989960789680481
int8-head-fp32,WEB11743.jpg,False,False,0.0,0.0
int8-head-fp32,WEB11744.jpg,False,False,0.0,0.0
int8-head-fp32,WEB11745.jpg,False,False,0.0,0.0
int8-head-fp32,WEB11746.jpg,False,False,0.0,0.0
int8-head-fp32,WEB11747.jpg,False,False,0.0,0.0
int8-head-fp32,WEB11748.jpg,False,False,0.0,0.11414942890405655
int8-head-fp32,WEB11749.jpg,False,False,0.0,0.11414942890405655
int8-head-fp32,WEB11750.jpg,False,False,0.0,0.0
int8-head-fp32,WEB11751.jpg,False,False,0.0,0.0
int8-head-fp32,WEB11752.jpg,False,False,0.0,0.0
int8-head-fp32,WEB11753.jpg,False,False,0.0,0.0
int8-head-fp32,WEB11754.jpg,False,False,0.0,0.4989960789680481
int8-head-fp32,WEB11755.jpg,False,False,0.0,0.0
int8-head-fp32,WEB11756.jpg,False,False,0.0,0.0
int8-head-fp32,WEB11757.jpg,True,False,0.0,0.11414942890405655
int8-head-fp32,WEB11758.jpg,False,False,0.0,0.4989960789680481
int8-head-fp32,WEB11759.jpg,True,True,0.11414942890405655,0.4989960789680481
int8-head-fp32,WEB11760.jpg,True,True,0.2641744017601013,0.7338177561759949
int8-head-fp32,WEB11761.jpg,False,False,0.0,0.2641744017601013
int8-head-fp32,WEB11762.jpg,False,False,0.0,0.0
int8-head-fp32,WEB11763.jpg,False,False,0.0,0.0
int8-head-fp32,WEB11764.jpg,False,True,0.2641744017601013,0.7338177561759949
int8-head-fp32,WEB11765.jpg,False,False,0.0,0.0
int8-head-fp32,WEB11766.jpg,False,False,0.0,0.0
int8-head-fp32,WEB11767.jpg,False,False,0.0,0.0
int8-head-fp32,WEB11768.jpg,False,False,0.0,0.0
int8-head-fp32,WEB11769.jpg,False,False,0.0,0.0
int8-head-fp32,WEB11770.jpg,True,True,0.7338177561759949,0.7338177561759949
int8-head-fp32,WEB11771.jpg,False,False,0.0,0.2641744017601013
int8-head-fp32,WEB11772.jpg,False,False,0.0,0.0
int8-head-fp32,WEB11773.jpg,False,False,0.0,0.0
int8-head-fp32,WEB11774.jpg,False,False,0.0,0.0
int8-head-fp32,WEB11775.jpg,True,False,0.0,0.4989960789680481
int8-head-fp32,WEB11776.jpg,False,False,0.0,0.0
int8-head-fp32,WEB11777.jpg,True,False,0.0,0.7338177561759949
int8-head-fp32,WEB11778.jpg,False,False,0.0,0.2641744017601013
int8-head-fp32,WEB11779.jpg,False,False,0.0,0.0
int8-head-fp32,WEB11780.jpg,False,False,0.0,0.0
int8-head-fp32,WEB11781.jpg,False,False,0.0,0.11414942890405655
int8-head-fp32,WEB11782.jpg,True,False,0.0,0.2641744017601013
int8-head-fp32,WEB11783.jpg,False,False,0.0,0.0
int8-head-fp32,WEB11784.jpg,False,False,0.0,0.0
int8-head-fp32,WEB11785.jpg,True,False,0.0,0.4989960789680481
int8-head-fp32,WEB11786.jpg,False,False,0.0,0.0
int8-head-fp32,WEB11787.jpg,False,False,0.0,0.4989960789680481
int8-head-fp32,WEB11788.jpg,False,False,0.0,0.0
int8-head-fp32,WEB11789.jpg,False,False,0.0,0.0
int8-head-fp32,WEB11790.jpg,False,False,0.0,0.0
int8-head-fp32,WEB11791.jpg,False,False,0.0,0.0
int8-head-fp32,WEB11792.jpg,False,False,0.0,0.0
int8-head-fp32,WEB11793.jpg,False,False,0.0,0.0
int8-head-fp32,WEB11794.jpg,False,False,0.0,0.4989960789680481
int8-head-fp32,WEB11795.jpg,False,False,0.0,0.0
int8-head-fp32,WEB11796.jpg,False,False,0.0,0.0
int8-head-fp32,WEB11797.jpg,True,False,0.0,0.7338177561759949
int8-head-fp32,WEB11798.jpg,False,False,0.0,0.0
int8-head-fp32,WEB11799.jpg,True,True,0.2641744017601013,0.7338177561759949
int8-head-fp32,WEB11800.jpg,False,False,0.0,0.0
int8-head-fp32,WEB11801.jpg,False,False,0.0,0.11414942890405655
int8-head-fp32,WEB11802.jpg,True,True,0.7338177561759949,0.7338177561759949
int8-head-fp32,WEB11803.jpg,True,True,0.7338177561759949,0.7338177561759949
int8-head-fp32,WEB11804.jpg,False,False,0.0,0.0
int8-head-fp32,WEB11805.jpg,True,False,0.0,0.2641744017601013
int8-head-fp32,WEB11806.jpg,False,False,0.0,0.2641744017601013
