split,filename,prefix,numeric_id,label_index,label_name,n_smoke_boxes,n_fire_boxes
train,AoF00000.jpg,AoF,0,0,Neither,0,0
train,AoF00001.jpg,AoF,1,1,Only_Fire,0,1
train,AoF00002.jpg,AoF,2,2,Only_Smoke,1,0
train,AoF00003.jpg,AoF,3,0,Neither,0,0
train,AoF00004.jpg,AoF,4,0,Neither,0,0
train,AoF00005.jpg,AoF,5,0,Neither,0,0
train,AoF00006.jpg,AoF,6,0,Neither,0,0
train,AoF00007.jpg,AoF,7,0,Neither,0,0
train,AoF00010.jpg,AoF,10,0,Neither,0,0
train,AoF00012.jpg,AoF,12,0,Neither,0,0
train,AoF00013.jpg,AoF,13,0,Neither,0,0
train,AoF00015.jpg,AoF,15,0,Neither,0,0
train,AoF00016.jpg,AoF,16,0,Neither,0,0
train,AoF00017.jpg,AoF,17,0,Neither,0,0
train,AoF00019.jpg,AoF,19,0,Neither,0,0
train,AoF00020.jpg,AoF,20,0,Neither,0,0
train,AoF00021.jpg,AoF,21,0,Neither,0,0
train,AoF00022.jpg,AoF,22,0,Neither,0,0
train,AoF00023.jpg,AoF,23,0,Neither,0,0
train,AoF00024.jpg,AoF,24,0,Neither,0,0
train,AoF00025.jpg,AoF,25,0,Neither,0,0
train,AoF00026.jpg,AoF,26,0,Neither,0,0
train,AoF00027.jpg,AoF,27,0,Neither,0,0
train,AoF00028.jpg,AoF,28,0,Neither,0,0
train,AoF00030.jpg,AoF,30,0,Neither,0,0
train,AoF00031.jpg,AoF,31,0,Neither,0,0
train,AoF00032.jpg,AoF,32,0,Neither,0,0
train,AoF00034.jpg,AoF,34,0,Neither,0,0
train,AoF00035.jpg,AoF,35,0,Neither,0,0
train,AoF00036.jpg,AoF,36,0,Neither,0,0
train,AoF00037.jpg,AoF,37,0,Neither,0,0
train,AoF00038.jpg,AoF,38,0,Neither,0,0
train,AoF00039.jpg,AoF,39,0,Neither,0,0
train,AoF00040.jpg,AoF,40,0,Neither,0,0
train,AoF00042.jpg,AoF,42,0,Neither,0,0
train,AoF00043.jpg,AoF,43,0,Neither,0,0
train,AoF00044.jpg,AoF,44,0,Neither,0,0
train,AoF00045.jpg,AoF,45,0,Neither,0,0
train,AoF00046.jpg,AoF,46,0,Neither,0,0
train,AoF00047.jpg,AoF,47,0,Neither,0,0
train,AoF00048.jpg,AoF,48,0,Neither,0,0
train,AoF00050.jpg,AoF,50,0,Neither,0,0
train,AoF00052.jpg,AoF,52,0,Neither,0,0
train,AoF00053.jpg,AoF,53,0,Neither,0,0
train,AoF00055.jpg,AoF,55,0,Neither,0,0
train,AoF00056.jpg,AoF,56,0,Neither,0,0
train,AoF00058.jpg,AoF,58,0,Neither,0,0
train,AoF00059.jpg,AoF,59,0,Neither,0,0
train,AoF00060.jpg,AoF,60,0,Neither,0,0
train,AoF00061.jpg,AoF,61,0,Neither,0,0
train,AoF00064.jpg,AoF,64,0,Neither,0,0
train,AoF00065.jpg,AoF,65,0,Neither,0,0
train,AoF00067.jpg,AoF,67,0,Neither,0,0
train,AoF00068.jpg,AoF,68,0,Neither,0,0
train,AoF00069.jpg,AoF,69,0,Neither,0,0
train,AoF00070.jpg,AoF,70,0,Neither,0,0
train,AoF00071.jpg,AoF,71,0,Neither,0,0
train,AoF00072.jpg,AoF,72,0,Neither,0,0
train,AoF00073.jpg,AoF,73,0,Neither,0,0
train,AoF00074.jpg,AoF,74,0,Neither,0,0
train,AoF00075.jpg,AoF,75,0,Neither,0,0
train,AoF00078.jpg,AoF,78,0,Neither,0,0
train,AoF00079.jpg,AoF,79,0,Neither,0,0
train,AoF00080.jpg,AoF,80,0,Neither,0,0
train,AoF00081.jpg,AoF,81,0,Neither,0,0
train,AoF00082.jpg,AoF,82,0,Neither,0,0
train,AoF00083.jpg,AoF,83,0,Neither,0,0
train,AoF00084.jpg,AoF,84,0,Neither,0,0
train,AoF00085.jpg,AoF,85,0,Neither,0,0
train,AoF00086.jpg,AoF,86,0,Neither,0,0
train,AoF00087.jpg,AoF,87,0,Neither,0,0
train,AoF00088.jpg,AoF,88,0,Neither,0,0
train,AoF00089.jpg,AoF,89,0,Neither,0,0
train,AoF00090.jpg,AoF,90,0,Neither,0,0
train,AoF00091.jpg,AoF,91,0,Neither,0,0
train,AoF00092.jpg,AoF,92,0,Neither,0,0
train,AoF00093.jpg,AoF,93,0,Neither,0,0
train,AoF00094.jpg,AoF,94,0,Neither,0,0
train,AoF00095.jpg,AoF,95,0,Neither,0,0
train,AoF00096.jpg,AoF,96,0,Neither,0,0
train,AoF00097.jpg,AoF,97,0,Neither,0,0
train,AoF00098.jpg,AoF,98,0,Neither,0,0
train,AoF00099.jpg,AoF,99,0,Neither,0,0
train,AoF00100.jpg,AoF,100,0,Neither,0,0
train,AoF00102.jpg,AoF,102,0,Neither,0,0
train,AoF00103.jpg,AoF,103,0,Neither,0,0
train,AoF00104.jpg,AoF,104,0,Neither,0,0
train,AoF00105.jpg,AoF,105,0,Neither,0,0
train,AoF00107.jpg,AoF,107,0,Neither,0,0
train,AoF00108.jpg,AoF,108,0,Neither,0,0
train,AoF00109.jpg,AoF,109,0,Neither,0,0
train,AoF00110.jpg,AoF,110,0,Neither,0,0
train,AoF00111.jpg,AoF,111,0,Neither,0,0
train,AoF00112.jpg,AoF,112,0,Neither,0,0
train,AoF00113.jpg,AoF,113,0,Neither,0,0
train,AoF00114.jpg,AoF,114,0,Neither,0,0
train,AoF00116.jpg,AoF,116,0,Neither,0,0
train,AoF00117.jpg,AoF,117,0,Neither,0,0
train,AoF00118.jpg,AoF,118,0,Neither,0,0
train,AoF00119.jpg,AoF,119,0,Neither,0,0
train,AoF00120.jpg,AoF,120,0,Neither,0,0
train,AoF00123.jpg,AoF,123,0,Neither,0,0
train,AoF00124.jpg,AoF,124,0,Neither,0,0
train,AoF00125.jpg,AoF,125,0,Neither,0,0
train,AoF00126.jpg,AoF,126,0,Neither,0,0
train,AoF00127.jpg,AoF,127,0,Neither,0,0
train,AoF00128.jpg,AoF,128,0,Neither,0,0
train,AoF00129.jpg,AoF,129,0,Neither,0,0
train,AoF00130.jpg,AoF,130,0,Neither,0,0
train,AoF00131.jpg,AoF,131,0,Neither,0,0
train,AoF00132.jpg,AoF,132,0,Neither,0,0
train,AoF00133.jpg,AoF,133,0,Neither,0,0
train,AoF00134.jpg,AoF,134,0,Neither,0,0
train,AoF00135.jpg,AoF,135,0,Neither,0,0
train,AoF00136.jpg,AoF,136,0,Neither,0,0
train,AoF00137.jpg,AoF,137,0,Neither,0,0
train,AoF00139.jpg,AoF,139,0,Neither,0,0
train,AoF00140.jpg,AoF,140,0,Neither,0,0
train,AoF00141.jpg,AoF,141,0,Neither,0,0
train,AoF00144.jpg,AoF,144,0,Neither,0,0
train,AoF00145.jpg,AoF,145,0,Neither,0,0
train,AoF00146.jpg,AoF,146,0,Neither,0,0
train,AoF00147.jpg,AoF,147,0,Neither,0,0
train,AoF00148.jpg,AoF,148,0,Neither,0,0
train,AoF00149.jpg,AoF,149,0,Neither,0,0
train,AoF00150.jpg,AoF,150,0,Neither,0,0
train,AoF00151.jpg,AoF,151,0,Neither,0,0
train,AoF00152.jpg,AoF,152,0,Neither,0,0
train,AoF00154.jpg,AoF,154,0,Neither,0,0
train,AoF00155.jpg,AoF,155,0,Neither,0,0
train,AoF00156.jpg,AoF,156,0,Neither,0,0
train,AoF00157.jpg,AoF,157,0,Neither,0,0
train,AoF00158.jpg,AoF,158,0,Neither,0,0
train,AoF00160.jpg,AoF,160,0,Neither,0,0
train,AoF00161.jpg,AoF,161,0,Neither,0,0
train,AoF00162.jpg,AoF,162,0,Neither,0,0
train,AoF00164.jpg,AoF,164,0,Neither,0,0
train,AoF00165.jpg,AoF,165,0,Neither,0,0
train,AoF00166.jpg,AoF,166,0,Neither,0,0
train,AoF00167.jpg,AoF,167,0,Neither,0,0
train,AoF00168.jpg,AoF,168,0,Neither,0,0
train,AoF00170.jpg,AoF,170,0,Neither,0,0
train,AoF00171.jpg,AoF,171,0,Neither,0,0
train,AoF00172.jpg,AoF,172,0,Neither,0,0
train,AoF00173.jpg,AoF,173,0,Neither,0,0
train,AoF00174.jpg,AoF,174,0,Neither,0,0
train,AoF00175.jpg,AoF,175,0,Neither,0,0
train,AoF00176.jpg,AoF,176,0,Neither,0,0
train,AoF00177.jpg,AoF,177,0,Neither,0,0
train,AoF00178.jpg,AoF,178,0,Neither,0,0
train,AoF00179.jpg,AoF,179,0,Neither,0,0
train,AoF00180.jpg,AoF,180,0,Neither,0,0
train,AoF00181.jpg,AoF,181,0,Neither,0,0
train,AoF00182.jpg,AoF,182,0,Neither,0,0
train,AoF00183.jpg,AoF,183,0,Neither,0,0
train,AoF00186.jpg,AoF,186,0,Neither,0,0
train,AoF00188.jpg,AoF,188,0,Neither,0,0
train,AoF00190.jpg,AoF,190,0,Neither,0,0
train,AoF00193.jpg,AoF,193,0,Neither,0,0
train,AoF00194.jpg,AoF,194,0,Neither,0,0
train,AoF00195.jpg,AoF,195,0,Neither,0,0
train,AoF00196.jpg,AoF,196,0,Neither,0,0
train,AoF00197.jpg,AoF,197,0,Neither,0,0
train,AoF00198.jpg,AoF,198,0,Neither,0,0
train,AoF00199.jpg,AoF,199,0,Neither,0,0
train,AoF00200.jpg,AoF,200,0,Neither,0,0
train,AoF00201.jpg,AoF,201,0,Neither,0,0
train,AoF00202.jpg,AoF,202,0,Neither,0,0
train,AoF00203.jpg,AoF,203,0,Neither,0,0
train,AoF00205.jpg,AoF,205,0,Neither,0,0
train,AoF00206.jpg,AoF,206,0,Neither,0,0
train,AoF00207.jpg,AoF,207,0,Neither,0,0
train,AoF00208.jpg,AoF,208,0,Neither,0,0
train,AoF00209.jpg,AoF,209,0,Neither,0,0
train,AoF00210.jpg,AoF,210,0,Neither,0,0
train,AoF00211.jpg,AoF,211,0,Neither,0,0
train,AoF00213.jpg,AoF,213,0,Neither,0,0
train,AoF00214.jpg,AoF,214,0,Neither,0,0
train,AoF00215.jpg,AoF,215,0,Neither,0,0
train,AoF00216.jpg,AoF,216,0,Neither,0,0
train,AoF00217.jpg,AoF,217,0,Neither,0,0
train,AoF00218.jpg,AoF,218,0,Neither,0,0
train,AoF00219.jpg,AoF,219,0,Neither,0,0
train,AoF00220.jpg,AoF,220,0,Neither,0,0
train,AoF00221.jpg,AoF,221,0,Neither,0,0
train,AoF00222.jpg,AoF,222,0,Neither,0,0
train,AoF00223.jpg,AoF,223,0,Neither,0,0
train,AoF00224.jpg,AoF,224,0,Neither,0,0
train,AoF00225.jpg,AoF,225,0,Neither,0,0
train,AoF00226.jpg,AoF,226,0,Neither,0,0
train,AoF00227.jpg,AoF,227,0,Neither,0,0
train,AoF00228.jpg,AoF,228,0,Neither,0,0
train,AoF00230.jpg,AoF,230,0,Neither,0,0
train,AoF00231.jpg,AoF,231,0,Neither,0,0
train,AoF00232.jpg,AoF,232,0,Neither,0,0
train,AoF00234.jpg,AoF,234,0,Neither,0,0
train,AoF00235.jpg,AoF,235,0,Neither,0,0
train,AoF00236.jpg,AoF,236,0,Neither,0,0
train,AoF00238.jpg,AoF,238,0,Neither,0,0
train,AoF00239.jpg,AoF,239,0,Neither,0,0
train,AoF00240.jpg,AoF,240,0,Neither,0,0
train,AoF00241.jpg,AoF,241,0,Neither,0,0
train,AoF00243.jpg,AoF,243,0,Neither,0,0
train,AoF00244.jpg,AoF,244,0,Neither,0,0
train,AoF00246.jpg,AoF,246,0,Neither,0,0
train,AoF00247.jpg,AoF,247,0,Neither,0,0
train,AoF00248.jpg,AoF,248,0,Neither,0,0
train,AoF00249.jpg,AoF,249,0,Neither,0,0
train,AoF00250.jpg,AoF,250,0,Neither,0,0
train,AoF00251.jpg,AoF,251,0,Neither,0,0
train,AoF00252.jpg,AoF,252,0,Neither,0,0
train,AoF00253.jpg,AoF,253,0,Neither,0,0
train,AoF00255.jpg,AoF,255,0,Neither,0,0
train,AoF00256.jpg,AoF,256,0,Neither,0,0
train,AoF00257.jpg,AoF,257,0,Neither,0,0
train,AoF00258.jpg,AoF,258,0,Neither,0,0
train,AoF00259.jpg,AoF,259,0,Neither,0,0
train,AoF00261.jpg,AoF,261,0,Neither,0,0
train,AoF00262.jpg,AoF,262,0,Neither,0,0
train,AoF00263.jpg,AoF,263,0,Neither,0,0
train,AoF00264.jpg,AoF,264,0,Neither,0,0
train,AoF00265.jpg,AoF,265,0,Neither,0,0
train,AoF00266.jpg,AoF,266,0,Neither,0,0
train,AoF00267.jpg,AoF,267,0,Neither,0,0
train,AoF00268.jpg,AoF,268,0,Neither,0,0
train,AoF00269.jpg,AoF,269,0,Neither,0,0
train,AoF00270.jpg,AoF,270,0,Neither,0,0
train,AoF00271.jpg,AoF,271,0,Neither,0,0
train,AoF00272.jpg,AoF,272,0,Neither,0,0
train,AoF00273.jpg,AoF,273,0,Neither,0,0
train,AoF00275.jpg,AoF,275,0,Neither,0,0
train,AoF00276.jpg,AoF,276,0,Neither,0,0
train,AoF00277.jpg,AoF,277,0,Neither,0,0
train,AoF00278.jpg,AoF,278,0,Neither,0,0
train,AoF00279.jpg,AoF,279,0,Neither,0,0
train,AoF00281.jpg,AoF,281,0,Neither,0,0
train,AoF00283.jpg,AoF,283,0,Neither,0,0
train,AoF00284.jpg,AoF,284,0,Neither,0,0
train,AoF00285.jpg,AoF,285,0,Neither,0,0
train,AoF00287.jpg,AoF,287,0,Neither,0,0
train,AoF00288.jpg,AoF,288,0,Neither,0,0
train,AoF00289.jpg,AoF,289,0,Neither,0,0
train,AoF00290.jpg,AoF,290,0,Neither,0,0
train,AoF00291.jpg,AoF,291,0,Neither,0,0
train,AoF00293.jpg,AoF,293,0,Neither,0,0
train,AoF00294.jpg,AoF,294,0,Neither,0,0
train,AoF00295.jpg,AoF,295,0,Neither,0,0
train,AoF00297.jpg,AoF,297,0,Neither,0,0
train,AoF00298.jpg,AoF,298,0,Neither,0,0
train,AoF00299.jpg,AoF,299,0,Neither,0,0
train,AoF00300.jpg,AoF,300,0,Neither,0,0
train,AoF00301.jpg,AoF,301,0,Neither,0,0
train,AoF00302.jpg,AoF,302,0,Neither,0,0
train,AoF00303.jpg,AoF,303,0,Neither,0,0
train,AoF00304.jpg,AoF,304,0,Neither,0,0
train,AoF00305.jpg,AoF,305,0,Neither,0,0
train,AoF00306.jpg,AoF,306,0,Neither,0,0
train,AoF00307.jpg,AoF,307,0,Neither,0,0
train,AoF00308.jpg,AoF,308,0,Neither,0,0
train,AoF00309.jpg,AoF,309,0,Neither,0,0
train,AoF00310.jpg,AoF,310,0,Neither,0,0
train,AoF00311.jpg,AoF,311,0,Neither,0,0
train,AoF00312.jpg,AoF,312,0,Neither,0,0
train,AoF00313.jpg,AoF,313,0,Neither,0,0
train,AoF00315.jpg,AoF,315,0,Neither,0,0
train,AoF00316.jpg,AoF,316,0,Neither,0,0
train,AoF00317.jpg,AoF,317,0,Neither,0,0
train,AoF00319.jpg,AoF,319,0,Neither,0,0
train,AoF00321.jpg,AoF,321,0,Neither,0,0
train,AoF00322.jpg,AoF,322,0,Neither,0,0
train,AoF00323.jpg,AoF,323,0,Neither,0,0
train,AoF00324.jpg,AoF,324,0,Neither,0,0
train,AoF00326.jpg,AoF,326,0,Neither,0,0
train,AoF00327.jpg,AoF,327,0,Neither,0,0
train,AoF00329.jpg,AoF,329,0,Neither,0,0
train,AoF00330.jpg,AoF,330,0,Neither,0,0
train,AoF00331.jpg,AoF,331,0,Neither,0,0
train,AoF00332.jpg,AoF,332,0,Neither,0,0
train,AoF00333.jpg,AoF,333,0,Neither,0,0
train,AoF00334.jpg,AoF,334,0,Neither,0,0
train,AoF00335.jpg,AoF,335,0,Neither,0,0
train,AoF00336.jpg,AoF,336,0,Neither,0,0
train,AoF00337.jpg,AoF,337,0,Neither,0,0
train,AoF00338.jpg,AoF,338,0,Neither,0,0
train,AoF00339.jpg,AoF,339,0,Neither,0,0
train,AoF00340.jpg,AoF,340,0,Neither,0,0
train,AoF00341.jpg,AoF,341,0,Neither,0,0
train,AoF00342.jpg,AoF,342,0,Neither,0,0
train,AoF00343.jpg,AoF,343,0,Neither,0,0
train,AoF00344.jpg,AoF,344,0,Neither,0,0
train,AoF00345.jpg,AoF,345,0,Neither,0,0
train,AoF00346.jpg,AoF,346,0,Neither,0,0
train,AoF00347.jpg,AoF,347,0,Neither,0,0
train,AoF00348.jpg,AoF,348,0,Neither,0,0
train,AoF00349.jpg,AoF,349,0,Neither,0,0
train,AoF00352.jpg,AoF,352,0,Neither,0,0
train,AoF00353.jpg,AoF,353,0,Neither,0,0
train,AoF00354.jpg,AoF,354,0,Neither,0,0
train,AoF00355.jpg,AoF,355,0,Neither,0,0
train,AoF00359.jpg,AoF,359,0,Neither,0,0
train,AoF00360.jpg,AoF,360,0,Neither,0,0
train,AoF00361.jpg,AoF,361,0,Neither,0,0
train,AoF00362.jpg,AoF,362,0,Neither,0,0
train,AoF00365.jpg,AoF,365,0,Neither,0,0
train,AoF00366.jpg,AoF,366,0,Neither,0,0
train,AoF00367.jpg,AoF,367,0,Neither,0,0
train,AoF00368.jpg,AoF,368,0,Neither,0,0
train,AoF00370.jpg,AoF,370,0,Neither,0,0
train,AoF00372.jpg,AoF,372,0,Neither,0,0
train,AoF00373.jpg,AoF,373,0,Neither,0,0
train,AoF00374.jpg,AoF,374,0,Neither,0,0
train,AoF00375.jpg,AoF,375,0,Neither,0,0
train,AoF00376.jpg,AoF,376,0,Neither,0,0
train,AoF00377.jpg,AoF,377,0,Neither,0,0
train,AoF00378.jpg,AoF,378,0,Neither,0,0
train,AoF00379.jpg,AoF,379,0,Neither,0,0
train,AoF00380.jpg,AoF,380,0,Neither,0,0
train,AoF00381.jpg,AoF,381,0,Neither,0,0
train,AoF00382.jpg,AoF,382,0,Neither,0,0
train,AoF00383.jpg,AoF,383,0,Neither,0,0
train,AoF00384.jpg,AoF,384,0,Neither,0,0
train,AoF00385.jpg,AoF,385,0,Neither,0,0
train,AoF00386.jpg,AoF,386,0,Neither,0,0
train,AoF00387.jpg,AoF,387,0,Neither,0,0
train,AoF00388.jpg,AoF,388,0,Neither,0,0
train,AoF00389.jpg,AoF,389,0,Neither,0,0
train,AoF00390.jpg,AoF,390,0,Neither,0,0
train,AoF00391.jpg,AoF,391,0,Neither,0,0
train,AoF00392.jpg,AoF,392,0,Neither,0,0
train,AoF00393.jpg,AoF,393,0,Neither,0,0
train,AoF00396.jpg,AoF,396,0,Neither,0,0
train,AoF00397.jpg,AoF,397,0,Neither,0,0
train,AoF00398.jpg,AoF,398,0,Neither,0,0
train,AoF00399.jpg,AoF,399,0,Neither,0,0
train,AoF00400.jpg,AoF,400,0,Neither,0,0
train,AoF00401.jpg,AoF,401,0,Neither,0,0
train,AoF00402.jpg,AoF,402,0,Neither,0,0
train,AoF00404.jpg,AoF,404,0,Neither,0,0
train,AoF00405.jpg,AoF,405,0,Neither,0,0
train,AoF00406.jpg,AoF,406,0,Neither,0,0
train,AoF00407.jpg,AoF,407,0,Neither,0,0
train,AoF00408.jpg,AoF,408,0,Neither,0,0
train,AoF00409.jpg,AoF,409,0,Neither,0,0
train,AoF00410.jpg,AoF,410,0,Neither,0,0
train,AoF00411.jpg,AoF,411,0,Neither,0,0
train,AoF00412.jpg,AoF,412,0,Neither,0,0
train,AoF00413.jpg,AoF,413,0,Neither,0,0
train,AoF00414.jpg,AoF,414,0,Neither,0,0
train,AoF00416.jpg,AoF,416,0,Neither,0,0
train,AoF00417.jpg,AoF,417,0,Neither,0,0
train,AoF00418.jpg,AoF,418,0,Neither,0,0
train,AoF00419.jpg,AoF,419,0,Neither,0,0
train,AoF00420.jpg,AoF,420,0,Neither,0,0
train,AoF00421.jpg,AoF,421,0,Neither,0,0
train,AoF00423.jpg,AoF,423,0,Neither,0,0
train,AoF00424.jpg,AoF,424,0,Neither,0,0
train,AoF00425.jpg,AoF,425,0,Neither,0,0
train,AoF00426.jpg,AoF,426,0,Neither,0,0
train,AoF00427.jpg,AoF,427,0,Neither,0,0
train,AoF00428.jpg,AoF,428,0,Neither,0,0
train,AoF00429.jpg,AoF,429,0,Neither,0,0
train,AoF00430.jpg,AoF,430,0,Neither,0,0
train,AoF00431.jpg,AoF,431,0,Neither,0,0
train,AoF00433.jpg,AoF,433,0,Neither,0,0
train,AoF00434.jpg,AoF,434,0,Neither,0,0
train,AoF00435.jpg,AoF,435,0,Neither,0,0
train,AoF00436.jpg,AoF,436,0,Neither,0,0
train,AoF00437.jpg,AoF,437,0,Neither,0,0
train,AoF00438.jpg,AoF,438,0,Neither,0,0
train,AoF00439.jpg,AoF,439,0,Neither,0,0
train,AoF00440.jpg,AoF,440,0,Neither,0,0
train,AoF00442.jpg,AoF,442,0,Neither,0,0
train,AoF00443.jpg,AoF,443,0,Neither,0,0
train,AoF00444.jpg,AoF,444,0,Neither,0,0
train,AoF00445.jpg,AoF,445,0,Neither,0,0
train,AoF00447.jpg,AoF,447,0,Neither,0,0
train,AoF00448.jpg,AoF,448,0,Neither,0,0
train,AoF00449.jpg,AoF,449,0,Neither,0,0
train,AoF00450.jpg,AoF,450,0,Neither,0,0
train,AoF00451.jpg,AoF,451,0,Neither,0,0
train,AoF00452.jpg,AoF,452,0,Neither,0,0
train,AoF00453.jpg,AoF,453,0,Neither,0,0
train,AoF00454.jpg,AoF,454,0,Neither,0,0
train,AoF00455.jpg,AoF,455,0,Neither,0,0
train,AoF00456.jpg,AoF,456,0,Neither,0,0
train,AoF00458.jpg,AoF,458,0,Neither,0,0
train,AoF00459.jpg,AoF,459,0,Neither,0,0
train,AoF00461.jpg,AoF,461,0,Neither,0,0
train,AoF00462.jpg,AoF,462,0,Neither,0,0
train,AoF00463.jpg,AoF,463,0,Neither,0,0
train,AoF00464.jpg,AoF,464,0,Neither,0,0
train,AoF00466.jpg,AoF,466,0,Neither,0,0
train,AoF00467.jpg,AoF,467,0,Neither,0,0
train,AoF00468.jpg,AoF,468,0,Neither,0,0
train,AoF00469.jpg,AoF,469,0,Neither,0,0
train,AoF00470.jpg,AoF,470,0,Neither,0,0
train,AoF00471.jpg,AoF,471,0,Neither,0,0
train,AoF00474.jpg,AoF,474,0,Neither,0,0
train,AoF00475.jpg,AoF,475,0,Neither,0,0
train,AoF00476.jpg,AoF,476,0,Neither,0,0
train,AoF00477.jpg,AoF,477,0,Neither,0,0
train,AoF00478.jpg,AoF,478,0,Neither,0,0
train,AoF00479.jpg,AoF,479,0,Neither,0,0
train,AoF00480.jpg,AoF,480,0,Neither,0,0
train,AoF00481.jpg,AoF,481,0,Neither,0,0
train,AoF00482.jpg,AoF,482,0,Neither,0,0
train,AoF00484.jpg,AoF,484,0,Neither,0,0
train,AoF00485.jpg,AoF,485,0,Neither,0,0
train,AoF00486.jpg,AoF,486,0,Neither,0,0
train,AoF00487.jpg,AoF,487,0,Neither,0,0
train,AoF00489.jpg,AoF,489,0,Neither,0,0
train,AoF00491.jpg,AoF,491,0,Neither,0,0
train,AoF00492.jpg,AoF,492,0,Neither,0,0
train,AoF00493.jpg,AoF,493,0,Neither,0,0
train,AoF00495.jpg,AoF,495,0,Neither,0,0
train,AoF00496.jpg,AoF,496,0,Neither,0,0
train,AoF00497.jpg,AoF,497,0,Neither,0,0
train,AoF00498.jpg,AoF,498,0,Neither,0,0
train,AoF00500.jpg,AoF,500,0,Neither,0,0
train,AoF00501.jpg,AoF,501,0,Neither,0,0
train,AoF00503.jpg,AoF,503,0,Neither,0,0
train,AoF00504.jpg,AoF,504,0,Neither,0,0
train,AoF00505.jpg,AoF,505,0,Neither,0,0
train,AoF00506.jpg,AoF,506,0,Neither,0,0
train,AoF00508.jpg,AoF,508,0,Neither,0,0
train,AoF00509.jpg,AoF,509,0,Neither,0,0
train,AoF00510.jpg,AoF,510,0,Neither,0,0
train,AoF00512.jpg,AoF,512,0,Neither,0,0
train,AoF00513.jpg,AoF,513,0,Neither,0,0
train,AoF00517.jpg,AoF,517,0,Neither,0,0
train,AoF00518.jpg,AoF,518,0,Neither,0,0
train,AoF00519.jpg,AoF,519,0,Neither,0,0
train,AoF00520.jpg,AoF,520,0,Neither,0,0
train,AoF00521.jpg,AoF,521,0,Neither,0,0
train,AoF00522.jpg,AoF,522,0,Neither,0,0
train,AoF00523.jpg,AoF,523,0,Neither,0,0
train,AoF00524.jpg,AoF,524,0,Neither,0,0
train,AoF00525.jpg,AoF,525,0,Neither,0,0
train,AoF00526.jpg,AoF,526,0,Neither,0,0
train,AoF00528.jpg,AoF,528,0,Neither,0,0
train,AoF00529.jpg,AoF,529,0,Neither,0,0
train,AoF00530.jpg,AoF,530,0,Neither,0,0
train,AoF00531.jpg,AoF,531,0,Neither,0,0
train,AoF00532.jpg,AoF,532,0,Neither,0,0
train,AoF00533.jpg,AoF,533,0,Neither,0,0
train,AoF00534.jpg,AoF,534,0,Neither,0,0
train,AoF00536.jpg,AoF,536,0,Neither,0,0
train,AoF00537.jpg,AoF,537,0,Neither,0,0
train,AoF00538.jpg,AoF,538,0,Neither,0,0
train,AoF00539.jpg,AoF,539,0,Neither,0,0
train,AoF00540.jpg,AoF,540,0,Neither,0,0
train,AoF00541.jpg,AoF,541,0,Neither,0,0
train,AoF00545.jpg,AoF,545,0,Neither,0,0
train,AoF00546.jpg,AoF,546,0,Neither,0,0
train,AoF00547.jpg,AoF,547,0,Neither,0,0
train,AoF00548.jpg,AoF,548,0,Neither,0,0
train,AoF00549.jpg,AoF,549,0,Neither,0,0
train,AoF00550.jpg,AoF,550,0,Neither,0,0
train,AoF00552.jpg,AoF,552,0,Neither,0,0
train,AoF00554.jpg,AoF,554,0,Neither,0,0
train,AoF00555.jpg,AoF,555,0,Neither,0,0
train,AoF00556.jpg,AoF,556,0,Neither,0,0
train,AoF00557.jpg,AoF,557,0,Neither,0,0
train,AoF00558.jpg,AoF,558,0,Neither,0,0
train,AoF00559.jpg,AoF,559,0,Neither,0,0
train,AoF00560.jpg,AoF,560,0,Neither,0,0
train,AoF00562.jpg,AoF,562,0,Neither,0,0
train,AoF00563.jpg,AoF,563,0,Neither,0,0
train,AoF00564.jpg,AoF,564,0,Neither,0,0
train,AoF00565.jpg,AoF,565,0,Neither,0,0
train,AoF00566.jpg,AoF,566,0,Neither,0,0
train,AoF00567.jpg,AoF,567,0,Neither,0,0
train,AoF00568.jpg,AoF,568,0,Neither,0,0
train,AoF00570.jpg,AoF,570,0,Neither,0,0
train,AoF00571.jpg,AoF,571,0,Neither,0,0
train,AoF00572.jpg,AoF,572,0,Neither,0,0
train,AoF00573.jpg,AoF,573,0,Neither,0,0
train,AoF00574.jpg,AoF,574,0,Neither,0,0
train,AoF00575.jpg,AoF,575,0,Neither,0,0
train,AoF00576.jpg,AoF,576,0,Neither,0,0
train,AoF00578.jpg,AoF,578,0,Neither,0,0
train,AoF00579.jpg,AoF,579,0,Neither,0,0
train,AoF00582.jpg,AoF,582,0,Neither,0,0
train,AoF00583.jpg,AoF,583,0,Neither,0,0
train,AoF00584.jpg,AoF,584,0,Neither,0,0
train,AoF00585.jpg,AoF,585,0,Neither,0,0
train,AoF00586.jpg,AoF,586,0,Neither,0,0
train,AoF00587.jpg,AoF,587,0,Neither,0,0
train,AoF00589.jpg,AoF,589,0,Neither,0,0
train,AoF00590.jpg,AoF,590,0,Neither,0,0
train,AoF00592.jpg,AoF,592,0,Neither,0,0
train,AoF00593.jpg,AoF,593,0,Neither,0,0
train,AoF00594.jpg,AoF,594,0,Neither,0,0
train,AoF00595.jpg,AoF,595,0,Neither,0,0
train,AoF00596.jpg,AoF,596,0,Neither,0,0
train,AoF00597.jpg,AoF,597,0,Neither,0,0
train,AoF00599.jpg,AoF,599,0,Neither,0,0
train,AoF00600.jpg,AoF,600,0,Neither,0,0
train,AoF00601.jpg,AoF,601,0,Neither,0,0
train,AoF00602.jpg,AoF,602,0,Neither,0,0
train,AoF00603.jpg,AoF,603,0,Neither,0,0
train,AoF00604.jpg,AoF,604,0,Neither,0,0
train,AoF00605.jpg,AoF,605,0,Neither,0,0
train,AoF00607.jpg,AoF,607,0,Neither,0,0
train,AoF00609.jpg,AoF,609,0,Neither,0,0
train,AoF00610.jpg,AoF,610,0,Neither,0,0
train,AoF00611.jpg,AoF,611,0,Neither,0,0
train,AoF00612.jpg,AoF,612,0,Neither,0,0
train,AoF00613.jpg,AoF,613,0,Neither,0,0
train,AoF00614.jpg,AoF,614,0,Neither,0,0
train,AoF00615.jpg,AoF,615,0,Neither,0,0
train,AoF00616.jpg,AoF,616,0,Neither,0,0
train,AoF00617.jpg,AoF,617,0,Neither,0,0
train,AoF00618.jpg,AoF,618,0,Neither,0,0
train,AoF00619.jpg,AoF,619,0,Neither,0,0
train,AoF00620.jpg,AoF,620,0,Neither,0,0
train,AoF00621.jpg,AoF,621,0,Neither,0,0
train,AoF00622.jpg,AoF,622,0,Neither,0,0
train,AoF00623.jpg,AoF,623,0,Neither,0,0
train,AoF00624.jpg,AoF,624,0,Neither,0,0
train,AoF00626.jpg,AoF,626,0,Neither,0,0
train,AoF00627.jpg,AoF,627,0,Neither,0,0
train,AoF00628.jpg,AoF,628,0,Neither,0,0
train,AoF00630.jpg,AoF,630,0,Neither,0,0
train,AoF00633.jpg,AoF,633,0,Neither,0,0
train,AoF00634.jpg,AoF,634,0,Neither,0,0
train,AoF00635.jpg,AoF,635,0,Neither,0,0
train,AoF00636.jpg,AoF,636,0,Neither,0,0
train,AoF00637.jpg,AoF,637,0,Neither,0,0
train,AoF00638.jpg,AoF,638,0,Neither,0,0
train,AoF00639.jpg,AoF,639,0,Neither,0,0
train,AoF00640.jpg,AoF,640,0,Neither,0,0
train,AoF00641.jpg,AoF,641,0,Neither,0,0
train,AoF00643.jpg,AoF,643,0,Neither,0,0
train,AoF00644.jpg,AoF,644,0,Neither,0,0
train,AoF00645.jpg,AoF,645,0,Neither,0,0
train,AoF00646.jpg,AoF,646,0,Neither,0,0
train,AoF00647.jpg,AoF,647,0,Neither,0,0
train,AoF00648.jpg,AoF,648,0,Neither,0,0
train,AoF00649.jpg,AoF,649,0,Neither,0,0
train,AoF00650.jpg,AoF,650,0,Neither,0,0
train,AoF00651.jpg,AoF,651,0,Neither,0,0
train,AoF00652.jpg,AoF,652,0,Neither,0,0
train,AoF00653.jpg,AoF,653,0,Neither,0,0
train,AoF00654.jpg,AoF,654,0,Neither,0,0
train,AoF00655.jpg,AoF,655,0,Neither,0,0
train,AoF00657.jpg,AoF,657,0,Neither,0,0
train,AoF00658.jpg,AoF,658,0,Neither,0,0
train,AoF00660.jpg,AoF,660,0,Neither,0,0
train,AoF00661.jpg,AoF,661,0,Neither,0,0
train,AoF00662.jpg,AoF,662,0,Neither,0,0
train,AoF00663.jpg,AoF,663,0,Neither,0,0
train,AoF00664.jpg,AoF,664,0,Neither,0,0
train,AoF00665.jpg,AoF,665,0,Neither,0,0
train,AoF00666.jpg,AoF,666,0,Neither,0,0
train,AoF00667.jpg,AoF,667,0,Neither,0,0
train,AoF00668.jpg,AoF,668,0,Neither,0,0
train,AoF00669.jpg,AoF,669,0,Neither,0,0
train,AoF00670.jpg,AoF,670,0,Neither,0,0
train,AoF00671.jpg,AoF,671,0,Neither,0,0
train,AoF00673.jpg,AoF,673,0,Neither,0,0
train,AoF00674.jpg,AoF,674,0,Neither,0,0
train,AoF00675.jpg,AoF,675,0,Neither,0,0
train,AoF00676.jpg,AoF,676,0,Neither,0,0
train,AoF00677.jpg,AoF,677,0,Neither,0,0
train,AoF00679.jpg,AoF,679,0,Neither,0,0
train,AoF00680.jpg,AoF,680,0,Neither,0,0
train,AoF00681.jpg,AoF,681,0,Neither,0,0
train,AoF00682.jpg,AoF,682,0,Neither,0,0
train,AoF00683.jpg,AoF,683,0,Neither,0,0
train,AoF00684.jpg,AoF,684,0,Neither,0,0
train,AoF00685.jpg,AoF,685,0,Neither,0,0
train,AoF00686.jpg,AoF,686,0,Neither,0,0
train,AoF00687.jpg,AoF,687,0,Neither,0,0
train,AoF00688.jpg,AoF,688,0,Neither,0,0
train,AoF00689.jpg,AoF,689,0,Neither,0,0
train,AoF00690.jpg,AoF,690,0,Neither,0,0
train,AoF00691.jpg,AoF,691,0,Neither,0,0
train,AoF00692.jpg,AoF,692,0,Neither,0,0
train,AoF00693.jpg,AoF,693,0,Neither,0,0
train,AoF00694.jpg,AoF,694,0,Neither,0,0
train,AoF00696.jpg,AoF,696,0,Neither,0,0
train,AoF00697.jpg,AoF,697,0,Neither,0,0
train,AoF00698.jpg,AoF,698,0,Neither,0,0
train,AoF00699.jpg,AoF,699,0,Neither,0,0
train,AoF00702.jpg,AoF,702,0,Neither,0,0
train,AoF00703.jpg,AoF,703,0,Neither,0,0
train,AoF00704.jpg,AoF,704,0,Neither,0,0
train,AoF00705.jpg,AoF,705,0,Neither,0,0
train,AoF00706.jpg,AoF,706,0,Neither,0,0
train,AoF00709.jpg,AoF,709,0,Neither,0,0
train,AoF00710.jpg,AoF,710,0,Neither,0,0
train,AoF00711.jpg,AoF,711,0,Neither,0,0
train,AoF00712.jpg,AoF,712,0,Neither,0,0
train,AoF00713.jpg,AoF,713,0,Neither,0,0
train,AoF00714.jpg,AoF,714,0,Neither,0,0
train,AoF00715.jpg,AoF,715,0,Neither,0,0
train,AoF00716.jpg,AoF,716,0,Neither,0,0
train,AoF00717.jpg,AoF,717,0,Neither,0,0
train,AoF00718.jpg,AoF,718,0,Neither,0,0
train,AoF00719.jpg,AoF,719,0,Neither,0,0
train,AoF00720.jpg,AoF,720,0,Neither,0,0
train,AoF00721.jpg,AoF,721,0,Neither,0,0
train,AoF00722.jpg,AoF,722,0,Neither,0,0
train,AoF00725.jpg,AoF,725,0,Neither,0,0
train,AoF00727.jpg,AoF,727,0,Neither,0,0
train,AoF00728.jpg,AoF,728,0,Neither,0,0
train,AoF00729.jpg,AoF,729,0,Neither,0,0
train,AoF00730.jpg,AoF,730,0,Neither,0,0
train,AoF00732.jpg,AoF,732,0,Neither,0,0
train,AoF00733.jpg,AoF,733,0,Neither,0,0
train,AoF00734.jpg,AoF,734,0,Neither,0,0
train,AoF00736.jpg,AoF,736,0,Neither,0,0
train,AoF00737.jpg,AoF,737,0,Neither,0,0
train,AoF00738.jpg,AoF,738,0,Neither,0,0
train,AoF00739.jpg,AoF,739,0,Neither,0,0
train,AoF00740.jpg,AoF,740,0,Neither,0,0
train,AoF00741.jpg,AoF,741,0,Neither,0,0
train,AoF00742.jpg,AoF,742,0,Neither,0,0
train,AoF00743.jpg,AoF,743,0,Neither,0,0
train,AoF00744.jpg,AoF,744,0,Neither,0,0
train,AoF00745.jpg,AoF,745,0,Neither,0,0
train,AoF00746.jpg,AoF,746,0,Neither,0,0
train,AoF00750.jpg,AoF,750,0,Neither,0,0
train,AoF00751.jpg,AoF,751,0,Neither,0,0
train,AoF00752.jpg,AoF,752,0,Neither,0,0
train,AoF00753.jpg,AoF,753,0,Neither,0,0
train,AoF00755.jpg,AoF,755,0,Neither,0,0
train,AoF00756.jpg,AoF,756,0,Neither,0,0
train,AoF00757.jpg,AoF,757,0,Neither,0,0
train,AoF00758.jpg,AoF,758,0,Neither,0,0
train,AoF00759.jpg,AoF,759,0,Neither,0,0
train,AoF00760.jpg,AoF,760,0,Neither,0,0
train,AoF00762.jpg,AoF,762,0,Neither,0,0
train,AoF00763.jpg,AoF,763,0,Neither,0,0
train,AoF00764.jpg,AoF,764,0,Neither,0,0
train,AoF00765.jpg,AoF,765,0,Neither,0,0
train,AoF00766.jpg,AoF,766,0,Neither,0,0
train,AoF00767.jpg,AoF,767,0,Neither,0,0
train,AoF00769.jpg,AoF,769,0,Neither,0,0
train,AoF00770.jpg,AoF,770,0,Neither,0,0
train,AoF00771.jpg,AoF,771,0,Neither,0,0
train,AoF00772.jpg,AoF,772,0,Neither,0,0
train,AoF00773.jpg,AoF,773,0,Neither,0,0
train,AoF00774.jpg,AoF,774,0,Neither,0,0
train,AoF00775.jpg,AoF,775,0,Neither,0,0
train,AoF00777.jpg,AoF,777,0,Neither,0,0
train,AoF00778.jpg,AoF,778,0,Neither,0,0
train,AoF00779.jpg,AoF,779,0,Neither,0,0
train,AoF00780.jpg,AoF,780,0,Neither,0,0
train,AoF00781.jpg,AoF,781,0,Neither,0,0
train,AoF00782.jpg,AoF,782,0,Neither,0,0
train,AoF00783.jpg,AoF,783,0,Neither,0,0
train,AoF00785.jpg,AoF,785,0,Neither,0,0
train,AoF00786.jpg,AoF,786,0,Neither,0,0
train,AoF00789.jpg,AoF,789,0,Neither,0,0
train,AoF00790.jpg,AoF,790,0,Neither,0,0
train,AoF00791.jpg,AoF,791,0,Neither,0,0
train,AoF00792.jpg,AoF,792,0,Neither,0,0
train,AoF00793.jpg,AoF,793,0,Neither,0,0
train,AoF00794.jpg,AoF,794,0,Neither,0,0
train,AoF00795.jpg,AoF,795,0,Neither,0,0
train,AoF00796.jpg,AoF,796,0,Neither,0,0
train,AoF00797.jpg,AoF,797,0,Neither,0,0
train,AoF00798.jpg,AoF,798,0,Neither,0,0
train,AoF00799.jpg,AoF,799,0,Neither,0,0
train,AoF00800.jpg,AoF,800,0,Neither,0,0
train,AoF00801.jpg,AoF,801,0,Neither,0,0
train,AoF00802.jpg,AoF,802,0,Neither,0,0
train,AoF00803.jpg,AoF,803,0,Neither,0,0
train,AoF00805.jpg,AoF,805,0,Neither,0,0
train,AoF00806.jpg,AoF,806,0,Neither,0,0
train,AoF00807.jpg,AoF,807,0,Neither,0,0
train,AoF00808.jpg,AoF,808,0,Neither,0,0
train,AoF00809.jpg,AoF,809,0,Neither,0,0
train,AoF00810.jpg,AoF,810,0,Neither,0,0
train,AoF00811.jpg,AoF,811,0,Neither,0,0
train,AoF00812.jpg,AoF,812,0,Neither,0,0
train,AoF00813.jpg,AoF,813,0,Neither,0,0
train,AoF00814.jpg,AoF,814,0,Neither,0,0
train,AoF00815.jpg,AoF,815,0,Neither,0,0
train,AoF00816.jpg,AoF,816,0,Neither,0,0
train,AoF00817.jpg,AoF,817,0,Neither,0,0
train,AoF00818.jpg,AoF,818,0,Neither,0,0
train,AoF00819.jpg,AoF,819,0,Neither,0,0
train,AoF00820.jpg,AoF,820,0,Neither,0,0
train,AoF00821.jpg,AoF,821,0,Neither,0,0
train,AoF00823.jpg,AoF,823,0,Neither,0,0
train,AoF00825.jpg,AoF,825,0,Neither,0,0
train,AoF00826.jpg,AoF,826,0,Neither,0,0
train,AoF00827.jpg,AoF,827,0,Neither,0,0
train,AoF00828.jpg,AoF,828,0,Neither,0,0
train,AoF00829.jpg,AoF,829,0,Neither,0,0
train,AoF00831.jpg,AoF,831,0,Neither,0,0
train,AoF00832.jpg,AoF,832,0,Neither,0,0
train,AoF00833.jpg,AoF,833,0,Neither,0,0
train,AoF00834.jpg,AoF,834,0,Neither,0,0
train,AoF00838.jpg,AoF,838,0,Neither,0,0
train,AoF00839.jpg,AoF,839,0,Neither,0,0
train,AoF00840.jpg,AoF,840,0,Neither,0,0
train,AoF00841.jpg,AoF,841,0,Neither,0,0
train,AoF00842.jpg,AoF,842,0,Neither,0,0
train,AoF00843.jpg,AoF,843,0,Neither,0,0
train,AoF00844.jpg,AoF,844,0,Neither,0,0
train,AoF00845.jpg,AoF,845,0,Neither,0,0
train,AoF00846.jpg,AoF,846,0,Neither,0,0
train,AoF00848.jpg,AoF,848,0,Neither,0,0
train,AoF00849.jpg,AoF,849,0,Neither,0,0
train,AoF00852.jpg,AoF,852,0,Neither,0,0
train,AoF00853.jpg,AoF,853,0,Neither,0,0
train,AoF00854.jpg,AoF,854,0,Neither,0,0
train,AoF00858.jpg,AoF,858,0,Neither,0,0
train,AoF00860.jpg,AoF,860,0,Neither,0,0
train,AoF00861.jpg,AoF,861,0,Neither,0,0
train,AoF00862.jpg,AoF,862,0,Neither,0,0
train,AoF00863.jpg,AoF,863,0,Neither,0,0
train,AoF00864.jpg,AoF,864,0,Neither,0,0
train,AoF00865.jpg,AoF,865,0,Neither,0,0
train,AoF00866.jpg,AoF,866,0,Neither,0,0
train,AoF00867.jpg,AoF,867,0,Neither,0,0
train,AoF00868.jpg,AoF,868,0,Neither,0,0
train,AoF00869.jpg,AoF,869,0,Neither,0,0
train,AoF00870.jpg,AoF,870,0,Neither,0,0
train,AoF00871.jpg,AoF,871,0,Neither,0,0
train,AoF00872.jpg,AoF,872,0,Neither,0,0
train,AoF00873.jpg,AoF,873,0,Neither,0,0
train,AoF00874.jpg,AoF,874,0,Neither,0,0
train,AoF00875.jpg,AoF,875,0,Neither,0,0
train,AoF00876.jpg,AoF,876,0,Neither,0,0
train,AoF00877.jpg,AoF,877,0,Neither,0,0
train,AoF00878.jpg,AoF,878,0,Neither,0,0
train,AoF00879.jpg,AoF,879,0,Neither,0,0
train,AoF00880.jpg,AoF,880,0,Neither,0,0
train,AoF00881.jpg,AoF,881,0,Neither,0,0
train,AoF00882.jpg,AoF,882,0,Neither,0,0
train,AoF00883.jpg,AoF,883,0,Neither,0,0
train,AoF00884.jpg,AoF,884,0,Neither,0,0
train,AoF00885.jpg,AoF,885,0,Neither,0,0
train,AoF00886.jpg,AoF,886,0,Neither,0,0
train,AoF00887.jpg,AoF,887,0,Neither,0,0
train,AoF00888.jpg,AoF,888,0,Neither,0,0
train,AoF00890.jpg,AoF,890,0,Neither,0,0
train,AoF00891.jpg,AoF,891,0,Neither,0,0
train,AoF00892.jpg,AoF,892,0,Neither,0,0
train,AoF00893.jpg,AoF,893,0,Neither,0,0
train,AoF00894.jpg,AoF,894,0,Neither,0,0
train,AoF00896.jpg,AoF,896,0,Neither,0,0
train,AoF00899.jpg,AoF,899,0,Neither,0,0
train,AoF00901.jpg,AoF,901,0,Neither,0,0
train,AoF00902.jpg,AoF,902,0,Neither,0,0
train,AoF00903.jpg,AoF,903,0,Neither,0,0
train,AoF00904.jpg,AoF,904,0,Neither,0,0
train,AoF00905.jpg,AoF,905,0,Neither,0,0
train,AoF00906.jpg,AoF,906,0,Neither,0,0
train,AoF00908.jpg,AoF,908,0,Neither,0,0
train,AoF00909.jpg,AoF,909,0,Neither,0,0
train,AoF00910.jpg,AoF,910,0,Neither,0,0
train,AoF00915.jpg,AoF,915,0,Neither,0,0
train,AoF00917.jpg,AoF,917,0,Neither,0,0
train,AoF00919.jpg,AoF,919,0,Neither,0,0
train,AoF00921.jpg,AoF,921,0,Neither,0,0
train,AoF00922.jpg,AoF,922,0,Neither,0,0
train,AoF00924.jpg,AoF,924,0,Neither,0,0
train,AoF00925.jpg,AoF,925,0,Neither,0,0
train,AoF00926.jpg,AoF,926,0,Neither,0,0
train,AoF00927.jpg,AoF,927,0,Neither,0,0
train,AoF00929.jpg,AoF,929,0,Neither,0,0
train,AoF00931.jpg,AoF,931,0,Neither,0,0
train,AoF00932.jpg,AoF,932,0,Neither,0,0
train,AoF00933.jpg,AoF,933,0,Neither,0,0
train,AoF00934.jpg,AoF,934,0,Neither,0,0
train,AoF00936.jpg,AoF,936,0,Neither,0,0
train,AoF00937.jpg,AoF,937,0,Neither,0,0
train,AoF00939.jpg,AoF,939,0,Neither,0,0
train,AoF00940.jpg,AoF,940,0,Neither,0,0
train,AoF00941.jpg,AoF,941,0,Neither,0,0
train,AoF00942.jpg,AoF,942,0,Neither,0,0
train,AoF00943.jpg,AoF,943,0,Neither,0,0
train,AoF00944.jpg,AoF,944,0,Neither,0,0
train,AoF00945.jpg,AoF,945,0,Neither,0,0
train,AoF00947.jpg,AoF,947,0,Neither,0,0
train,AoF00948.jpg,AoF,948,0,Neither,0,0
train,AoF00949.jpg,AoF,949,0,Neither,0,0
train,AoF00950.jpg,AoF,950,0,Neither,0,0
train,AoF00951.jpg,AoF,951,0,Neither,0,0
train,AoF00952.jpg,AoF,952,0,Neither,0,0
train,AoF00953.jpg,AoF,953,0,Neither,0,0
train,AoF00955.jpg,AoF,955,0,Neither,0,0
train,AoF00956.jpg,AoF,956,0,Neither,0,0
train,AoF00957.jpg,AoF,957,0,Neither,0,0
train,AoF00959.jpg,AoF,959,0,Neither,0,0
train,AoF00960.jpg,AoF,960,0,Neither,0,0
train,AoF00961.jpg,AoF,961,0,Neither,0,0
train,AoF00962.jpg,AoF,962,0,Neither,0,0
train,AoF00963.jpg,AoF,963,0,Neither,0,0
train,AoF00964.jpg,AoF,964,0,Neither,0,0
train,AoF00965.jpg,AoF,965,0,Neither,0,0
train,AoF00966.jpg,AoF,966,0,Neither,0,0
train,AoF00967.jpg,AoF,967,0,Neither,0,0
train,AoF00968.jpg,AoF,968,0,Neither,0,0
train,AoF00969.jpg,AoF,969,0,Neither,0,0
train,AoF00970.jpg,AoF,970,0,Neither,0,0
train,AoF00971.jpg,AoF,971,0,Neither,0,0
train,AoF00972.jpg,AoF,972,0,Neither,0,0
train,AoF00973.jpg,AoF,973,0,Neither,0,0
train,AoF00974.jpg,AoF,974,0,Neither,0,0
train,AoF00975.jpg,AoF,975,0,Neither,0,0
train,AoF00977.jpg,AoF,977,0,Neither,0,0
train,AoF00978.jpg,AoF,978,0,Neither,0,0
train,AoF00980.jpg,AoF,980,0,Neither,0,0
train,AoF00981.jpg,AoF,981,0,Neither,0,0
train,AoF00982.jpg,AoF,982,0,Neither,0,0
train,AoF00983.jpg,AoF,983,0,Neither,0,0
train,AoF00984.jpg,AoF,984,0,Neither,0,0
train,AoF00985.jpg,AoF,985,0,Neither,0,0
train,AoF00986.jpg,AoF,986,0,Neither,0,0
train,AoF00987.jpg,AoF,987,0,Neither,0,0
train,AoF00988.jpg,AoF,988,0,Neither,0,0
train,AoF00989.jpg,AoF,989,0,Neither,0,0
train,AoF00990.jpg,AoF,990,0,Neither,0,0
train,AoF00991.jpg,AoF,991,0,Neither,0,0
train,AoF00992.jpg,AoF,992,0,Neither,0,0
train,AoF00993.jpg,AoF,993,0,Neither,0,0
train,AoF00994.jpg,AoF,994,0,Neither,0,0
train,AoF00996.jpg,AoF,996,0,Neither,0,0
train,AoF00997.jpg,AoF,997,0,Neither,0,0
train,AoF00998.jpg,AoF,998,0,Neither,0,0
train,AoF00999.jpg,AoF,999,0,Neither,0,0
train,AoF01000.jpg,AoF,1000,0,Neither,0,0
train,AoF01001.jpg,AoF,1001,0,Neither,0,0
train,AoF01002.jpg,AoF,1002,0,Neither,0,0
train,AoF01004.jpg,AoF,1004,0,Neither,0,0
train,AoF01006.jpg,AoF,1006,0,Neither,0,0
train,AoF01007.jpg,AoF,1007,0,Neither,0,0
train,AoF01008.jpg,AoF,1008,0,Neither,0,0
train,AoF01011.jpg,AoF,1011,0,Neither,0,0
train,AoF01012.jpg,AoF,1012,0,Neither,0,0
train,AoF01013.jpg,AoF,1013,0,Neither,0,0
train,AoF01014.jpg,AoF,1014,0,Neither,0,0
train,AoF01015.jpg,AoF,1015,0,Neither,0,0
train,AoF01016.jpg,AoF,1016,0,Neither,0,0
train,AoF01018.jpg,AoF,1018,0,Neither,0,0
train,AoF01019.jpg,AoF,1019,0,Neither,0,0
train,AoF01020.jpg,AoF,1020,0,Neither,0,0
train,AoF01021.jpg,AoF,1021,0,Neither,0,0
train,AoF01022.jpg,AoF,1022,0,Neither,0,0
train,AoF01023.jpg,AoF,1023,0,Neither,0,0
train,AoF01024.jpg,AoF,1024,0,Neither,0,0
train,AoF01025.jpg,AoF,1025,0,Neither,0,0
train,AoF01026.jpg,AoF,1026,0,Neither,0,0
train,AoF01027.jpg,AoF,1027,0,Neither,0,0
train,AoF01028.jpg,AoF,1028,0,Neither,0,0
train,AoF01029.jpg,AoF,1029,2,Only_Smoke,1,0
train,AoF01030.jpg,AoF,1030,2,Only_Smoke,1,0
train,AoF01031.jpg,AoF,1031,0,Neither,0,0
train,AoF01032.jpg,AoF,1032,0,Neither,0,0
train,AoF01033.jpg,AoF,1033,0,Neither,0,0
train,AoF01034.jpg,AoF,1034,0,Neither,0,0
train,AoF01035.jpg,AoF,1035,0,Neither,0,0
train,AoF01037.jpg,AoF,1037,0,Neither,0,0
train,AoF01038.jpg,AoF,1038,0,Neither,0,0
train,AoF01039.jpg,AoF,1039,0,Neither,0,0
train,AoF01041.jpg,AoF,1041,0,Neither,0,0
train,AoF01042.jpg,AoF,1042,0,Neither,0,0
train,AoF01043.jpg,AoF,1043,0,Neither,0,0
train,AoF01044.jpg,AoF,1044,0,Neither,0,0
train,AoF01046.jpg,AoF,1046,0,Neither,0,0
train,AoF01047.jpg,AoF,1047,0,Neither,0,0
train,AoF01048.jpg,AoF,1048,0,Neither,0,0
train,AoF01049.jpg,AoF,1049,0,Neither,0,0
train,AoF01050.jpg,AoF,1050,0,Neither,0,0
train,AoF01052.jpg,AoF,1052,0,Neither,0,0
train,AoF01056.jpg,AoF,1056,0,Neither,0,0
train,AoF01057.jpg,AoF,1057,0,Neither,0,0
train,AoF01058.jpg,AoF,1058,0,Neither,0,0
train,AoF01059.jpg,AoF,1059,0,Neither,0,0
train,AoF01060.jpg,AoF,1060,0,Neither,0,0
train,AoF01061.jpg,AoF,1061,0,Neither,0,0
train,AoF01062.jpg,AoF,1062,0,Neither,0,0
train,AoF01063.jpg,AoF,1063,0,Neither,0,0
train,AoF01064.jpg,AoF,1064,0,Neither,0,0
train,AoF01065.jpg,AoF,1065,0,Neither,0,0
train,AoF01066.jpg,AoF,1066,0,Neither,0,0
train,AoF01068.jpg,AoF,1068,0,Neither,0,0
train,AoF01069.jpg,AoF,1069,0,Neither,0,0
train,AoF01070.jpg,AoF,1070,0,Neither,0,0
train,AoF01071.jpg,AoF,1071,0,Neither,0,0
train,AoF01072.jpg,AoF,1072,0,Neither,0,0
train,AoF01073.jpg,AoF,1073,0,Neither,0,0
train,AoF01074.jpg,AoF,1074,0,Neither,0,0
train,AoF01076.jpg,AoF,1076,0,Neither,0,0
train,AoF01077.jpg,AoF,1077,0,Neither,0,0
train,AoF01078.jpg,AoF,1078,0,Neither,0,0
train,AoF01079.jpg,AoF,1079,0,Neither,0,0
train,AoF01080.jpg,AoF,1080,0,Neither,0,0
train,AoF01081.jpg,AoF,1081,0,Neither,0,0
train,AoF01082.jpg,AoF,1082,0,Neither,0,0
train,AoF01083.jpg,AoF,1083,0,Neither,0,0
train,AoF01084.jpg,AoF,1084,0,Neither,0,0
train,AoF01086.jpg,AoF,1086,0,Neither,0,0
train,AoF01088.jpg,AoF,1088,0,Neither,0,0
train,AoF01089.jpg,AoF,1089,0,Neither,0,0
train,AoF01090.jpg,AoF,1090,0,Neither,0,0
train,AoF01091.jpg,AoF,1091,0,Neither,0,0
train,AoF01092.jpg,AoF,1092,0,Neither,0,0
train,AoF01093.jpg,AoF,1093,0,Neither,0,0
train,AoF01094.jpg,AoF,1094,0,Neither,0,0
train,AoF01095.jpg,AoF,1095,0,Neither,0,0
train,AoF01096.jpg,AoF,1096,0,Neither,0,0
train,AoF01097.jpg,AoF,1097,0,Neither,0,0
train,AoF01098.jpg,AoF,1098,0,Neither,0,0
train,AoF01100.jpg,AoF,1100,0,Neither,0,0
train,AoF01101.jpg,AoF,1101,0,Neither,0,0
train,AoF01102.jpg,AoF,1102,0,Neither,0,0
train,AoF01103.jpg,AoF,1103,0,Neither,0,0
train,AoF01104.jpg,AoF,1104,0,Neither,0,0
train,AoF01105.jpg,AoF,1105,0,Neither,0,0
train,AoF01106.jpg,AoF,1106,0,Neither,0,0
train,AoF01107.jpg,AoF,1107,0,Neither,0,0
train,AoF01108.jpg,AoF,1108,0,Neither,0,0
train,AoF01109.jpg,AoF,1109,0,Neither,0,0
train,AoF01110.jpg,AoF,1110,0,Neither,0,0
train,AoF01112.jpg,AoF,1112,0,Neither,0,0
train,AoF01113.jpg,AoF,1113,0,Neither,0,0
train,AoF01116.jpg,AoF,1116,0,Neither,0,0
train,AoF01117.jpg,AoF,1117,0,Neither,0,0
train,AoF01118.jpg,AoF,1118,0,Neither,0,0
train,AoF01119.jpg,AoF,1119,0,Neither,0,0
train,AoF01121.jpg,AoF,1121,0,Neither,0,0
train,AoF01122.jpg,AoF,1122,0,Neither,0,0
train,AoF01123.jpg,AoF,1123,0,Neither,0,0
train,AoF01125.jpg,AoF,1125,0,Neither,0,0
train,AoF01127.jpg,AoF,1127,0,Neither,0,0
train,AoF01128.jpg,AoF,1128,0,Neither,0,0
train,AoF01130.jpg,AoF,1130,0,Neither,0,0
train,AoF01132.jpg,AoF,1132,0,Neither,0,0
train,AoF01133.jpg,AoF,1133,0,Neither,0,0
train,AoF01134.jpg,AoF,1134,0,Neither,0,0
train,AoF01135.jpg,AoF,1135,0,Neither,0,0
train,AoF01136.jpg,AoF,1136,0,Neither,0,0
train,AoF01137.jpg,AoF,1137,0,Neither,0,0
train,AoF01138.jpg,AoF,1138,0,Neither,0,0
train,AoF01139.jpg,AoF,1139,0,Neither,0,0
train,AoF01141.jpg,AoF,1141,0,Neither,0,0
train,AoF01142.jpg,AoF,1142,0,Neither,0,0
train,AoF01143.jpg,AoF,1143,0,Neither,0,0
train,AoF01144.jpg,AoF,1144,0,Neither,0,0
train,AoF01146.jpg,AoF,1146,0,Neither,0,0
train,AoF01148.jpg,AoF,1148,0,Neither,0,0
train,AoF01150.jpg,AoF,1150,0,Neither,0,0
train,AoF01151.jpg,AoF,1151,0,Neither,0,0
train,AoF01152.jpg,AoF,1152,0,Neither,0,0
train,AoF01153.jpg,AoF,1153,0,Neither,0,0
train,AoF01154.jpg,AoF,1154,0,Neither,0,0
train,AoF01156.jpg,AoF,1156,0,Neither,0,0
train,AoF01158.jpg,AoF,1158,0,Neither,0,0
train,AoF01159.jpg,AoF,1159,0,Neither,0,0
train,AoF01160.jpg,AoF,1160,0,Neither,0,0
train,AoF01161.jpg,AoF,1161,0,Neither,0,0
train,AoF01162.jpg,AoF,1162,0,Neither,0,0
train,AoF01165.jpg,AoF,1165,0,Neither,0,0
train,AoF01166.jpg,AoF,1166,2,Only_Smoke,1,0
train,AoF01167.jpg,AoF,1167,0,Neither,0,0
train,AoF01168.jpg,AoF,1168,0,Neither,0,0
train,AoF01170.jpg,AoF,1170,0,Neither,0,0
train,AoF01171.jpg,AoF,1171,0,Neither,0,0
train,AoF01172.jpg,AoF,1172,0,Neither,0,0
train,AoF01173.jpg,AoF,1173,0,Neither,0,0
train,AoF01174.jpg,AoF,1174,0,Neither,0,0
train,AoF01175.jpg,AoF,1175,0,Neither,0,0
train,AoF01176.jpg,AoF,1176,0,Neither,0,0
train,AoF01177.jpg,AoF,1177,0,Neither,0,0
train,AoF01178.jpg,AoF,1178,0,Neither,0,0
train,AoF01179.jpg,AoF,1179,0,Neither,0,0
train,AoF01180.jpg,AoF,1180,0,Neither,0,0
train,AoF01182.jpg,AoF,1182,0,Neither,0,0
train,AoF01183.jpg,AoF,1183,0,Neither,0,0
train,AoF01185.jpg,AoF,1185,0,Neither,0,0
train,AoF01187.jpg,AoF,1187,0,Neither,0,0
train,AoF01188.jpg,AoF,1188,0,Neither,0,0
train,AoF01189.jpg,AoF,1189,0,Neither,0,0
train,AoF01191.jpg,AoF,1191,0,Neither,0,0
train,AoF01192.jpg,AoF,1192,0,Neither,0,0
train,AoF01194.jpg,AoF,1194,0,Neither,0,0
train,AoF01196.jpg,AoF,1196,0,Neither,0,0
train,AoF01197.jpg,AoF,1197,0,Neither,0,0
train,AoF01198.jpg,AoF,1198,0,Neither,0,0
train,AoF01199.jpg,AoF,1199,0,Neither,0,0
train,AoF01200.jpg,AoF,1200,0,Neither,0,0
train,AoF01201.jpg,AoF,1201,0,Neither,0,0
train,AoF01202.jpg,AoF,1202,0,Neither,0,0
train,AoF01203.jpg,AoF,1203,0,Neither,0,0
train,AoF01205.jpg,AoF,1205,0,Neither,0,0
train,AoF01206.jpg,AoF,1206,0,Neither,0,0
train,AoF01207.jpg,AoF,1207,0,Neither,0,0
train,AoF01208.jpg,AoF,1208,0,Neither,0,0
train,AoF01209.jpg,AoF,1209,0,Neither,0,0
train,AoF01210.jpg,AoF,1210,0,Neither,0,0
train,AoF01211.jpg,AoF,1211,0,Neither,0,0
train,AoF01212.jpg,AoF,1212,0,Neither,0,0
train,AoF01213.jpg,AoF,1213,0,Neither,0,0
train,AoF01214.jpg,AoF,1214,0,Neither,0,0
train,AoF01215.jpg,AoF,1215,0,Neither,0,0
train,AoF01216.jpg,AoF,1216,0,Neither,0,0
train,AoF01217.jpg,AoF,1217,0,Neither,0,0
train,AoF01219.jpg,AoF,1219,0,Neither,0,0
train,AoF01220.jpg,AoF,1220,0,Neither,0,0
train,AoF01221.jpg,AoF,1221,0,Neither,0,0
train,AoF01222.jpg,AoF,1222,0,Neither,0,0
train,AoF01223.jpg,AoF,1223,0,Neither,0,0
train,AoF01225.jpg,AoF,1225,0,Neither,0,0
train,AoF01226.jpg,AoF,1226,0,Neither,0,0
train,AoF01227.jpg,AoF,1227,0,Neither,0,0
train,AoF01228.jpg,AoF,1228,0,Neither,0,0
train,AoF01229.jpg,AoF,1229,0,Neither,0,0
train,AoF01230.jpg,AoF,1230,0,Neither,0,0
train,AoF01231.jpg,AoF,1231,0,Neither,0,0
train,AoF01232.jpg,AoF,1232,0,Neither,0,0
train,AoF01233.jpg,AoF,1233,0,Neither,0,0
train,AoF01234.jpg,AoF,1234,0,Neither,0,0
train,AoF01235.jpg,AoF,1235,0,Neither,0,0
train,AoF01236.jpg,AoF,1236,0,Neither,0,0
train,AoF01237.jpg,AoF,1237,0,Neither,0,0
train,AoF01238.jpg,AoF,1238,0,Neither,0,0
train,AoF01239.jpg,AoF,1239,0,Neither,0,0
train,AoF01240.jpg,AoF,1240,0,Neither,0,0
train,AoF01241.jpg,AoF,1241,0,Neither,0,0
train,AoF01242.jpg,AoF,1242,0,Neither,0,0
train,AoF01243.jpg,AoF,1243,0,Neither,0,0
train,AoF01244.jpg,AoF,1244,0,Neither,0,0
train,AoF01246.jpg,AoF,1246,0,Neither,0,0
train,AoF01247.jpg,AoF,1247,0,Neither,0,0
train,AoF01248.jpg,AoF,1248,0,Neither,0,0
train,AoF01249.jpg,AoF,1249,0,Neither,0,0
train,AoF01250.jpg,AoF,1250,0,Neither,0,0
train,AoF01251.jpg,AoF,1251,0,Neither,0,0
train,AoF01252.jpg,AoF,1252,0,Neither,0,0
train,AoF01253.jpg,AoF,1253,0,Neither,0,0
train,AoF01254.jpg,AoF,1254,0,Neither,0,0
train,AoF01255.jpg,AoF,1255,0,Neither,0,0
train,AoF01256.jpg,AoF,1256,0,Neither,0,0
train,AoF01257.jpg,AoF,1257,0,Neither,0,0
train,AoF01258.jpg,AoF,1258,0,Neither,0,0
train,AoF01259.jpg,AoF,1259,0,Neither,0,0
train,AoF01260.jpg,AoF,1260,0,Neither,0,0
train,AoF01261.jpg,AoF,1261,0,Neither,0,0
train,AoF01262.jpg,AoF,1262,0,Neither,0,0
train,AoF01263.jpg,AoF,1263,0,Neither,0,0
train,AoF01264.jpg,AoF,1264,0,Neither,0,0
train,AoF01266.jpg,AoF,1266,0,Neither,0,0
train,AoF01268.jpg,AoF,1268,0,Neither,0,0
train,AoF01269.jpg,AoF,1269,0,Neither,0,0
train,AoF01270.jpg,AoF,1270,0,Neither,0,0
train,AoF01271.jpg,AoF,1271,0,Neither,0,0
train,AoF01272.jpg,AoF,1272,0,Neither,0,0
train,AoF01275.jpg,AoF,1275,0,Neither,0,0
train,AoF01276.jpg,AoF,1276,0,Neither,0,0
train,AoF01278.jpg,AoF,1278,0,Neither,0,0
train,AoF01279.jpg,AoF,1279,0,Neither,0,0
train,AoF01280.jpg,AoF,1280,0,Neither,0,0
train,AoF01281.jpg,AoF,1281,0,Neither,0,0
train,AoF01283.jpg,AoF,1283,0,Neither,0,0
train,AoF01284.jpg,AoF,1284,0,Neither,0,0
train,AoF01285.jpg,AoF,1285,0,Neither,0,0
train,AoF01287.jpg,AoF,1287,0,Neither,0,0
train,AoF01288.jpg,AoF,1288,0,Neither,0,0
train,AoF01289.jpg,AoF,1289,0,Neither,0,0
train,AoF01290.jpg,AoF,1290,0,Neither,0,0
train,AoF01291.jpg,AoF,1291,0,Neither,0,0
train,AoF01292.jpg,AoF,1292,0,Neither,0,0
train,AoF01293.jpg,AoF,1293,0,Neither,0,0
train,AoF01295.jpg,AoF,1295,0,Neither,0,0
train,AoF01297.jpg,AoF,1297,0,Neither,0,0
train,AoF01298.jpg,AoF,1298,0,Neither,0,0
train,AoF01299.jpg,AoF,1299,0,Neither,0,0
train,AoF01300.jpg,AoF,1300,0,Neither,0,0
train,AoF01301.jpg,AoF,1301,0,Neither,0,0
train,AoF01302.jpg,AoF,1302,0,Neither,0,0
train,AoF01303.jpg,AoF,1303,0,Neither,0,0
train,AoF01304.jpg,AoF,1304,0,Neither,0,0
train,AoF01306.jpg,AoF,1306,0,Neither,0,0
train,AoF01307.jpg,AoF,1307,0,Neither,0,0
train,AoF01308.jpg,AoF,1308,0,Neither,0,0
train,AoF01309.jpg,AoF,1309,0,Neither,0,0
train,AoF01310.jpg,AoF,1310,0,Neither,0,0
train,AoF01311.jpg,AoF,1311,0,Neither,0,0
train,AoF01312.jpg,AoF,1312,0,Neither,0,0
train,AoF01313.jpg,AoF,1313,0,Neither,0,0
train,AoF01314.jpg,AoF,1314,0,Neither,0,0
train,AoF01315.jpg,AoF,1315,0,Neither,0,0
train,AoF01316.jpg,AoF,1316,0,Neither,0,0
train,AoF01318.jpg,AoF,1318,0,Neither,0,0
train,AoF01320.jpg,AoF,1320,0,Neither,0,0
train,AoF01321.jpg,AoF,1321,0,Neither,0,0
train,AoF01322.jpg,AoF,1322,0,Neither,0,0
train,AoF01323.jpg,AoF,1323,0,Neither,0,0
train,AoF01324.jpg,AoF,1324,0,Neither,0,0
train,AoF01325.jpg,AoF,1325,0,Neither,0,0
train,AoF01326.jpg,AoF,1326,0,Neither,0,0
train,AoF01327.jpg,AoF,1327,0,Neither,0,0
train,AoF01328.jpg,AoF,1328,0,Neither,0,0
train,AoF01329.jpg,AoF,1329,0,Neither,0,0
train,AoF01330.jpg,AoF,1330,0,Neither,0,0
train,AoF01331.jpg,AoF,1331,0,Neither,0,0
train,AoF01332.jpg,AoF,1332,0,Neither,0,0
train,AoF01333.jpg,AoF,1333,0,Neither,0,0
train,AoF01334.jpg,AoF,1334,0,Neither,0,0
train,AoF01335.jpg,AoF,1335,0,Neither,0,0
train,AoF01336.jpg,AoF,1336,0,Neither,0,0
train,AoF01337.jpg,AoF,1337,0,Neither,0,0
train,AoF01340.jpg,AoF,1340,0,Neither,0,0
train,AoF01341.jpg,AoF,1341,0,Neither,0,0
train,AoF01342.jpg,AoF,1342,0,Neither,0,0
train,AoF01344.jpg,AoF,1344,0,Neither,0,0
train,AoF01345.jpg,AoF,1345,0,Neither,0,0
train,AoF01346.jpg,AoF,1346,0,Neither,0,0
train,AoF01347.jpg,AoF,1347,0,Neither,0,0
train,AoF01348.jpg,AoF,1348,0,Neither,0,0
train,AoF01349.jpg,AoF,1349,0,Neither,0,0
train,AoF01350.jpg,AoF,1350,0,Neither,0,0
train,AoF01351.jpg,AoF,1351,0,Neither,0,0
train,AoF01352.jpg,AoF,1352,0,Neither,0,0
train,AoF01353.jpg,AoF,1353,0,Neither,0,0
train,AoF01355.jpg,AoF,1355,0,Neither,0,0
train,AoF01356.jpg,AoF,1356,0,Neither,0,0
train,AoF01357.jpg,AoF,1357,0,Neither,0,0
train,AoF01358.jpg,AoF,1358,0,Neither,0,0
train,AoF01359.jpg,AoF,1359,0,Neither,0,0
train,AoF01360.jpg,AoF,1360,0,Neither,0,0
train,AoF01362.jpg,AoF,1362,0,Neither,0,0
train,AoF01363.jpg,AoF,1363,0,Neither,0,0
train,AoF01364.jpg,AoF,1364,0,Neither,0,0
train,AoF01365.jpg,AoF,1365,0,Neither,0,0
train,AoF01366.jpg,AoF,1366,0,Neither,0,0
train,AoF01367.jpg,AoF,1367,0,Neither,0,0
train,AoF01368.jpg,AoF,1368,0,Neither,0,0
train,AoF01369.jpg,AoF,1369,0,Neither,0,0
train,AoF01370.jpg,AoF,1370,0,Neither,0,0
train,AoF01371.jpg,AoF,1371,0,Neither,0,0
train,AoF01372.jpg,AoF,1372,0,Neither,0,0
train,AoF01373.jpg,AoF,1373,0,Neither,0,0
train,AoF01374.jpg,AoF,1374,0,Neither,0,0
train,AoF01375.jpg,AoF,1375,0,Neither,0,0
train,AoF01376.jpg,AoF,1376,0,Neither,0,0
train,AoF01378.jpg,AoF,1378,0,Neither,0,0
train,AoF01379.jpg,AoF,1379,0,Neither,0,0
train,AoF01380.jpg,AoF,1380,0,Neither,0,0
train,AoF01381.jpg,AoF,1381,0,Neither,0,0
train,AoF01382.jpg,AoF,1382,0,Neither,0,0
train,AoF01384.jpg,AoF,1384,0,Neither,0,0
train,AoF01386.jpg,AoF,1386,0,Neither,0,0
train,AoF01388.jpg,AoF,1388,0,Neither,0,0
train,AoF01390.jpg,AoF,1390,0,Neither,0,0
train,AoF01391.jpg,AoF,1391,0,Neither,0,0
train,AoF01392.jpg,AoF,1392,0,Neither,0,0
train,AoF01393.jpg,AoF,1393,0,Neither,0,0
train,AoF01394.jpg,AoF,1394,0,Neither,0,0
train,AoF01396.jpg,AoF,1396,0,Neither,0,0
train,AoF01397.jpg,AoF,1397,0,Neither,0,0
train,AoF01398.jpg,AoF,1398,0,Neither,0,0
train,AoF01399.jpg,AoF,1399,0,Neither,0,0
train,AoF01400.jpg,AoF,1400,0,Neither,0,0
train,AoF01401.jpg,AoF,1401,0,Neither,0,0
train,AoF01403.jpg,AoF,1403,0,Neither,0,0
train,AoF01404.jpg,AoF,1404,0,Neither,0,0
train,AoF01405.jpg,AoF,1405,0,Neither,0,0
train,AoF01407.jpg,AoF,1407,0,Neither,0,0
train,AoF01408.jpg,AoF,1408,0,Neither,0,0
train,AoF01409.jpg,AoF,1409,0,Neither,0,0
train,AoF01411.jpg,AoF,1411,0,Neither,0,0
train,AoF01412.jpg,AoF,1412,0,Neither,0,0
train,AoF01413.jpg,AoF,1413,0,Neither,0,0
train,AoF01414.jpg,AoF,1414,0,Neither,0,0
train,AoF01415.jpg,AoF,1415,0,Neither,0,0
train,AoF01416.jpg,AoF,1416,0,Neither,0,0
train,AoF01417.jpg,AoF,1417,0,Neither,0,0
train,AoF01419.jpg,AoF,1419,0,Neither,0,0
train,AoF01420.jpg,AoF,1420,0,Neither,0,0
train,AoF01421.jpg,AoF,1421,0,Neither,0,0
train,AoF01422.jpg,AoF,1422,0,Neither,0,0
train,AoF01423.jpg,AoF,1423,0,Neither,0,0
train,AoF01424.jpg,AoF,1424,0,Neither,0,0
train,AoF01425.jpg,AoF,1425,0,Neither,0,0
train,AoF01426.jpg,AoF,1426,0,Neither,0,0
train,AoF01427.jpg,AoF,1427,0,Neither,0,0
train,AoF01428.jpg,AoF,1428,0,Neither,0,0
train,AoF01430.jpg,AoF,1430,0,Neither,0,0
train,AoF01431.jpg,AoF,1431,0,Neither,0,0
train,AoF01432.jpg,AoF,1432,0,Neither,0,0
train,AoF01434.jpg,AoF,1434,0,Neither,0,0
train,AoF01435.jpg,AoF,1435,0,Neither,0,0
train,AoF01436.jpg,AoF,1436,0,Neither,0,0
train,AoF01437.jpg,AoF,1437,0,Neither,0,0
train,AoF01438.jpg,AoF,1438,0,Neither,0,0
train,AoF01439.jpg,AoF,1439,0,Neither,0,0
train,AoF01440.jpg,AoF,1440,0,Neither,0,0
train,AoF01441.jpg,AoF,1441,0,Neither,0,0
train,AoF01442.jpg,AoF,1442,0,Neither,0,0
train,AoF01443.jpg,AoF,1443,0,Neither,0,0
train,AoF01444.jpg,AoF,1444,0,Neither,0,0
train,AoF01445.jpg,AoF,1445,0,Neither,0,0
train,AoF01447.jpg,AoF,1447,0,Neither,0,0
train,AoF01448.jpg,AoF,1448,0,Neither,0,0
train,AoF01449.jpg,AoF,1449,0,Neither,0,0
train,AoF01450.jpg,AoF,1450,0,Neither,0,0
train,AoF01451.jpg,AoF,1451,0,Neither,0,0
train,AoF01453.jpg,AoF,1453,0,Neither,0,0
train,AoF01454.jpg,AoF,1454,0,Neither,0,0
train,AoF01455.jpg,AoF,1455,0,Neither,0,0
train,AoF01456.jpg,AoF,1456,0,Neither,0,0
train,AoF01457.jpg,AoF,1457,0,Neither,0,0
train,AoF01459.jpg,AoF,1459,0,Neither,0,0
train,AoF01460.jpg,AoF,1460,0,Neither,0,0
train,AoF01461.jpg,AoF,1461,0,Neither,0,0
train,AoF01462.jpg,AoF,1462,0,Neither,0,0
train,AoF01464.jpg,AoF,1464,0,Neither,0,0
train,AoF01466.jpg,AoF,1466,0,Neither,0,0
train,AoF01468.jpg,AoF,1468,0,Neither,0,0
train,AoF01470.jpg,AoF,1470,0,Neither,0,0
train,AoF01471.jpg,AoF,1471,0,Neither,0,0
train,AoF01472.jpg,AoF,1472,0,Neither,0,0
train,AoF01473.jpg,AoF,1473,0,Neither,0,0
train,AoF01474.jpg,AoF,1474,0,Neither,0,0
train,AoF01475.jpg,AoF,1475,0,Neither,0,0
train,AoF01476.jpg,AoF,1476,0,Neither,0,0
train,AoF01477.jpg,AoF,1477,0,Neither,0,0
train,AoF01478.jpg,AoF,1478,0,Neither,0,0
train,AoF01479.jpg,AoF,1479,0,Neither,0,0
train,AoF01480.jpg,AoF,1480,0,Neither,0,0
train,AoF01481.jpg,AoF,1481,0,Neither,0,0
train,AoF01482.jpg,AoF,1482,0,Neither,0,0
train,AoF01483.jpg,AoF,1483,0,Neither,0,0
train,AoF01484.jpg,AoF,1484,0,Neither,0,0
train,AoF01485.jpg,AoF,1485,0,Neither,0,0
train,AoF01486.jpg,AoF,1486,0,Neither,0,0
train,AoF01488.jpg,AoF,1488,0,Neither,0,0
train,AoF01489.jpg,AoF,1489,0,Neither,0,0
train,AoF01490.jpg,AoF,1490,0,Neither,0,0
train,AoF01491.jpg,AoF,1491,0,Neither,0,0
train,AoF01492.jpg,AoF,1492,0,Neither,0,0
train,AoF01493.jpg,AoF,1493,0,Neither,0,0
train,AoF01496.jpg,AoF,1496,0,Neither,0,0
train,AoF01497.jpg,AoF,1497,0,Neither,0,0
train,AoF01498.jpg,AoF,1498,0,Neither,0,0
train,AoF01500.jpg,AoF,1500,0,Neither,0,0
train,AoF01501.jpg,AoF,1501,0,Neither,0,0
train,AoF01502.jpg,AoF,1502,0,Neither,0,0
train,AoF01503.jpg,AoF,1503,0,Neither,0,0
train,AoF01504.jpg,AoF,1504,0,Neither,0,0
train,AoF01505.jpg,AoF,1505,0,Neither,0,0
train,AoF01506.jpg,AoF,1506,0,Neither,0,0
train,AoF01507.jpg,AoF,1507,0,Neither,0,0
train,AoF01508.jpg,AoF,1508,0,Neither,0,0
train,AoF01509.jpg,AoF,1509,0,Neither,0,0
train,AoF01510.jpg,AoF,1510,0,Neither,0,0
train,AoF01511.jpg,AoF,1511,0,Neither,0,0
train,AoF01512.jpg,AoF,1512,0,Neither,0,0
train,AoF01513.jpg,AoF,1513,0,Neither,0,0
train,AoF01514.jpg,AoF,1514,0,Neither,0,0
train,AoF01515.jpg,AoF,1515,0,Neither,0,0
train,AoF01516.jpg,AoF,1516,0,Neither,0,0
train,AoF01517.jpg,AoF,1517,0,Neither,0,0
train,AoF01519.jpg,AoF,1519,0,Neither,0,0
train,AoF01520.jpg,AoF,1520,0,Neither,0,0
train,AoF01521.jpg,AoF,1521,0,Neither,0,0
train,AoF01522.jpg,AoF,1522,0,Neither,0,0
train,AoF01523.jpg,AoF,1523,0,Neither,0,0
train,AoF01524.jpg,AoF,1524,0,Neither,0,0
train,AoF01525.jpg,AoF,1525,0,Neither,0,0
train,AoF01526.jpg,AoF,1526,0,Neither,0,0
train,AoF01527.jpg,AoF,1527,0,Neither,0,0
train,AoF01528.jpg,AoF,1528,0,Neither,0,0
train,AoF01530.jpg,AoF,1530,0,Neither,0,0
train,AoF01531.jpg,AoF,1531,0,Neither,0,0
train,AoF01532.jpg,AoF,1532,0,Neither,0,0
train,AoF01533.jpg,AoF,1533,0,Neither,0,0
train,AoF01534.jpg,AoF,1534,0,Neither,0,0
train,AoF01535.jpg,AoF,1535,0,Neither,0,0
train,AoF01536.jpg,AoF,1536,0,Neither,0,0
train,AoF01538.jpg,AoF,1538,0,Neither,0,0
train,AoF01540.jpg,AoF,1540,0,Neither,0,0
train,AoF01541.jpg,AoF,1541,0,Neither,0,0
train,AoF01542.jpg,AoF,1542,0,Neither,0,0
train,AoF01543.jpg,AoF,1543,0,Neither,0,0
train,AoF01544.jpg,AoF,1544,0,Neither,0,0
train,AoF01545.jpg,AoF,1545,0,Neither,0,0
train,AoF01549.jpg,AoF,1549,0,Neither,0,0
train,AoF01550.jpg,AoF,1550,0,Neither,0,0
train,AoF01552.jpg,AoF,1552,0,Neither,0,0
train,AoF01553.jpg,AoF,1553,0,Neither,0,0
train,AoF01554.jpg,AoF,1554,0,Neither,0,0
train,AoF01556.jpg,AoF,1556,0,Neither,0,0
train,AoF01557.jpg,AoF,1557,0,Neither,0,0
train,AoF01559.jpg,AoF,1559,0,Neither,0,0
train,AoF01561.jpg,AoF,1561,0,Neither,0,0
train,AoF01563.jpg,AoF,1563,0,Neither,0,0
train,AoF01564.jpg,AoF,1564,0,Neither,0,0
train,AoF01565.jpg,AoF,1565,0,Neither,0,0
train,AoF01566.jpg,AoF,1566,0,Neither,0,0
train,AoF01567.jpg,AoF,1567,0,Neither,0,0
train,AoF01568.jpg,AoF,1568,0,Neither,0,0
train,AoF01569.jpg,AoF,1569,0,Neither,0,0
train,AoF01571.jpg,AoF,1571,0,Neither,0,0
train,AoF01572.jpg,AoF,1572,0,Neither,0,0
train,AoF01573.jpg,AoF,1573,0,Neither,0,0
train,AoF01574.jpg,AoF,1574,0,Neither,0,0
train,AoF01575.jpg,AoF,1575,0,Neither,0,0
train,AoF01576.jpg,AoF,1576,0,Neither,0,0
train,AoF01577.jpg,AoF,1577,0,Neither,0,0
train,AoF01579.jpg,AoF,1579,0,Neither,0,0
train,AoF01582.jpg,AoF,1582,0,Neither,0,0
train,AoF01584.jpg,AoF,1584,0,Neither,0,0
train,AoF01585.jpg,AoF,1585,0,Neither,0,0
train,AoF01586.jpg,AoF,1586,0,Neither,0,0
train,AoF01587.jpg,AoF,1587,0,Neither,0,0
train,AoF01588.jpg,AoF,1588,0,Neither,0,0
train,AoF01589.jpg,AoF,1589,0,Neither,0,0
train,AoF01590.jpg,AoF,1590,0,Neither,0,0
train,AoF01592.jpg,AoF,1592,0,Neither,0,0
train,AoF01593.jpg,AoF,1593,0,Neither,0,0
train,AoF01595.jpg,AoF,1595,0,Neither,0,0
train,AoF01596.jpg,AoF,1596,0,Neither,0,0
train,AoF01597.jpg,AoF,1597,0,Neither,0,0
train,AoF01598.jpg,AoF,1598,0,Neither,0,0
train,AoF01599.jpg,AoF,1599,0,Neither,0,0
train,AoF01600.jpg,AoF,1600,0,Neither,0,0
train,AoF01601.jpg,AoF,1601,0,Neither,0,0
train,AoF01602.jpg,AoF,1602,0,Neither,0,0
train,AoF01603.jpg,AoF,1603,0,Neither,0,0
train,AoF01604.jpg,AoF,1604,0,Neither,0,0
train,AoF01605.jpg,AoF,1605,0,Neither,0,0
train,AoF01606.jpg,AoF,1606,0,Neither,0,0
train,AoF01607.jpg,AoF,1607,0,Neither,0,0
train,AoF01608.jpg,AoF,1608,0,Neither,0,0
train,AoF01609.jpg,AoF,1609,0,Neither,0,0
train,AoF01610.jpg,AoF,1610,0,Neither,0,0
train,AoF01612.jpg,AoF,1612,0,Neither,0,0
train,AoF01613.jpg,AoF,1613,0,Neither,0,0
train,AoF01614.jpg,AoF,1614,0,Neither,0,0
train,AoF01615.jpg,AoF,1615,0,Neither,0,0
train,AoF01616.jpg,AoF,1616,0,Neither,0,0
train,AoF01617.jpg,AoF,1617,0,Neither,0,0
train,AoF01618.jpg,AoF,1618,0,Neither,0,0
train,AoF01619.jpg,AoF,1619,0,Neither,0,0
train,AoF01620.jpg,AoF,1620,0,Neither,0,0
train,AoF01621.jpg,AoF,1621,0,Neither,0,0
train,AoF01624.jpg,AoF,1624,0,Neither,0,0
train,AoF01625.jpg,AoF,1625,0,Neither,0,0
train,AoF01626.jpg,AoF,1626,0,Neither,0,0
train,AoF01627.jpg,AoF,1627,0,Neither,0,0
train,AoF01628.jpg,AoF,1628,0,Neither,0,0
train,AoF01629.jpg,AoF,1629,0,Neither,0,0
train,AoF01630.jpg,AoF,1630,0,Neither,0,0
train,AoF01631.jpg,AoF,1631,0,Neither,0,0
train,AoF01633.jpg,AoF,1633,0,Neither,0,0
train,AoF01634.jpg,AoF,1634,0,Neither,0,0
train,AoF01635.jpg,AoF,1635,0,Neither,0,0
train,AoF01636.jpg,AoF,1636,0,Neither,0,0
train,AoF01637.jpg,AoF,1637,0,Neither,0,0
train,AoF01638.jpg,AoF,1638,0,Neither,0,0
train,AoF01639.jpg,AoF,1639,0,Neither,0,0
train,AoF01642.jpg,AoF,1642,0,Neither,0,0
train,AoF01644.jpg,AoF,1644,0,Neither,0,0
train,AoF01645.jpg,AoF,1645,0,Neither,0,0
train,AoF01646.jpg,AoF,1646,0,Neither,0,0
train,AoF01647.jpg,AoF,1647,0,Neither,0,0
train,AoF01649.jpg,AoF,1649,0,Neither,0,0
train,AoF01650.jpg,AoF,1650,0,Neither,0,0
train,AoF01651.jpg,AoF,1651,0,Neither,0,0
train,AoF01652.jpg,AoF,1652,0,Neither,0,0
train,AoF01653.jpg,AoF,1653,0,Neither,0,0
train,AoF01655.jpg,AoF,1655,0,Neither,0,0
train,AoF01657.jpg,AoF,1657,0,Neither,0,0
train,AoF01658.jpg,AoF,1658,0,Neither,0,0
train,AoF01660.jpg,AoF,1660,0,Neither,0,0
train,AoF01661.jpg,AoF,1661,0,Neither,0,0
train,AoF01665.jpg,AoF,1665,0,Neither,0,0
train,AoF01667.jpg,AoF,1667,0,Neither,0,0
train,AoF01668.jpg,AoF,1668,0,Neither,0,0
train,AoF01669.jpg,AoF,1669,0,Neither,0,0
train,AoF01670.jpg,AoF,1670,0,Neither,0,0
train,AoF01671.jpg,AoF,1671,0,Neither,0,0
train,AoF01672.jpg,AoF,1672,0,Neither,0,0
train,AoF01673.jpg,AoF,1673,0,Neither,0,0
train,AoF01674.jpg,AoF,1674,0,Neither,0,0
train,AoF01675.jpg,AoF,1675,0,Neither,0,0
train,AoF01678.jpg,AoF,1678,0,Neither,0,0
train,AoF01679.jpg,AoF,1679,0,Neither,0,0
train,AoF01680.jpg,AoF,1680,0,Neither,0,0
train,AoF01681.jpg,AoF,1681,0,Neither,0,0
train,AoF01682.jpg,AoF,1682,0,Neither,0,0
train,AoF01683.jpg,AoF,1683,0,Neither,0,0
train,AoF01684.jpg,AoF,1684,0,Neither,0,0
train,AoF01685.jpg,AoF,1685,0,Neither,0,0
train,AoF01686.jpg,AoF,1686,0,Neither,0,0
train,AoF01687.jpg,AoF,1687,0,Neither,0,0
train,AoF01688.jpg,AoF,1688,0,Neither,0,0
train,AoF01689.jpg,AoF,1689,0,Neither,0,0
train,AoF01690.jpg,AoF,1690,0,Neither,0,0
train,AoF01691.jpg,AoF,1691,0,Neither,0,0
train,AoF01692.jpg,AoF,1692,0,Neither,0,0
train,AoF01693.jpg,AoF,1693,0,Neither,0,0
train,AoF01694.jpg,AoF,1694,0,Neither,0,0
train,AoF01695.jpg,AoF,1695,0,Neither,0,0
train,AoF01697.jpg,AoF,1697,0,Neither,0,0
train,AoF01698.jpg,AoF,1698,0,Neither,0,0
train,AoF01699.jpg,AoF,1699,0,Neither,0,0
train,AoF01700.jpg,AoF,1700,0,Neither,0,0
train,AoF01701.jpg,AoF,1701,0,Neither,0,0
train,AoF01702.jpg,AoF,1702,0,Neither,0,0
train,AoF01703.jpg,AoF,1703,0,Neither,0,0
train,AoF01704.jpg,AoF,1704,0,Neither,0,0
train,AoF01705.jpg,AoF,1705,0,Neither,0,0
train,AoF01706.jpg,AoF,1706,0,Neither,0,0
train,AoF01708.jpg,AoF,1708,0,Neither,0,0
train,AoF01709.jpg,AoF,1709,0,Neither,0,0
train,AoF01710.jpg,AoF,1710,0,Neither,0,0
train,AoF01711.jpg,AoF,1711,0,Neither,0,0
train,AoF01713.jpg,AoF,1713,0,Neither,0,0
train,AoF01714.jpg,AoF,1714,0,Neither,0,0
train,AoF01715.jpg,AoF,1715,0,Neither,0,0
train,AoF01716.jpg,AoF,1716,0,Neither,0,0
train,AoF01717.jpg,AoF,1717,0,Neither,0,0
train,AoF01718.jpg,AoF,1718,0,Neither,0,0
train,AoF01719.jpg,AoF,1719,0,Neither,0,0
train,AoF01720.jpg,AoF,1720,0,Neither,0,0
train,AoF01722.jpg,AoF,1722,0,Neither,0,0
train,AoF01723.jpg,AoF,1723,0,Neither,0,0
train,AoF01724.jpg,AoF,1724,0,Neither,0,0
train,AoF01725.jpg,AoF,1725,0,Neither,0,0
train,AoF01726.jpg,AoF,1726,0,Neither,0,0
train,AoF01727.jpg,AoF,1727,0,Neither,0,0
train,AoF01728.jpg,AoF,1728,0,Neither,0,0
train,AoF01729.jpg,AoF,1729,0,Neither,0,0
train,AoF01730.jpg,AoF,1730,0,Neither,0,0
train,AoF01731.jpg,AoF,1731,0,Neither,0,0
train,AoF01733.jpg,AoF,1733,0,Neither,0,0
train,AoF01734.jpg,AoF,1734,0,Neither,0,0
train,AoF01736.jpg,AoF,1736,0,Neither,0,0
train,AoF01737.jpg,AoF,1737,0,Neither,0,0
train,AoF01738.jpg,AoF,1738,0,Neither,0,0
train,AoF01739.jpg,AoF,1739,0,Neither,0,0
train,AoF01740.jpg,AoF,1740,0,Neither,0,0
train,AoF01741.jpg,AoF,1741,0,Neither,0,0
train,AoF01742.jpg,AoF,1742,0,Neither,0,0
train,AoF01743.jpg,AoF,1743,0,Neither,0,0
train,AoF01744.jpg,AoF,1744,0,Neither,0,0
train,AoF01749.jpg,AoF,1749,0,Neither,0,0
train,AoF01750.jpg,AoF,1750,0,Neither,0,0
train,AoF01751.jpg,AoF,1751,0,Neither,0,0
train,AoF01752.jpg,AoF,1752,0,Neither,0,0
train,AoF01753.jpg,AoF,1753,0,Neither,0,0
train,AoF01754.jpg,AoF,1754,0,Neither,0,0
train,AoF01756.jpg,AoF,1756,0,Neither,0,0
train,AoF01757.jpg,AoF,1757,0,Neither,0,0
train,AoF01758.jpg,AoF,1758,0,Neither,0,0
train,AoF01759.jpg,AoF,1759,0,Neither,0,0
train,AoF01760.jpg,AoF,1760,0,Neither,0,0
train,AoF01761.jpg,AoF,1761,0,Neither,0,0
train,AoF01762.jpg,AoF,1762,0,Neither,0,0
train,AoF01763.jpg,AoF,1763,0,Neither,0,0
train,AoF01765.jpg,AoF,1765,0,Neither,0,0
train,AoF01766.jpg,AoF,1766,0,Neither,0,0
train,AoF01768.jpg,AoF,1768,0,Neither,0,0
train,AoF01769.jpg,AoF,1769,0,Neither,0,0
train,AoF01771.jpg,AoF,1771,0,Neither,0,0
train,AoF01772.jpg,AoF,1772,0,Neither,0,0
train,AoF01773.jpg,AoF,1773,0,Neither,0,0
train,AoF01774.jpg,AoF,1774,0,Neither,0,0
train,AoF01775.jpg,AoF,1775,0,Neither,0,0
train,AoF01776.jpg,AoF,1776,0,Neither,0,0
train,AoF01777.jpg,AoF,1777,0,Neither,0,0
train,AoF01778.jpg,AoF,1778,0,Neither,0,0
train,AoF01779.jpg,AoF,1779,0,Neither,0,0
train,AoF01780.jpg,AoF,1780,0,Neither,0,0
train,AoF01782.jpg,AoF,1782,0,Neither,0,0
train,AoF01783.jpg,AoF,1783,0,Neither,0,0
train,AoF01784.jpg,AoF,1784,0,Neither,0,0
train,AoF01786.jpg,AoF,1786,0,Neither,0,0
train,AoF01788.jpg,AoF,1788,0,Neither,0,0
train,AoF01789.jpg,AoF,1789,0,Neither,0,0
train,AoF01790.jpg,AoF,1790,0,Neither,0,0
train,AoF01791.jpg,AoF,1791,0,Neither,0,0
train,AoF01792.jpg,AoF,1792,0,Neither,0,0
train,AoF01793.jpg,AoF,1793,0,Neither,0,0
train,AoF01794.jpg,AoF,1794,0,Neither,0,0
train,AoF01795.jpg,AoF,1795,0,Neither,0,0
train,AoF01796.jpg,AoF,1796,0,Neither,0,0
train,AoF01797.jpg,AoF,1797,0,Neither,0,0
train,AoF01798.jpg,AoF,1798,0,Neither,0,0
train,AoF01799.jpg,AoF,1799,0,Neither,0,0
train,AoF01800.jpg,AoF,1800,0,Neither,0,0
train,AoF01802.jpg,AoF,1802,0,Neither,0,0
train,AoF01803.jpg,AoF,1803,0,Neither,0,0
train,AoF01804.jpg,AoF,1804,0,Neither,0,0
train,AoF01805.jpg,AoF,1805,0,Neither,0,0
train,AoF01806.jpg,AoF,1806,0,Neither,0,0
train,AoF01807.jpg,AoF,1807,0,Neither,0,0
train,AoF01809.jpg,AoF,1809,0,Neither,0,0
train,AoF01810.jpg,AoF,1810,0,Neither,0,0
train,AoF01811.jpg,AoF,1811,0,Neither,0,0
train,AoF01812.jpg,AoF,1812,0,Neither,0,0
train,AoF01814.jpg,AoF,1814,0,Neither,0,0
train,AoF01817.jpg,AoF,1817,0,Neither,0,0
train,AoF01818.jpg,AoF,1818,0,Neither,0,0
train,AoF01819.jpg,AoF,1819,0,Neither,0,0
train,AoF01820.jpg,AoF,1820,0,Neither,0,0
train,AoF01821.jpg,AoF,1821,0,Neither,0,0
train,AoF01822.jpg,AoF,1822,0,Neither,0,0
train,AoF01823.jpg,AoF,1823,0,Neither,0,0
train,AoF01824.jpg,AoF,1824,0,Neither,0,0
train,AoF01825.jpg,AoF,1825,0,Neither,0,0
train,AoF01826.jpg,AoF,1826,0,Neither,0,0
train,AoF01827.jpg,AoF,1827,0,Neither,0,0
train,AoF01828.jpg,AoF,1828,0,Neither,0,0
train,AoF01829.jpg,AoF,1829,0,Neither,0,0
train,AoF01830.jpg,AoF,1830,0,Neither,0,0
train,AoF01831.jpg,AoF,1831,0,Neither,0,0
train,AoF01832.jpg,AoF,1832,0,Neither,0,0
train,AoF01833.jpg,AoF,1833,0,Neither,0,0
train,AoF01834.jpg,AoF,1834,0,Neither,0,0
train,AoF01837.jpg,AoF,1837,0,Neither,0,0
train,AoF01838.jpg,AoF,1838,0,Neither,0,0
train,AoF01839.jpg,AoF,1839,0,Neither,0,0
train,AoF01840.jpg,AoF,1840,0,Neither,0,0
train,AoF01841.jpg,AoF,1841,0,Neither,0,0
train,AoF01842.jpg,AoF,1842,0,Neither,0,0
train,AoF01843.jpg,AoF,1843,0,Neither,0,0
train,AoF01845.jpg,AoF,1845,0,Neither,0,0
train,AoF01846.jpg,AoF,1846,0,Neither,0,0
train,AoF01847.jpg,AoF,1847,0,Neither,0,0
train,AoF01848.jpg,AoF,1848,0,Neither,0,0
train,AoF01849.jpg,AoF,1849,0,Neither,0,0
train,AoF01850.jpg,AoF,1850,0,Neither,0,0
train,AoF01851.jpg,AoF,1851,0,Neither,0,0
train,AoF01852.jpg,AoF,1852,0,Neither,0,0
train,AoF01856.jpg,AoF,1856,0,Neither,0,0
train,AoF01857.jpg,AoF,1857,0,Neither,0,0
train,AoF01858.jpg,AoF,1858,0,Neither,0,0
train,AoF01860.jpg,AoF,1860,0,Neither,0,0
train,AoF01862.jpg,AoF,1862,0,Neither,0,0
train,AoF01863.jpg,AoF,1863,0,Neither,0,0
train,AoF01864.jpg,AoF,1864,0,Neither,0,0
train,AoF01865.jpg,AoF,1865,0,Neither,0,0
train,AoF01866.jpg,AoF,1866,0,Neither,0,0
train,AoF01867.jpg,AoF,1867,0,Neither,0,0
train,AoF01868.jpg,AoF,1868,0,Neither,0,0
train,AoF01869.jpg,AoF,1869,0,Neither,0,0
train,AoF01870.jpg,AoF,1870,0,Neither,0,0
train,AoF01871.jpg,AoF,1871,0,Neither,0,0
train,AoF01872.jpg,AoF,1872,0,Neither,0,0
train,AoF01873.jpg,AoF,1873,0,Neither,0,0
train,AoF01874.jpg,AoF,1874,0,Neither,0,0
train,AoF01876.jpg,AoF,1876,0,Neither,0,0
train,AoF01877.jpg,AoF,1877,0,Neither,0,0
train,AoF01878.jpg,AoF,1878,0,Neither,0,0
train,AoF01880.jpg,AoF,1880,0,Neither,0,0
train,AoF01881.jpg,AoF,1881,0,Neither,0,0
train,AoF01883.jpg,AoF,1883,0,Neither,0,0
train,AoF01884.jpg,AoF,1884,0,Neither,0,0
train,AoF01885.jpg,AoF,1885,0,Neither,0,0
train,AoF01886.jpg,AoF,1886,0,Neither,0,0
train,AoF01887.jpg,AoF,1887,0,Neither,0,0
train,AoF01888.jpg,AoF,1888,0,Neither,0,0
train,AoF01889.jpg,AoF,1889,0,Neither,0,0
train,AoF01891.jpg,AoF,1891,0,Neither,0,0
train,AoF01892.jpg,AoF,1892,0,Neither,0,0
train,AoF01893.jpg,AoF,1893,0,Neither,0,0
train,AoF01894.jpg,AoF,1894,0,Neither,0,0
train,AoF01895.jpg,AoF,1895,0,Neither,0,0
train,AoF01898.jpg,AoF,1898,0,Neither,0,0
train,AoF01900.jpg,AoF,1900,0,Neither,0,0
train,AoF01901.jpg,AoF,1901,0,Neither,0,0
train,AoF01903.jpg,AoF,1903,0,Neither,0,0
train,AoF01904.jpg,AoF,1904,0,Neither,0,0
train,AoF01905.jpg,AoF,1905,0,Neither,0,0
train,AoF01906.jpg,AoF,1906,0,Neither,0,0
train,AoF01907.jpg,AoF,1907,0,Neither,0,0
train,AoF01908.jpg,AoF,1908,0,Neither,0,0
train,AoF01910.jpg,AoF,1910,0,Neither,0,0
train,AoF01911.jpg,AoF,1911,0,Neither,0,0
train,AoF01912.jpg,AoF,1912,0,Neither,0,0
train,AoF01914.jpg,AoF,1914,0,Neither,0,0
train,AoF01915.jpg,AoF,1915,0,Neither,0,0
train,AoF01916.jpg,AoF,1916,0,Neither,0,0
train,AoF01918.jpg,AoF,1918,0,Neither,0,0
train,AoF01919.jpg,AoF,1919,0,Neither,0,0
train,AoF01923.jpg,AoF,1923,0,Neither,0,0
train,AoF01924.jpg,AoF,1924,0,Neither,0,0
train,AoF01925.jpg,AoF,1925,0,Neither,0,0
train,AoF01926.jpg,AoF,1926,0,Neither,0,0
train,AoF01927.jpg,AoF,1927,0,Neither,0,0
train,AoF01928.jpg,AoF,1928,0,Neither,0,0
train,AoF01929.jpg,AoF,1929,0,Neither,0,0
train,AoF01931.jpg,AoF,1931,0,Neither,0,0
train,AoF01932.jpg,AoF,1932,0,Neither,0,0
train,AoF01933.jpg,AoF,1933,0,Neither,0,0
train,AoF01934.jpg,AoF,1934,0,Neither,0,0
train,AoF01935.jpg,AoF,1935,0,Neither,0,0
train,AoF01936.jpg,AoF,1936,0,Neither,0,0
train,AoF01938.jpg,AoF,1938,0,Neither,0,0
train,AoF01940.jpg,AoF,1940,0,Neither,0,0
train,AoF01941.jpg,AoF,1941,0,Neither,0,0
train,AoF01943.jpg,AoF,1943,0,Neither,0,0
train,AoF01944.jpg,AoF,1944,0,Neither,0,0
train,AoF01947.jpg,AoF,1947,0,Neither,0,0
train,AoF01948.jpg,AoF,1948,0,Neither,0,0
train,AoF01949.jpg,AoF,1949,0,Neither,0,0
train,AoF01950.jpg,AoF,1950,0,Neither,0,0
train,AoF01952.jpg,AoF,1952,0,Neither,0,0
train,AoF01954.jpg,AoF,1954,0,Neither,0,0
train,AoF01955.jpg,AoF,1955,0,Neither,0,0
train,AoF01956.jpg,AoF,1956,0,Neither,0,0
train,AoF01957.jpg,AoF,1957,0,Neither,0,0
train,AoF01961.jpg,AoF,1961,0,Neither,0,0
train,AoF01962.jpg,AoF,1962,0,Neither,0,0
train,AoF01964.jpg,AoF,1964,0,Neither,0,0
train,AoF01965.jpg,AoF,1965,0,Neither,0,0
train,AoF01966.jpg,AoF,1966,0,Neither,0,0
train,AoF01967.jpg,AoF,1967,0,Neither,0,0
train,AoF01968.jpg,AoF,1968,0,Neither,0,0
train,AoF01969.jpg,AoF,1969,0,Neither,0,0
train,AoF01970.jpg,AoF,1970,0,Neither,0,0
train,AoF01972.jpg,AoF,1972,0,Neither,0,0
train,AoF01974.jpg,AoF,1974,0,Neither,0,0
train,AoF01975.jpg,AoF,1975,0,Neither,0,0
train,AoF01977.jpg,AoF,1977,0,Neither,0,0
train,AoF01978.jpg,AoF,1978,0,Neither,0,0
train,AoF01979.jpg,AoF,1979,0,Neither,0,0
train,AoF01980.jpg,AoF,1980,0,Neither,0,0
train,AoF01981.jpg,AoF,1981,0,Neither,0,0
train,AoF01983.jpg,AoF,1983,0,Neither,0,0
train,AoF01984.jpg,AoF,1984,0,Neither,0,0
train,AoF01985.jpg,AoF,1985,0,Neither,0,0
train,AoF01986.jpg,AoF,1986,0,Neither,0,0
train,AoF01988.jpg,AoF,1988,0,Neither,0,0
train,AoF01989.jpg,AoF,1989,0,Neither,0,0
train,AoF01990.jpg,AoF,1990,0,Neither,0,0
train,AoF01991.jpg,AoF,1991,0,Neither,0,0
train,AoF01993.jpg,AoF,1993,0,Neither,0,0
train,AoF01994.jpg,AoF,1994,0,Neither,0,0
train,AoF01995.jpg,AoF,1995,0,Neither,0,0
train,AoF01996.jpg,AoF,1996,0,Neither,0,0
train,AoF01997.jpg,AoF,1997,0,Neither,0,0
train,AoF01998.jpg,AoF,1998,0,Neither,0,0
train,AoF01999.jpg,AoF,1999,0,Neither,0,0
train,AoF02001.jpg,AoF,2001,0,Neither,0,0
train,AoF02003.jpg,AoF,2003,0,Neither,0,0
train,AoF02004.jpg,AoF,2004,0,Neither,0,0
train,AoF02005.jpg,AoF,2005,0,Neither,0,0
train,AoF02007.jpg,AoF,2007,0,Neither,0,0
train,AoF02008.jpg,AoF,2008,0,Neither,0,0
train,AoF02009.jpg,AoF,2009,0,Neither,0,0
train,AoF02010.jpg,AoF,2010,0,Neither,0,0
train,AoF02011.jpg,AoF,2011,0,Neither,0,0
train,AoF02012.jpg,AoF,2012,0,Neither,0,0
train,AoF02014.jpg,AoF,2014,0,Neither,0,0
train,AoF02015.jpg,AoF,2015,0,Neither,0,0
train,AoF02018.jpg,AoF,2018,0,Neither,0,0
train,AoF02019.jpg,AoF,2019,0,Neither,0,0
train,AoF02020.jpg,AoF,2020,0,Neither,0,0
train,AoF02023.jpg,AoF,2023,0,Neither,0,0
train,AoF02025.jpg,AoF,2025,0,Neither,0,0
train,AoF02026.jpg,AoF,2026,0,Neither,0,0
train,AoF02027.jpg,AoF,2027,0,Neither,0,0
train,AoF02028.jpg,AoF,2028,0,Neither,0,0
train,AoF02029.jpg,AoF,2029,0,Neither,0,0
train,AoF02030.jpg,AoF,2030,0,Neither,0,0
train,AoF02031.jpg,AoF,2031,0,Neither,0,0
train,AoF02032.jpg,AoF,2032,0,Neither,0,0
train,AoF02035.jpg,AoF,2035,0,Neither,0,0
train,AoF02036.jpg,AoF,2036,0,Neither,0,0
train,AoF02037.jpg,AoF,2037,0,Neither,0,0
train,AoF02038.jpg,AoF,2038,0,Neither,0,0
train,AoF02039.jpg,AoF,2039,0,Neither,0,0
train,AoF02040.jpg,AoF,2040,0,Neither,0,0
train,AoF02041.jpg,AoF,2041,0,Neither,0,0
train,AoF02042.jpg,AoF,2042,0,Neither,0,0
train,AoF02043.jpg,AoF,2043,0,Neither,0,0
train,AoF02044.jpg,AoF,2044,0,Neither,0,0
train,AoF02045.jpg,AoF,2045,0,Neither,0,0
train,AoF02047.jpg,AoF,2047,0,Neither,0,0
train,AoF02048.jpg,AoF,2048,0,Neither,0,0
train,AoF02049.jpg,AoF,2049,0,Neither,0,0
train,AoF02050.jpg,AoF,2050,0,Neither,0,0
train,AoF02051.jpg,AoF,2051,0,Neither,0,0
train,AoF02052.jpg,AoF,2052,0,Neither,0,0
train,AoF02053.jpg,AoF,2053,0,Neither,0,0
train,AoF02054.jpg,AoF,2054,0,Neither,0,0
train,AoF02055.jpg,AoF,2055,0,Neither,0,0
train,AoF02056.jpg,AoF,2056,0,Neither,0,0
train,AoF02057.jpg,AoF,2057,0,Neither,0,0
train,AoF02058.jpg,AoF,2058,0,Neither,0,0
train,AoF02059.jpg,AoF,2059,0,Neither,0,0
train,AoF02060.jpg,AoF,2060,0,Neither,0,0
train,AoF02061.jpg,AoF,2061,0,Neither,0,0
train,AoF02062.jpg,AoF,2062,0,Neither,0,0
train,AoF02063.jpg,AoF,2063,0,Neither,0,0
train,AoF02064.jpg,AoF,2064,0,Neither,0,0
train,AoF02065.jpg,AoF,2065,0,Neither,0,0
train,AoF02067.jpg,AoF,2067,0,Neither,0,0
train,AoF02068.jpg,AoF,2068,0,Neither,0,0
train,AoF02069.jpg,AoF,2069,0,Neither,0,0
train,AoF02070.jpg,AoF,2070,0,Neither,0,0
train,AoF02072.jpg,AoF,2072,0,Neither,0,0
train,AoF02073.jpg,AoF,2073,0,Neither,0,0
train,AoF02074.jpg,AoF,2074,0,Neither,0,0
train,AoF02075.jpg,AoF,2075,0,Neither,0,0
train,AoF02076.jpg,AoF,2076,0,Neither,0,0
train,AoF02077.jpg,AoF,2077,0,Neither,0,0
train,AoF02078.jpg,AoF,2078,0,Neither,0,0
train,AoF02079.jpg,AoF,2079,0,Neither,0,0
train,AoF02080.jpg,AoF,2080,0,Neither,0,0
train,AoF02081.jpg,AoF,2081,0,Neither,0,0
train,AoF02082.jpg,AoF,2082,0,Neither,0,0
train,AoF02083.jpg,AoF,2083,0,Neither,0,0
train,AoF02084.jpg,AoF,2084,0,Neither,0,0
train,AoF02086.jpg,AoF,2086,0,Neither,0,0
train,AoF02088.jpg,AoF,2088,0,Neither,0,0
train,AoF02089.jpg,AoF,2089,0,Neither,0,0
train,AoF02090.jpg,AoF,2090,0,Neither,0,0
train,AoF02091.jpg,AoF,2091,0,Neither,0,0
train,AoF02092.jpg,AoF,2092,0,Neither,0,0
train,AoF02094.jpg,AoF,2094,0,Neither,0,0
train,AoF02095.jpg,AoF,2095,0,Neither,0,0
train,AoF02096.jpg,AoF,2096,0,Neither,0,0
train,AoF02098.jpg,AoF,2098,0,Neither,0,0
train,AoF02099.jpg,AoF,2099,0,Neither,0,0
train,AoF02100.jpg,AoF,2100,0,Neither,0,0
train,AoF02102.jpg,AoF,2102,0,Neither,0,0
train,AoF02103.jpg,AoF,2103,0,Neither,0,0
train,AoF02104.jpg,AoF,2104,0,Neither,0,0
train,AoF02105.jpg,AoF,2105,0,Neither,0,0
train,AoF02107.jpg,AoF,2107,0,Neither,0,0
train,AoF02108.jpg,AoF,2108,0,Neither,0,0
train,AoF02109.jpg,AoF,2109,0,Neither,0,0
train,AoF02110.jpg,AoF,2110,0,Neither,0,0
train,AoF02113.jpg,AoF,2113,0,Neither,0,0
train,AoF02114.jpg,AoF,2114,0,Neither,0,0
train,AoF02115.jpg,AoF,2115,0,Neither,0,0
train,AoF02116.jpg,AoF,2116,0,Neither,0,0
train,AoF02117.jpg,AoF,2117,0,Neither,0,0
train,AoF02118.jpg,AoF,2118,0,Neither,0,0
train,AoF02119.jpg,AoF,2119,1,Only_Fire,0,1
train,AoF02120.jpg,AoF,2120,0,Neither,0,0
train,AoF02121.jpg,AoF,2121,0,Neither,0,0
train,AoF02122.jpg,AoF,2122,0,Neither,0,0
train,AoF02123.jpg,AoF,2123,0,Neither,0,0
train,AoF02125.jpg,AoF,2125,0,Neither,0,0
train,AoF02126.jpg,AoF,2126,0,Neither,0,0
train,AoF02128.jpg,AoF,2128,0,Neither,0,0
train,AoF02129.jpg,AoF,2129,0,Neither,0,0
train,AoF02130.jpg,AoF,2130,0,Neither,0,0
train,AoF02132.jpg,AoF,2132,0,Neither,0,0
train,AoF02134.jpg,AoF,2134,0,Neither,0,0
train,AoF02135.jpg,AoF,2135,0,Neither,0,0
train,AoF02136.jpg,AoF,2136,0,Neither,0,0
train,AoF02137.jpg,AoF,2137,0,Neither,0,0
train,AoF02138.jpg,AoF,2138,0,Neither,0,0
train,AoF02139.jpg,AoF,2139,0,Neither,0,0
train,AoF02140.jpg,AoF,2140,0,Neither,0,0
train,AoF02141.jpg,AoF,2141,0,Neither,0,0
train,AoF02142.jpg,AoF,2142,0,Neither,0,0
train,AoF02143.jpg,AoF,2143,0,Neither,0,0
train,AoF02144.jpg,AoF,2144,0,Neither,0,0
train,AoF02145.jpg,AoF,2145,0,Neither,0,0
train,AoF02146.jpg,AoF,2146,0,Neither,0,0
train,AoF02147.jpg,AoF,2147,0,Neither,0,0
train,AoF02148.jpg,AoF,2148,0,Neither,0,0
train,AoF02149.jpg,AoF,2149,0,Neither,0,0
train,AoF02150.jpg,AoF,2150,0,Neither,0,0
train,AoF02151.jpg,AoF,2151,0,Neither,0,0
train,AoF02153.jpg,AoF,2153,0,Neither,0,0
train,AoF02154.jpg,AoF,2154,0,Neither,0,0
train,AoF02155.jpg,AoF,2155,0,Neither,0,0
train,AoF02156.jpg,AoF,2156,0,Neither,0,0
train,AoF02157.jpg,AoF,2157,0,Neither,0,0
train,AoF02158.jpg,AoF,2158,0,Neither,0,0
train,AoF02159.jpg,AoF,2159,0,Neither,0,0
train,AoF02160.jpg,AoF,2160,0,Neither,0,0
train,AoF02161.jpg,AoF,2161,0,Neither,0,0
train,AoF02162.jpg,AoF,2162,0,Neither,0,0
train,AoF02163.jpg,AoF,2163,0,Neither,0,0
train,AoF02164.jpg,AoF,2164,0,Neither,0,0
train,AoF02165.jpg,AoF,2165,0,Neither,0,0
train,AoF02167.jpg,AoF,2167,0,Neither,0,0
train,AoF02168.jpg,AoF,2168,0,Neither,0,0
train,AoF02169.jpg,AoF,2169,0,Neither,0,0
train,AoF02170.jpg,AoF,2170,0,Neither,0,0
train,AoF02172.jpg,AoF,2172,0,Neither,0,0
train,AoF02173.jpg,AoF,2173,0,Neither,0,0
train,AoF02174.jpg,AoF,2174,0,Neither,0,0
train,AoF02175.jpg,AoF,2175,0,Neither,0,0
train,AoF02176.jpg,AoF,2176,0,Neither,0,0
train,AoF02177.jpg,AoF,2177,0,Neither,0,0
train,AoF02178.jpg,AoF,2178,0,Neither,0,0
train,AoF02179.jpg,AoF,2179,0,Neither,0,0
train,AoF02180.jpg,AoF,2180,0,Neither,0,0
train,AoF02181.jpg,AoF,2181,0,Neither,0,0
train,AoF02182.jpg,AoF,2182,0,Neither,0,0
train,AoF02183.jpg,AoF,2183,0,Neither,0,0
train,AoF02184.jpg,AoF,2184,0,Neither,0,0
train,AoF02185.jpg,AoF,2185,0,Neither,0,0
train,AoF02186.jpg,AoF,2186,0,Neither,0,0
train,AoF02187.jpg,AoF,2187,0,Neither,0,0
train,AoF02188.jpg,AoF,2188,0,Neither,0,0
train,AoF02189.jpg,AoF,2189,0,Neither,0,0
train,AoF02191.jpg,AoF,2191,0,Neither,0,0
train,AoF02192.jpg,AoF,2192,0,Neither,0,0
train,AoF02193.jpg,AoF,2193,0,Neither,0,0
train,AoF02194.jpg,AoF,2194,0,Neither,0,0
train,AoF02195.jpg,AoF,2195,0,Neither,0,0
train,AoF02196.jpg,AoF,2196,0,Neither,0,0
train,AoF02197.jpg,AoF,2197,0,Neither,0,0
train,AoF02198.jpg,AoF,2198,0,Neither,0,0
train,AoF02199.jpg,AoF,2199,0,Neither,0,0
train,AoF02200.jpg,AoF,2200,0,Neither,0,0
train,AoF02201.jpg,AoF,2201,0,Neither,0,0
train,AoF02202.jpg,AoF,2202,0,Neither,0,0
train,AoF02203.jpg,AoF,2203,0,Neither,0,0
train,AoF02204.jpg,AoF,2204,0,Neither,0,0
train,AoF02205.jpg,AoF,2205,0,Neither,0,0
train,AoF02206.jpg,AoF,2206,0,Neither,0,0
train,AoF02207.jpg,AoF,2207,0,Neither,0,0
train,AoF02208.jpg,AoF,2208,0,Neither,0,0
train,AoF02209.jpg,AoF,2209,0,Neither,0,0
train,AoF02210.jpg,AoF,2210,0,Neither,0,0
train,AoF02211.jpg,AoF,2211,0,Neither,0,0
train,AoF02212.jpg,AoF,2212,0,Neither,0,0
train,AoF02216.jpg,AoF,2216,0,Neither,0,0
train,AoF02217.jpg,AoF,2217,0,Neither,0,0
train,AoF02218.jpg,AoF,2218,0,Neither,0,0
train,AoF02220.jpg,AoF,2220,0,Neither,0,0
train,AoF02221.jpg,AoF,2221,0,Neither,0,0
train,AoF02222.jpg,AoF,2222,0,Neither,0,0
train,AoF02223.jpg,AoF,2223,0,Neither,0,0
train,AoF02225.jpg,AoF,2225,0,Neither,0,0
train,AoF02226.jpg,AoF,2226,0,Neither,0,0
train,AoF02227.jpg,AoF,2227,0,Neither,0,0
train,AoF02228.jpg,AoF,2228,0,Neither,0,0
train,AoF02229.jpg,AoF,2229,0,Neither,0,0
train,AoF02230.jpg,AoF,2230,0,Neither,0,0
train,AoF02232.jpg,AoF,2232,0,Neither,0,0
train,AoF02234.jpg,AoF,2234,0,Neither,0,0
train,AoF02235.jpg,AoF,2235,0,Neither,0,0
train,AoF02236.jpg,AoF,2236,0,Neither,0,0
train,AoF02238.jpg,AoF,2238,0,Neither,0,0
train,AoF02240.jpg,AoF,2240,0,Neither,0,0
train,AoF02241.jpg,AoF,2241,0,Neither,0,0
train,AoF02242.jpg,AoF,2242,0,Neither,0,0
train,AoF02243.jpg,AoF,2243,0,Neither,0,0
train,AoF02244.jpg,AoF,2244,0,Neither,0,0
train,AoF02245.jpg,AoF,2245,0,Neither,0,0
train,AoF02246.jpg,AoF,2246,0,Neither,0,0
train,AoF02247.jpg,AoF,2247,0,Neither,0,0
train,AoF02248.jpg,AoF,2248,0,Neither,0,0
train,AoF02249.jpg,AoF,2249,0,Neither,0,0
train,AoF02250.jpg,AoF,2250,0,Neither,0,0
train,AoF02251.jpg,AoF,2251,0,Neither,0,0
train,AoF02252.jpg,AoF,2252,0,Neither,0,0
train,AoF02253.jpg,AoF,2253,0,Neither,0,0
train,AoF02254.jpg,AoF,2254,0,Neither,0,0
train,AoF02255.jpg,AoF,2255,0,Neither,0,0
train,AoF02256.jpg,AoF,2256,0,Neither,0,0
train,AoF02258.jpg,AoF,2258,0,Neither,0,0
train,AoF02259.jpg,AoF,2259,0,Neither,0,0
train,AoF02260.jpg,AoF,2260,0,Neither,0,0
train,AoF02261.jpg,AoF,2261,0,Neither,0,0
train,AoF02262.jpg,AoF,2262,0,Neither,0,0
train,AoF02263.jpg,AoF,2263,0,Neither,0,0
train,AoF02264.jpg,AoF,2264,0,Neither,0,0
train,AoF02266.jpg,AoF,2266,0,Neither,0,0
train,AoF02267.jpg,AoF,2267,0,Neither,0,0
train,AoF02270.jpg,AoF,2270,0,Neither,0,0
train,AoF02272.jpg,AoF,2272,0,Neither,0,0
train,AoF02273.jpg,AoF,2273,0,Neither,0,0
train,AoF02274.jpg,AoF,2274,0,Neither,0,0
train,AoF02276.jpg,AoF,2276,0,Neither,0,0
train,AoF02277.jpg,AoF,2277,0,Neither,0,0
train,AoF02278.jpg,AoF,2278,0,Neither,0,0
train,AoF02279.jpg,AoF,2279,0,Neither,0,0
train,AoF02280.jpg,AoF,2280,0,Neither,0,0
train,AoF02281.jpg,AoF,2281,0,Neither,0,0
train,AoF02282.jpg,AoF,2282,0,Neither,0,0
train,AoF02283.jpg,AoF,2283,0,Neither,0,0
train,AoF02284.jpg,AoF,2284,0,Neither,0,0
train,AoF02285.jpg,AoF,2285,0,Neither,0,0
train,AoF02286.jpg,AoF,2286,0,Neither,0,0
train,AoF02287.jpg,AoF,2287,0,Neither,0,0
train,AoF02288.jpg,AoF,2288,0,Neither,0,0
train,AoF02290.jpg,AoF,2290,0,Neither,0,0
train,AoF02291.jpg,AoF,2291,0,Neither,0,0
train,AoF02292.jpg,AoF,2292,0,Neither,0,0
train,AoF02293.jpg,AoF,2293,0,Neither,0,0
train,AoF02294.jpg,AoF,2294,0,Neither,0,0
train,AoF02296.jpg,AoF,2296,0,Neither,0,0
train,AoF02298.jpg,AoF,2298,0,Neither,0,0
train,AoF02300.jpg,AoF,2300,0,Neither,0,0
train,AoF02301.jpg,AoF,2301,0,Neither,0,0
train,AoF02302.jpg,AoF,2302,0,Neither,0,0
train,AoF02303.jpg,AoF,2303,0,Neither,0,0
train,AoF02304.jpg,AoF,2304,0,Neither,0,0
train,AoF02305.jpg,AoF,2305,0,Neither,0,0
train,AoF02306.jpg,AoF,2306,0,Neither,0,0
train,AoF02308.jpg,AoF,2308,0,Neither,0,0
train,AoF02309.jpg,AoF,2309,0,Neither,0,0
train,AoF02310.jpg,AoF,2310,0,Neither,0,0
train,AoF02312.jpg,AoF,2312,0,Neither,0,0
train,AoF02313.jpg,AoF,2313,0,Neither,0,0
train,AoF02315.jpg,AoF,2315,0,Neither,0,0
train,AoF02316.jpg,AoF,2316,0,Neither,0,0
train,AoF02319.jpg,AoF,2319,0,Neither,0,0
train,AoF02320.jpg,AoF,2320,0,Neither,0,0
train,AoF02321.jpg,AoF,2321,0,Neither,0,0
train,AoF02322.jpg,AoF,2322,0,Neither,0,0
train,AoF02323.jpg,AoF,2323,0,Neither,0,0
train,AoF02325.jpg,AoF,2325,0,Neither,0,0
train,AoF02327.jpg,AoF,2327,0,Neither,0,0
train,AoF02328.jpg,AoF,2328,0,Neither,0,0
train,AoF02329.jpg,AoF,2329,0,Neither,0,0
train,AoF02330.jpg,AoF,2330,0,Neither,0,0
train,AoF02331.jpg,AoF,2331,0,Neither,0,0
train,AoF02332.jpg,AoF,2332,0,Neither,0,0
train,AoF02334.jpg,AoF,2334,0,Neither,0,0
train,AoF02335.jpg,AoF,2335,0,Neither,0,0
train,AoF02336.jpg,AoF,2336,0,Neither,0,0
train,AoF02337.jpg,AoF,2337,0,Neither,0,0
train,AoF02338.jpg,AoF,2338,0,Neither,0,0
train,AoF02339.jpg,AoF,2339,0,Neither,0,0
train,AoF02340.jpg,AoF,2340,0,Neither,0,0
train,AoF02341.jpg,AoF,2341,0,Neither,0,0
train,AoF02342.jpg,AoF,2342,0,Neither,0,0
train,AoF02343.jpg,AoF,2343,0,Neither,0,0
train,AoF02344.jpg,AoF,2344,0,Neither,0,0
train,AoF02345.jpg,AoF,2345,0,Neither,0,0
train,AoF02346.jpg,AoF,2346,0,Neither,0,0
train,AoF02347.jpg,AoF,2347,0,Neither,0,0
train,AoF02348.jpg,AoF,2348,0,Neither,0,0
train,AoF02349.jpg,AoF,2349,0,Neither,0,0
train,AoF02350.jpg,AoF,2350,0,Neither,0,0
train,AoF02351.jpg,AoF,2351,0,Neither,0,0
train,AoF02352.jpg,AoF,2352,0,Neither,0,0
train,AoF02353.jpg,AoF,2353,0,Neither,0,0
train,AoF02354.jpg,AoF,2354,0,Neither,0,0
train,AoF02355.jpg,AoF,2355,0,Neither,0,0
train,AoF02356.jpg,AoF,2356,0,Neither,0,0
train,AoF02358.jpg,AoF,2358,0,Neither,0,0
train,AoF02360.jpg,AoF,2360,0,Neither,0,0
train,AoF02361.jpg,AoF,2361,0,Neither,0,0
train,AoF02364.jpg,AoF,2364,0,Neither,0,0
train,AoF02365.jpg,AoF,2365,0,Neither,0,0
train,AoF02366.jpg,AoF,2366,0,Neither,0,0
train,AoF02367.jpg,AoF,2367,0,Neither,0,0
train,AoF02368.jpg,AoF,2368,0,Neither,0,0
train,AoF02369.jpg,AoF,2369,0,Neither,0,0
train,AoF02370.jpg,AoF,2370,0,Neither,0,0
train,AoF02371.jpg,AoF,2371,0,Neither,0,0
train,AoF02372.jpg,AoF,2372,0,Neither,0,0
train,AoF02374.jpg,AoF,2374,0,Neither,0,0
train,AoF02375.jpg,AoF,2375,0,Neither,0,0
train,AoF02376.jpg,AoF,2376,0,Neither,0,0
train,AoF02377.jpg,AoF,2377,0,Neither,0,0
train,AoF02379.jpg,AoF,2379,0,Neither,0,0
train,AoF02381.jpg,AoF,2381,0,Neither,0,0
train,AoF02383.jpg,AoF,2383,0,Neither,0,0
train,AoF02384.jpg,AoF,2384,0,Neither,0,0
train,AoF02385.jpg,AoF,2385,0,Neither,0,0
train,AoF02386.jpg,AoF,2386,0,Neither,0,0
train,AoF02388.jpg,AoF,2388,0,Neither,0,0
train,AoF02389.jpg,AoF,2389,0,Neither,0,0
train,AoF02390.jpg,AoF,2390,0,Neither,0,0
train,AoF02391.jpg,AoF,2391,0,Neither,0,0
train,AoF02392.jpg,AoF,2392,0,Neither,0,0
train,AoF02393.jpg,AoF,2393,0,Neither,0,0
train,AoF02394.jpg,AoF,2394,0,Neither,0,0
train,AoF02395.jpg,AoF,2395,0,Neither,0,0
train,AoF02396.jpg,AoF,2396,0,Neither,0,0
train,AoF02397.jpg,AoF,2397,0,Neither,0,0
train,AoF02399.jpg,AoF,2399,0,Neither,0,0
train,AoF02401.jpg,AoF,2401,0,Neither,0,0
train,AoF02402.jpg,AoF,2402,0,Neither,0,0
train,AoF02404.jpg,AoF,2404,0,Neither,0,0
train,AoF02406.jpg,AoF,2406,0,Neither,0,0
train,AoF02407.jpg,AoF,2407,0,Neither,0,0
train,AoF02408.jpg,AoF,2408,0,Neither,0,0
train,AoF02410.jpg,AoF,2410,0,Neither,0,0
train,AoF02414.jpg,AoF,2414,0,Neither,0,0
train,AoF02415.jpg,AoF,2415,0,Neither,0,0
train,AoF02416.jpg,AoF,2416,0,Neither,0,0
train,AoF02418.jpg,AoF,2418,0,Neither,0,0
train,AoF02419.jpg,AoF,2419,0,Neither,0,0
train,AoF02420.jpg,AoF,2420,0,Neither,0,0
train,AoF02422.jpg,AoF,2422,0,Neither,0,0
train,AoF02426.jpg,AoF,2426,0,Neither,0,0
train,AoF02427.jpg,AoF,2427,0,Neither,0,0
train,AoF02428.jpg,AoF,2428,0,Neither,0,0
train,AoF02429.jpg,AoF,2429,0,Neither,0,0
train,AoF02430.jpg,AoF,2430,0,Neither,0,0
train,AoF02431.jpg,AoF,2431,0,Neither,0,0
train,AoF02432.jpg,AoF,2432,0,Neither,0,0
train,AoF02433.jpg,AoF,2433,0,Neither,0,0
train,AoF02434.jpg,AoF,2434,0,Neither,0,0
train,AoF02435.jpg,AoF,2435,0,Neither,0,0
train,AoF02436.jpg,AoF,2436,0,Neither,0,0
train,AoF02437.jpg,AoF,2437,0,Neither,0,0
train,AoF02440.jpg,AoF,2440,0,Neither,0,0
train,AoF02441.jpg,AoF,2441,0,Neither,0,0
train,AoF02442.jpg,AoF,2442,0,Neither,0,0
train,AoF02443.jpg,AoF,2443,0,Neither,0,0
train,AoF02444.jpg,AoF,2444,0,Neither,0,0
train,AoF02445.jpg,AoF,2445,0,Neither,0,0
train,AoF02446.jpg,AoF,2446,0,Neither,0,0
train,AoF02447.jpg,AoF,2447,0,Neither,0,0
train,AoF02448.jpg,AoF,2448,0,Neither,0,0
train,AoF02449.jpg,AoF,2449,0,Neither,0,0
train,AoF02450.jpg,AoF,2450,0,Neither,0,0
train,AoF02451.jpg,AoF,2451,0,Neither,0,0
train,AoF02454.jpg,AoF,2454,0,Neither,0,0
train,AoF02455.jpg,AoF,2455,0,Neither,0,0
train,AoF02456.jpg,AoF,2456,0,Neither,0,0
train,AoF02457.jpg,AoF,2457,0,Neither,0,0
train,AoF02458.jpg,AoF,2458,0,Neither,0,0
train,AoF02459.jpg,AoF,2459,0,Neither,0,0
train,AoF02461.jpg,AoF,2461,0,Neither,0,0
train,AoF02462.jpg,AoF,2462,0,Neither,0,0
train,AoF02463.jpg,AoF,2463,0,Neither,0,0
train,AoF02464.jpg,AoF,2464,0,Neither,0,0
train,AoF02465.jpg,AoF,2465,0,Neither,0,0
train,AoF02466.jpg,AoF,2466,0,Neither,0,0
train,AoF02469.jpg,AoF,2469,0,Neither,0,0
train,AoF02470.jpg,AoF,2470,0,Neither,0,0
train,AoF02471.jpg,AoF,2471,0,Neither,0,0
train,AoF02472.jpg,AoF,2472,0,Neither,0,0
train,AoF02473.jpg,AoF,2473,0,Neither,0,0
train,AoF02474.jpg,AoF,2474,0,Neither,0,0
train,AoF02475.jpg,AoF,2475,0,Neither,0,0
train,AoF02477.jpg,AoF,2477,0,Neither,0,0
train,AoF02478.jpg,AoF,2478,0,Neither,0,0
train,AoF02480.jpg,AoF,2480,0,Neither,0,0
train,AoF02481.jpg,AoF,2481,0,Neither,0,0
train,AoF02483.jpg,AoF,2483,0,Neither,0,0
train,AoF02484.jpg,AoF,2484,0,Neither,0,0
train,AoF02485.jpg,AoF,2485,0,Neither,0,0
train,AoF02486.jpg,AoF,2486,0,Neither,0,0
train,AoF02487.jpg,AoF,2487,0,Neither,0,0
train,AoF02488.jpg,AoF,2488,0,Neither,0,0
train,AoF02489.jpg,AoF,2489,0,Neither,0,0
train,AoF02491.jpg,AoF,2491,0,Neither,0,0
train,AoF02492.jpg,AoF,2492,0,Neither,0,0
train,AoF02494.jpg,AoF,2494,0,Neither,0,0
train,AoF02496.jpg,AoF,2496,0,Neither,0,0
train,AoF02497.jpg,AoF,2497,0,Neither,0,0
train,AoF02498.jpg,AoF,2498,0,Neither,0,0
train,AoF02500.jpg,AoF,2500,0,Neither,0,0
train,AoF02501.jpg,AoF,2501,0,Neither,0,0
train,AoF02502.jpg,AoF,2502,0,Neither,0,0
train,AoF02503.jpg,AoF,2503,0,Neither,0,0
train,AoF02504.jpg,AoF,2504,0,Neither,0,0
train,AoF02505.jpg,AoF,2505,0,Neither,0,0
train,AoF02506.jpg,AoF,2506,0,Neither,0,0
train,AoF02508.jpg,AoF,2508,0,Neither,0,0
train,AoF02509.jpg,AoF,2509,0,Neither,0,0
train,AoF02512.jpg,AoF,2512,0,Neither,0,0
train,AoF02513.jpg,AoF,2513,0,Neither,0,0
train,AoF02515.jpg,AoF,2515,0,Neither,0,0
train,AoF02516.jpg,AoF,2516,0,Neither,0,0
train,AoF02517.jpg,AoF,2517,0,Neither,0,0
train,AoF02518.jpg,AoF,2518,0,Neither,0,0
train,AoF02519.jpg,AoF,2519,0,Neither,0,0
train,AoF02521.jpg,AoF,2521,0,Neither,0,0
train,AoF02522.jpg,AoF,2522,0,Neither,0,0
train,AoF02523.jpg,AoF,2523,0,Neither,0,0
train,AoF02524.jpg,AoF,2524,0,Neither,0,0
train,AoF02525.jpg,AoF,2525,0,Neither,0,0
train,AoF02527.jpg,AoF,2527,0,Neither,0,0
train,AoF02528.jpg,AoF,2528,0,Neither,0,0
train,AoF02529.jpg,AoF,2529,0,Neither,0,0
train,AoF02530.jpg,AoF,2530,0,Neither,0,0
train,AoF02532.jpg,AoF,2532,0,Neither,0,0
train,AoF02533.jpg,AoF,2533,0,Neither,0,0
train,AoF02534.jpg,AoF,2534,0,Neither,0,0
train,AoF02535.jpg,AoF,2535,0,Neither,0,0
train,AoF02536.jpg,AoF,2536,0,Neither,0,0
train,AoF02537.jpg,AoF,2537,0,Neither,0,0
train,AoF02538.jpg,AoF,2538,0,Neither,0,0
train,AoF02540.jpg,AoF,2540,0,Neither,0,0
train,AoF02541.jpg,AoF,2541,0,Neither,0,0
train,AoF02542.jpg,AoF,2542,0,Neither,0,0
train,AoF02543.jpg,AoF,2543,0,Neither,0,0
train,AoF02544.jpg,AoF,2544,0,Neither,0,0
train,AoF02545.jpg,AoF,2545,0,Neither,0,0
train,AoF02546.jpg,AoF,2546,0,Neither,0,0
train,AoF02547.jpg,AoF,2547,0,Neither,0,0
train,AoF02548.jpg,AoF,2548,0,Neither,0,0
train,AoF02549.jpg,AoF,2549,0,Neither,0,0
train,AoF02550.jpg,AoF,2550,0,Neither,0,0
train,AoF02551.jpg,AoF,2551,0,Neither,0,0
train,AoF02552.jpg,AoF,2552,0,Neither,0,0
train,AoF02553.jpg,AoF,2553,0,Neither,0,0
train,AoF02554.jpg,AoF,2554,0,Neither,0,0
train,AoF02555.jpg,AoF,2555,0,Neither,0,0
train,AoF02556.jpg,AoF,2556,0,Neither,0,0
train,AoF02557.jpg,AoF,2557,0,Neither,0,0
train,AoF02558.jpg,AoF,2558,0,Neither,0,0
train,AoF02559.jpg,AoF,2559,0,Neither,0,0
train,AoF02560.jpg,AoF,2560,0,Neither,0,0
train,AoF02561.jpg,AoF,2561,0,Neither,0,0
train,AoF02562.jpg,AoF,2562,0,Neither,0,0
train,AoF02563.jpg,AoF,2563,0,Neither,0,0
train,AoF02564.jpg,AoF,2564,0,Neither,0,0
train,AoF02565.jpg,AoF,2565,0,Neither,0,0
train,AoF02567.jpg,AoF,2567,0,Neither,0,0
train,AoF02568.jpg,AoF,2568,0,Neither,0,0
train,AoF02569.jpg,AoF,2569,0,Neither,0,0
train,AoF02570.jpg,AoF,2570,0,Neither,0,0
train,AoF02571.jpg,AoF,2571,0,Neither,0,0
train,AoF02572.jpg,AoF,2572,0,Neither,0,0
train,AoF02573.jpg,AoF,2573,0,Neither,0,0
train,AoF02574.jpg,AoF,2574,0,Neither,0,0
train,AoF02575.jpg,AoF,2575,0,Neither,0,0
train,AoF02576.jpg,AoF,2576,0,Neither,0,0
train,AoF02577.jpg,AoF,2577,0,Neither,0,0
train,AoF02578.jpg,AoF,2578,0,Neither,0,0
train,AoF02579.jpg,AoF,2579,0,Neither,0,0
train,AoF02580.jpg,AoF,2580,0,Neither,0,0
train,AoF02581.jpg,AoF,2581,0,Neither,0,0
train,AoF02583.jpg,AoF,2583,0,Neither,0,0
train,AoF02585.jpg,AoF,2585,0,Neither,0,0
train,AoF02586.jpg,AoF,2586,0,Neither,0,0
train,AoF02587.jpg,AoF,2587,0,Neither,0,0
train,AoF02588.jpg,AoF,2588,0,Neither,0,0
train,AoF02589.jpg,AoF,2589,0,Neither,0,0
train,AoF02590.jpg,AoF,2590,0,Neither,0,0
train,AoF02591.jpg,AoF,2591,0,Neither,0,0
train,AoF02592.jpg,AoF,2592,0,Neither,0,0
train,AoF02593.jpg,AoF,2593,0,Neither,0,0
train,AoF02594.jpg,AoF,2594,0,Neither,0,0
train,AoF02595.jpg,AoF,2595,0,Neither,0,0
train,AoF02596.jpg,AoF,2596,0,Neither,0,0
train,AoF02597.jpg,AoF,2597,0,Neither,0,0
train,AoF02598.jpg,AoF,2598,0,Neither,0,0
train,AoF02599.jpg,AoF,2599,0,Neither,0,0
train,AoF02600.jpg,AoF,2600,0,Neither,0,0
train,AoF02601.jpg,AoF,2601,0,Neither,0,0
train,AoF02602.jpg,AoF,2602,0,Neither,0,0
train,AoF02603.jpg,AoF,2603,0,Neither,0,0
train,AoF02606.jpg,AoF,2606,0,Neither,0,0
train,AoF02607.jpg,AoF,2607,0,Neither,0,0
train,AoF02608.jpg,AoF,2608,0,Neither,0,0
train,AoF02609.jpg,AoF,2609,0,Neither,0,0
train,AoF02610.jpg,AoF,2610,0,Neither,0,0
train,AoF02612.jpg,AoF,2612,0,Neither,0,0
train,AoF02613.jpg,AoF,2613,0,Neither,0,0
train,AoF02614.jpg,AoF,2614,0,Neither,0,0
train,AoF02615.jpg,AoF,2615,0,Neither,0,0
train,AoF02616.jpg,AoF,2616,0,Neither,0,0
train,AoF02617.jpg,AoF,2617,0,Neither,0,0
train,AoF02618.jpg,AoF,2618,0,Neither,0,0
train,AoF02619.jpg,AoF,2619,0,Neither,0,0
train,AoF02620.jpg,AoF,2620,0,Neither,0,0
train,AoF02621.jpg,AoF,2621,0,Neither,0,0
train,AoF02622.jpg,AoF,2622,0,Neither,0,0
train,AoF02623.jpg,AoF,2623,0,Neither,0,0
train,AoF02624.jpg,AoF,2624,0,Neither,0,0
train,AoF02625.jpg,AoF,2625,0,Neither,0,0
train,AoF02626.jpg,AoF,2626,0,Neither,0,0
train,AoF02627.jpg,AoF,2627,0,Neither,0,0
train,AoF02628.jpg,AoF,2628,0,Neither,0,0
train,AoF02629.jpg,AoF,2629,0,Neither,0,0
train,AoF02630.jpg,AoF,2630,0,Neither,0,0
train,AoF02632.jpg,AoF,2632,0,Neither,0,0
train,AoF02634.jpg,AoF,2634,0,Neither,0,0
train,AoF02637.jpg,AoF,2637,0,Neither,0,0
train,AoF02638.jpg,AoF,2638,0,Neither,0,0
train,AoF02639.jpg,AoF,2639,0,Neither,0,0
train,AoF02640.jpg,AoF,2640,0,Neither,0,0
train,AoF02641.jpg,AoF,2641,0,Neither,0,0
train,AoF02642.jpg,AoF,2642,0,Neither,0,0
train,AoF02643.jpg,AoF,2643,0,Neither,0,0
train,AoF02644.jpg,AoF,2644,0,Neither,0,0
train,AoF02645.jpg,AoF,2645,0,Neither,0,0
train,AoF02646.jpg,AoF,2646,0,Neither,0,0
train,AoF02647.jpg,AoF,2647,0,Neither,0,0
train,AoF02649.jpg,AoF,2649,0,Neither,0,0
train,AoF02650.jpg,AoF,2650,0,Neither,0,0
train,AoF02651.jpg,AoF,2651,0,Neither,0,0
train,AoF02652.jpg,AoF,2652,0,Neither,0,0
train,AoF02653.jpg,AoF,2653,0,Neither,0,0
train,AoF02654.jpg,AoF,2654,0,Neither,0,0
train,AoF02655.jpg,AoF,2655,0,Neither,0,0
train,AoF02657.jpg,AoF,2657,0,Neither,0,0
train,AoF02658.jpg,AoF,2658,0,Neither,0,0
train,AoF02659.jpg,AoF,2659,0,Neither,0,0
train,AoF02660.jpg,AoF,2660,0,Neither,0,0
train,AoF02661.jpg,AoF,2661,0,Neither,0,0
train,AoF02662.jpg,AoF,2662,0,Neither,0,0
train,AoF02663.jpg,AoF,2663,0,Neither,0,0
train,AoF02664.jpg,AoF,2664,0,Neither,0,0
train,AoF02665.jpg,AoF,2665,0,Neither,0,0
train,AoF02666.jpg,AoF,2666,0,Neither,0,0
train,AoF02667.jpg,AoF,2667,0,Neither,0,0
train,AoF02668.jpg,AoF,2668,0,Neither,0,0
train,AoF02669.jpg,AoF,2669,0,Neither,0,0
train,AoF02671.jpg,AoF,2671,0,Neither,0,0
train,AoF02672.jpg,AoF,2672,0,Neither,0,0
train,AoF02673.jpg,AoF,2673,0,Neither,0,0
train,AoF02675.jpg,AoF,2675,0,Neither,0,0
train,AoF02676.jpg,AoF,2676,0,Neither,0,0
train,AoF02677.jpg,AoF,2677,0,Neither,0,0
train,AoF02680.jpg,AoF,2680,0,Neither,0,0
train,AoF02681.jpg,AoF,2681,0,Neither,0,0
train,AoF02682.jpg,AoF,2682,0,Neither,0,0
train,AoF02683.jpg,AoF,2683,0,Neither,0,0
train,AoF02684.jpg,AoF,2684,0,Neither,0,0
train,AoF02685.jpg,AoF,2685,0,Neither,0,0
train,AoF02686.jpg,AoF,2686,0,Neither,0,0
train,AoF02688.jpg,AoF,2688,0,Neither,0,0
train,AoF02689.jpg,AoF,2689,0,Neither,0,0
train,AoF02690.jpg,AoF,2690,0,Neither,0,0
train,AoF02691.jpg,AoF,2691,0,Neither,0,0
train,AoF02692.jpg,AoF,2692,0,Neither,0,0
train,AoF02694.jpg,AoF,2694,0,Neither,0,0
train,AoF02696.jpg,AoF,2696,0,Neither,0,0
train,AoF02697.jpg,AoF,2697,0,Neither,0,0
train,AoF02698.jpg,AoF,2698,0,Neither,0,0
train,AoF02699.jpg,AoF,2699,0,Neither,0,0
train,AoF02700.jpg,AoF,2700,0,Neither,0,0
train,AoF02701.jpg,AoF,2701,0,Neither,0,0
train,AoF02702.jpg,AoF,2702,0,Neither,0,0
train,AoF02703.jpg,AoF,2703,0,Neither,0,0
train,AoF02704.jpg,AoF,2704,0,Neither,0,0
train,AoF02706.jpg,AoF,2706,0,Neither,0,0
train,AoF02707.jpg,AoF,2707,0,Neither,0,0
train,AoF02708.jpg,AoF,2708,0,Neither,0,0
train,AoF02709.jpg,AoF,2709,0,Neither,0,0
train,AoF02711.jpg,AoF,2711,0,Neither,0,0
train,AoF02712.jpg,AoF,2712,0,Neither,0,0
train,AoF02713.jpg,AoF,2713,0,Neither,0,0
train,AoF02714.jpg,AoF,2714,0,Neither,0,0
train,AoF02716.jpg,AoF,2716,0,Neither,0,0
train,AoF02717.jpg,AoF,2717,0,Neither,0,0
train,AoF02718.jpg,AoF,2718,0,Neither,0,0
train,AoF02719.jpg,AoF,2719,0,Neither,0,0
train,AoF02721.jpg,AoF,2721,0,Neither,0,0
train,AoF02722.jpg,AoF,2722,0,Neither,0,0
train,AoF02723.jpg,AoF,2723,0,Neither,0,0
train,AoF02724.jpg,AoF,2724,0,Neither,0,0
train,AoF02725.jpg,AoF,2725,0,Neither,0,0
train,AoF02726.jpg,AoF,2726,0,Neither,0,0
train,AoF02727.jpg,AoF,2727,0,Neither,0,0
train,AoF02728.jpg,AoF,2728,0,Neither,0,0
train,AoF02729.jpg,AoF,2729,0,Neither,0,0
train,AoF02730.jpg,AoF,2730,0,Neither,0,0
train,AoF02731.jpg,AoF,2731,0,Neither,0,0
train,AoF02732.jpg,AoF,2732,0,Neither,0,0
train,AoF02733.jpg,AoF,2733,0,Neither,0,0
train,AoF02734.jpg,AoF,2734,0,Neither,0,0
train,AoF02735.jpg,AoF,2735,0,Neither,0,0
train,AoF02736.jpg,AoF,2736,0,Neither,0,0
train,AoF02737.jpg,AoF,2737,0,Neither,0,0
train,AoF02738.jpg,AoF,2738,0,Neither,0,0
train,AoF02739.jpg,AoF,2739,0,Neither,0,0
train,AoF02740.jpg,AoF,2740,0,Neither,0,0
train,AoF02741.jpg,AoF,2741,0,Neither,0,0
train,AoF02742.jpg,AoF,2742,0,Neither,0,0
train,AoF02743.jpg,AoF,2743,0,Neither,0,0
train,AoF02744.jpg,AoF,2744,0,Neither,0,0
train,AoF02746.jpg,AoF,2746,0,Neither,0,0
train,AoF02748.jpg,AoF,2748,0,Neither,0,0
train,AoF02749.jpg,AoF,2749,0,Neither,0,0
train,AoF02750.jpg,AoF,2750,0,Neither,0,0
train,AoF02751.jpg,AoF,2751,0,Neither,0,0
train,AoF02754.jpg,AoF,2754,0,Neither,0,0
train,AoF02755.jpg,AoF,2755,0,Neither,0,0
train,AoF02757.jpg,AoF,2757,0,Neither,0,0
train,AoF02758.jpg,AoF,2758,0,Neither,0,0
train,AoF02759.jpg,AoF,2759,0,Neither,0,0
train,AoF02760.jpg,AoF,2760,0,Neither,0,0
train,AoF02761.jpg,AoF,2761,0,Neither,0,0
train,AoF02762.jpg,AoF,2762,0,Neither,0,0
train,AoF02763.jpg,AoF,2763,0,Neither,0,0
train,AoF02764.jpg,AoF,2764,0,Neither,0,0
train,AoF02765.jpg,AoF,2765,0,Neither,0,0
train,AoF02766.jpg,AoF,2766,0,Neither,0,0
train,AoF02769.jpg,AoF,2769,0,Neither,0,0
train,AoF02770.jpg,AoF,2770,0,Neither,0,0
train,AoF02772.jpg,AoF,2772,0,Neither,0,0
train,AoF02773.jpg,AoF,2773,0,Neither,0,0
train,AoF02774.jpg,AoF,2774,0,Neither,0,0
train,AoF02776.jpg,AoF,2776,0,Neither,0,0
train,AoF02778.jpg,AoF,2778,0,Neither,0,0
train,AoF02779.jpg,AoF,2779,0,Neither,0,0
train,AoF02780.jpg,AoF,2780,0,Neither,0,0
train,AoF02781.jpg,AoF,2781,0,Neither,0,0
train,AoF02783.jpg,AoF,2783,0,Neither,0,0
train,AoF02784.jpg,AoF,2784,0,Neither,0,0
train,AoF02785.jpg,AoF,2785,0,Neither,0,0
train,AoF02786.jpg,AoF,2786,0,Neither,0,0
train,AoF02787.jpg,AoF,2787,0,Neither,0,0
train,AoF02788.jpg,AoF,2788,0,Neither,0,0
train,AoF02789.jpg,AoF,2789,0,Neither,0,0
train,AoF02790.jpg,AoF,2790,0,Neither,0,0
train,AoF02791.jpg,AoF,2791,0,Neither,0,0
train,AoF02792.jpg,AoF,2792,0,Neither,0,0
train,AoF02793.jpg,AoF,2793,0,Neither,0,0
train,AoF02794.jpg,AoF,2794,0,Neither,0,0
train,AoF02796.jpg,AoF,2796,0,Neither,0,0
train,AoF02797.jpg,AoF,2797,0,Neither,0,0
train,AoF02798.jpg,AoF,2798,0,Neither,0,0
train,AoF02799.jpg,AoF,2799,0,Neither,0,0
train,AoF02800.jpg,AoF,2800,0,Neither,0,0
train,AoF02801.jpg,AoF,2801,0,Neither,0,0
train,AoF02802.jpg,AoF,2802,0,Neither,0,0
train,AoF02803.jpg,AoF,2803,0,Neither,0,0
train,AoF02804.jpg,AoF,2804,0,Neither,0,0
train,AoF02805.jpg,AoF,2805,0,Neither,0,0
train,AoF02806.jpg,AoF,2806,0,Neither,0,0
train,AoF02807.jpg,AoF,2807,0,Neither,0,0
train,AoF02808.jpg,AoF,2808,0,Neither,0,0
train,AoF02809.jpg,AoF,2809,0,Neither,0,0
train,AoF02810.jpg,AoF,2810,0,Neither,0,0
train,AoF02811.jpg,AoF,2811,0,Neither,0,0
train,AoF02812.jpg,AoF,2812,0,Neither,0,0
train,AoF02813.jpg,AoF,2813,0,Neither,0,0
train,AoF02814.jpg,AoF,2814,0,Neither,0,0
train,AoF02815.jpg,AoF,2815,0,Neither,0,0
train,AoF02816.jpg,AoF,2816,0,Neither,0,0
train,AoF02817.jpg,AoF,2817,0,Neither,0,0
train,AoF02818.jpg,AoF,2818,0,Neither,0,0
train,AoF02819.jpg,AoF,2819,0,Neither,0,0
train,AoF02820.jpg,AoF,2820,0,Neither,0,0
train,AoF02821.jpg,AoF,2821,0,Neither,0,0
train,AoF02822.jpg,AoF,2822,0,Neither,0,0
train,AoF02823.jpg,AoF,2823,0,Neither,0,0
train,AoF02825.jpg,AoF,2825,0,Neither,0,0
train,AoF02826.jpg,AoF,2826,0,Neither,0,0
train,AoF02827.jpg,AoF,2827,0,Neither,0,0
train,AoF02829.jpg,AoF,2829,0,Neither,0,0
train,AoF02830.jpg,AoF,2830,0,Neither,0,0
train,AoF02831.jpg,AoF,2831,0,Neither,0,0
train,AoF02832.jpg,AoF,2832,0,Neither,0,0
train,AoF02833.jpg,AoF,2833,0,Neither,0,0
train,AoF02834.jpg,AoF,2834,0,Neither,0,0
train,AoF02836.jpg,AoF,2836,0,Neither,0,0
train,AoF02837.jpg,AoF,2837,0,Neither,0,0
train,AoF02838.jpg,AoF,2838,0,Neither,0,0
train,AoF02839.jpg,AoF,2839,0,Neither,0,0
train,AoF02840.jpg,AoF,2840,0,Neither,0,0
train,AoF02841.jpg,AoF,2841,0,Neither,0,0
train,AoF02843.jpg,AoF,2843,0,Neither,0,0
train,AoF02844.jpg,AoF,2844,0,Neither,0,0
train,AoF02845.jpg,AoF,2845,0,Neither,0,0
train,AoF02846.jpg,AoF,2846,0,Neither,0,0
train,AoF02847.jpg,AoF,2847,0,Neither,0,0
train,AoF02848.jpg,AoF,2848,0,Neither,0,0
train,AoF02850.jpg,AoF,2850,0,Neither,0,0
train,AoF02851.jpg,AoF,2851,0,Neither,0,0
train,AoF02852.jpg,AoF,2852,0,Neither,0,0
train,AoF02853.jpg,AoF,2853,0,Neither,0,0
train,AoF02854.jpg,AoF,2854,0,Neither,0,0
train,AoF02856.jpg,AoF,2856,0,Neither,0,0
train,AoF02857.jpg,AoF,2857,0,Neither,0,0
train,AoF02858.jpg,AoF,2858,0,Neither,0,0
train,AoF02859.jpg,AoF,2859,0,Neither,0,0
train,AoF02860.jpg,AoF,2860,0,Neither,0,0
train,AoF02862.jpg,AoF,2862,0,Neither,0,0
train,AoF02863.jpg,AoF,2863,0,Neither,0,0
train,AoF02864.jpg,AoF,2864,0,Neither,0,0
train,AoF02865.jpg,AoF,2865,0,Neither,0,0
train,AoF02866.jpg,AoF,2866,0,Neither,0,0
train,AoF02867.jpg,AoF,2867,0,Neither,0,0
train,AoF02868.jpg,AoF,2868,0,Neither,0,0
train,AoF02869.jpg,AoF,2869,0,Neither,0,0
train,AoF02870.jpg,AoF,2870,0,Neither,0,0
train,AoF02871.jpg,AoF,2871,0,Neither,0,0
train,AoF02872.jpg,AoF,2872,0,Neither,0,0
train,AoF02873.jpg,AoF,2873,0,Neither,0,0
train,AoF02874.jpg,AoF,2874,0,Neither,0,0
train,AoF02875.jpg,AoF,2875,0,Neither,0,0
train,AoF02877.jpg,AoF,2877,0,Neither,0,0
train,AoF02880.jpg,AoF,2880,0,Neither,0,0
train,AoF02881.jpg,AoF,2881,0,Neither,0,0
train,AoF02882.jpg,AoF,2882,0,Neither,0,0
train,AoF02884.jpg,AoF,2884,0,Neither,0,0
train,AoF02885.jpg,AoF,2885,0,Neither,0,0
train,AoF02887.jpg,AoF,2887,0,Neither,0,0
train,AoF02889.jpg,AoF,2889,0,Neither,0,0
train,AoF02890.jpg,AoF,2890,0,Neither,0,0
train,AoF02891.jpg,AoF,2891,0,Neither,0,0
train,AoF02892.jpg,AoF,2892,0,Neither,0,0
train,AoF02893.jpg,AoF,2893,0,Neither,0,0
train,AoF02894.jpg,AoF,2894,0,Neither,0,0
train,AoF02895.jpg,AoF,2895,0,Neither,0,0
train,AoF02896.jpg,AoF,2896,0,Neither,0,0
train,AoF02897.jpg,AoF,2897,0,Neither,0,0
train,AoF02898.jpg,AoF,2898,0,Neither,0,0
train,AoF02899.jpg,AoF,2899,0,Neither,0,0
train,AoF02902.jpg,AoF,2902,0,Neither,0,0
train,AoF02903.jpg,AoF,2903,0,Neither,0,0
train,AoF02904.jpg,AoF,2904,0,Neither,0,0
train,AoF02905.jpg,AoF,2905,0,Neither,0,0
train,AoF02906.jpg,AoF,2906,0,Neither,0,0
train,AoF02907.jpg,AoF,2907,0,Neither,0,0
train,AoF02909.jpg,AoF,2909,0,Neither,0,0
train,AoF02910.jpg,AoF,2910,0,Neither,0,0
train,AoF02912.jpg,AoF,2912,0,Neither,0,0
train,AoF02913.jpg,AoF,2913,0,Neither,0,0
train,AoF02914.jpg,AoF,2914,0,Neither,0,0
train,AoF02915.jpg,AoF,2915,0,Neither,0,0
train,AoF02916.jpg,AoF,2916,0,Neither,0,0
train,AoF02917.jpg,AoF,2917,0,Neither,0,0
train,AoF02919.jpg,AoF,2919,0,Neither,0,0
train,AoF02920.jpg,AoF,2920,0,Neither,0,0
train,AoF02921.jpg,AoF,2921,0,Neither,0,0
train,AoF02922.jpg,AoF,2922,0,Neither,0,0
train,AoF02923.jpg,AoF,2923,0,Neither,0,0
train,AoF02925.jpg,AoF,2925,0,Neither,0,0
train,AoF02926.jpg,AoF,2926,0,Neither,0,0
train,AoF02927.jpg,AoF,2927,0,Neither,0,0
train,AoF02928.jpg,AoF,2928,0,Neither,0,0
train,AoF02929.jpg,AoF,2929,0,Neither,0,0
train,AoF02930.jpg,AoF,2930,0,Neither,0,0
train,AoF02931.jpg,AoF,2931,0,Neither,0,0
train,AoF02932.jpg,AoF,2932,0,Neither,0,0
train,AoF02934.jpg,AoF,2934,0,Neither,0,0
train,AoF02935.jpg,AoF,2935,0,Neither,0,0
train,AoF02936.jpg,AoF,2936,0,Neither,0,0
train,AoF02937.jpg,AoF,2937,0,Neither,0,0
train,AoF02939.jpg,AoF,2939,0,Neither,0,0
train,AoF02940.jpg,AoF,2940,0,Neither,0,0
train,AoF02942.jpg,AoF,2942,0,Neither,0,0
train,AoF02944.jpg,AoF,2944,0,Neither,0,0
train,AoF02945.jpg,AoF,2945,0,Neither,0,0
train,AoF02947.jpg,AoF,2947,0,Neither,0,0
train,AoF02949.jpg,AoF,2949,0,Neither,0,0
train,AoF02950.jpg,AoF,2950,0,Neither,0,0
train,AoF02951.jpg,AoF,2951,0,Neither,0,0
train,AoF02952.jpg,AoF,2952,0,Neither,0,0
train,AoF02955.jpg,AoF,2955,0,Neither,0,0
train,AoF02956.jpg,AoF,2956,0,Neither,0,0
train,AoF02957.jpg,AoF,2957,0,Neither,0,0
train,AoF02959.jpg,AoF,2959,0,Neither,0,0
train,AoF02961.jpg,AoF,2961,0,Neither,0,0
train,AoF02963.jpg,AoF,2963,0,Neither,0,0
train,AoF02964.jpg,AoF,2964,0,Neither,0,0
train,AoF02965.jpg,AoF,2965,0,Neither,0,0
train,AoF02967.jpg,AoF,2967,0,Neither,0,0
train,AoF02968.jpg,AoF,2968,0,Neither,0,0
train,AoF02969.jpg,AoF,2969,0,Neither,0,0
train,AoF02971.jpg,AoF,2971,0,Neither,0,0
train,AoF02972.jpg,AoF,2972,0,Neither,0,0
train,AoF02973.jpg,AoF,2973,0,Neither,0,0
train,AoF02974.jpg,AoF,2974,0,Neither,0,0
train,AoF02975.jpg,AoF,2975,0,Neither,0,0
train,AoF02976.jpg,AoF,2976,0,Neither,0,0
train,AoF02977.jpg,AoF,2977,0,Neither,0,0
train,AoF02978.jpg,AoF,2978,0,Neither,0,0
train,AoF02979.jpg,AoF,2979,0,Neither,0,0
train,AoF02980.jpg,AoF,2980,0,Neither,0,0
train,AoF02981.jpg,AoF,2981,0,Neither,0,0
train,AoF02982.jpg,AoF,2982,0,Neither,0,0
train,AoF02983.jpg,AoF,2983,0,Neither,0,0
train,AoF02984.jpg,AoF,2984,0,Neither,0,0
train,AoF02985.jpg,AoF,2985,0,Neither,0,0
train,AoF02986.jpg,AoF,2986,0,Neither,0,0
train,AoF02987.jpg,AoF,2987,0,Neither,0,0
train,AoF02988.jpg,AoF,2988,0,Neither,0,0
train,AoF02989.jpg,AoF,2989,0,Neither,0,0
train,AoF02990.jpg,AoF,2990,0,Neither,0,0
train,AoF02991.jpg,AoF,2991,0,Neither,0,0
train,AoF02993.jpg,AoF,2993,0,Neither,0,0
train,AoF02994.jpg,AoF,2994,0,Neither,0,0
train,AoF02995.jpg,AoF,2995,0,Neither,0,0
train,AoF02996.jpg,AoF,2996,0,Neither,0,0
train,AoF02997.jpg,AoF,2997,0,Neither,0,0
train,AoF02998.jpg,AoF,2998,0,Neither,0,0
train,AoF03000.jpg,AoF,3000,0,Neither,0,0
train,AoF03002.jpg,AoF,3002,0,Neither,0,0
train,AoF03003.jpg,AoF,3003,0,Neither,0,0
train,AoF03004.jpg,AoF,3004,0,Neither,0,0
train,AoF03005.jpg,AoF,3005,0,Neither,0,0
train,AoF03006.jpg,AoF,3006,0,Neither,0,0
train,AoF03007.jpg,AoF,3007,0,Neither,0,0
train,AoF03008.jpg,AoF,3008,0,Neither,0,0
train,AoF03009.jpg,AoF,3009,0,Neither,0,0
train,AoF03011.jpg,AoF,3011,0,Neither,0,0
train,AoF03012.jpg,AoF,3012,0,Neither,0,0
train,AoF03015.jpg,AoF,3015,0,Neither,0,0
train,AoF03016.jpg,AoF,3016,0,Neither,0,0
train,AoF03017.jpg,AoF,3017,0,Neither,0,0
train,AoF03018.jpg,AoF,3018,0,Neither,0,0
train,AoF03019.jpg,AoF,3019,0,Neither,0,0
train,AoF03022.jpg,AoF,3022,0,Neither,0,0
train,AoF03023.jpg,AoF,3023,0,Neither,0,0
train,AoF03024.jpg,AoF,3024,0,Neither,0,0
train,AoF03025.jpg,AoF,3025,0,Neither,0,0
train,AoF03027.jpg,AoF,3027,0,Neither,0,0
train,AoF03028.jpg,AoF,3028,0,Neither,0,0
train,AoF03029.jpg,AoF,3029,0,Neither,0,0
train,AoF03030.jpg,AoF,3030,0,Neither,0,0
train,AoF03031.jpg,AoF,3031,0,Neither,0,0
train,AoF03032.jpg,AoF,3032,0,Neither,0,0
train,AoF03033.jpg,AoF,3033,0,Neither,0,0
train,AoF03034.jpg,AoF,3034,0,Neither,0,0
train,AoF03035.jpg,AoF,3035,0,Neither,0,0
train,AoF03036.jpg,AoF,3036,0,Neither,0,0
train,AoF03037.jpg,AoF,3037,0,Neither,0,0
train,AoF03038.jpg,AoF,3038,0,Neither,0,0
train,AoF03040.jpg,AoF,3040,0,Neither,0,0
train,AoF03041.jpg,AoF,3041,0,Neither,0,0
train,AoF03042.jpg,AoF,3042,0,Neither,0,0
train,AoF03043.jpg,AoF,3043,0,Neither,0,0
train,AoF03044.jpg,AoF,3044,0,Neither,0,0
train,AoF03045.jpg,AoF,3045,0,Neither,0,0
train,AoF03046.jpg,AoF,3046,0,Neither,0,0
train,AoF03047.jpg,AoF,3047,0,Neither,0,0
train,AoF03049.jpg,AoF,3049,0,Neither,0,0
train,AoF03050.jpg,AoF,3050,0,Neither,0,0
train,AoF03051.jpg,AoF,3051,0,Neither,0,0
train,AoF03052.jpg,AoF,3052,0,Neither,0,0
train,AoF03053.jpg,AoF,3053,0,Neither,0,0
train,AoF03054.jpg,AoF,3054,0,Neither,0,0
train,AoF03058.jpg,AoF,3058,0,Neither,0,0
train,AoF03060.jpg,AoF,3060,0,Neither,0,0
train,AoF03061.jpg,AoF,3061,0,Neither,0,0
train,AoF03062.jpg,AoF,3062,0,Neither,0,0
train,AoF03064.jpg,AoF,3064,0,Neither,0,0
train,AoF03066.jpg,AoF,3066,0,Neither,0,0
train,AoF03067.jpg,AoF,3067,0,Neither,0,0
train,AoF03068.jpg,AoF,3068,0,Neither,0,0
train,AoF03069.jpg,AoF,3069,0,Neither,0,0
train,AoF03070.jpg,AoF,3070,0,Neither,0,0
train,AoF03071.jpg,AoF,3071,0,Neither,0,0
train,AoF03072.jpg,AoF,3072,0,Neither,0,0
train,AoF03073.jpg,AoF,3073,0,Neither,0,0
train,AoF03075.jpg,AoF,3075,0,Neither,0,0
train,AoF03076.jpg,AoF,3076,0,Neither,0,0
train,AoF03077.jpg,AoF,3077,0,Neither,0,0
train,AoF03078.jpg,AoF,3078,0,Neither,0,0
train,AoF03080.jpg,AoF,3080,0,Neither,0,0
train,AoF03081.jpg,AoF,3081,0,Neither,0,0
train,AoF03083.jpg,AoF,3083,0,Neither,0,0
train,AoF03085.jpg,AoF,3085,0,Neither,0,0
train,AoF03086.jpg,AoF,3086,0,Neither,0,0
train,AoF03087.jpg,AoF,3087,0,Neither,0,0
train,AoF03089.jpg,AoF,3089,0,Neither,0,0
train,AoF03090.jpg,AoF,3090,0,Neither,0,0
train,AoF03091.jpg,AoF,3091,0,Neither,0,0
train,AoF03092.jpg,AoF,3092,0,Neither,0,0
train,AoF03093.jpg,AoF,3093,0,Neither,0,0
train,AoF03095.jpg,AoF,3095,0,Neither,0,0
train,AoF03096.jpg,AoF,3096,0,Neither,0,0
train,AoF03097.jpg,AoF,3097,0,Neither,0,0
train,AoF03098.jpg,AoF,3098,0,Neither,0,0
train,AoF03099.jpg,AoF,3099,0,Neither,0,0
train,AoF03100.jpg,AoF,3100,0,Neither,0,0
train,AoF03101.jpg,AoF,3101,0,Neither,0,0
train,AoF03102.jpg,AoF,3102,0,Neither,0,0
train,AoF03103.jpg,AoF,3103,0,Neither,0,0
train,AoF03104.jpg,AoF,3104,0,Neither,0,0
train,AoF03105.jpg,AoF,3105,0,Neither,0,0
train,AoF03106.jpg,AoF,3106,0,Neither,0,0
train,AoF03107.jpg,AoF,3107,0,Neither,0,0
train,AoF03108.jpg,AoF,3108,0,Neither,0,0
train,AoF03109.jpg,AoF,3109,0,Neither,0,0
train,AoF03110.jpg,AoF,3110,0,Neither,0,0
train,AoF03111.jpg,AoF,3111,0,Neither,0,0
train,AoF03112.jpg,AoF,3112,0,Neither,0,0
train,AoF03114.jpg,AoF,3114,0,Neither,0,0
train,AoF03115.jpg,AoF,3115,0,Neither,0,0
train,AoF03116.jpg,AoF,3116,0,Neither,0,0
train,AoF03117.jpg,AoF,3117,0,Neither,0,0
train,AoF03118.jpg,AoF,3118,0,Neither,0,0
train,AoF03119.jpg,AoF,3119,0,Neither,0,0
train,AoF03120.jpg,AoF,3120,0,Neither,0,0
train,AoF03122.jpg,AoF,3122,0,Neither,0,0
train,AoF03123.jpg,AoF,3123,0,Neither,0,0
train,AoF03125.jpg,AoF,3125,0,Neither,0,0
train,AoF03126.jpg,AoF,3126,0,Neither,0,0
train,AoF03127.jpg,AoF,3127,0,Neither,0,0
train,AoF03128.jpg,AoF,3128,0,Neither,0,0
train,AoF03129.jpg,AoF,3129,0,Neither,0,0
train,AoF03130.jpg,AoF,3130,0,Neither,0,0
train,AoF03132.jpg,AoF,3132,0,Neither,0,0
train,AoF03133.jpg,AoF,3133,0,Neither,0,0
train,AoF03135.jpg,AoF,3135,0,Neither,0,0
train,AoF03136.jpg,AoF,3136,0,Neither,0,0
train,AoF03137.jpg,AoF,3137,0,Neither,0,0
train,AoF03139.jpg,AoF,3139,0,Neither,0,0
train,AoF03141.jpg,AoF,3141,0,Neither,0,0
train,AoF03142.jpg,AoF,3142,0,Neither,0,0
train,AoF03143.jpg,AoF,3143,0,Neither,0,0
train,AoF03144.jpg,AoF,3144,0,Neither,0,0
train,AoF03145.jpg,AoF,3145,0,Neither,0,0
train,AoF03149.jpg,AoF,3149,0,Neither,0,0
train,AoF03150.jpg,AoF,3150,0,Neither,0,0
train,AoF03151.jpg,AoF,3151,0,Neither,0,0
train,AoF03152.jpg,AoF,3152,0,Neither,0,0
train,AoF03153.jpg,AoF,3153,0,Neither,0,0
train,AoF03154.jpg,AoF,3154,0,Neither,0,0
train,AoF03156.jpg,AoF,3156,0,Neither,0,0
train,AoF03157.jpg,AoF,3157,0,Neither,0,0
train,AoF03158.jpg,AoF,3158,0,Neither,0,0
train,AoF03159.jpg,AoF,3159,0,Neither,0,0
train,AoF03160.jpg,AoF,3160,0,Neither,0,0
train,AoF03161.jpg,AoF,3161,0,Neither,0,0
train,AoF03163.jpg,AoF,3163,0,Neither,0,0
train,AoF03164.jpg,AoF,3164,0,Neither,0,0
train,AoF03165.jpg,AoF,3165,0,Neither,0,0
train,AoF03166.jpg,AoF,3166,0,Neither,0,0
train,AoF03169.jpg,AoF,3169,0,Neither,0,0
train,AoF03170.jpg,AoF,3170,0,Neither,0,0
train,AoF03171.jpg,AoF,3171,0,Neither,0,0
train,AoF03172.jpg,AoF,3172,0,Neither,0,0
train,AoF03174.jpg,AoF,3174,0,Neither,0,0
train,AoF03176.jpg,AoF,3176,0,Neither,0,0
train,AoF03177.jpg,AoF,3177,0,Neither,0,0
train,AoF03178.jpg,AoF,3178,0,Neither,0,0
train,AoF03179.jpg,AoF,3179,0,Neither,0,0
train,AoF03181.jpg,AoF,3181,0,Neither,0,0
train,AoF03182.jpg,AoF,3182,0,Neither,0,0
train,AoF03183.jpg,AoF,3183,0,Neither,0,0
train,AoF03184.jpg,AoF,3184,0,Neither,0,0
train,AoF03185.jpg,AoF,3185,0,Neither,0,0
train,AoF03187.jpg,AoF,3187,0,Neither,0,0
train,AoF03188.jpg,AoF,3188,0,Neither,0,0
train,AoF03190.jpg,AoF,3190,0,Neither,0,0
train,AoF03191.jpg,AoF,3191,0,Neither,0,0
train,AoF03192.jpg,AoF,3192,0,Neither,0,0
train,AoF03193.jpg,AoF,3193,0,Neither,0,0
train,AoF03194.jpg,AoF,3194,0,Neither,0,0
train,AoF03195.jpg,AoF,3195,0,Neither,0,0
train,AoF03196.jpg,AoF,3196,0,Neither,0,0
train,AoF03197.jpg,AoF,3197,0,Neither,0,0
train,AoF03198.jpg,AoF,3198,0,Neither,0,0
train,AoF03199.jpg,AoF,3199,0,Neither,0,0
train,AoF03200.jpg,AoF,3200,0,Neither,0,0
train,AoF03201.jpg,AoF,3201,0,Neither,0,0
train,AoF03202.jpg,AoF,3202,0,Neither,0,0
train,AoF03203.jpg,AoF,3203,0,Neither,0,0
train,AoF03204.jpg,AoF,3204,0,Neither,0,0
train,AoF03205.jpg,AoF,3205,0,Neither,0,0
train,AoF03206.jpg,AoF,3206,0,Neither,0,0
train,AoF03207.jpg,AoF,3207,0,Neither,0,0
train,AoF03208.jpg,AoF,3208,0,Neither,0,0
train,AoF03209.jpg,AoF,3209,0,Neither,0,0
train,AoF03210.jpg,AoF,3210,0,Neither,0,0
train,AoF03213.jpg,AoF,3213,0,Neither,0,0
train,AoF03214.jpg,AoF,3214,0,Neither,0,0
train,AoF03216.jpg,AoF,3216,0,Neither,0,0
train,AoF03217.jpg,AoF,3217,0,Neither,0,0
train,AoF03218.jpg,AoF,3218,0,Neither,0,0
train,AoF03219.jpg,AoF,3219,0,Neither,0,0
train,AoF03222.jpg,AoF,3222,0,Neither,0,0
train,AoF03223.jpg,AoF,3223,0,Neither,0,0
train,AoF03224.jpg,AoF,3224,0,Neither,0,0
train,AoF03225.jpg,AoF,3225,0,Neither,0,0
train,AoF03226.jpg,AoF,3226,0,Neither,0,0
train,AoF03227.jpg,AoF,3227,0,Neither,0,0
train,AoF03228.jpg,AoF,3228,0,Neither,0,0
train,AoF03229.jpg,AoF,3229,0,Neither,0,0
train,AoF03230.jpg,AoF,3230,0,Neither,0,0
train,AoF03233.jpg,AoF,3233,0,Neither,0,0
train,AoF03234.jpg,AoF,3234,0,Neither,0,0
train,AoF03235.jpg,AoF,3235,0,Neither,0,0
train,AoF03237.jpg,AoF,3237,0,Neither,0,0
train,AoF03238.jpg,AoF,3238,0,Neither,0,0
train,AoF03239.jpg,AoF,3239,0,Neither,0,0
train,AoF03240.jpg,AoF,3240,0,Neither,0,0
train,AoF03241.jpg,AoF,3241,0,Neither,0,0
train,AoF03243.jpg,AoF,3243,0,Neither,0,0
train,AoF03244.jpg,AoF,3244,0,Neither,0,0
train,AoF03245.jpg,AoF,3245,0,Neither,0,0
train,AoF03246.jpg,AoF,3246,0,Neither,0,0
train,AoF03247.jpg,AoF,3247,0,Neither,0,0
train,AoF03248.jpg,AoF,3248,0,Neither,0,0
train,AoF03250.jpg,AoF,3250,0,Neither,0,0
train,AoF03252.jpg,AoF,3252,0,Neither,0,0
train,AoF03253.jpg,AoF,3253,0,Neither,0,0
train,AoF03256.jpg,AoF,3256,0,Neither,0,0
train,AoF03258.jpg,AoF,3258,0,Neither,0,0
train,AoF03260.jpg,AoF,3260,0,Neither,0,0
train,AoF03261.jpg,AoF,3261,0,Neither,0,0
train,AoF03262.jpg,AoF,3262,0,Neither,0,0
train,AoF03263.jpg,AoF,3263,0,Neither,0,0
train,AoF03264.jpg,AoF,3264,0,Neither,0,0
train,AoF03265.jpg,AoF,3265,0,Neither,0,0
train,AoF03267.jpg,AoF,3267,0,Neither,0,0
train,AoF03269.jpg,AoF,3269,0,Neither,0,0
train,AoF03270.jpg,AoF,3270,0,Neither,0,0
train,AoF03271.jpg,AoF,3271,0,Neither,0,0
train,AoF03272.jpg,AoF,3272,0,Neither,0,0
train,AoF03274.jpg,AoF,3274,0,Neither,0,0
train,AoF03275.jpg,AoF,3275,0,Neither,0,0
train,AoF03276.jpg,AoF,3276,0,Neither,0,0
train,AoF03277.jpg,AoF,3277,0,Neither,0,0
train,AoF03278.jpg,AoF,3278,0,Neither,0,0
train,AoF03279.jpg,AoF,3279,0,Neither,0,0
train,AoF03280.jpg,AoF,3280,0,Neither,0,0
train,AoF03281.jpg,AoF,3281,0,Neither,0,0
train,AoF03282.jpg,AoF,3282,0,Neither,0,0
train,AoF03283.jpg,AoF,3283,0,Neither,0,0
train,AoF03286.jpg,AoF,3286,0,Neither,0,0
train,AoF03288.jpg,AoF,3288,0,Neither,0,0
train,AoF03289.jpg,AoF,3289,0,Neither,0,0
train,AoF03290.jpg,AoF,3290,0,Neither,0,0
train,AoF03291.jpg,AoF,3291,0,Neither,0,0
train,AoF03292.jpg,AoF,3292,0,Neither,0,0
train,AoF03294.jpg,AoF,3294,0,Neither,0,0
train,AoF03295.jpg,AoF,3295,0,Neither,0,0
train,AoF03296.jpg,AoF,3296,0,Neither,0,0
train,AoF03297.jpg,AoF,3297,0,Neither,0,0
train,AoF03298.jpg,AoF,3298,0,Neither,0,0
train,AoF03300.jpg,AoF,3300,0,Neither,0,0
train,AoF03301.jpg,AoF,3301,0,Neither,0,0
train,AoF03302.jpg,AoF,3302,0,Neither,0,0
train,AoF03303.jpg,AoF,3303,0,Neither,0,0
train,AoF03304.jpg,AoF,3304,0,Neither,0,0
train,AoF03305.jpg,AoF,3305,0,Neither,0,0
train,AoF03307.jpg,AoF,3307,0,Neither,0,0
train,AoF03308.jpg,AoF,3308,0,Neither,0,0
train,AoF03309.jpg,AoF,3309,0,Neither,0,0
train,AoF03310.jpg,AoF,3310,0,Neither,0,0
train,AoF03311.jpg,AoF,3311,0,Neither,0,0
train,AoF03312.jpg,AoF,3312,0,Neither,0,0
train,AoF03313.jpg,AoF,3313,0,Neither,0,0
train,AoF03314.jpg,AoF,3314,0,Neither,0,0
train,AoF03316.jpg,AoF,3316,0,Neither,0,0
train,AoF03318.jpg,AoF,3318,0,Neither,0,0
train,AoF03319.jpg,AoF,3319,0,Neither,0,0
train,AoF03320.jpg,AoF,3320,0,Neither,0,0
train,AoF03322.jpg,AoF,3322,0,Neither,0,0
train,AoF03324.jpg,AoF,3324,0,Neither,0,0
train,AoF03325.jpg,AoF,3325,0,Neither,0,0
train,AoF03327.jpg,AoF,3327,0,Neither,0,0
train,AoF03328.jpg,AoF,3328,0,Neither,0,0
train,AoF03329.jpg,AoF,3329,0,Neither,0,0
train,AoF03330.jpg,AoF,3330,0,Neither,0,0
train,AoF03331.jpg,AoF,3331,0,Neither,0,0
train,AoF03333.jpg,AoF,3333,0,Neither,0,0
train,AoF03334.jpg,AoF,3334,0,Neither,0,0
train,AoF03336.jpg,AoF,3336,0,Neither,0,0
train,AoF03337.jpg,AoF,3337,0,Neither,0,0
train,AoF03338.jpg,AoF,3338,0,Neither,0,0
train,AoF03339.jpg,AoF,3339,0,Neither,0,0
train,AoF03340.jpg,AoF,3340,0,Neither,0,0
train,AoF03341.jpg,AoF,3341,0,Neither,0,0
train,AoF03343.jpg,AoF,3343,0,Neither,0,0
train,AoF03344.jpg,AoF,3344,0,Neither,0,0
train,AoF03346.jpg,AoF,3346,0,Neither,0,0
train,AoF03348.jpg,AoF,3348,0,Neither,0,0
train,AoF03349.jpg,AoF,3349,0,Neither,0,0
train,AoF03350.jpg,AoF,3350,0,Neither,0,0
train,AoF03351.jpg,AoF,3351,0,Neither,0,0
train,AoF03352.jpg,AoF,3352,0,Neither,0,0
train,AoF03353.jpg,AoF,3353,0,Neither,0,0
train,AoF03354.jpg,AoF,3354,0,Neither,0,0
train,AoF03355.jpg,AoF,3355,0,Neither,0,0
train,AoF03356.jpg,AoF,3356,0,Neither,0,0
train,AoF03360.jpg,AoF,3360,0,Neither,0,0
train,AoF03362.jpg,AoF,3362,0,Neither,0,0
train,AoF03363.jpg,AoF,3363,0,Neither,0,0
train,AoF03364.jpg,AoF,3364,0,Neither,0,0
train,AoF03366.jpg,AoF,3366,0,Neither,0,0
train,AoF03367.jpg,AoF,3367,0,Neither,0,0
train,AoF03368.jpg,AoF,3368,0,Neither,0,0
train,AoF03369.jpg,AoF,3369,0,Neither,0,0
train,AoF03370.jpg,AoF,3370,0,Neither,0,0
train,AoF03371.jpg,AoF,3371,0,Neither,0,0
train,AoF03372.jpg,AoF,3372,0,Neither,0,0
train,AoF03373.jpg,AoF,3373,0,Neither,0,0
train,AoF03374.jpg,AoF,3374,0,Neither,0,0
train,AoF03375.jpg,AoF,3375,0,Neither,0,0
train,AoF03376.jpg,AoF,3376,0,Neither,0,0
train,AoF03377.jpg,AoF,3377,0,Neither,0,0
train,AoF03378.jpg,AoF,3378,0,Neither,0,0
train,AoF03379.jpg,AoF,3379,0,Neither,0,0
train,AoF03380.jpg,AoF,3380,0,Neither,0,0
train,AoF03381.jpg,AoF,3381,0,Neither,0,0
train,AoF03382.jpg,AoF,3382,0,Neither,0,0
train,AoF03383.jpg,AoF,3383,0,Neither,0,0
train,AoF03384.jpg,AoF,3384,0,Neither,0,0
train,AoF03386.jpg,AoF,3386,0,Neither,0,0
train,AoF03387.jpg,AoF,3387,0,Neither,0,0
train,AoF03388.jpg,AoF,3388,0,Neither,0,0
train,AoF03389.jpg,AoF,3389,0,Neither,0,0
train,AoF03390.jpg,AoF,3390,0,Neither,0,0
train,AoF03391.jpg,AoF,3391,0,Neither,0,0
train,AoF03393.jpg,AoF,3393,0,Neither,0,0
train,AoF03395.jpg,AoF,3395,0,Neither,0,0
train,AoF03396.jpg,AoF,3396,0,Neither,0,0
train,AoF03397.jpg,AoF,3397,0,Neither,0,0
train,AoF03398.jpg,AoF,3398,0,Neither,0,0
train,AoF03399.jpg,AoF,3399,0,Neither,0,0
train,AoF03401.jpg,AoF,3401,0,Neither,0,0
train,AoF03402.jpg,AoF,3402,0,Neither,0,0
train,AoF03403.jpg,AoF,3403,0,Neither,0,0
train,AoF03404.jpg,AoF,3404,0,Neither,0,0
train,AoF03406.jpg,AoF,3406,0,Neither,0,0
train,AoF03407.jpg,AoF,3407,0,Neither,0,0
train,AoF03409.jpg,AoF,3409,0,Neither,0,0
train,AoF03411.jpg,AoF,3411,0,Neither,0,0
train,AoF03412.jpg,AoF,3412,0,Neither,0,0
train,AoF03413.jpg,AoF,3413,0,Neither,0,0
train,AoF03414.jpg,AoF,3414,0,Neither,0,0
train,AoF03415.jpg,AoF,3415,0,Neither,0,0
train,AoF03416.jpg,AoF,3416,0,Neither,0,0
train,AoF03417.jpg,AoF,3417,0,Neither,0,0
train,AoF03418.jpg,AoF,3418,0,Neither,0,0
train,AoF03419.jpg,AoF,3419,0,Neither,0,0
train,AoF03420.jpg,AoF,3420,0,Neither,0,0
train,AoF03421.jpg,AoF,3421,0,Neither,0,0
train,AoF03422.jpg,AoF,3422,0,Neither,0,0
train,AoF03423.jpg,AoF,3423,0,Neither,0,0
train,AoF03424.jpg,AoF,3424,0,Neither,0,0
train,AoF03425.jpg,AoF,3425,0,Neither,0,0
train,AoF03426.jpg,AoF,3426,0,Neither,0,0
train,AoF03427.jpg,AoF,3427,0,Neither,0,0
train,AoF03428.jpg,AoF,3428,0,Neither,0,0
train,AoF03429.jpg,AoF,3429,0,Neither,0,0
train,AoF03431.jpg,AoF,3431,0,Neither,0,0
train,AoF03432.jpg,AoF,3432,0,Neither,0,0
train,AoF03433.jpg,AoF,3433,0,Neither,0,0
train,AoF03434.jpg,AoF,3434,0,Neither,0,0
train,AoF03435.jpg,AoF,3435,0,Neither,0,0
train,AoF03437.jpg,AoF,3437,0,Neither,0,0
train,AoF03438.jpg,AoF,3438,0,Neither,0,0
train,AoF03439.jpg,AoF,3439,0,Neither,0,0
train,AoF03440.jpg,AoF,3440,0,Neither,0,0
train,AoF03441.jpg,AoF,3441,0,Neither,0,0
train,AoF03442.jpg,AoF,3442,0,Neither,0,0
train,AoF03443.jpg,AoF,3443,0,Neither,0,0
train,AoF03444.jpg,AoF,3444,0,Neither,0,0
train,AoF03445.jpg,AoF,3445,0,Neither,0,0
train,AoF03446.jpg,AoF,3446,0,Neither,0,0
train,AoF03447.jpg,AoF,3447,0,Neither,0,0
train,AoF03448.jpg,AoF,3448,0,Neither,0,0
train,AoF03449.jpg,AoF,3449,0,Neither,0,0
train,AoF03451.jpg,AoF,3451,0,Neither,0,0
train,AoF03453.jpg,AoF,3453,0,Neither,0,0
train,AoF03454.jpg,AoF,3454,0,Neither,0,0
train,AoF03455.jpg,AoF,3455,0,Neither,0,0
train,AoF03456.jpg,AoF,3456,0,Neither,0,0
train,AoF03457.jpg,AoF,3457,0,Neither,0,0
train,AoF03460.jpg,AoF,3460,0,Neither,0,0
train,AoF03461.jpg,AoF,3461,0,Neither,0,0
train,AoF03462.jpg,AoF,3462,0,Neither,0,0
train,AoF03463.jpg,AoF,3463,0,Neither,0,0
train,AoF03464.jpg,AoF,3464,0,Neither,0,0
train,AoF03465.jpg,AoF,3465,0,Neither,0,0
train,AoF03466.jpg,AoF,3466,0,Neither,0,0
train,AoF03468.jpg,AoF,3468,0,Neither,0,0
train,AoF03469.jpg,AoF,3469,0,Neither,0,0
train,AoF03470.jpg,AoF,3470,0,Neither,0,0
train,AoF03471.jpg,AoF,3471,0,Neither,0,0
train,AoF03472.jpg,AoF,3472,0,Neither,0,0
train,AoF03474.jpg,AoF,3474,0,Neither,0,0
train,AoF03475.jpg,AoF,3475,0,Neither,0,0
train,AoF03476.jpg,AoF,3476,0,Neither,0,0
train,AoF03477.jpg,AoF,3477,0,Neither,0,0
train,AoF03478.jpg,AoF,3478,0,Neither,0,0
train,AoF03479.jpg,AoF,3479,0,Neither,0,0
train,AoF03480.jpg,AoF,3480,0,Neither,0,0
train,AoF03481.jpg,AoF,3481,0,Neither,0,0
train,AoF03482.jpg,AoF,3482,0,Neither,0,0
train,AoF03483.jpg,AoF,3483,0,Neither,0,0
train,AoF03484.jpg,AoF,3484,0,Neither,0,0
train,AoF03486.jpg,AoF,3486,0,Neither,0,0
train,AoF03487.jpg,AoF,3487,0,Neither,0,0
train,AoF03490.jpg,AoF,3490,0,Neither,0,0
train,AoF03491.jpg,AoF,3491,0,Neither,0,0
train,AoF03492.jpg,AoF,3492,0,Neither,0,0
train,AoF03493.jpg,AoF,3493,0,Neither,0,0
train,AoF03494.jpg,AoF,3494,0,Neither,0,0
train,AoF03496.jpg,AoF,3496,0,Neither,0,0
train,AoF03497.jpg,AoF,3497,0,Neither,0,0
train,AoF03498.jpg,AoF,3498,0,Neither,0,0
train,AoF03500.jpg,AoF,3500,0,Neither,0,0
train,AoF03501.jpg,AoF,3501,0,Neither,0,0
train,AoF03503.jpg,AoF,3503,0,Neither,0,0
train,AoF03504.jpg,AoF,3504,0,Neither,0,0
train,AoF03505.jpg,AoF,3505,0,Neither,0,0
train,AoF03506.jpg,AoF,3506,0,Neither,0,0
train,AoF03507.jpg,AoF,3507,0,Neither,0,0
train,AoF03508.jpg,AoF,3508,0,Neither,0,0
train,AoF03509.jpg,AoF,3509,0,Neither,0,0
train,AoF03510.jpg,AoF,3510,0,Neither,0,0
train,AoF03511.jpg,AoF,3511,0,Neither,0,0
train,AoF03512.jpg,AoF,3512,0,Neither,0,0
train,AoF03513.jpg,AoF,3513,0,Neither,0,0
train,AoF03514.jpg,AoF,3514,0,Neither,0,0
train,AoF03515.jpg,AoF,3515,0,Neither,0,0
train,AoF03516.jpg,AoF,3516,0,Neither,0,0
train,AoF03517.jpg,AoF,3517,0,Neither,0,0
train,AoF03518.jpg,AoF,3518,0,Neither,0,0
train,AoF03519.jpg,AoF,3519,0,Neither,0,0
train,AoF03520.jpg,AoF,3520,0,Neither,0,0
train,AoF03522.jpg,AoF,3522,0,Neither,0,0
train,AoF03523.jpg,AoF,3523,0,Neither,0,0
train,AoF03525.jpg,AoF,3525,0,Neither,0,0
train,AoF03526.jpg,AoF,3526,0,Neither,0,0
train,AoF03527.jpg,AoF,3527,0,Neither,0,0
train,AoF03528.jpg,AoF,3528,0,Neither,0,0
train,AoF03529.jpg,AoF,3529,0,Neither,0,0
train,AoF03530.jpg,AoF,3530,0,Neither,0,0
train,AoF03531.jpg,AoF,3531,0,Neither,0,0
train,AoF03532.jpg,AoF,3532,0,Neither,0,0
train,AoF03533.jpg,AoF,3533,0,Neither,0,0
train,AoF03534.jpg,AoF,3534,0,Neither,0,0
train,AoF03535.jpg,AoF,3535,0,Neither,0,0
train,AoF03536.jpg,AoF,3536,0,Neither,0,0
train,AoF03540.jpg,AoF,3540,0,Neither,0,0
train,AoF03541.jpg,AoF,3541,0,Neither,0,0
train,AoF03542.jpg,AoF,3542,0,Neither,0,0
train,AoF03543.jpg,AoF,3543,0,Neither,0,0
train,AoF03545.jpg,AoF,3545,0,Neither,0,0
train,AoF03546.jpg,AoF,3546,0,Neither,0,0
train,AoF03547.jpg,AoF,3547,0,Neither,0,0
train,AoF03548.jpg,AoF,3548,0,Neither,0,0
train,AoF03549.jpg,AoF,3549,0,Neither,0,0
train,AoF03550.jpg,AoF,3550,0,Neither,0,0
train,AoF03551.jpg,AoF,3551,0,Neither,0,0
train,AoF03552.jpg,AoF,3552,0,Neither,0,0
train,AoF03553.jpg,AoF,3553,0,Neither,0,0
train,AoF03554.jpg,AoF,3554,0,Neither,0,0
train,AoF03555.jpg,AoF,3555,0,Neither,0,0
train,AoF03557.jpg,AoF,3557,0,Neither,0,0
train,AoF03560.jpg,AoF,3560,0,Neither,0,0
train,AoF03561.jpg,AoF,3561,0,Neither,0,0
train,AoF03562.jpg,AoF,3562,0,Neither,0,0
train,AoF03563.jpg,AoF,3563,0,Neither,0,0
train,AoF03564.jpg,AoF,3564,0,Neither,0,0
train,AoF03565.jpg,AoF,3565,2,Only_Smoke,1,0
train,AoF03566.jpg,AoF,3566,2,Only_Smoke,1,0
train,AoF03567.jpg,AoF,3567,2,Only_Smoke,1,0
train,AoF03568.jpg,AoF,3568,2,Only_Smoke,1,0
train,AoF03570.jpg,AoF,3570,2,Only_Smoke,1,0
train,AoF03573.jpg,AoF,3573,0,Neither,0,0
train,AoF03574.jpg,AoF,3574,0,Neither,0,0
train,AoF03575.jpg,AoF,3575,0,Neither,0,0
train,AoF03577.jpg,AoF,3577,0,Neither,0,0
train,AoF03578.jpg,AoF,3578,0,Neither,0,0
train,AoF03579.jpg,AoF,3579,0,Neither,0,0
train,AoF03580.jpg,AoF,3580,0,Neither,0,0
train,AoF03581.jpg,AoF,3581,0,Neither,0,0
train,AoF03582.jpg,AoF,3582,0,Neither,0,0
train,AoF03583.jpg,AoF,3583,0,Neither,0,0
train,AoF03584.jpg,AoF,3584,0,Neither,0,0
train,AoF03585.jpg,AoF,3585,0,Neither,0,0
train,AoF03586.jpg,AoF,3586,0,Neither,0,0
train,AoF03587.jpg,AoF,3587,0,Neither,0,0
train,AoF03588.jpg,AoF,3588,0,Neither,0,0
train,AoF03589.jpg,AoF,3589,0,Neither,0,0
train,AoF03590.jpg,AoF,3590,0,Neither,0,0
train,AoF03591.jpg,AoF,3591,0,Neither,0,0
train,AoF03592.jpg,AoF,3592,0,Neither,0,0
train,AoF03593.jpg,AoF,3593,0,Neither,0,0
train,AoF03594.jpg,AoF,3594,0,Neither,0,0
train,AoF03595.jpg,AoF,3595,0,Neither,0,0
train,AoF03596.jpg,AoF,3596,0,Neither,0,0
train,AoF03597.jpg,AoF,3597,0,Neither,0,0
train,AoF03598.jpg,AoF,3598,0,Neither,0,0
train,AoF03600.jpg,AoF,3600,0,Neither,0,0
train,AoF03601.jpg,AoF,3601,0,Neither,0,0
train,AoF03602.jpg,AoF,3602,0,Neither,0,0
train,AoF03603.jpg,AoF,3603,0,Neither,0,0
train,AoF03604.jpg,AoF,3604,0,Neither,0,0
train,AoF03606.jpg,AoF,3606,0,Neither,0,0
train,AoF03607.jpg,AoF,3607,0,Neither,0,0
train,AoF03608.jpg,AoF,3608,0,Neither,0,0
train,AoF03609.jpg,AoF,3609,0,Neither,0,0
train,AoF03610.jpg,AoF,3610,0,Neither,0,0
train,AoF03611.jpg,AoF,3611,0,Neither,0,0
train,AoF03612.jpg,AoF,3612,0,Neither,0,0
train,AoF03613.jpg,AoF,3613,0,Neither,0,0
train,AoF03614.jpg,AoF,3614,0,Neither,0,0
train,AoF03615.jpg,AoF,3615,0,Neither,0,0
train,AoF03616.jpg,AoF,3616,0,Neither,0,0
train,AoF03618.jpg,AoF,3618,0,Neither,0,0
train,AoF03619.jpg,AoF,3619,0,Neither,0,0
train,AoF03620.jpg,AoF,3620,0,Neither,0,0
train,AoF03621.jpg,AoF,3621,0,Neither,0,0
train,AoF03623.jpg,AoF,3623,0,Neither,0,0
train,AoF03624.jpg,AoF,3624,0,Neither,0,0
train,AoF03627.jpg,AoF,3627,0,Neither,0,0
train,AoF03628.jpg,AoF,3628,0,Neither,0,0
train,AoF03629.jpg,AoF,3629,0,Neither,0,0
train,AoF03630.jpg,AoF,3630,0,Neither,0,0
train,AoF03631.jpg,AoF,3631,0,Neither,0,0
train,AoF03632.jpg,AoF,3632,0,Neither,0,0
train,AoF03634.jpg,AoF,3634,0,Neither,0,0
train,AoF03635.jpg,AoF,3635,0,Neither,0,0
train,AoF03636.jpg,AoF,3636,0,Neither,0,0
train,AoF03638.jpg,AoF,3638,0,Neither,0,0
train,AoF03639.jpg,AoF,3639,0,Neither,0,0
train,AoF03640.jpg,AoF,3640,0,Neither,0,0
train,AoF03642.jpg,AoF,3642,0,Neither,0,0
train,AoF03643.jpg,AoF,3643,0,Neither,0,0
train,AoF03644.jpg,AoF,3644,0,Neither,0,0
train,AoF03646.jpg,AoF,3646,0,Neither,0,0
train,AoF03647.jpg,AoF,3647,0,Neither,0,0
train,AoF03648.jpg,AoF,3648,0,Neither,0,0
train,AoF03649.jpg,AoF,3649,0,Neither,0,0
train,AoF03650.jpg,AoF,3650,0,Neither,0,0
train,AoF03651.jpg,AoF,3651,0,Neither,0,0
train,AoF03652.jpg,AoF,3652,0,Neither,0,0
train,AoF03653.jpg,AoF,3653,0,Neither,0,0
train,AoF03654.jpg,AoF,3654,0,Neither,0,0
train,AoF03655.jpg,AoF,3655,0,Neither,0,0
train,AoF03657.jpg,AoF,3657,0,Neither,0,0
train,AoF03659.jpg,AoF,3659,0,Neither,0,0
train,AoF03660.jpg,AoF,3660,0,Neither,0,0
train,AoF03661.jpg,AoF,3661,0,Neither,0,0
train,AoF03662.jpg,AoF,3662,0,Neither,0,0
train,AoF03663.jpg,AoF,3663,0,Neither,0,0
train,AoF03665.jpg,AoF,3665,0,Neither,0,0
train,AoF03667.jpg,AoF,3667,0,Neither,0,0
train,AoF03670.jpg,AoF,3670,0,Neither,0,0
train,AoF03671.jpg,AoF,3671,0,Neither,0,0
train,AoF03672.jpg,AoF,3672,0,Neither,0,0
train,AoF03673.jpg,AoF,3673,0,Neither,0,0
train,AoF03674.jpg,AoF,3674,0,Neither,0,0
train,AoF03675.jpg,AoF,3675,0,Neither,0,0
train,AoF03677.jpg,AoF,3677,0,Neither,0,0
train,AoF03678.jpg,AoF,3678,0,Neither,0,0
train,AoF03679.jpg,AoF,3679,0,Neither,0,0
train,AoF03680.jpg,AoF,3680,0,Neither,0,0
train,AoF03681.jpg,AoF,3681,0,Neither,0,0
train,AoF03682.jpg,AoF,3682,0,Neither,0,0
train,AoF03683.jpg,AoF,3683,0,Neither,0,0
train,AoF03684.jpg,AoF,3684,0,Neither,0,0
train,AoF03685.jpg,AoF,3685,0,Neither,0,0
train,AoF03686.jpg,AoF,3686,0,Neither,0,0
train,AoF03687.jpg,AoF,3687,0,Neither,0,0
train,AoF03688.jpg,AoF,3688,0,Neither,0,0
train,AoF03689.jpg,AoF,3689,0,Neither,0,0
train,AoF03690.jpg,AoF,3690,0,Neither,0,0
train,AoF03691.jpg,AoF,3691,0,Neither,0,0
train,AoF03692.jpg,AoF,3692,0,Neither,0,0
train,AoF03693.jpg,AoF,3693,0,Neither,0,0
train,AoF03695.jpg,AoF,3695,0,Neither,0,0
train,AoF03696.jpg,AoF,3696,0,Neither,0,0
train,AoF03697.jpg,AoF,3697,0,Neither,0,0
train,AoF03698.jpg,AoF,3698,0,Neither,0,0
train,AoF03700.jpg,AoF,3700,0,Neither,0,0
train,AoF03701.jpg,AoF,3701,0,Neither,0,0
train,AoF03702.jpg,AoF,3702,0,Neither,0,0
train,AoF03703.jpg,AoF,3703,0,Neither,0,0
train,AoF03704.jpg,AoF,3704,0,Neither,0,0
train,AoF03706.jpg,AoF,3706,0,Neither,0,0
train,AoF03707.jpg,AoF,3707,0,Neither,0,0
train,AoF03708.jpg,AoF,3708,0,Neither,0,0
train,AoF03709.jpg,AoF,3709,0,Neither,0,0
train,AoF03711.jpg,AoF,3711,0,Neither,0,0
train,AoF03712.jpg,AoF,3712,0,Neither,0,0
train,AoF03713.jpg,AoF,3713,0,Neither,0,0
train,AoF03714.jpg,AoF,3714,0,Neither,0,0
train,AoF03715.jpg,AoF,3715,0,Neither,0,0
train,AoF03716.jpg,AoF,3716,0,Neither,0,0
train,AoF03718.jpg,AoF,3718,0,Neither,0,0
train,AoF03719.jpg,AoF,3719,0,Neither,0,0
train,AoF03720.jpg,AoF,3720,0,Neither,0,0
train,AoF03722.jpg,AoF,3722,0,Neither,0,0
train,AoF03723.jpg,AoF,3723,0,Neither,0,0
train,AoF03724.jpg,AoF,3724,0,Neither,0,0
train,AoF03725.jpg,AoF,3725,0,Neither,0,0
train,AoF03727.jpg,AoF,3727,0,Neither,0,0
train,AoF03728.jpg,AoF,3728,0,Neither,0,0
train,AoF03730.jpg,AoF,3730,0,Neither,0,0
train,AoF03731.jpg,AoF,3731,0,Neither,0,0
train,AoF03732.jpg,AoF,3732,0,Neither,0,0
train,AoF03734.jpg,AoF,3734,0,Neither,0,0
train,AoF03735.jpg,AoF,3735,0,Neither,0,0
train,AoF03738.jpg,AoF,3738,0,Neither,0,0
train,AoF03739.jpg,AoF,3739,0,Neither,0,0
train,AoF03741.jpg,AoF,3741,0,Neither,0,0
train,AoF03742.jpg,AoF,3742,0,Neither,0,0
train,AoF03743.jpg,AoF,3743,0,Neither,0,0
train,AoF03744.jpg,AoF,3744,0,Neither,0,0
train,AoF03746.jpg,AoF,3746,0,Neither,0,0
train,AoF03747.jpg,AoF,3747,0,Neither,0,0
train,AoF03748.jpg,AoF,3748,0,Neither,0,0
train,AoF03749.jpg,AoF,3749,0,Neither,0,0
train,AoF03750.jpg,AoF,3750,0,Neither,0,0
train,AoF03751.jpg,AoF,3751,0,Neither,0,0
train,AoF03752.jpg,AoF,3752,0,Neither,0,0
train,AoF03753.jpg,AoF,3753,0,Neither,0,0
train,AoF03754.jpg,AoF,3754,0,Neither,0,0
train,AoF03755.jpg,AoF,3755,0,Neither,0,0
train,AoF03757.jpg,AoF,3757,0,Neither,0,0
train,AoF03758.jpg,AoF,3758,0,Neither,0,0
train,AoF03759.jpg,AoF,3759,0,Neither,0,0
train,AoF03760.jpg,AoF,3760,0,Neither,0,0
train,AoF03761.jpg,AoF,3761,0,Neither,0,0
train,AoF03762.jpg,AoF,3762,0,Neither,0,0
train,AoF03763.jpg,AoF,3763,0,Neither,0,0
train,AoF03764.jpg,AoF,3764,0,Neither,0,0
train,AoF03766.jpg,AoF,3766,0,Neither,0,0
train,AoF03767.jpg,AoF,3767,0,Neither,0,0
train,AoF03768.jpg,AoF,3768,0,Neither,0,0
train,AoF03769.jpg,AoF,3769,0,Neither,0,0
train,AoF03770.jpg,AoF,3770,0,Neither,0,0
train,AoF03772.jpg,AoF,3772,0,Neither,0,0
train,AoF03773.jpg,AoF,3773,0,Neither,0,0
train,AoF03774.jpg,AoF,3774,0,Neither,0,0
train,AoF03775.jpg,AoF,3775,0,Neither,0,0
train,AoF03776.jpg,AoF,3776,0,Neither,0,0
train,AoF03777.jpg,AoF,3777,0,Neither,0,0
train,AoF03778.jpg,AoF,3778,0,Neither,0,0
train,AoF03780.jpg,AoF,3780,0,Neither,0,0
train,AoF03781.jpg,AoF,3781,0,Neither,0,0
train,AoF03783.jpg,AoF,3783,0,Neither,0,0
train,AoF03784.jpg,AoF,3784,0,Neither,0,0
train,AoF03787.jpg,AoF,3787,0,Neither,0,0
train,AoF03788.jpg,AoF,3788,0,Neither,0,0
train,AoF03790.jpg,AoF,3790,0,Neither,0,0
train,AoF03791.jpg,AoF,3791,0,Neither,0,0
train,AoF03792.jpg,AoF,3792,0,Neither,0,0
train,AoF03793.jpg,AoF,3793,0,Neither,0,0
train,AoF03794.jpg,AoF,3794,0,Neither,0,0
train,AoF03795.jpg,AoF,3795,0,Neither,0,0
train,AoF03797.jpg,AoF,3797,2,Only_Smoke,1,0
train,AoF03798.jpg,AoF,3798,0,Neither,0,0
train,AoF03799.jpg,AoF,3799,0,Neither,0,0
train,AoF03800.jpg,AoF,3800,0,Neither,0,0
train,AoF03801.jpg,AoF,3801,0,Neither,0,0
train,AoF03802.jpg,AoF,3802,0,Neither,0,0
train,AoF03804.jpg,AoF,3804,0,Neither,0,0
train,AoF03805.jpg,AoF,3805,0,Neither,0,0
train,AoF03806.jpg,AoF,3806,0,Neither,0,0
train,AoF03807.jpg,AoF,3807,0,Neither,0,0
train,AoF03808.jpg,AoF,3808,0,Neither,0,0
train,AoF03810.jpg,AoF,3810,0,Neither,0,0
train,AoF03811.jpg,AoF,3811,0,Neither,0,0
train,AoF03812.jpg,AoF,3812,0,Neither,0,0
train,AoF03813.jpg,AoF,3813,0,Neither,0,0
train,AoF03814.jpg,AoF,3814,0,Neither,0,0
train,AoF03815.jpg,AoF,3815,0,Neither,0,0
train,AoF03816.jpg,AoF,3816,0,Neither,0,0
train,AoF03817.jpg,AoF,3817,0,Neither,0,0
train,AoF03818.jpg,AoF,3818,0,Neither,0,0
train,AoF03819.jpg,AoF,3819,0,Neither,0,0
train,AoF03820.jpg,AoF,3820,0,Neither,0,0
train,AoF03821.jpg,AoF,3821,0,Neither,0,0
train,AoF03822.jpg,AoF,3822,0,Neither,0,0
train,AoF03823.jpg,AoF,3823,0,Neither,0,0
train,AoF03824.jpg,AoF,3824,0,Neither,0,0
train,AoF03826.jpg,AoF,3826,0,Neither,0,0
train,AoF03827.jpg,AoF,3827,0,Neither,0,0
train,AoF03828.jpg,AoF,3828,0,Neither,0,0
train,AoF03831.jpg,AoF,3831,0,Neither,0,0
train,AoF03832.jpg,AoF,3832,0,Neither,0,0
train,AoF03833.jpg,AoF,3833,0,Neither,0,0
train,AoF03834.jpg,AoF,3834,0,Neither,0,0
train,AoF03835.jpg,AoF,3835,0,Neither,0,0
train,AoF03837.jpg,AoF,3837,0,Neither,0,0
train,AoF03838.jpg,AoF,3838,0,Neither,0,0
train,AoF03839.jpg,AoF,3839,0,Neither,0,0
train,AoF03841.jpg,AoF,3841,0,Neither,0,0
train,AoF03844.jpg,AoF,3844,0,Neither,0,0
train,AoF03845.jpg,AoF,3845,0,Neither,0,0
train,AoF03846.jpg,AoF,3846,0,Neither,0,0
train,AoF03847.jpg,AoF,3847,0,Neither,0,0
train,AoF03848.jpg,AoF,3848,0,Neither,0,0
train,AoF03849.jpg,AoF,3849,0,Neither,0,0
train,AoF03850.jpg,AoF,3850,0,Neither,0,0
train,AoF03851.jpg,AoF,3851,0,Neither,0,0
train,AoF03852.jpg,AoF,3852,0,Neither,0,0
train,AoF03854.jpg,AoF,3854,0,Neither,0,0
train,AoF03855.jpg,AoF,3855,0,Neither,0,0
train,AoF03856.jpg,AoF,3856,0,Neither,0,0
train,AoF03858.jpg,AoF,3858,0,Neither,0,0
train,AoF03860.jpg,AoF,3860,0,Neither,0,0
train,AoF03861.jpg,AoF,3861,0,Neither,0,0
train,AoF03862.jpg,AoF,3862,0,Neither,0,0
train,AoF03863.jpg,AoF,3863,0,Neither,0,0
train,AoF03864.jpg,AoF,3864,0,Neither,0,0
train,AoF03865.jpg,AoF,3865,0,Neither,0,0
train,AoF03866.jpg,AoF,3866,0,Neither,0,0
train,AoF03867.jpg,AoF,3867,0,Neither,0,0
train,AoF03868.jpg,AoF,3868,0,Neither,0,0
train,AoF03869.jpg,AoF,3869,0,Neither,0,0
train,AoF03870.jpg,AoF,3870,0,Neither,0,0
train,AoF03871.jpg,AoF,3871,0,Neither,0,0
train,AoF03873.jpg,AoF,3873,0,Neither,0,0
train,AoF03874.jpg,AoF,3874,0,Neither,0,0
train,AoF03875.jpg,AoF,3875,0,Neither,0,0
train,AoF03876.jpg,AoF,3876,0,Neither,0,0
train,AoF03877.jpg,AoF,3877,0,Neither,0,0
train,AoF03878.jpg,AoF,3878,0,Neither,0,0
train,AoF03879.jpg,AoF,3879,0,Neither,0,0
train,AoF03881.jpg,AoF,3881,0,Neither,0,0
train,AoF03882.jpg,AoF,3882,0,Neither,0,0
train,AoF03883.jpg,AoF,3883,0,Neither,0,0
train,AoF03884.jpg,AoF,3884,0,Neither,0,0
train,AoF03886.jpg,AoF,3886,0,Neither,0,0
train,AoF03887.jpg,AoF,3887,0,Neither,0,0
train,AoF03888.jpg,AoF,3888,0,Neither,0,0
train,AoF03889.jpg,AoF,3889,0,Neither,0,0
train,AoF03890.jpg,AoF,3890,0,Neither,0,0
train,AoF03891.jpg,AoF,3891,0,Neither,0,0
train,AoF03892.jpg,AoF,3892,0,Neither,0,0
train,AoF03893.jpg,AoF,3893,0,Neither,0,0
train,AoF03894.jpg,AoF,3894,0,Neither,0,0
train,AoF03896.jpg,AoF,3896,0,Neither,0,0
train,AoF03897.jpg,AoF,3897,0,Neither,0,0
train,AoF03898.jpg,AoF,3898,0,Neither,0,0
train,AoF03899.jpg,AoF,3899,0,Neither,0,0
train,AoF03901.jpg,AoF,3901,0,Neither,0,0
train,AoF03902.jpg,AoF,3902,0,Neither,0,0
train,AoF03903.jpg,AoF,3903,0,Neither,0,0
train,AoF03904.jpg,AoF,3904,0,Neither,0,0
train,AoF03905.jpg,AoF,3905,0,Neither,0,0
train,AoF03906.jpg,AoF,3906,0,Neither,0,0
train,AoF03907.jpg,AoF,3907,0,Neither,0,0
train,AoF03908.jpg,AoF,3908,0,Neither,0,0
train,AoF03909.jpg,AoF,3909,0,Neither,0,0
train,AoF03911.jpg,AoF,3911,0,Neither,0,0
train,AoF03913.jpg,AoF,3913,0,Neither,0,0
train,AoF03914.jpg,AoF,3914,0,Neither,0,0
train,AoF03915.jpg,AoF,3915,0,Neither,0,0
train,AoF03916.jpg,AoF,3916,0,Neither,0,0
train,AoF03917.jpg,AoF,3917,0,Neither,0,0
train,AoF03918.jpg,AoF,3918,0,Neither,0,0
train,AoF03919.jpg,AoF,3919,0,Neither,0,0
train,AoF03920.jpg,AoF,3920,0,Neither,0,0
train,AoF03922.jpg,AoF,3922,0,Neither,0,0
train,AoF03923.jpg,AoF,3923,0,Neither,0,0
train,AoF03924.jpg,AoF,3924,0,Neither,0,0
train,AoF03925.jpg,AoF,3925,0,Neither,0,0
train,AoF03927.jpg,AoF,3927,0,Neither,0,0
train,AoF03929.jpg,AoF,3929,0,Neither,0,0
train,AoF03931.jpg,AoF,3931,0,Neither,0,0
train,AoF03932.jpg,AoF,3932,0,Neither,0,0
train,AoF03933.jpg,AoF,3933,0,Neither,0,0
train,AoF03934.jpg,AoF,3934,0,Neither,0,0
train,AoF03935.jpg,AoF,3935,0,Neither,0,0
train,AoF03936.jpg,AoF,3936,0,Neither,0,0
train,AoF03937.jpg,AoF,3937,0,Neither,0,0
train,AoF03938.jpg,AoF,3938,0,Neither,0,0
train,AoF03939.jpg,AoF,3939,0,Neither,0,0
train,AoF03940.jpg,AoF,3940,0,Neither,0,0
train,AoF03941.jpg,AoF,3941,0,Neither,0,0
train,AoF03942.jpg,AoF,3942,0,Neither,0,0
train,AoF03943.jpg,AoF,3943,0,Neither,0,0
train,AoF03944.jpg,AoF,3944,0,Neither,0,0
train,AoF03945.jpg,AoF,3945,0,Neither,0,0
train,AoF03946.jpg,AoF,3946,0,Neither,0,0
train,AoF03948.jpg,AoF,3948,0,Neither,0,0
train,AoF03949.jpg,AoF,3949,0,Neither,0,0
train,AoF03950.jpg,AoF,3950,0,Neither,0,0
train,AoF03952.jpg,AoF,3952,0,Neither,0,0
train,AoF03953.jpg,AoF,3953,0,Neither,0,0
train,AoF03954.jpg,AoF,3954,0,Neither,0,0
train,AoF03955.jpg,AoF,3955,0,Neither,0,0
train,AoF03956.jpg,AoF,3956,0,Neither,0,0
train,AoF03957.jpg,AoF,3957,0,Neither,0,0
train,AoF03959.jpg,AoF,3959,0,Neither,0,0
train,AoF03960.jpg,AoF,3960,0,Neither,0,0
train,AoF03963.jpg,AoF,3963,0,Neither,0,0
train,AoF03964.jpg,AoF,3964,0,Neither,0,0
train,AoF03965.jpg,AoF,3965,0,Neither,0,0
train,AoF03966.jpg,AoF,3966,0,Neither,0,0
train,AoF03968.jpg,AoF,3968,0,Neither,0,0
train,AoF03969.jpg,AoF,3969,0,Neither,0,0
train,AoF03970.jpg,AoF,3970,0,Neither,0,0
train,AoF03971.jpg,AoF,3971,0,Neither,0,0
train,AoF03972.jpg,AoF,3972,0,Neither,0,0
train,AoF03973.jpg,AoF,3973,0,Neither,0,0
train,AoF03974.jpg,AoF,3974,0,Neither,0,0
train,AoF03975.jpg,AoF,3975,0,Neither,0,0
train,AoF03976.jpg,AoF,3976,0,Neither,0,0
train,AoF03977.jpg,AoF,3977,0,Neither,0,0
train,AoF03980.jpg,AoF,3980,0,Neither,0,0
train,AoF03981.jpg,AoF,3981,0,Neither,0,0
train,AoF03982.jpg,AoF,3982,0,Neither,0,0
train,AoF03985.jpg,AoF,3985,0,Neither,0,0
train,AoF03988.jpg,AoF,3988,0,Neither,0,0
train,AoF03990.jpg,AoF,3990,0,Neither,0,0
train,AoF03991.jpg,AoF,3991,0,Neither,0,0
train,AoF03992.jpg,AoF,3992,0,Neither,0,0
train,AoF03994.jpg,AoF,3994,0,Neither,0,0
train,AoF03997.jpg,AoF,3997,0,Neither,0,0
train,AoF03998.jpg,AoF,3998,0,Neither,0,0
train,AoF04001.jpg,AoF,4001,0,Neither,0,0
train,AoF04002.jpg,AoF,4002,0,Neither,0,0
train,AoF04003.jpg,AoF,4003,0,Neither,0,0
train,AoF04004.jpg,AoF,4004,0,Neither,0,0
train,AoF04005.jpg,AoF,4005,0,Neither,0,0
train,AoF04006.jpg,AoF,4006,0,Neither,0,0
train,AoF04007.jpg,AoF,4007,0,Neither,0,0
train,AoF04008.jpg,AoF,4008,0,Neither,0,0
train,AoF04010.jpg,AoF,4010,3,Both,1,5
train,AoF04012.jpg,AoF,4012,3,Both,1,3
train,AoF04013.jpg,AoF,4013,3,Both,1,5
train,AoF04014.jpg,AoF,4014,3,Both,1,5
train,AoF04016.jpg,AoF,4016,3,Both,1,5
train,AoF04017.jpg,AoF,4017,3,Both,1,6
train,AoF04018.jpg,AoF,4018,3,Both,1,4
train,AoF04019.jpg,AoF,4019,3,Both,1,4
train,AoF04020.jpg,AoF,4020,3,Both,1,5
train,AoF04021.jpg,AoF,4021,3,Both,1,4
train,AoF04022.jpg,AoF,4022,3,Both,1,4
train,AoF04023.jpg,AoF,4023,3,Both,1,3
train,AoF04024.jpg,AoF,4024,3,Both,1,6
train,AoF04025.jpg,AoF,4025,3,Both,1,5
train,AoF04026.jpg,AoF,4026,3,Both,1,6
train,AoF04027.jpg,AoF,4027,3,Both,1,7
train,AoF04028.jpg,AoF,4028,3,Both,1,4
train,AoF04029.jpg,AoF,4029,3,Both,3,5
train,AoF04031.jpg,AoF,4031,3,Both,2,6
train,AoF04033.jpg,AoF,4033,3,Both,1,4
train,AoF04034.jpg,AoF,4034,3,Both,2,3
train,AoF04035.jpg,AoF,4035,3,Both,2,3
train,AoF04037.jpg,AoF,4037,3,Both,1,5
train,AoF04038.jpg,AoF,4038,3,Both,1,5
train,AoF04039.jpg,AoF,4039,3,Both,1,6
train,AoF04040.jpg,AoF,4040,3,Both,1,6
train,AoF04041.jpg,AoF,4041,3,Both,1,6
train,AoF04042.jpg,AoF,4042,3,Both,1,5
train,AoF04043.jpg,AoF,4043,3,Both,1,3
train,AoF04044.jpg,AoF,4044,3,Both,1,5
train,AoF04046.jpg,AoF,4046,3,Both,1,6
train,AoF04047.jpg,AoF,4047,3,Both,1,4
train,AoF04048.jpg,AoF,4048,3,Both,1,3
train,AoF04051.jpg,AoF,4051,3,Both,1,2
train,AoF04052.jpg,AoF,4052,3,Both,1,2
train,AoF04054.jpg,AoF,4054,3,Both,1,3
train,AoF04055.jpg,AoF,4055,3,Both,1,3
train,AoF04056.jpg,AoF,4056,3,Both,1,3
train,AoF04057.jpg,AoF,4057,3,Both,1,2
train,AoF04058.jpg,AoF,4058,3,Both,1,3
train,AoF04059.jpg,AoF,4059,3,Both,1,3
train,AoF04060.jpg,AoF,4060,3,Both,1,3
train,AoF04061.jpg,AoF,4061,3,Both,1,3
train,AoF04063.jpg,AoF,4063,1,Only_Fire,0,3
train,AoF04064.jpg,AoF,4064,3,Both,1,2
train,AoF04065.jpg,AoF,4065,3,Both,1,2
train,AoF04067.jpg,AoF,4067,3,Both,1,3
train,AoF04069.jpg,AoF,4069,3,Both,1,3
train,AoF04070.jpg,AoF,4070,1,Only_Fire,0,1
train,AoF04071.jpg,AoF,4071,3,Both,1,2
train,AoF04073.jpg,AoF,4073,3,Both,1,2
train,AoF04074.jpg,AoF,4074,3,Both,1,3
train,AoF04075.jpg,AoF,4075,3,Both,1,3
train,AoF04077.jpg,AoF,4077,1,Only_Fire,0,2
train,AoF04078.jpg,AoF,4078,1,Only_Fire,0,2
train,AoF04079.jpg,AoF,4079,1,Only_Fire,0,2
train,AoF04080.jpg,AoF,4080,1,Only_Fire,0,2
train,AoF04081.jpg,AoF,4081,1,Only_Fire,0,2
train,AoF04082.jpg,AoF,4082,1,Only_Fire,0,2
train,AoF04083.jpg,AoF,4083,1,Only_Fire,0,2
train,AoF04084.jpg,AoF,4084,1,Only_Fire,0,2
train,AoF04085.jpg,AoF,4085,1,Only_Fire,0,2
train,AoF04086.jpg,AoF,4086,3,Both,1,1
train,AoF04087.jpg,AoF,4087,3,Both,1,1
train,AoF04088.jpg,AoF,4088,3,Both,1,1
train,AoF04090.jpg,AoF,4090,3,Both,1,1
train,AoF04091.jpg,AoF,4091,3,Both,1,1
train,AoF04093.jpg,AoF,4093,3,Both,1,1
train,AoF04095.jpg,AoF,4095,1,Only_Fire,0,2
train,AoF04096.jpg,AoF,4096,3,Both,1,1
train,AoF04097.jpg,AoF,4097,3,Both,1,1
train,AoF04098.jpg,AoF,4098,3,Both,1,1
train,AoF04099.jpg,AoF,4099,3,Both,1,1
train,AoF04100.jpg,AoF,4100,3,Both,1,1
train,AoF04101.jpg,AoF,4101,3,Both,1,1
train,AoF04102.jpg,AoF,4102,3,Both,1,1
train,AoF04104.jpg,AoF,4104,3,Both,1,1
train,AoF04105.jpg,AoF,4105,3,Both,1,1
train,AoF04106.jpg,AoF,4106,3,Both,1,1
train,AoF04107.jpg,AoF,4107,1,Only_Fire,0,2
train,AoF04108.jpg,AoF,4108,3,Both,1,1
train,AoF04109.jpg,AoF,4109,3,Both,1,1
train,AoF04111.jpg,AoF,4111,3,Both,1,1
train,AoF04112.jpg,AoF,4112,3,Both,1,1
train,AoF04113.jpg,AoF,4113,3,Both,1,1
train,AoF04114.jpg,AoF,4114,3,Both,1,1
train,AoF04115.jpg,AoF,4115,3,Both,1,1
train,AoF04116.jpg,AoF,4116,3,Both,1,1
train,AoF04117.jpg,AoF,4117,1,Only_Fire,0,2
train,AoF04119.jpg,AoF,4119,3,Both,1,1
train,AoF04120.jpg,AoF,4120,3,Both,1,1
train,AoF04121.jpg,AoF,4121,3,Both,1,1
train,AoF04122.jpg,AoF,4122,3,Both,1,1
train,AoF04123.jpg,AoF,4123,3,Both,1,1
train,AoF04124.jpg,AoF,4124,3,Both,1,1
train,AoF04126.jpg,AoF,4126,3,Both,1,1
train,AoF04127.jpg,AoF,4127,3,Both,1,1
train,AoF04128.jpg,AoF,4128,3,Both,1,1
train,AoF04129.jpg,AoF,4129,3,Both,1,1
train,AoF04131.jpg,AoF,4131,3,Both,1,1
train,AoF04133.jpg,AoF,4133,3,Both,1,1
train,AoF04134.jpg,AoF,4134,3,Both,1,1
train,AoF04135.jpg,AoF,4135,3,Both,1,1
train,AoF04136.jpg,AoF,4136,3,Both,1,1
train,AoF04137.jpg,AoF,4137,3,Both,1,1
train,AoF04138.jpg,AoF,4138,3,Both,1,1
train,AoF04142.jpg,AoF,4142,1,Only_Fire,0,2
train,AoF04143.jpg,AoF,4143,3,Both,1,1
train,AoF04145.jpg,AoF,4145,3,Both,1,2
train,AoF04146.jpg,AoF,4146,3,Both,1,2
train,AoF04147.jpg,AoF,4147,3,Both,1,2
train,AoF04148.jpg,AoF,4148,3,Both,1,1
train,AoF04149.jpg,AoF,4149,3,Both,1,2
train,AoF04150.jpg,AoF,4150,3,Both,1,1
train,AoF04151.jpg,AoF,4151,3,Both,1,1
train,AoF04152.jpg,AoF,4152,3,Both,1,2
train,AoF04153.jpg,AoF,4153,3,Both,1,1
train,AoF04154.jpg,AoF,4154,3,Both,1,1
train,AoF04155.jpg,AoF,4155,3,Both,1,1
train,AoF04156.jpg,AoF,4156,3,Both,1,1
train,AoF04157.jpg,AoF,4157,3,Both,1,1
train,AoF04158.jpg,AoF,4158,3,Both,1,1
train,AoF04159.jpg,AoF,4159,3,Both,1,2
train,AoF04161.jpg,AoF,4161,3,Both,1,1
train,AoF04162.jpg,AoF,4162,3,Both,1,2
train,AoF04163.jpg,AoF,4163,3,Both,1,3
train,AoF04164.jpg,AoF,4164,3,Both,1,1
train,AoF04165.jpg,AoF,4165,3,Both,1,1
train,AoF04166.jpg,AoF,4166,3,Both,1,1
train,AoF04167.jpg,AoF,4167,3,Both,1,1
train,AoF04168.jpg,AoF,4168,1,Only_Fire,0,2
train,AoF04169.jpg,AoF,4169,3,Both,1,1
train,AoF04170.jpg,AoF,4170,3,Both,1,1
train,AoF04173.jpg,AoF,4173,3,Both,1,1
train,AoF04174.jpg,AoF,4174,3,Both,1,1
train,AoF04175.jpg,AoF,4175,3,Both,1,1
train,AoF04176.jpg,AoF,4176,3,Both,1,1
train,AoF04177.jpg,AoF,4177,3,Both,1,1
train,AoF04178.jpg,AoF,4178,1,Only_Fire,0,2
train,AoF04179.jpg,AoF,4179,3,Both,1,1
train,AoF04181.jpg,AoF,4181,3,Both,1,1
train,AoF04182.jpg,AoF,4182,3,Both,1,1
train,AoF04183.jpg,AoF,4183,3,Both,1,2
train,AoF04185.jpg,AoF,4185,3,Both,1,3
train,AoF04186.jpg,AoF,4186,3,Both,1,2
train,AoF04187.jpg,AoF,4187,3,Both,1,3
train,AoF04188.jpg,AoF,4188,1,Only_Fire,0,3
train,AoF04189.jpg,AoF,4189,3,Both,1,1
train,AoF04190.jpg,AoF,4190,3,Both,1,3
train,AoF04191.jpg,AoF,4191,3,Both,1,2
train,AoF04192.jpg,AoF,4192,3,Both,1,2
train,AoF04193.jpg,AoF,4193,3,Both,1,3
train,AoF04195.jpg,AoF,4195,3,Both,1,3
train,AoF04197.jpg,AoF,4197,3,Both,1,3
train,AoF04198.jpg,AoF,4198,3,Both,1,3
train,AoF04199.jpg,AoF,4199,3,Both,1,3
train,AoF04202.jpg,AoF,4202,3,Both,1,2
train,AoF04204.jpg,AoF,4204,3,Both,1,2
train,AoF04206.jpg,AoF,4206,1,Only_Fire,0,2
train,AoF04207.jpg,AoF,4207,1,Only_Fire,0,3
train,AoF04208.jpg,AoF,4208,3,Both,1,2
train,AoF04209.jpg,AoF,4209,3,Both,1,2
train,AoF04210.jpg,AoF,4210,3,Both,1,2
train,AoF04211.jpg,AoF,4211,3,Both,1,2
train,AoF04212.jpg,AoF,4212,3,Both,1,1
train,AoF04213.jpg,AoF,4213,3,Both,1,1
train,AoF04214.jpg,AoF,4214,3,Both,1,1
train,AoF04215.jpg,AoF,4215,3,Both,1,1
train,AoF04218.jpg,AoF,4218,3,Both,1,2
train,AoF04219.jpg,AoF,4219,3,Both,1,2
train,AoF04220.jpg,AoF,4220,3,Both,1,3
train,AoF04222.jpg,AoF,4222,3,Both,1,3
train,AoF04223.jpg,AoF,4223,3,Both,1,2
train,AoF04224.jpg,AoF,4224,3,Both,1,2
train,AoF04225.jpg,AoF,4225,3,Both,1,1
train,AoF04227.jpg,AoF,4227,3,Both,1,1
train,AoF04229.jpg,AoF,4229,3,Both,1,1
train,AoF04230.jpg,AoF,4230,3,Both,1,1
train,AoF04231.jpg,AoF,4231,3,Both,1,1
train,AoF04232.jpg,AoF,4232,3,Both,1,1
train,AoF04233.jpg,AoF,4233,3,Both,1,1
train,AoF04234.jpg,AoF,4234,3,Both,1,1
train,AoF04235.jpg,AoF,4235,3,Both,1,1
train,AoF04236.jpg,AoF,4236,3,Both,1,1
train,AoF04238.jpg,AoF,4238,3,Both,1,1
train,AoF04239.jpg,AoF,4239,3,Both,1,1
train,AoF04241.jpg,AoF,4241,3,Both,1,1
train,AoF04242.jpg,AoF,4242,3,Both,1,1
train,AoF04243.jpg,AoF,4243,3,Both,1,1
train,AoF04244.jpg,AoF,4244,3,Both,1,1
train,AoF04245.jpg,AoF,4245,3,Both,1,1
train,AoF04246.jpg,AoF,4246,3,Both,1,1
train,AoF04247.jpg,AoF,4247,3,Both,1,1
train,AoF04248.jpg,AoF,4248,3,Both,1,1
train,AoF04249.jpg,AoF,4249,3,Both,1,1
train,AoF04250.jpg,AoF,4250,3,Both,1,1
train,AoF04251.jpg,AoF,4251,3,Both,1,1
train,AoF04252.jpg,AoF,4252,3,Both,1,1
train,AoF04253.jpg,AoF,4253,3,Both,1,1
train,AoF04254.jpg,AoF,4254,3,Both,1,1
train,AoF04255.jpg,AoF,4255,3,Both,1,1
train,AoF04257.jpg,AoF,4257,3,Both,1,1
train,AoF04258.jpg,AoF,4258,3,Both,1,1
train,AoF04259.jpg,AoF,4259,3,Both,1,1
train,AoF04262.jpg,AoF,4262,3,Both,1,1
train,AoF04263.jpg,AoF,4263,3,Both,1,1
train,AoF04264.jpg,AoF,4264,3,Both,1,1
train,AoF04266.jpg,AoF,4266,1,Only_Fire,0,2
train,AoF04267.jpg,AoF,4267,3,Both,1,1
train,AoF04268.jpg,AoF,4268,3,Both,1,1
train,AoF04269.jpg,AoF,4269,3,Both,1,1
train,AoF04270.jpg,AoF,4270,3,Both,1,2
train,AoF04271.jpg,AoF,4271,3,Both,1,2
train,AoF04272.jpg,AoF,4272,3,Both,1,2
train,AoF04274.jpg,AoF,4274,3,Both,1,1
train,AoF04275.jpg,AoF,4275,3,Both,1,1
train,AoF04276.jpg,AoF,4276,3,Both,1,1
train,AoF04278.jpg,AoF,4278,3,Both,1,1
train,AoF04279.jpg,AoF,4279,3,Both,1,1
train,AoF04280.jpg,AoF,4280,3,Both,1,1
train,AoF04281.jpg,AoF,4281,3,Both,1,1
train,AoF04282.jpg,AoF,4282,3,Both,1,1
train,AoF04283.jpg,AoF,4283,3,Both,1,1
train,AoF04284.jpg,AoF,4284,3,Both,1,1
train,AoF04285.jpg,AoF,4285,3,Both,1,2
train,AoF04286.jpg,AoF,4286,1,Only_Fire,0,1
train,AoF04287.jpg,AoF,4287,3,Both,1,1
train,AoF04288.jpg,AoF,4288,3,Both,1,1
train,AoF04290.jpg,AoF,4290,3,Both,1,2
train,AoF04291.jpg,AoF,4291,3,Both,1,2
train,AoF04292.jpg,AoF,4292,3,Both,1,2
train,AoF04293.jpg,AoF,4293,3,Both,1,2
train,AoF04295.jpg,AoF,4295,3,Both,1,2
train,AoF04296.jpg,AoF,4296,3,Both,1,1
train,AoF04297.jpg,AoF,4297,3,Both,1,1
train,AoF04298.jpg,AoF,4298,3,Both,1,1
train,AoF04299.jpg,AoF,4299,3,Both,2,2
train,AoF04300.jpg,AoF,4300,3,Both,1,2
train,AoF04302.jpg,AoF,4302,1,Only_Fire,0,2
train,AoF04303.jpg,AoF,4303,3,Both,1,1
train,AoF04304.jpg,AoF,4304,3,Both,1,1
train,AoF04305.jpg,AoF,4305,3,Both,1,2
train,AoF04306.jpg,AoF,4306,3,Both,1,2
train,AoF04307.jpg,AoF,4307,3,Both,1,2
train,AoF04309.jpg,AoF,4309,3,Both,1,1
train,AoF04310.jpg,AoF,4310,3,Both,1,1
train,AoF04311.jpg,AoF,4311,3,Both,1,1
train,AoF04312.jpg,AoF,4312,3,Both,1,1
train,AoF04313.jpg,AoF,4313,3,Both,1,2
train,AoF04314.jpg,AoF,4314,3,Both,1,1
train,AoF04316.jpg,AoF,4316,3,Both,1,1
train,AoF04318.jpg,AoF,4318,3,Both,1,1
train,AoF04320.jpg,AoF,4320,3,Both,1,1
train,AoF04321.jpg,AoF,4321,3,Both,1,1
train,AoF04322.jpg,AoF,4322,3,Both,1,1
train,AoF04323.jpg,AoF,4323,3,Both,1,1
train,AoF04325.jpg,AoF,4325,3,Both,1,1
train,AoF04326.jpg,AoF,4326,3,Both,1,1
train,AoF04327.jpg,AoF,4327,3,Both,1,1
train,AoF04329.jpg,AoF,4329,3,Both,1,2
train,AoF04330.jpg,AoF,4330,3,Both,1,2
train,AoF04332.jpg,AoF,4332,3,Both,1,2
train,AoF04333.jpg,AoF,4333,3,Both,1,2
train,AoF04334.jpg,AoF,4334,1,Only_Fire,0,1
train,AoF04335.jpg,AoF,4335,3,Both,1,2
train,AoF04336.jpg,AoF,4336,3,Both,1,1
train,AoF04337.jpg,AoF,4337,3,Both,1,1
train,AoF04338.jpg,AoF,4338,3,Both,1,2
train,AoF04339.jpg,AoF,4339,3,Both,1,2
train,AoF04340.jpg,AoF,4340,1,Only_Fire,0,1
train,AoF04342.jpg,AoF,4342,3,Both,1,1
train,AoF04343.jpg,AoF,4343,3,Both,1,1
train,AoF04345.jpg,AoF,4345,1,Only_Fire,0,1
train,AoF04346.jpg,AoF,4346,3,Both,1,1
train,AoF04347.jpg,AoF,4347,3,Both,1,1
train,AoF04349.jpg,AoF,4349,3,Both,1,1
train,AoF04350.jpg,AoF,4350,1,Only_Fire,0,1
train,AoF04351.jpg,AoF,4351,3,Both,1,1
train,AoF04352.jpg,AoF,4352,3,Both,1,1
train,AoF04354.jpg,AoF,4354,1,Only_Fire,0,1
train,AoF04355.jpg,AoF,4355,1,Only_Fire,0,1
train,AoF04356.jpg,AoF,4356,1,Only_Fire,0,1
train,AoF04357.jpg,AoF,4357,1,Only_Fire,0,1
train,AoF04358.jpg,AoF,4358,1,Only_Fire,0,1
train,AoF04359.jpg,AoF,4359,1,Only_Fire,0,1
train,AoF04360.jpg,AoF,4360,1,Only_Fire,0,1
train,AoF04361.jpg,AoF,4361,1,Only_Fire,0,1
train,AoF04362.jpg,AoF,4362,1,Only_Fire,0,1
train,AoF04363.jpg,AoF,4363,1,Only_Fire,0,1
train,AoF04365.jpg,AoF,4365,1,Only_Fire,0,1
train,AoF04366.jpg,AoF,4366,1,Only_Fire,0,1
train,AoF04367.jpg,AoF,4367,3,Both,1,1
train,AoF04368.jpg,AoF,4368,1,Only_Fire,0,1
train,AoF04369.jpg,AoF,4369,3,Both,1,1
train,AoF04370.jpg,AoF,4370,3,Both,1,1
train,AoF04371.jpg,AoF,4371,1,Only_Fire,0,1
train,AoF04373.jpg,AoF,4373,1,Only_Fire,0,1
train,AoF04374.jpg,AoF,4374,1,Only_Fire,0,1
train,AoF04375.jpg,AoF,4375,1,Only_Fire,0,1
train,AoF04379.jpg,AoF,4379,3,Both,1,1
train,AoF04380.jpg,AoF,4380,3,Both,1,1
train,AoF04381.jpg,AoF,4381,3,Both,1,1
train,AoF04382.jpg,AoF,4382,3,Both,1,1
train,AoF04383.jpg,AoF,4383,1,Only_Fire,0,1
train,AoF04384.jpg,AoF,4384,3,Both,1,1
train,AoF04385.jpg,AoF,4385,3,Both,1,1
train,AoF04387.jpg,AoF,4387,3,Both,1,1
train,AoF04388.jpg,AoF,4388,3,Both,1,1
train,AoF04389.jpg,AoF,4389,3,Both,1,1
train,AoF04392.jpg,AoF,4392,3,Both,1,1
train,AoF04393.jpg,AoF,4393,3,Both,1,1
train,AoF04394.jpg,AoF,4394,3,Both,1,1
train,AoF04395.jpg,AoF,4395,3,Both,1,1
train,AoF04396.jpg,AoF,4396,3,Both,2,1
train,AoF04397.jpg,AoF,4397,3,Both,1,1
train,AoF04398.jpg,AoF,4398,3,Both,1,1
train,AoF04400.jpg,AoF,4400,3,Both,2,1
train,AoF04401.jpg,AoF,4401,2,Only_Smoke,2,0
train,AoF04402.jpg,AoF,4402,2,Only_Smoke,2,0
train,AoF04403.jpg,AoF,4403,3,Both,2,1
train,AoF04404.jpg,AoF,4404,3,Both,1,1
train,AoF04405.jpg,AoF,4405,3,Both,1,1
train,AoF04406.jpg,AoF,4406,3,Both,1,1
train,AoF04408.jpg,AoF,4408,2,Only_Smoke,1,0
train,AoF04409.jpg,AoF,4409,2,Only_Smoke,2,0
train,AoF04410.jpg,AoF,4410,2,Only_Smoke,1,0
train,AoF04411.jpg,AoF,4411,3,Both,1,1
train,AoF04413.jpg,AoF,4413,3,Both,1,1
train,AoF04414.jpg,AoF,4414,3,Both,1,1
train,AoF04415.jpg,AoF,4415,3,Both,1,1
train,AoF04416.jpg,AoF,4416,3,Both,1,1
train,AoF04417.jpg,AoF,4417,3,Both,1,1
train,AoF04418.jpg,AoF,4418,2,Only_Smoke,1,0
train,AoF04419.jpg,AoF,4419,3,Both,1,1
train,AoF04420.jpg,AoF,4420,2,Only_Smoke,1,0
train,AoF04421.jpg,AoF,4421,2,Only_Smoke,1,0
train,AoF04422.jpg,AoF,4422,2,Only_Smoke,1,0
train,AoF04423.jpg,AoF,4423,3,Both,1,1
train,AoF04424.jpg,AoF,4424,1,Only_Fire,0,1
train,AoF04425.jpg,AoF,4425,3,Both,2,3
train,AoF04427.jpg,AoF,4427,2,Only_Smoke,1,0
train,AoF04429.jpg,AoF,4429,2,Only_Smoke,1,0
train,AoF04430.jpg,AoF,4430,3,Both,1,2
train,AoF04431.jpg,AoF,4431,3,Both,1,8
train,AoF04432.jpg,AoF,4432,3,Both,1,4
train,AoF04433.jpg,AoF,4433,3,Both,1,2
train,AoF04434.jpg,AoF,4434,3,Both,1,1
train,AoF04436.jpg,AoF,4436,3,Both,1,4
train,AoF04437.jpg,AoF,4437,2,Only_Smoke,1,0
train,AoF04438.jpg,AoF,4438,3,Both,1,4
train,AoF04439.jpg,AoF,4439,3,Both,1,1
train,AoF04440.jpg,AoF,4440,3,Both,1,1
train,AoF04441.jpg,AoF,4441,3,Both,1,1
train,AoF04442.jpg,AoF,4442,3,Both,1,2
train,AoF04444.jpg,AoF,4444,3,Both,1,2
train,AoF04446.jpg,AoF,4446,3,Both,1,2
train,AoF04448.jpg,AoF,4448,3,Both,1,2
train,AoF04449.jpg,AoF,4449,3,Both,1,3
train,AoF04450.jpg,AoF,4450,3,Both,1,2
train,AoF04451.jpg,AoF,4451,3,Both,1,3
train,AoF04452.jpg,AoF,4452,3,Both,1,2
train,AoF04453.jpg,AoF,4453,3,Both,1,2
train,AoF04454.jpg,AoF,4454,3,Both,1,3
train,AoF04455.jpg,AoF,4455,3,Both,1,2
train,AoF04456.jpg,AoF,4456,3,Both,1,4
train,AoF04457.jpg,AoF,4457,3,Both,1,3
train,AoF04458.jpg,AoF,4458,3,Both,1,5
train,AoF04459.jpg,AoF,4459,3,Both,1,4
train,AoF04460.jpg,AoF,4460,3,Both,1,4
train,AoF04462.jpg,AoF,4462,3,Both,1,5
train,AoF04463.jpg,AoF,4463,3,Both,1,3
train,AoF04464.jpg,AoF,4464,3,Both,1,4
train,AoF04465.jpg,AoF,4465,3,Both,1,4
train,AoF04466.jpg,AoF,4466,3,Both,1,2
train,AoF04467.jpg,AoF,4467,3,Both,1,2
train,AoF04468.jpg,AoF,4468,3,Both,1,3
train,AoF04469.jpg,AoF,4469,3,Both,1,3
train,AoF04471.jpg,AoF,4471,3,Both,1,2
train,AoF04472.jpg,AoF,4472,3,Both,1,2
train,AoF04473.jpg,AoF,4473,3,Both,1,2
train,AoF04474.jpg,AoF,4474,3,Both,1,3
train,AoF04476.jpg,AoF,4476,3,Both,1,2
train,AoF04477.jpg,AoF,4477,1,Only_Fire,0,2
train,AoF04478.jpg,AoF,4478,1,Only_Fire,0,1
train,AoF04479.jpg,AoF,4479,1,Only_Fire,0,2
train,AoF04480.jpg,AoF,4480,1,Only_Fire,0,1
train,AoF04481.jpg,AoF,4481,1,Only_Fire,0,1
train,AoF04482.jpg,AoF,4482,1,Only_Fire,0,1
train,AoF04483.jpg,AoF,4483,1,Only_Fire,0,1
train,AoF04484.jpg,AoF,4484,1,Only_Fire,0,1
train,AoF04485.jpg,AoF,4485,1,Only_Fire,0,1
train,AoF04486.jpg,AoF,4486,1,Only_Fire,0,1
train,AoF04489.jpg,AoF,4489,3,Both,1,2
train,AoF04491.jpg,AoF,4491,1,Only_Fire,0,1
train,AoF04492.jpg,AoF,4492,2,Only_Smoke,1,0
train,AoF04493.jpg,AoF,4493,3,Both,1,1
train,AoF04494.jpg,AoF,4494,1,Only_Fire,0,2
train,AoF04495.jpg,AoF,4495,1,Only_Fire,0,2
train,AoF04497.jpg,AoF,4497,1,Only_Fire,0,2
train,AoF04498.jpg,AoF,4498,1,Only_Fire,0,1
train,AoF04499.jpg,AoF,4499,1,Only_Fire,0,2
train,AoF04500.jpg,AoF,4500,1,Only_Fire,0,1
train,AoF04502.jpg,AoF,4502,1,Only_Fire,0,2
train,AoF04503.jpg,AoF,4503,1,Only_Fire,0,1
train,AoF04504.jpg,AoF,4504,1,Only_Fire,0,1
train,AoF04505.jpg,AoF,4505,1,Only_Fire,0,1
train,AoF04506.jpg,AoF,4506,3,Both,1,1
train,AoF04508.jpg,AoF,4508,1,Only_Fire,0,2
train,AoF04510.jpg,AoF,4510,1,Only_Fire,0,3
train,AoF04511.jpg,AoF,4511,1,Only_Fire,0,2
train,AoF04512.jpg,AoF,4512,1,Only_Fire,0,1
train,AoF04514.jpg,AoF,4514,1,Only_Fire,0,2
train,AoF04515.jpg,AoF,4515,1,Only_Fire,0,2
train,AoF04516.jpg,AoF,4516,1,Only_Fire,0,2
train,AoF04518.jpg,AoF,4518,1,Only_Fire,0,2
train,AoF04519.jpg,AoF,4519,1,Only_Fire,0,2
train,AoF04520.jpg,AoF,4520,1,Only_Fire,0,2
train,AoF04521.jpg,AoF,4521,1,Only_Fire,0,1
train,AoF04522.jpg,AoF,4522,1,Only_Fire,0,1
train,AoF04523.jpg,AoF,4523,1,Only_Fire,0,2
train,AoF04524.jpg,AoF,4524,1,Only_Fire,0,2
train,AoF04525.jpg,AoF,4525,1,Only_Fire,0,1
train,AoF04526.jpg,AoF,4526,1,Only_Fire,0,1
train,AoF04527.jpg,AoF,4527,1,Only_Fire,0,2
train,AoF04528.jpg,AoF,4528,1,Only_Fire,0,1
train,AoF04530.jpg,AoF,4530,1,Only_Fire,0,2
train,AoF04531.jpg,AoF,4531,1,Only_Fire,0,2
train,AoF04533.jpg,AoF,4533,1,Only_Fire,0,2
train,AoF04534.jpg,AoF,4534,1,Only_Fire,0,1
train,AoF04535.jpg,AoF,4535,1,Only_Fire,0,1
train,AoF04536.jpg,AoF,4536,1,Only_Fire,0,2
train,AoF04537.jpg,AoF,4537,1,Only_Fire,0,1
train,AoF04538.jpg,AoF,4538,1,Only_Fire,0,1
train,AoF04540.jpg,AoF,4540,1,Only_Fire,0,1
train,AoF04541.jpg,AoF,4541,1,Only_Fire,0,1
train,AoF04542.jpg,AoF,4542,1,Only_Fire,0,2
train,AoF04543.jpg,AoF,4543,3,Both,1,1
train,AoF04544.jpg,AoF,4544,1,Only_Fire,0,1
train,AoF04545.jpg,AoF,4545,1,Only_Fire,0,1
train,AoF04546.jpg,AoF,4546,1,Only_Fire,0,1
train,AoF04547.jpg,AoF,4547,1,Only_Fire,0,1
train,AoF04548.jpg,AoF,4548,1,Only_Fire,0,1
train,AoF04550.jpg,AoF,4550,3,Both,1,2
train,AoF04551.jpg,AoF,4551,1,Only_Fire,0,1
train,AoF04552.jpg,AoF,4552,1,Only_Fire,0,1
train,AoF04553.jpg,AoF,4553,1,Only_Fire,0,2
train,AoF04554.jpg,AoF,4554,3,Both,1,1
train,AoF04555.jpg,AoF,4555,3,Both,1,1
train,AoF04556.jpg,AoF,4556,3,Both,1,1
train,AoF04557.jpg,AoF,4557,3,Both,1,1
train,AoF04559.jpg,AoF,4559,1,Only_Fire,0,1
train,AoF04560.jpg,AoF,4560,1,Only_Fire,0,1
train,AoF04563.jpg,AoF,4563,1,Only_Fire,0,2
train,AoF04564.jpg,AoF,4564,1,Only_Fire,0,1
train,AoF04565.jpg,AoF,4565,1,Only_Fire,0,1
train,AoF04566.jpg,AoF,4566,1,Only_Fire,0,2
train,AoF04567.jpg,AoF,4567,1,Only_Fire,0,2
train,AoF04568.jpg,AoF,4568,1,Only_Fire,0,2
train,AoF04569.jpg,AoF,4569,3,Both,1,2
train,AoF04571.jpg,AoF,4571,1,Only_Fire,0,1
train,AoF04572.jpg,AoF,4572,3,Both,1,2
train,AoF04573.jpg,AoF,4573,1,Only_Fire,0,2
train,AoF04574.jpg,AoF,4574,1,Only_Fire,0,2
train,AoF04576.jpg,AoF,4576,3,Both,1,2
train,AoF04577.jpg,AoF,4577,1,Only_Fire,0,2
train,AoF04578.jpg,AoF,4578,3,Both,1,3
train,AoF04579.jpg,AoF,4579,3,Both,1,1
train,AoF04580.jpg,AoF,4580,3,Both,1,1
train,AoF04581.jpg,AoF,4581,1,Only_Fire,0,1
train,AoF04584.jpg,AoF,4584,1,Only_Fire,0,1
train,AoF04585.jpg,AoF,4585,3,Both,1,2
train,AoF04586.jpg,AoF,4586,1,Only_Fire,0,1
train,AoF04587.jpg,AoF,4587,3,Both,1,2
train,AoF04589.jpg,AoF,4589,1,Only_Fire,0,2
train,AoF04591.jpg,AoF,4591,1,Only_Fire,0,1
train,AoF04592.jpg,AoF,4592,3,Both,1,2
train,AoF04593.jpg,AoF,4593,1,Only_Fire,0,1
train,AoF04594.jpg,AoF,4594,1,Only_Fire,0,2
train,AoF04595.jpg,AoF,4595,1,Only_Fire,0,2
train,AoF04596.jpg,AoF,4596,1,Only_Fire,0,1
train,AoF04598.jpg,AoF,4598,1,Only_Fire,0,2
train,AoF04599.jpg,AoF,4599,1,Only_Fire,0,2
train,AoF04600.jpg,AoF,4600,3,Both,1,2
train,AoF04601.jpg,AoF,4601,1,Only_Fire,0,1
train,AoF04602.jpg,AoF,4602,3,Both,1,1
train,AoF04603.jpg,AoF,4603,2,Only_Smoke,1,0
train,AoF04604.jpg,AoF,4604,2,Only_Smoke,1,0
train,AoF04605.jpg,AoF,4605,2,Only_Smoke,1,0
train,AoF04606.jpg,AoF,4606,2,Only_Smoke,1,0
train,AoF04607.jpg,AoF,4607,1,Only_Fire,0,1
train,AoF04608.jpg,AoF,4608,1,Only_Fire,0,1
train,AoF04609.jpg,AoF,4609,1,Only_Fire,0,1
train,AoF04610.jpg,AoF,4610,1,Only_Fire,0,1
train,AoF04611.jpg,AoF,4611,1,Only_Fire,0,1
train,AoF04612.jpg,AoF,4612,1,Only_Fire,0,1
train,AoF04613.jpg,AoF,4613,1,Only_Fire,0,1
train,AoF04614.jpg,AoF,4614,1,Only_Fire,0,1
train,AoF04615.jpg,AoF,4615,1,Only_Fire,0,1
train,AoF04616.jpg,AoF,4616,1,Only_Fire,0,1
train,AoF04617.jpg,AoF,4617,1,Only_Fire,0,1
train,AoF04618.jpg,AoF,4618,1,Only_Fire,0,1
train,AoF04619.jpg,AoF,4619,1,Only_Fire,0,1
train,AoF04621.jpg,AoF,4621,1,Only_Fire,0,1
train,AoF04623.jpg,AoF,4623,1,Only_Fire,0,1
train,AoF04624.jpg,AoF,4624,1,Only_Fire,0,1
train,AoF04625.jpg,AoF,4625,1,Only_Fire,0,1
train,AoF04627.jpg,AoF,4627,1,Only_Fire,0,1
train,AoF04628.jpg,AoF,4628,1,Only_Fire,0,1
train,AoF04629.jpg,AoF,4629,1,Only_Fire,0,1
train,AoF04630.jpg,AoF,4630,1,Only_Fire,0,1
train,AoF04631.jpg,AoF,4631,1,Only_Fire,0,1
train,AoF04632.jpg,AoF,4632,3,Both,1,1
train,AoF04633.jpg,AoF,4633,3,Both,1,1
train,AoF04634.jpg,AoF,4634,1,Only_Fire,0,1
train,AoF04635.jpg,AoF,4635,1,Only_Fire,0,1
train,AoF04636.jpg,AoF,4636,1,Only_Fire,0,1
train,AoF04637.jpg,AoF,4637,3,Both,1,1
train,AoF04638.jpg,AoF,4638,3,Both,1,1
train,AoF04640.jpg,AoF,4640,1,Only_Fire,0,2
train,AoF04642.jpg,AoF,4642,1,Only_Fire,0,1
train,AoF04644.jpg,AoF,4644,3,Both,1,1
train,AoF04645.jpg,AoF,4645,1,Only_Fire,0,1
train,AoF04648.jpg,AoF,4648,1,Only_Fire,0,1
train,AoF04649.jpg,AoF,4649,1,Only_Fire,0,1
train,AoF04650.jpg,AoF,4650,3,Both,1,1
train,AoF04651.jpg,AoF,4651,3,Both,1,1
train,AoF04652.jpg,AoF,4652,3,Both,1,1
train,AoF04653.jpg,AoF,4653,1,Only_Fire,0,1
train,AoF04654.jpg,AoF,4654,1,Only_Fire,0,2
train,AoF04655.jpg,AoF,4655,3,Both,1,1
train,AoF04657.jpg,AoF,4657,1,Only_Fire,0,1
train,AoF04658.jpg,AoF,4658,3,Both,1,1
train,AoF04659.jpg,AoF,4659,3,Both,1,1
train,AoF04661.jpg,AoF,4661,1,Only_Fire,0,2
train,AoF04662.jpg,AoF,4662,3,Both,1,1
train,AoF04663.jpg,AoF,4663,3,Both,1,1
train,AoF04664.jpg,AoF,4664,3,Both,1,1
train,AoF04665.jpg,AoF,4665,1,Only_Fire,0,1
train,AoF04666.jpg,AoF,4666,1,Only_Fire,0,1
train,AoF04667.jpg,AoF,4667,1,Only_Fire,0,1
train,AoF04668.jpg,AoF,4668,1,Only_Fire,0,1
train,AoF04669.jpg,AoF,4669,1,Only_Fire,0,1
train,AoF04670.jpg,AoF,4670,1,Only_Fire,0,1
train,AoF04671.jpg,AoF,4671,1,Only_Fire,0,1
train,AoF04672.jpg,AoF,4672,1,Only_Fire,0,1
train,AoF04673.jpg,AoF,4673,1,Only_Fire,0,1
train,AoF04674.jpg,AoF,4674,1,Only_Fire,0,1
train,AoF04675.jpg,AoF,4675,1,Only_Fire,0,1
train,AoF04676.jpg,AoF,4676,1,Only_Fire,0,1
train,AoF04677.jpg,AoF,4677,1,Only_Fire,0,1
train,AoF04678.jpg,AoF,4678,3,Both,1,1
train,AoF04680.jpg,AoF,4680,1,Only_Fire,0,1
train,AoF04681.jpg,AoF,4681,3,Both,1,1
train,AoF04683.jpg,AoF,4683,3,Both,1,1
train,AoF04684.jpg,AoF,4684,3,Both,1,1
train,AoF04687.jpg,AoF,4687,1,Only_Fire,0,1
train,AoF04689.jpg,AoF,4689,1,Only_Fire,0,1
train,AoF04690.jpg,AoF,4690,1,Only_Fire,0,1
train,AoF04691.jpg,AoF,4691,1,Only_Fire,0,1
train,AoF04692.jpg,AoF,4692,1,Only_Fire,0,1
train,AoF04693.jpg,AoF,4693,1,Only_Fire,0,1
train,AoF04694.jpg,AoF,4694,1,Only_Fire,0,1
train,AoF04695.jpg,AoF,4695,1,Only_Fire,0,1
train,AoF04696.jpg,AoF,4696,1,Only_Fire,0,1
train,AoF04697.jpg,AoF,4697,1,Only_Fire,0,1
train,AoF04698.jpg,AoF,4698,1,Only_Fire,0,1
train,AoF04699.jpg,AoF,4699,1,Only_Fire,0,1
train,AoF04700.jpg,AoF,4700,3,Both,1,1
train,AoF04702.jpg,AoF,4702,1,Only_Fire,0,1
train,AoF04703.jpg,AoF,4703,1,Only_Fire,0,1
train,AoF04704.jpg,AoF,4704,1,Only_Fire,0,1
train,AoF04705.jpg,AoF,4705,1,Only_Fire,0,1
train,AoF04707.jpg,AoF,4707,1,Only_Fire,0,1
train,AoF04708.jpg,AoF,4708,1,Only_Fire,0,1
train,AoF04709.jpg,AoF,4709,1,Only_Fire,0,2
train,AoF04710.jpg,AoF,4710,1,Only_Fire,0,2
train,AoF04711.jpg,AoF,4711,1,Only_Fire,0,2
train,AoF04712.jpg,AoF,4712,1,Only_Fire,0,1
train,AoF04714.jpg,AoF,4714,3,Both,1,1
train,AoF04715.jpg,AoF,4715,3,Both,1,1
train,AoF04716.jpg,AoF,4716,1,Only_Fire,0,1
train,AoF04719.jpg,AoF,4719,1,Only_Fire,0,2
train,AoF04720.jpg,AoF,4720,3,Both,1,1
train,AoF04721.jpg,AoF,4721,3,Both,1,1
train,AoF04722.jpg,AoF,4722,3,Both,1,1
train,AoF04723.jpg,AoF,4723,3,Both,1,1
train,AoF04724.jpg,AoF,4724,3,Both,1,1
train,AoF04725.jpg,AoF,4725,1,Only_Fire,0,1
train,AoF04726.jpg,AoF,4726,1,Only_Fire,0,1
train,AoF04727.jpg,AoF,4727,3,Both,1,1
train,AoF04728.jpg,AoF,4728,3,Both,1,1
train,AoF04729.jpg,AoF,4729,3,Both,1,1
train,AoF04730.jpg,AoF,4730,1,Only_Fire,0,1
train,AoF04731.jpg,AoF,4731,1,Only_Fire,0,1
train,AoF04732.jpg,AoF,4732,1,Only_Fire,0,1
train,AoF04733.jpg,AoF,4733,1,Only_Fire,0,1
train,AoF04734.jpg,AoF,4734,1,Only_Fire,0,1
train,AoF04735.jpg,AoF,4735,1,Only_Fire,0,1
train,AoF04736.jpg,AoF,4736,1,Only_Fire,0,1
train,AoF04737.jpg,AoF,4737,1,Only_Fire,0,1
train,AoF04738.jpg,AoF,4738,1,Only_Fire,0,1
train,AoF04740.jpg,AoF,4740,3,Both,1,2
train,AoF04741.jpg,AoF,4741,3,Both,1,2
train,AoF04743.jpg,AoF,4743,1,Only_Fire,0,1
train,AoF04744.jpg,AoF,4744,1,Only_Fire,0,1
train,AoF04745.jpg,AoF,4745,1,Only_Fire,0,1
train,AoF04746.jpg,AoF,4746,1,Only_Fire,0,1
train,AoF04748.jpg,AoF,4748,1,Only_Fire,0,1
train,AoF04749.jpg,AoF,4749,1,Only_Fire,0,1
train,AoF04750.jpg,AoF,4750,1,Only_Fire,0,1
train,AoF04751.jpg,AoF,4751,1,Only_Fire,0,1
train,AoF04753.jpg,AoF,4753,1,Only_Fire,0,1
train,AoF04755.jpg,AoF,4755,1,Only_Fire,0,1
train,AoF04756.jpg,AoF,4756,3,Both,1,2
train,AoF04757.jpg,AoF,4757,1,Only_Fire,0,2
train,AoF04759.jpg,AoF,4759,3,Both,1,1
train,AoF04761.jpg,AoF,4761,1,Only_Fire,0,1
train,AoF04763.jpg,AoF,4763,1,Only_Fire,0,1
train,AoF04764.jpg,AoF,4764,3,Both,1,1
train,AoF04766.jpg,AoF,4766,3,Both,1,1
train,AoF04768.jpg,AoF,4768,3,Both,1,1
train,AoF04769.jpg,AoF,4769,3,Both,1,1
train,AoF04770.jpg,AoF,4770,1,Only_Fire,0,1
train,AoF04771.jpg,AoF,4771,1,Only_Fire,0,1
train,AoF04772.jpg,AoF,4772,1,Only_Fire,0,1
train,AoF04773.jpg,AoF,4773,1,Only_Fire,0,1
train,AoF04774.jpg,AoF,4774,1,Only_Fire,0,1
train,AoF04775.jpg,AoF,4775,1,Only_Fire,0,1
train,AoF04776.jpg,AoF,4776,1,Only_Fire,0,1
train,AoF04777.jpg,AoF,4777,1,Only_Fire,0,1
train,AoF04778.jpg,AoF,4778,1,Only_Fire,0,1
train,AoF04779.jpg,AoF,4779,1,Only_Fire,0,1
train,AoF04780.jpg,AoF,4780,1,Only_Fire,0,1
train,AoF04781.jpg,AoF,4781,1,Only_Fire,0,1
train,AoF04782.jpg,AoF,4782,1,Only_Fire,0,1
train,AoF04783.jpg,AoF,4783,3,Both,1,1
train,AoF04784.jpg,AoF,4784,3,Both,1,2
train,AoF04786.jpg,AoF,4786,1,Only_Fire,0,1
train,AoF04787.jpg,AoF,4787,1,Only_Fire,0,1
train,AoF04788.jpg,AoF,4788,1,Only_Fire,0,1
train,AoF04789.jpg,AoF,4789,1,Only_Fire,0,1
train,AoF04790.jpg,AoF,4790,1,Only_Fire,0,1
train,AoF04792.jpg,AoF,4792,1,Only_Fire,0,1
train,AoF04793.jpg,AoF,4793,1,Only_Fire,0,1
train,AoF04794.jpg,AoF,4794,1,Only_Fire,0,1
train,AoF04795.jpg,AoF,4795,1,Only_Fire,0,1
train,AoF04797.jpg,AoF,4797,3,Both,1,1
train,AoF04798.jpg,AoF,4798,3,Both,1,1
train,AoF04799.jpg,AoF,4799,3,Both,1,1
train,AoF04801.jpg,AoF,4801,1,Only_Fire,0,1
train,AoF04802.jpg,AoF,4802,1,Only_Fire,0,1
train,AoF04803.jpg,AoF,4803,1,Only_Fire,0,1
train,AoF04804.jpg,AoF,4804,3,Both,1,1
train,AoF04806.jpg,AoF,4806,3,Both,1,1
train,AoF04808.jpg,AoF,4808,3,Both,1,1
train,AoF04809.jpg,AoF,4809,3,Both,1,2
train,AoF04810.jpg,AoF,4810,1,Only_Fire,0,1
train,AoF04811.jpg,AoF,4811,1,Only_Fire,0,1
train,AoF04812.jpg,AoF,4812,1,Only_Fire,0,1
train,AoF04813.jpg,AoF,4813,1,Only_Fire,0,1
train,AoF04814.jpg,AoF,4814,1,Only_Fire,0,2
train,AoF04817.jpg,AoF,4817,1,Only_Fire,0,1
train,AoF04818.jpg,AoF,4818,3,Both,1,2
train,AoF04819.jpg,AoF,4819,3,Both,1,2
train,AoF04820.jpg,AoF,4820,1,Only_Fire,0,2
train,AoF04821.jpg,AoF,4821,1,Only_Fire,0,1
train,AoF04822.jpg,AoF,4822,1,Only_Fire,0,1
train,AoF04824.jpg,AoF,4824,3,Both,1,1
train,AoF04825.jpg,AoF,4825,3,Both,1,1
train,AoF04827.jpg,AoF,4827,3,Both,1,1
train,AoF04828.jpg,AoF,4828,3,Both,1,1
train,AoF04829.jpg,AoF,4829,3,Both,1,1
train,AoF04831.jpg,AoF,4831,3,Both,1,1
train,AoF04832.jpg,AoF,4832,3,Both,1,1
train,AoF04833.jpg,AoF,4833,3,Both,1,1
train,AoF04834.jpg,AoF,4834,3,Both,1,1
train,AoF04835.jpg,AoF,4835,3,Both,1,1
train,AoF04836.jpg,AoF,4836,3,Both,1,1
train,AoF04837.jpg,AoF,4837,3,Both,1,1
train,AoF04838.jpg,AoF,4838,3,Both,1,1
train,AoF04839.jpg,AoF,4839,3,Both,1,1
train,AoF04840.jpg,AoF,4840,3,Both,1,1
train,AoF04841.jpg,AoF,4841,3,Both,1,2
train,AoF04842.jpg,AoF,4842,3,Both,1,1
train,AoF04843.jpg,AoF,4843,3,Both,1,1
train,AoF04844.jpg,AoF,4844,3,Both,1,1
train,AoF04846.jpg,AoF,4846,3,Both,1,1
train,AoF04847.jpg,AoF,4847,3,Both,1,1
train,AoF04848.jpg,AoF,4848,3,Both,1,1
train,AoF04849.jpg,AoF,4849,3,Both,1,1
train,AoF04850.jpg,AoF,4850,3,Both,1,2
train,AoF04851.jpg,AoF,4851,3,Both,1,2
train,AoF04852.jpg,AoF,4852,3,Both,1,2
train,AoF04854.jpg,AoF,4854,3,Both,1,2
train,AoF04856.jpg,AoF,4856,3,Both,1,1
train,AoF04857.jpg,AoF,4857,3,Both,1,1
train,AoF04858.jpg,AoF,4858,3,Both,1,5
train,AoF04861.jpg,AoF,4861,3,Both,1,5
train,AoF04862.jpg,AoF,4862,3,Both,1,4
train,AoF04863.jpg,AoF,4863,3,Both,1,4
train,AoF04864.jpg,AoF,4864,3,Both,1,4
train,AoF04865.jpg,AoF,4865,3,Both,1,4
train,AoF04866.jpg,AoF,4866,3,Both,1,4
train,AoF04868.jpg,AoF,4868,3,Both,1,4
train,AoF04869.jpg,AoF,4869,3,Both,1,4
train,AoF04870.jpg,AoF,4870,3,Both,1,4
train,AoF04871.jpg,AoF,4871,3,Both,1,3
train,AoF04872.jpg,AoF,4872,3,Both,1,5
train,AoF04873.jpg,AoF,4873,3,Both,1,4
train,AoF04874.jpg,AoF,4874,3,Both,1,4
train,AoF04875.jpg,AoF,4875,3,Both,1,3
train,AoF04876.jpg,AoF,4876,3,Both,1,3
train,AoF04877.jpg,AoF,4877,3,Both,1,3
train,AoF04879.jpg,AoF,4879,3,Both,1,3
train,AoF04880.jpg,AoF,4880,3,Both,1,3
train,AoF04882.jpg,AoF,4882,3,Both,1,3
train,AoF04883.jpg,AoF,4883,3,Both,1,2
train,AoF04884.jpg,AoF,4884,3,Both,1,2
train,AoF04886.jpg,AoF,4886,3,Both,1,1
train,AoF04887.jpg,AoF,4887,3,Both,1,2
train,AoF04888.jpg,AoF,4888,3,Both,1,2
train,AoF04889.jpg,AoF,4889,3,Both,1,1
train,AoF04890.jpg,AoF,4890,3,Both,1,1
train,AoF04891.jpg,AoF,4891,3,Both,1,1
train,AoF04892.jpg,AoF,4892,3,Both,1,1
train,AoF04893.jpg,AoF,4893,3,Both,1,1
train,AoF04894.jpg,AoF,4894,1,Only_Fire,0,1
train,AoF04895.jpg,AoF,4895,1,Only_Fire,0,1
train,AoF04896.jpg,AoF,4896,1,Only_Fire,0,1
train,AoF04897.jpg,AoF,4897,1,Only_Fire,0,1
train,AoF04898.jpg,AoF,4898,1,Only_Fire,0,1
train,AoF04902.jpg,AoF,4902,1,Only_Fire,0,1
train,AoF04903.jpg,AoF,4903,1,Only_Fire,0,2
train,AoF04905.jpg,AoF,4905,1,Only_Fire,0,2
train,AoF04906.jpg,AoF,4906,1,Only_Fire,0,2
train,AoF04908.jpg,AoF,4908,1,Only_Fire,0,2
train,AoF04909.jpg,AoF,4909,1,Only_Fire,0,2
train,AoF04910.jpg,AoF,4910,1,Only_Fire,0,2
train,AoF04912.jpg,AoF,4912,1,Only_Fire,0,2
train,AoF04913.jpg,AoF,4913,1,Only_Fire,0,2
train,AoF04914.jpg,AoF,4914,1,Only_Fire,0,2
train,AoF04915.jpg,AoF,4915,1,Only_Fire,0,2
train,AoF04916.jpg,AoF,4916,1,Only_Fire,0,2
train,AoF04918.jpg,AoF,4918,1,Only_Fire,0,2
train,AoF04919.jpg,AoF,4919,1,Only_Fire,0,3
train,AoF04920.jpg,AoF,4920,1,Only_Fire,0,2
train,AoF04921.jpg,AoF,4921,1,Only_Fire,0,4
train,AoF04922.jpg,AoF,4922,1,Only_Fire,0,4
train,AoF04923.jpg,AoF,4923,1,Only_Fire,0,4
train,AoF04924.jpg,AoF,4924,1,Only_Fire,0,4
train,AoF04926.jpg,AoF,4926,1,Only_Fire,0,3
train,AoF04928.jpg,AoF,4928,1,Only_Fire,0,3
train,AoF04929.jpg,AoF,4929,1,Only_Fire,0,2
train,AoF04930.jpg,AoF,4930,3,Both,1,1
train,AoF04931.jpg,AoF,4931,3,Both,1,2
train,AoF04932.jpg,AoF,4932,3,Both,1,1
train,AoF04933.jpg,AoF,4933,3,Both,1,1
train,AoF04934.jpg,AoF,4934,3,Both,1,2
train,AoF04935.jpg,AoF,4935,3,Both,1,2
train,AoF04937.jpg,AoF,4937,3,Both,1,3
train,AoF04938.jpg,AoF,4938,3,Both,1,3
train,AoF04940.jpg,AoF,4940,3,Both,1,2
train,AoF04941.jpg,AoF,4941,1,Only_Fire,0,2
train,AoF04942.jpg,AoF,4942,1,Only_Fire,0,1
train,AoF04943.jpg,AoF,4943,1,Only_Fire,0,2
train,AoF04944.jpg,AoF,4944,1,Only_Fire,0,1
train,AoF04946.jpg,AoF,4946,1,Only_Fire,0,2
train,AoF04947.jpg,AoF,4947,1,Only_Fire,0,1
train,AoF04948.jpg,AoF,4948,3,Both,1,1
train,AoF04949.jpg,AoF,4949,3,Both,1,1
train,AoF04950.jpg,AoF,4950,3,Both,1,2
train,AoF04951.jpg,AoF,4951,1,Only_Fire,0,2
train,AoF04952.jpg,AoF,4952,1,Only_Fire,0,2
train,AoF04953.jpg,AoF,4953,1,Only_Fire,0,2
train,AoF04954.jpg,AoF,4954,1,Only_Fire,0,2
train,AoF04955.jpg,AoF,4955,1,Only_Fire,0,1
train,AoF04957.jpg,AoF,4957,1,Only_Fire,0,1
train,AoF04958.jpg,AoF,4958,1,Only_Fire,0,1
train,AoF04959.jpg,AoF,4959,1,Only_Fire,0,1
train,AoF04960.jpg,AoF,4960,1,Only_Fire,0,1
train,AoF04961.jpg,AoF,4961,1,Only_Fire,0,1
train,AoF04962.jpg,AoF,4962,1,Only_Fire,0,2
train,AoF04963.jpg,AoF,4963,1,Only_Fire,0,2
train,AoF04964.jpg,AoF,4964,1,Only_Fire,0,2
train,AoF04965.jpg,AoF,4965,1,Only_Fire,0,2
train,AoF04966.jpg,AoF,4966,1,Only_Fire,0,2
train,AoF04967.jpg,AoF,4967,1,Only_Fire,0,2
train,AoF04968.jpg,AoF,4968,1,Only_Fire,0,2
train,AoF04969.jpg,AoF,4969,1,Only_Fire,0,2
train,AoF04970.jpg,AoF,4970,1,Only_Fire,0,2
train,AoF04971.jpg,AoF,4971,3,Both,1,2
train,AoF04972.jpg,AoF,4972,1,Only_Fire,0,3
train,AoF04973.jpg,AoF,4973,1,Only_Fire,0,3
train,AoF04975.jpg,AoF,4975,3,Both,1,2
train,AoF04976.jpg,AoF,4976,1,Only_Fire,0,3
train,AoF04977.jpg,AoF,4977,1,Only_Fire,0,2
train,AoF04978.jpg,AoF,4978,1,Only_Fire,0,2
train,AoF04979.jpg,AoF,4979,1,Only_Fire,0,2
train,AoF04980.jpg,AoF,4980,1,Only_Fire,0,3
train,AoF04981.jpg,AoF,4981,1,Only_Fire,0,3
train,AoF04982.jpg,AoF,4982,1,Only_Fire,0,2
train,AoF04983.jpg,AoF,4983,1,Only_Fire,0,4
train,AoF04985.jpg,AoF,4985,1,Only_Fire,0,4
train,AoF04986.jpg,AoF,4986,1,Only_Fire,0,4
train,AoF04987.jpg,AoF,4987,1,Only_Fire,0,4
train,AoF04989.jpg,AoF,4989,1,Only_Fire,0,3
train,AoF04991.jpg,AoF,4991,1,Only_Fire,0,2
train,AoF04992.jpg,AoF,4992,1,Only_Fire,0,2
train,AoF04993.jpg,AoF,4993,3,Both,1,2
train,AoF04994.jpg,AoF,4994,3,Both,1,3
train,AoF04996.jpg,AoF,4996,3,Both,1,2
train,AoF04997.jpg,AoF,4997,3,Both,1,3
train,AoF05000.jpg,AoF,5000,1,Only_Fire,0,2
train,AoF05001.jpg,AoF,5001,1,Only_Fire,0,3
train,AoF05002.jpg,AoF,5002,1,Only_Fire,0,2
train,AoF05004.jpg,AoF,5004,3,Both,1,2
train,AoF05005.jpg,AoF,5005,3,Both,1,2
train,AoF05006.jpg,AoF,5006,3,Both,1,2
train,AoF05007.jpg,AoF,5007,3,Both,1,2
train,AoF05008.jpg,AoF,5008,3,Both,1,2
train,AoF05009.jpg,AoF,5009,3,Both,1,2
train,AoF05010.jpg,AoF,5010,3,Both,1,2
train,AoF05011.jpg,AoF,5011,3,Both,1,2
train,AoF05012.jpg,AoF,5012,3,Both,1,2
train,AoF05014.jpg,AoF,5014,3,Both,1,2
train,AoF05016.jpg,AoF,5016,3,Both,1,2
train,AoF05017.jpg,AoF,5017,1,Only_Fire,0,2
train,AoF05018.jpg,AoF,5018,3,Both,1,2
train,AoF05019.jpg,AoF,5019,3,Both,1,2
train,AoF05020.jpg,AoF,5020,3,Both,1,2
train,AoF05021.jpg,AoF,5021,3,Both,1,2
train,AoF05023.jpg,AoF,5023,3,Both,1,1
train,AoF05024.jpg,AoF,5024,3,Both,1,1
train,AoF05025.jpg,AoF,5025,3,Both,1,2
train,AoF05026.jpg,AoF,5026,3,Both,1,2
train,AoF05027.jpg,AoF,5027,1,Only_Fire,0,2
train,AoF05028.jpg,AoF,5028,1,Only_Fire,0,2
train,AoF05029.jpg,AoF,5029,1,Only_Fire,0,2
train,AoF05031.jpg,AoF,5031,1,Only_Fire,0,2
train,AoF05032.jpg,AoF,5032,1,Only_Fire,0,2
train,AoF05033.jpg,AoF,5033,1,Only_Fire,0,1
train,AoF05034.jpg,AoF,5034,1,Only_Fire,0,1
train,AoF05035.jpg,AoF,5035,1,Only_Fire,0,1
train,AoF05036.jpg,AoF,5036,3,Both,1,2
train,AoF05037.jpg,AoF,5037,1,Only_Fire,0,1
train,AoF05038.jpg,AoF,5038,1,Only_Fire,0,1
train,AoF05040.jpg,AoF,5040,3,Both,1,1
train,AoF05041.jpg,AoF,5041,3,Both,1,1
train,AoF05042.jpg,AoF,5042,1,Only_Fire,0,1
train,AoF05043.jpg,AoF,5043,1,Only_Fire,0,1
train,AoF05046.jpg,AoF,5046,3,Both,1,1
train,AoF05047.jpg,AoF,5047,3,Both,1,1
train,AoF05048.jpg,AoF,5048,3,Both,1,1
train,AoF05049.jpg,AoF,5049,3,Both,1,1
train,AoF05050.jpg,AoF,5050,3,Both,1,1
train,AoF05053.jpg,AoF,5053,3,Both,1,1
train,AoF05054.jpg,AoF,5054,3,Both,1,1
train,AoF05055.jpg,AoF,5055,3,Both,1,1
train,AoF05056.jpg,AoF,5056,3,Both,1,1
train,AoF05057.jpg,AoF,5057,3,Both,1,1
train,AoF05058.jpg,AoF,5058,3,Both,1,1
train,AoF05059.jpg,AoF,5059,3,Both,1,1
train,AoF05060.jpg,AoF,5060,3,Both,1,1
train,AoF05062.jpg,AoF,5062,1,Only_Fire,0,2
train,AoF05063.jpg,AoF,5063,1,Only_Fire,0,2
train,AoF05064.jpg,AoF,5064,1,Only_Fire,0,1
train,AoF05066.jpg,AoF,5066,3,Both,1,1
train,AoF05067.jpg,AoF,5067,3,Both,1,1
train,AoF05069.jpg,AoF,5069,3,Both,1,1
train,AoF05070.jpg,AoF,5070,3,Both,1,1
train,AoF05072.jpg,AoF,5072,3,Both,1,1
train,AoF05073.jpg,AoF,5073,2,Only_Smoke,2,0
train,AoF05075.jpg,AoF,5075,2,Only_Smoke,4,0
train,AoF05076.jpg,AoF,5076,2,Only_Smoke,4,0
train,AoF05077.jpg,AoF,5077,2,Only_Smoke,4,0
train,AoF05078.jpg,AoF,5078,2,Only_Smoke,1,0
train,AoF05079.jpg,AoF,5079,2,Only_Smoke,1,0
train,AoF05080.jpg,AoF,5080,2,Only_Smoke,1,0
train,AoF05081.jpg,AoF,5081,2,Only_Smoke,1,0
train,AoF05082.jpg,AoF,5082,2,Only_Smoke,1,0
train,AoF05083.jpg,AoF,5083,3,Both,1,1
train,AoF05084.jpg,AoF,5084,2,Only_Smoke,2,0
train,AoF05086.jpg,AoF,5086,3,Both,1,1
train,AoF05087.jpg,AoF,5087,2,Only_Smoke,1,0
train,AoF05088.jpg,AoF,5088,2,Only_Smoke,1,0
train,AoF05089.jpg,AoF,5089,2,Only_Smoke,1,0
train,AoF05090.jpg,AoF,5090,2,Only_Smoke,1,0
train,AoF05091.jpg,AoF,5091,2,Only_Smoke,1,0
train,AoF05092.jpg,AoF,5092,3,Both,1,2
train,AoF05093.jpg,AoF,5093,2,Only_Smoke,1,0
train,AoF05094.jpg,AoF,5094,2,Only_Smoke,1,0
train,AoF05095.jpg,AoF,5095,2,Only_Smoke,1,0
train,AoF05096.jpg,AoF,5096,2,Only_Smoke,1,0
train,AoF05097.jpg,AoF,5097,3,Both,2,1
train,AoF05098.jpg,AoF,5098,2,Only_Smoke,1,0
train,AoF05099.jpg,AoF,5099,2,Only_Smoke,1,0
train,AoF05100.jpg,AoF,5100,2,Only_Smoke,1,0
train,AoF05101.jpg,AoF,5101,2,Only_Smoke,1,0
train,AoF05102.jpg,AoF,5102,2,Only_Smoke,1,0
train,AoF05103.jpg,AoF,5103,2,Only_Smoke,1,0
train,AoF05105.jpg,AoF,5105,2,Only_Smoke,1,0
train,AoF05107.jpg,AoF,5107,2,Only_Smoke,1,0
train,AoF05108.jpg,AoF,5108,2,Only_Smoke,1,0
train,AoF05109.jpg,AoF,5109,2,Only_Smoke,1,0
train,AoF05110.jpg,AoF,5110,2,Only_Smoke,1,0
train,AoF05111.jpg,AoF,5111,2,Only_Smoke,1,0
train,AoF05112.jpg,AoF,5112,2,Only_Smoke,1,0
train,AoF05113.jpg,AoF,5113,2,Only_Smoke,1,0
train,AoF05114.jpg,AoF,5114,2,Only_Smoke,1,0
train,AoF05115.jpg,AoF,5115,2,Only_Smoke,1,0
train,AoF05116.jpg,AoF,5116,2,Only_Smoke,1,0
train,AoF05117.jpg,AoF,5117,2,Only_Smoke,1,0
train,AoF05119.jpg,AoF,5119,2,Only_Smoke,1,0
train,AoF05120.jpg,AoF,5120,2,Only_Smoke,1,0
train,AoF05121.jpg,AoF,5121,2,Only_Smoke,1,0
train,AoF05122.jpg,AoF,5122,2,Only_Smoke,1,0
train,AoF05124.jpg,AoF,5124,2,Only_Smoke,1,0
train,AoF05125.jpg,AoF,5125,2,Only_Smoke,1,0
train,AoF05126.jpg,AoF,5126,2,Only_Smoke,1,0
train,AoF05127.jpg,AoF,5127,2,Only_Smoke,2,0
train,AoF05129.jpg,AoF,5129,2,Only_Smoke,1,0
train,AoF05130.jpg,AoF,5130,2,Only_Smoke,1,0
train,AoF05132.jpg,AoF,5132,3,Both,1,1
train,AoF05134.jpg,AoF,5134,3,Both,1,1
train,AoF05135.jpg,AoF,5135,2,Only_Smoke,1,0
train,AoF05136.jpg,AoF,5136,3,Both,1,1
train,AoF05137.jpg,AoF,5137,2,Only_Smoke,1,0
train,AoF05138.jpg,AoF,5138,2,Only_Smoke,1,0
train,AoF05139.jpg,AoF,5139,2,Only_Smoke,1,0
train,AoF05140.jpg,AoF,5140,2,Only_Smoke,1,0
train,AoF05141.jpg,AoF,5141,2,Only_Smoke,1,0
train,AoF05142.jpg,AoF,5142,2,Only_Smoke,1,0
train,AoF05144.jpg,AoF,5144,2,Only_Smoke,1,0
train,AoF05145.jpg,AoF,5145,2,Only_Smoke,1,0
train,AoF05146.jpg,AoF,5146,2,Only_Smoke,1,0
train,AoF05147.jpg,AoF,5147,2,Only_Smoke,1,0
train,AoF05148.jpg,AoF,5148,2,Only_Smoke,1,0
train,AoF05149.jpg,AoF,5149,2,Only_Smoke,1,0
train,AoF05152.jpg,AoF,5152,2,Only_Smoke,1,0
train,AoF05153.jpg,AoF,5153,2,Only_Smoke,1,0
train,AoF05155.jpg,AoF,5155,2,Only_Smoke,1,0
train,AoF05156.jpg,AoF,5156,2,Only_Smoke,1,0
train,AoF05157.jpg,AoF,5157,2,Only_Smoke,1,0
train,AoF05158.jpg,AoF,5158,2,Only_Smoke,1,0
train,AoF05159.jpg,AoF,5159,2,Only_Smoke,1,0
train,AoF05160.jpg,AoF,5160,2,Only_Smoke,1,0
train,AoF05161.jpg,AoF,5161,2,Only_Smoke,1,0
train,AoF05163.jpg,AoF,5163,2,Only_Smoke,1,0
train,AoF05164.jpg,AoF,5164,2,Only_Smoke,1,0
train,AoF05165.jpg,AoF,5165,2,Only_Smoke,1,0
train,AoF05167.jpg,AoF,5167,2,Only_Smoke,1,0
train,AoF05168.jpg,AoF,5168,2,Only_Smoke,1,0
train,AoF05169.jpg,AoF,5169,2,Only_Smoke,1,0
train,AoF05170.jpg,AoF,5170,2,Only_Smoke,1,0
train,AoF05171.jpg,AoF,5171,2,Only_Smoke,1,0
train,AoF05172.jpg,AoF,5172,2,Only_Smoke,1,0
train,AoF05173.jpg,AoF,5173,2,Only_Smoke,1,0
train,AoF05174.jpg,AoF,5174,2,Only_Smoke,1,0
train,AoF05176.jpg,AoF,5176,2,Only_Smoke,1,0
train,AoF05177.jpg,AoF,5177,2,Only_Smoke,1,0
train,AoF05180.jpg,AoF,5180,2,Only_Smoke,1,0
train,AoF05182.jpg,AoF,5182,2,Only_Smoke,1,0
train,AoF05184.jpg,AoF,5184,2,Only_Smoke,1,0
train,AoF05185.jpg,AoF,5185,2,Only_Smoke,1,0
train,AoF05186.jpg,AoF,5186,2,Only_Smoke,1,0
train,AoF05188.jpg,AoF,5188,2,Only_Smoke,1,0
train,AoF05189.jpg,AoF,5189,2,Only_Smoke,1,0
train,AoF05190.jpg,AoF,5190,2,Only_Smoke,1,0
train,AoF05191.jpg,AoF,5191,2,Only_Smoke,1,0
train,AoF05193.jpg,AoF,5193,2,Only_Smoke,1,0
train,AoF05195.jpg,AoF,5195,2,Only_Smoke,1,0
train,AoF05196.jpg,AoF,5196,2,Only_Smoke,1,0
train,AoF05197.jpg,AoF,5197,2,Only_Smoke,1,0
train,AoF05198.jpg,AoF,5198,2,Only_Smoke,1,0
train,AoF05199.jpg,AoF,5199,2,Only_Smoke,1,0
train,AoF05200.jpg,AoF,5200,2,Only_Smoke,1,0
train,AoF05201.jpg,AoF,5201,2,Only_Smoke,3,0
train,AoF05203.jpg,AoF,5203,2,Only_Smoke,1,0
train,AoF05204.jpg,AoF,5204,2,Only_Smoke,1,0
train,AoF05205.jpg,AoF,5205,2,Only_Smoke,1,0
train,AoF05206.jpg,AoF,5206,2,Only_Smoke,1,0
train,AoF05207.jpg,AoF,5207,2,Only_Smoke,1,0
train,AoF05209.jpg,AoF,5209,2,Only_Smoke,1,0
train,AoF05210.jpg,AoF,5210,2,Only_Smoke,1,0
train,AoF05211.jpg,AoF,5211,2,Only_Smoke,1,0
train,AoF05212.jpg,AoF,5212,2,Only_Smoke,1,0
train,AoF05213.jpg,AoF,5213,2,Only_Smoke,1,0
train,AoF05214.jpg,AoF,5214,2,Only_Smoke,1,0
train,AoF05215.jpg,AoF,5215,2,Only_Smoke,1,0
train,AoF05216.jpg,AoF,5216,2,Only_Smoke,1,0
train,AoF05218.jpg,AoF,5218,2,Only_Smoke,3,0
train,AoF05221.jpg,AoF,5221,2,Only_Smoke,1,0
train,AoF05222.jpg,AoF,5222,2,Only_Smoke,1,0
train,AoF05223.jpg,AoF,5223,2,Only_Smoke,1,0
train,AoF05225.jpg,AoF,5225,2,Only_Smoke,1,0
train,AoF05226.jpg,AoF,5226,2,Only_Smoke,1,0
train,AoF05227.jpg,AoF,5227,2,Only_Smoke,1,0
train,AoF05228.jpg,AoF,5228,2,Only_Smoke,1,0
train,AoF05229.jpg,AoF,5229,2,Only_Smoke,1,0
train,AoF05231.jpg,AoF,5231,2,Only_Smoke,1,0
train,AoF05232.jpg,AoF,5232,2,Only_Smoke,1,0
train,AoF05233.jpg,AoF,5233,2,Only_Smoke,1,0
train,AoF05234.jpg,AoF,5234,2,Only_Smoke,1,0
train,AoF05235.jpg,AoF,5235,2,Only_Smoke,1,0
train,AoF05237.jpg,AoF,5237,2,Only_Smoke,1,0
train,AoF05238.jpg,AoF,5238,2,Only_Smoke,3,0
train,AoF05239.jpg,AoF,5239,2,Only_Smoke,1,0
train,AoF05240.jpg,AoF,5240,2,Only_Smoke,1,0
train,AoF05241.jpg,AoF,5241,2,Only_Smoke,1,0
train,AoF05243.jpg,AoF,5243,2,Only_Smoke,1,0
train,AoF05244.jpg,AoF,5244,2,Only_Smoke,1,0
train,AoF05245.jpg,AoF,5245,2,Only_Smoke,1,0
train,AoF05246.jpg,AoF,5246,2,Only_Smoke,1,0
train,AoF05247.jpg,AoF,5247,2,Only_Smoke,3,0
train,AoF05248.jpg,AoF,5248,2,Only_Smoke,1,0
train,AoF05250.jpg,AoF,5250,2,Only_Smoke,1,0
train,AoF05251.jpg,AoF,5251,0,Neither,0,0
train,AoF05253.jpg,AoF,5253,0,Neither,0,0
train,AoF05254.jpg,AoF,5254,2,Only_Smoke,1,0
train,AoF05255.jpg,AoF,5255,2,Only_Smoke,3,0
train,AoF05257.jpg,AoF,5257,2,Only_Smoke,1,0
train,AoF05258.jpg,AoF,5258,2,Only_Smoke,1,0
train,AoF05261.jpg,AoF,5261,2,Only_Smoke,1,0
train,AoF05262.jpg,AoF,5262,2,Only_Smoke,1,0
train,AoF05266.jpg,AoF,5266,2,Only_Smoke,1,0
train,AoF05269.jpg,AoF,5269,2,Only_Smoke,1,0
train,AoF05270.jpg,AoF,5270,2,Only_Smoke,1,0
train,AoF05271.jpg,AoF,5271,2,Only_Smoke,1,0
train,AoF05272.jpg,AoF,5272,2,Only_Smoke,1,0
train,AoF05273.jpg,AoF,5273,2,Only_Smoke,1,0
train,AoF05274.jpg,AoF,5274,2,Only_Smoke,3,0
train,AoF05275.jpg,AoF,5275,2,Only_Smoke,1,0
train,AoF05276.jpg,AoF,5276,2,Only_Smoke,1,0
train,AoF05277.jpg,AoF,5277,2,Only_Smoke,1,0
train,AoF05278.jpg,AoF,5278,2,Only_Smoke,1,0
train,AoF05279.jpg,AoF,5279,2,Only_Smoke,1,0
train,AoF05280.jpg,AoF,5280,2,Only_Smoke,1,0
train,AoF05281.jpg,AoF,5281,2,Only_Smoke,1,0
train,AoF05282.jpg,AoF,5282,2,Only_Smoke,2,0
train,AoF05283.jpg,AoF,5283,2,Only_Smoke,1,0
train,AoF05284.jpg,AoF,5284,2,Only_Smoke,1,0
train,AoF05285.jpg,AoF,5285,2,Only_Smoke,1,0
train,AoF05286.jpg,AoF,5286,2,Only_Smoke,1,0
train,AoF05287.jpg,AoF,5287,2,Only_Smoke,1,0
train,AoF05288.jpg,AoF,5288,2,Only_Smoke,1,0
train,AoF05289.jpg,AoF,5289,2,Only_Smoke,1,0
train,AoF05290.jpg,AoF,5290,2,Only_Smoke,1,0
train,AoF05291.jpg,AoF,5291,2,Only_Smoke,1,0
train,AoF05292.jpg,AoF,5292,2,Only_Smoke,3,0
train,AoF05293.jpg,AoF,5293,2,Only_Smoke,1,0
train,AoF05295.jpg,AoF,5295,2,Only_Smoke,1,0
train,AoF05296.jpg,AoF,5296,2,Only_Smoke,1,0
train,AoF05297.jpg,AoF,5297,2,Only_Smoke,1,0
train,AoF05298.jpg,AoF,5298,2,Only_Smoke,1,0
train,AoF05299.jpg,AoF,5299,2,Only_Smoke,1,0
train,AoF05300.jpg,AoF,5300,2,Only_Smoke,1,0
train,AoF05301.jpg,AoF,5301,2,Only_Smoke,1,0
train,AoF05302.jpg,AoF,5302,2,Only_Smoke,1,0
train,AoF05303.jpg,AoF,5303,2,Only_Smoke,1,0
train,AoF05305.jpg,AoF,5305,2,Only_Smoke,1,0
train,AoF05306.jpg,AoF,5306,2,Only_Smoke,1,0
train,AoF05307.jpg,AoF,5307,2,Only_Smoke,1,0
train,AoF05309.jpg,AoF,5309,2,Only_Smoke,1,0
train,AoF05310.jpg,AoF,5310,2,Only_Smoke,1,0
train,AoF05311.jpg,AoF,5311,2,Only_Smoke,1,0
train,AoF05312.jpg,AoF,5312,2,Only_Smoke,1,0
train,AoF05313.jpg,AoF,5313,2,Only_Smoke,1,0
train,AoF05314.jpg,AoF,5314,2,Only_Smoke,1,0
train,AoF05315.jpg,AoF,5315,2,Only_Smoke,1,0
train,AoF05316.jpg,AoF,5316,2,Only_Smoke,1,0
train,AoF05317.jpg,AoF,5317,3,Both,2,1
train,AoF05319.jpg,AoF,5319,2,Only_Smoke,1,0
train,AoF05320.jpg,AoF,5320,2,Only_Smoke,1,0
train,AoF05321.jpg,AoF,5321,2,Only_Smoke,1,0
train,AoF05322.jpg,AoF,5322,2,Only_Smoke,1,0
train,AoF05323.jpg,AoF,5323,2,Only_Smoke,1,0
train,AoF05324.jpg,AoF,5324,2,Only_Smoke,1,0
train,AoF05325.jpg,AoF,5325,2,Only_Smoke,1,0
train,AoF05326.jpg,AoF,5326,3,Both,2,1
train,AoF05327.jpg,AoF,5327,2,Only_Smoke,1,0
train,AoF05329.jpg,AoF,5329,2,Only_Smoke,1,0
train,AoF05330.jpg,AoF,5330,2,Only_Smoke,1,0
train,AoF05331.jpg,AoF,5331,2,Only_Smoke,1,0
train,AoF05332.jpg,AoF,5332,3,Both,2,1
train,AoF05334.jpg,AoF,5334,2,Only_Smoke,1,0
train,AoF05335.jpg,AoF,5335,2,Only_Smoke,1,0
train,AoF05336.jpg,AoF,5336,2,Only_Smoke,1,0
train,AoF05337.jpg,AoF,5337,2,Only_Smoke,1,0
train,AoF05338.jpg,AoF,5338,2,Only_Smoke,1,0
train,AoF05341.jpg,AoF,5341,2,Only_Smoke,1,0
train,AoF05342.jpg,AoF,5342,3,Both,2,1
train,AoF05343.jpg,AoF,5343,2,Only_Smoke,1,0
train,AoF05345.jpg,AoF,5345,2,Only_Smoke,1,0
train,AoF05347.jpg,AoF,5347,2,Only_Smoke,1,0
train,AoF05348.jpg,AoF,5348,2,Only_Smoke,1,0
train,AoF05349.jpg,AoF,5349,2,Only_Smoke,1,0
train,AoF05350.jpg,AoF,5350,2,Only_Smoke,1,0
train,AoF05351.jpg,AoF,5351,3,Both,2,1
train,AoF05352.jpg,AoF,5352,2,Only_Smoke,1,0
train,AoF05353.jpg,AoF,5353,2,Only_Smoke,1,0
train,AoF05354.jpg,AoF,5354,2,Only_Smoke,1,0
train,AoF05355.jpg,AoF,5355,2,Only_Smoke,1,0
train,AoF05357.jpg,AoF,5357,2,Only_Smoke,1,0
train,AoF05359.jpg,AoF,5359,3,Both,2,1
train,AoF05360.jpg,AoF,5360,2,Only_Smoke,1,0
train,AoF05361.jpg,AoF,5361,2,Only_Smoke,1,0
train,AoF05362.jpg,AoF,5362,2,Only_Smoke,1,0
train,AoF05363.jpg,AoF,5363,2,Only_Smoke,1,0
train,AoF05365.jpg,AoF,5365,2,Only_Smoke,1,0
train,AoF05366.jpg,AoF,5366,2,Only_Smoke,1,0
train,AoF05368.jpg,AoF,5368,2,Only_Smoke,1,0
train,AoF05370.jpg,AoF,5370,2,Only_Smoke,1,0
train,AoF05371.jpg,AoF,5371,2,Only_Smoke,1,0
train,AoF05372.jpg,AoF,5372,2,Only_Smoke,1,0
train,AoF05373.jpg,AoF,5373,2,Only_Smoke,1,0
train,AoF05374.jpg,AoF,5374,2,Only_Smoke,1,0
train,AoF05375.jpg,AoF,5375,2,Only_Smoke,1,0
train,AoF05376.jpg,AoF,5376,2,Only_Smoke,1,0
train,AoF05377.jpg,AoF,5377,2,Only_Smoke,1,0
train,AoF05378.jpg,AoF,5378,2,Only_Smoke,1,0
train,AoF05380.jpg,AoF,5380,2,Only_Smoke,1,0
train,AoF05381.jpg,AoF,5381,2,Only_Smoke,1,0
train,AoF05382.jpg,AoF,5382,2,Only_Smoke,1,0
train,AoF05383.jpg,AoF,5383,2,Only_Smoke,1,0
train,AoF05384.jpg,AoF,5384,2,Only_Smoke,1,0
train,AoF05385.jpg,AoF,5385,2,Only_Smoke,1,0
train,AoF05386.jpg,AoF,5386,2,Only_Smoke,1,0
train,AoF05387.jpg,AoF,5387,2,Only_Smoke,1,0
train,AoF05388.jpg,AoF,5388,2,Only_Smoke,1,0
train,AoF05389.jpg,AoF,5389,2,Only_Smoke,1,0
train,AoF05390.jpg,AoF,5390,2,Only_Smoke,1,0
train,AoF05391.jpg,AoF,5391,2,Only_Smoke,1,0
train,AoF05392.jpg,AoF,5392,2,Only_Smoke,1,0
train,AoF05393.jpg,AoF,5393,2,Only_Smoke,1,0
train,AoF05394.jpg,AoF,5394,2,Only_Smoke,1,0
train,AoF05395.jpg,AoF,5395,2,Only_Smoke,1,0
train,AoF05396.jpg,AoF,5396,2,Only_Smoke,1,0
train,AoF05397.jpg,AoF,5397,2,Only_Smoke,1,0
train,AoF05398.jpg,AoF,5398,2,Only_Smoke,1,0
train,AoF05401.jpg,AoF,5401,2,Only_Smoke,1,0
train,AoF05402.jpg,AoF,5402,2,Only_Smoke,1,0
train,AoF05403.jpg,AoF,5403,2,Only_Smoke,1,0
train,AoF05404.jpg,AoF,5404,2,Only_Smoke,1,0
train,AoF05405.jpg,AoF,5405,2,Only_Smoke,1,0
train,AoF05406.jpg,AoF,5406,2,Only_Smoke,1,0
train,AoF05409.jpg,AoF,5409,2,Only_Smoke,1,0
train,AoF05410.jpg,AoF,5410,2,Only_Smoke,1,0
train,AoF05411.jpg,AoF,5411,2,Only_Smoke,1,0
train,AoF05412.jpg,AoF,5412,2,Only_Smoke,1,0
train,AoF05413.jpg,AoF,5413,2,Only_Smoke,1,0
train,AoF05414.jpg,AoF,5414,2,Only_Smoke,1,0
train,AoF05415.jpg,AoF,5415,2,Only_Smoke,1,0
train,AoF05416.jpg,AoF,5416,2,Only_Smoke,1,0
train,AoF05417.jpg,AoF,5417,2,Only_Smoke,1,0
train,AoF05418.jpg,AoF,5418,2,Only_Smoke,1,0
train,AoF05419.jpg,AoF,5419,2,Only_Smoke,1,0
train,AoF05420.jpg,AoF,5420,2,Only_Smoke,1,0
train,AoF05421.jpg,AoF,5421,2,Only_Smoke,1,0
train,AoF05422.jpg,AoF,5422,2,Only_Smoke,1,0
train,AoF05423.jpg,AoF,5423,2,Only_Smoke,1,0
train,AoF05424.jpg,AoF,5424,2,Only_Smoke,1,0
train,AoF05425.jpg,AoF,5425,2,Only_Smoke,1,0
train,AoF05427.jpg,AoF,5427,2,Only_Smoke,1,0
train,AoF05428.jpg,AoF,5428,2,Only_Smoke,1,0
train,AoF05429.jpg,AoF,5429,2,Only_Smoke,1,0
train,AoF05430.jpg,AoF,5430,2,Only_Smoke,1,0
train,AoF05431.jpg,AoF,5431,2,Only_Smoke,1,0
train,AoF05432.jpg,AoF,5432,2,Only_Smoke,1,0
train,AoF05433.jpg,AoF,5433,2,Only_Smoke,1,0
train,AoF05434.jpg,AoF,5434,2,Only_Smoke,1,0
train,AoF05435.jpg,AoF,5435,2,Only_Smoke,1,0
train,AoF05436.jpg,AoF,5436,2,Only_Smoke,1,0
train,AoF05437.jpg,AoF,5437,2,Only_Smoke,1,0
train,AoF05439.jpg,AoF,5439,2,Only_Smoke,1,0
train,AoF05440.jpg,AoF,5440,2,Only_Smoke,2,0
train,AoF05442.jpg,AoF,5442,2,Only_Smoke,1,0
train,AoF05443.jpg,AoF,5443,2,Only_Smoke,1,0
train,AoF05445.jpg,AoF,5445,3,Both,1,1
train,AoF05446.jpg,AoF,5446,3,Both,1,1
train,AoF05447.jpg,AoF,5447,3,Both,1,1
train,AoF05449.jpg,AoF,5449,3,Both,1,1
train,AoF05450.jpg,AoF,5450,3,Both,1,1
train,AoF05454.jpg,AoF,5454,3,Both,1,1
train,AoF05455.jpg,AoF,5455,3,Both,1,1
train,AoF05456.jpg,AoF,5456,3,Both,2,1
train,AoF05457.jpg,AoF,5457,3,Both,1,1
train,AoF05459.jpg,AoF,5459,2,Only_Smoke,1,0
train,AoF05460.jpg,AoF,5460,2,Only_Smoke,1,0
train,AoF05461.jpg,AoF,5461,2,Only_Smoke,1,0
train,AoF05462.jpg,AoF,5462,2,Only_Smoke,1,0
train,AoF05463.jpg,AoF,5463,2,Only_Smoke,1,0
train,AoF05464.jpg,AoF,5464,2,Only_Smoke,1,0
train,AoF05465.jpg,AoF,5465,2,Only_Smoke,1,0
train,AoF05466.jpg,AoF,5466,2,Only_Smoke,1,0
train,AoF05467.jpg,AoF,5467,2,Only_Smoke,1,0
train,AoF05469.jpg,AoF,5469,2,Only_Smoke,1,0
train,AoF05470.jpg,AoF,5470,2,Only_Smoke,2,0
train,AoF05471.jpg,AoF,5471,2,Only_Smoke,1,0
train,AoF05472.jpg,AoF,5472,2,Only_Smoke,1,0
train,AoF05473.jpg,AoF,5473,2,Only_Smoke,1,0
train,AoF05474.jpg,AoF,5474,2,Only_Smoke,1,0
train,AoF05475.jpg,AoF,5475,2,Only_Smoke,1,0
train,AoF05476.jpg,AoF,5476,2,Only_Smoke,1,0
train,AoF05477.jpg,AoF,5477,2,Only_Smoke,1,0
train,AoF05478.jpg,AoF,5478,2,Only_Smoke,1,0
train,AoF05479.jpg,AoF,5479,2,Only_Smoke,1,0
train,AoF05480.jpg,AoF,5480,1,Only_Fire,0,1
train,AoF05481.jpg,AoF,5481,2,Only_Smoke,1,0
train,AoF05482.jpg,AoF,5482,2,Only_Smoke,1,0
train,AoF05483.jpg,AoF,5483,2,Only_Smoke,1,0
train,AoF05484.jpg,AoF,5484,2,Only_Smoke,1,0
train,AoF05485.jpg,AoF,5485,2,Only_Smoke,1,0
train,AoF05486.jpg,AoF,5486,2,Only_Smoke,1,0
train,AoF05487.jpg,AoF,5487,2,Only_Smoke,1,0
train,AoF05488.jpg,AoF,5488,2,Only_Smoke,1,0
train,AoF05491.jpg,AoF,5491,2,Only_Smoke,1,0
train,AoF05492.jpg,AoF,5492,2,Only_Smoke,1,0
train,AoF05493.jpg,AoF,5493,2,Only_Smoke,1,0
train,AoF05494.jpg,AoF,5494,2,Only_Smoke,1,0
train,AoF05496.jpg,AoF,5496,2,Only_Smoke,1,0
train,AoF05500.jpg,AoF,5500,2,Only_Smoke,1,0
train,AoF05501.jpg,AoF,5501,2,Only_Smoke,1,0
train,AoF05502.jpg,AoF,5502,2,Only_Smoke,1,0
train,AoF05503.jpg,AoF,5503,2,Only_Smoke,1,0
train,AoF05506.jpg,AoF,5506,2,Only_Smoke,1,0
train,AoF05508.jpg,AoF,5508,2,Only_Smoke,1,0
train,AoF05511.jpg,AoF,5511,2,Only_Smoke,1,0
train,AoF05514.jpg,AoF,5514,2,Only_Smoke,1,0
train,AoF05516.jpg,AoF,5516,2,Only_Smoke,1,0
train,AoF05517.jpg,AoF,5517,2,Only_Smoke,1,0
train,AoF05518.jpg,AoF,5518,2,Only_Smoke,1,0
train,AoF05519.jpg,AoF,5519,2,Only_Smoke,1,0
train,AoF05520.jpg,AoF,5520,2,Only_Smoke,1,0
train,AoF05521.jpg,AoF,5521,2,Only_Smoke,1,0
train,AoF05522.jpg,AoF,5522,2,Only_Smoke,1,0
train,AoF05523.jpg,AoF,5523,2,Only_Smoke,1,0
train,AoF05524.jpg,AoF,5524,2,Only_Smoke,1,0
train,AoF05525.jpg,AoF,5525,2,Only_Smoke,1,0
train,AoF05526.jpg,AoF,5526,2,Only_Smoke,1,0
train,AoF05527.jpg,AoF,5527,2,Only_Smoke,1,0
train,AoF05529.jpg,AoF,5529,2,Only_Smoke,1,0
train,AoF05530.jpg,AoF,5530,2,Only_Smoke,1,0
train,AoF05531.jpg,AoF,5531,2,Only_Smoke,1,0
train,AoF05532.jpg,AoF,5532,2,Only_Smoke,1,0
train,AoF05534.jpg,AoF,5534,2,Only_Smoke,1,0
train,AoF05535.jpg,AoF,5535,2,Only_Smoke,1,0
train,AoF05536.jpg,AoF,5536,2,Only_Smoke,1,0
train,AoF05537.jpg,AoF,5537,2,Only_Smoke,1,0
train,AoF05539.jpg,AoF,5539,2,Only_Smoke,1,0
train,AoF05540.jpg,AoF,5540,2,Only_Smoke,1,0
train,AoF05541.jpg,AoF,5541,2,Only_Smoke,1,0
train,AoF05542.jpg,AoF,5542,2,Only_Smoke,1,0
train,AoF05546.jpg,AoF,5546,2,Only_Smoke,1,0
train,AoF05549.jpg,AoF,5549,2,Only_Smoke,1,0
train,AoF05550.jpg,AoF,5550,2,Only_Smoke,1,0
train,AoF05551.jpg,AoF,5551,2,Only_Smoke,1,0
train,AoF05552.jpg,AoF,5552,2,Only_Smoke,1,0
train,AoF05553.jpg,AoF,5553,2,Only_Smoke,1,0
train,AoF05554.jpg,AoF,5554,2,Only_Smoke,1,0
train,AoF05555.jpg,AoF,5555,2,Only_Smoke,1,0
train,AoF05556.jpg,AoF,5556,2,Only_Smoke,1,0
train,AoF05557.jpg,AoF,5557,2,Only_Smoke,1,0
train,AoF05558.jpg,AoF,5558,2,Only_Smoke,1,0
train,AoF05560.jpg,AoF,5560,2,Only_Smoke,1,0
train,AoF05561.jpg,AoF,5561,2,Only_Smoke,1,0
train,AoF05562.jpg,AoF,5562,2,Only_Smoke,1,0
train,AoF05563.jpg,AoF,5563,2,Only_Smoke,1,0
train,AoF05564.jpg,AoF,5564,2,Only_Smoke,1,0
train,AoF05565.jpg,AoF,5565,2,Only_Smoke,1,0
train,AoF05566.jpg,AoF,5566,2,Only_Smoke,1,0
train,AoF05567.jpg,AoF,5567,2,Only_Smoke,1,0
train,AoF05568.jpg,AoF,5568,2,Only_Smoke,1,0
train,AoF05569.jpg,AoF,5569,2,Only_Smoke,1,0
train,AoF05570.jpg,AoF,5570,2,Only_Smoke,1,0
train,AoF05571.jpg,AoF,5571,2,Only_Smoke,1,0
train,AoF05572.jpg,AoF,5572,2,Only_Smoke,1,0
train,AoF05573.jpg,AoF,5573,2,Only_Smoke,1,0
train,AoF05574.jpg,AoF,5574,2,Only_Smoke,1,0
train,AoF05575.jpg,AoF,5575,2,Only_Smoke,2,0
train,AoF05576.jpg,AoF,5576,2,Only_Smoke,1,0
train,AoF05577.jpg,AoF,5577,2,Only_Smoke,1,0
train,AoF05578.jpg,AoF,5578,2,Only_Smoke,1,0
train,AoF05579.jpg,AoF,5579,2,Only_Smoke,1,0
train,AoF05580.jpg,AoF,5580,2,Only_Smoke,1,0
train,AoF05581.jpg,AoF,5581,2,Only_Smoke,1,0
train,AoF05583.jpg,AoF,5583,2,Only_Smoke,1,0
train,AoF05584.jpg,AoF,5584,2,Only_Smoke,1,0
train,AoF05585.jpg,AoF,5585,2,Only_Smoke,1,0
train,AoF05586.jpg,AoF,5586,2,Only_Smoke,1,0
train,AoF05587.jpg,AoF,5587,2,Only_Smoke,1,0
train,AoF05588.jpg,AoF,5588,2,Only_Smoke,1,0
train,AoF05589.jpg,AoF,5589,2,Only_Smoke,1,0
train,AoF05591.jpg,AoF,5591,2,Only_Smoke,2,0
train,AoF05593.jpg,AoF,5593,2,Only_Smoke,1,0
train,AoF05595.jpg,AoF,5595,2,Only_Smoke,1,0
train,AoF05596.jpg,AoF,5596,2,Only_Smoke,1,0
train,AoF05597.jpg,AoF,5597,2,Only_Smoke,1,0
train,AoF05598.jpg,AoF,5598,2,Only_Smoke,2,0
train,AoF05599.jpg,AoF,5599,2,Only_Smoke,1,0
train,AoF05602.jpg,AoF,5602,2,Only_Smoke,1,0
train,AoF05603.jpg,AoF,5603,2,Only_Smoke,1,0
train,AoF05605.jpg,AoF,5605,2,Only_Smoke,1,0
train,AoF05607.jpg,AoF,5607,2,Only_Smoke,1,0
train,AoF05608.jpg,AoF,5608,2,Only_Smoke,1,0
train,AoF05609.jpg,AoF,5609,2,Only_Smoke,1,0
train,AoF05610.jpg,AoF,5610,2,Only_Smoke,1,0
train,AoF05611.jpg,AoF,5611,2,Only_Smoke,1,0
train,AoF05612.jpg,AoF,5612,2,Only_Smoke,1,0
train,AoF05613.jpg,AoF,5613,2,Only_Smoke,2,0
train,AoF05614.jpg,AoF,5614,2,Only_Smoke,1,0
train,AoF05615.jpg,AoF,5615,2,Only_Smoke,1,0
train,AoF05616.jpg,AoF,5616,2,Only_Smoke,1,0
train,AoF05617.jpg,AoF,5617,2,Only_Smoke,1,0
train,AoF05618.jpg,AoF,5618,2,Only_Smoke,1,0
train,AoF05620.jpg,AoF,5620,2,Only_Smoke,1,0
train,AoF05621.jpg,AoF,5621,2,Only_Smoke,1,0
train,AoF05622.jpg,AoF,5622,2,Only_Smoke,1,0
train,AoF05623.jpg,AoF,5623,2,Only_Smoke,1,0
train,AoF05624.jpg,AoF,5624,2,Only_Smoke,1,0
train,AoF05625.jpg,AoF,5625,2,Only_Smoke,1,0
train,AoF05626.jpg,AoF,5626,2,Only_Smoke,1,0
train,AoF05627.jpg,AoF,5627,2,Only_Smoke,1,0
train,AoF05628.jpg,AoF,5628,2,Only_Smoke,1,0
train,AoF05629.jpg,AoF,5629,2,Only_Smoke,2,0
train,AoF05630.jpg,AoF,5630,2,Only_Smoke,1,0
train,AoF05631.jpg,AoF,5631,2,Only_Smoke,1,0
train,AoF05632.jpg,AoF,5632,2,Only_Smoke,1,0
train,AoF05633.jpg,AoF,5633,2,Only_Smoke,1,0
train,AoF05634.jpg,AoF,5634,2,Only_Smoke,1,0
train,AoF05635.jpg,AoF,5635,2,Only_Smoke,1,0
train,AoF05636.jpg,AoF,5636,2,Only_Smoke,1,0
train,AoF05637.jpg,AoF,5637,2,Only_Smoke,1,0
train,AoF05638.jpg,AoF,5638,2,Only_Smoke,1,0
train,AoF05639.jpg,AoF,5639,2,Only_Smoke,1,0
train,AoF05640.jpg,AoF,5640,2,Only_Smoke,2,0
train,AoF05642.jpg,AoF,5642,2,Only_Smoke,1,0
train,AoF05643.jpg,AoF,5643,2,Only_Smoke,1,0
train,AoF05644.jpg,AoF,5644,2,Only_Smoke,1,0
train,AoF05645.jpg,AoF,5645,2,Only_Smoke,1,0
train,AoF05647.jpg,AoF,5647,2,Only_Smoke,1,0
train,AoF05648.jpg,AoF,5648,2,Only_Smoke,1,0
train,AoF05649.jpg,AoF,5649,2,Only_Smoke,2,0
train,AoF05650.jpg,AoF,5650,2,Only_Smoke,1,0
train,AoF05651.jpg,AoF,5651,2,Only_Smoke,1,0
train,AoF05652.jpg,AoF,5652,2,Only_Smoke,1,0
train,AoF05653.jpg,AoF,5653,2,Only_Smoke,1,0
train,AoF05655.jpg,AoF,5655,2,Only_Smoke,1,0
train,AoF05656.jpg,AoF,5656,2,Only_Smoke,1,0
train,AoF05657.jpg,AoF,5657,2,Only_Smoke,1,0
train,AoF05658.jpg,AoF,5658,2,Only_Smoke,1,0
train,AoF05660.jpg,AoF,5660,2,Only_Smoke,2,0
train,AoF05661.jpg,AoF,5661,2,Only_Smoke,1,0
train,AoF05662.jpg,AoF,5662,2,Only_Smoke,1,0
train,AoF05664.jpg,AoF,5664,2,Only_Smoke,1,0
train,AoF05665.jpg,AoF,5665,2,Only_Smoke,1,0
train,AoF05666.jpg,AoF,5666,2,Only_Smoke,1,0
train,AoF05669.jpg,AoF,5669,2,Only_Smoke,1,0
train,AoF05670.jpg,AoF,5670,2,Only_Smoke,1,0
train,AoF05671.jpg,AoF,5671,2,Only_Smoke,1,0
train,AoF05672.jpg,AoF,5672,2,Only_Smoke,1,0
train,AoF05673.jpg,AoF,5673,2,Only_Smoke,1,0
train,AoF05674.jpg,AoF,5674,2,Only_Smoke,1,0
train,AoF05675.jpg,AoF,5675,2,Only_Smoke,1,0
train,AoF05676.jpg,AoF,5676,2,Only_Smoke,1,0
train,AoF05678.jpg,AoF,5678,2,Only_Smoke,1,0
train,AoF05679.jpg,AoF,5679,2,Only_Smoke,1,0
train,AoF05682.jpg,AoF,5682,2,Only_Smoke,1,0
train,AoF05683.jpg,AoF,5683,2,Only_Smoke,1,0
train,AoF05684.jpg,AoF,5684,2,Only_Smoke,1,0
train,AoF05685.jpg,AoF,5685,2,Only_Smoke,1,0
train,AoF05686.jpg,AoF,5686,2,Only_Smoke,1,0
train,AoF05687.jpg,AoF,5687,2,Only_Smoke,1,0
train,AoF05688.jpg,AoF,5688,2,Only_Smoke,1,0
train,AoF05689.jpg,AoF,5689,2,Only_Smoke,1,0
train,AoF05690.jpg,AoF,5690,2,Only_Smoke,1,0
train,AoF05691.jpg,AoF,5691,2,Only_Smoke,1,0
train,AoF05694.jpg,AoF,5694,2,Only_Smoke,1,0
train,AoF05695.jpg,AoF,5695,2,Only_Smoke,1,0
train,AoF05696.jpg,AoF,5696,2,Only_Smoke,1,0
train,AoF05697.jpg,AoF,5697,2,Only_Smoke,1,0
train,AoF05698.jpg,AoF,5698,2,Only_Smoke,1,0
train,AoF05699.jpg,AoF,5699,2,Only_Smoke,1,0
train,AoF05700.jpg,AoF,5700,2,Only_Smoke,1,0
train,AoF05701.jpg,AoF,5701,2,Only_Smoke,1,0
train,AoF05702.jpg,AoF,5702,2,Only_Smoke,1,0
train,AoF05703.jpg,AoF,5703,2,Only_Smoke,1,0
train,AoF05704.jpg,AoF,5704,2,Only_Smoke,1,0
train,AoF05706.jpg,AoF,5706,2,Only_Smoke,1,0
train,AoF05707.jpg,AoF,5707,2,Only_Smoke,1,0
train,AoF05708.jpg,AoF,5708,2,Only_Smoke,1,0
train,AoF05710.jpg,AoF,5710,2,Only_Smoke,1,0
train,AoF05712.jpg,AoF,5712,2,Only_Smoke,1,0
train,AoF05714.jpg,AoF,5714,2,Only_Smoke,1,0
train,AoF05715.jpg,AoF,5715,2,Only_Smoke,1,0
train,AoF05716.jpg,AoF,5716,2,Only_Smoke,1,0
train,AoF05717.jpg,AoF,5717,2,Only_Smoke,1,0
train,AoF05718.jpg,AoF,5718,2,Only_Smoke,1,0
train,AoF05719.jpg,AoF,5719,2,Only_Smoke,1,0
train,AoF05720.jpg,AoF,5720,2,Only_Smoke,1,0
train,AoF05721.jpg,AoF,5721,2,Only_Smoke,1,0
train,AoF05722.jpg,AoF,5722,2,Only_Smoke,1,0
train,AoF05724.jpg,AoF,5724,2,Only_Smoke,1,0
train,AoF05726.jpg,AoF,5726,2,Only_Smoke,1,0
train,AoF05727.jpg,AoF,5727,2,Only_Smoke,1,0
train,AoF05728.jpg,AoF,5728,2,Only_Smoke,1,0
train,AoF05729.jpg,AoF,5729,2,Only_Smoke,1,0
train,AoF05730.jpg,AoF,5730,2,Only_Smoke,1,0
train,AoF05732.jpg,AoF,5732,2,Only_Smoke,1,0
train,AoF05734.jpg,AoF,5734,2,Only_Smoke,1,0
train,AoF05735.jpg,AoF,5735,2,Only_Smoke,1,0
train,AoF05736.jpg,AoF,5736,2,Only_Smoke,1,0
train,AoF05737.jpg,AoF,5737,2,Only_Smoke,1,0
train,AoF05738.jpg,AoF,5738,2,Only_Smoke,1,0
train,AoF05739.jpg,AoF,5739,2,Only_Smoke,1,0
train,AoF05740.jpg,AoF,5740,2,Only_Smoke,1,0
train,AoF05741.jpg,AoF,5741,2,Only_Smoke,1,0
train,AoF05742.jpg,AoF,5742,2,Only_Smoke,1,0
train,AoF05743.jpg,AoF,5743,2,Only_Smoke,1,0
train,AoF05744.jpg,AoF,5744,2,Only_Smoke,1,0
train,AoF05745.jpg,AoF,5745,2,Only_Smoke,1,0
train,AoF05746.jpg,AoF,5746,2,Only_Smoke,1,0
train,AoF05747.jpg,AoF,5747,2,Only_Smoke,1,0
train,AoF05748.jpg,AoF,5748,2,Only_Smoke,1,0
train,AoF05749.jpg,AoF,5749,2,Only_Smoke,1,0
train,AoF05750.jpg,AoF,5750,2,Only_Smoke,1,0
train,AoF05751.jpg,AoF,5751,0,Neither,0,0
train,AoF05752.jpg,AoF,5752,0,Neither,0,0
train,AoF05753.jpg,AoF,5753,0,Neither,0,0
train,AoF05755.jpg,AoF,5755,0,Neither,0,0
train,AoF05756.jpg,AoF,5756,0,Neither,0,0
train,AoF05757.jpg,AoF,5757,2,Only_Smoke,1,0
train,AoF05758.jpg,AoF,5758,2,Only_Smoke,1,0
train,AoF05759.jpg,AoF,5759,2,Only_Smoke,1,0
train,AoF05760.jpg,AoF,5760,2,Only_Smoke,1,0
train,AoF05761.jpg,AoF,5761,2,Only_Smoke,1,0
train,AoF05762.jpg,AoF,5762,2,Only_Smoke,1,0
train,AoF05763.jpg,AoF,5763,2,Only_Smoke,1,0
train,AoF05765.jpg,AoF,5765,2,Only_Smoke,1,0
train,AoF05767.jpg,AoF,5767,2,Only_Smoke,1,0
train,AoF05768.jpg,AoF,5768,2,Only_Smoke,1,0
train,AoF05770.jpg,AoF,5770,2,Only_Smoke,1,0
train,AoF05771.jpg,AoF,5771,2,Only_Smoke,1,0
train,AoF05772.jpg,AoF,5772,2,Only_Smoke,1,0
train,AoF05774.jpg,AoF,5774,2,Only_Smoke,1,0
train,AoF05775.jpg,AoF,5775,2,Only_Smoke,1,0
train,AoF05776.jpg,AoF,5776,2,Only_Smoke,1,0
train,AoF05778.jpg,AoF,5778,2,Only_Smoke,1,0
train,AoF05779.jpg,AoF,5779,2,Only_Smoke,1,0
train,AoF05781.jpg,AoF,5781,2,Only_Smoke,1,0
train,AoF05782.jpg,AoF,5782,2,Only_Smoke,1,0
train,AoF05783.jpg,AoF,5783,2,Only_Smoke,1,0
train,AoF05784.jpg,AoF,5784,2,Only_Smoke,1,0
train,AoF05786.jpg,AoF,5786,2,Only_Smoke,1,0
train,AoF05787.jpg,AoF,5787,2,Only_Smoke,1,0
train,AoF05789.jpg,AoF,5789,2,Only_Smoke,1,0
train,AoF05790.jpg,AoF,5790,2,Only_Smoke,1,0
train,AoF05791.jpg,AoF,5791,2,Only_Smoke,1,0
train,AoF05792.jpg,AoF,5792,2,Only_Smoke,1,0
train,AoF05794.jpg,AoF,5794,2,Only_Smoke,1,0
train,AoF05795.jpg,AoF,5795,2,Only_Smoke,1,0
train,AoF05796.jpg,AoF,5796,2,Only_Smoke,1,0
train,AoF05797.jpg,AoF,5797,2,Only_Smoke,1,0
train,AoF05798.jpg,AoF,5798,2,Only_Smoke,1,0
train,AoF05800.jpg,AoF,5800,2,Only_Smoke,1,0
train,AoF05801.jpg,AoF,5801,2,Only_Smoke,1,0
train,AoF05802.jpg,AoF,5802,2,Only_Smoke,1,0
train,AoF05803.jpg,AoF,5803,2,Only_Smoke,1,0
train,AoF05804.jpg,AoF,5804,2,Only_Smoke,1,0
train,AoF05805.jpg,AoF,5805,2,Only_Smoke,1,0
train,AoF05806.jpg,AoF,5806,2,Only_Smoke,1,0
train,AoF05807.jpg,AoF,5807,2,Only_Smoke,1,0
train,AoF05808.jpg,AoF,5808,2,Only_Smoke,1,0
train,AoF05809.jpg,AoF,5809,2,Only_Smoke,1,0
train,AoF05810.jpg,AoF,5810,2,Only_Smoke,1,0
train,AoF05811.jpg,AoF,5811,2,Only_Smoke,1,0
train,AoF05812.jpg,AoF,5812,2,Only_Smoke,1,0
train,AoF05813.jpg,AoF,5813,2,Only_Smoke,1,0
train,AoF05814.jpg,AoF,5814,2,Only_Smoke,1,0
train,AoF05815.jpg,AoF,5815,2,Only_Smoke,1,0
train,AoF05816.jpg,AoF,5816,2,Only_Smoke,1,0
train,AoF05817.jpg,AoF,5817,2,Only_Smoke,1,0
train,AoF05819.jpg,AoF,5819,2,Only_Smoke,1,0
train,AoF05820.jpg,AoF,5820,2,Only_Smoke,1,0
train,AoF05821.jpg,AoF,5821,2,Only_Smoke,1,0
train,AoF05822.jpg,AoF,5822,2,Only_Smoke,1,0
train,AoF05823.jpg,AoF,5823,2,Only_Smoke,1,0
train,AoF05824.jpg,AoF,5824,2,Only_Smoke,1,0
train,AoF05825.jpg,AoF,5825,2,Only_Smoke,1,0
train,AoF05826.jpg,AoF,5826,2,Only_Smoke,1,0
train,AoF05827.jpg,AoF,5827,2,Only_Smoke,1,0
train,AoF05828.jpg,AoF,5828,2,Only_Smoke,1,0
train,AoF05829.jpg,AoF,5829,2,Only_Smoke,1,0
train,AoF05831.jpg,AoF,5831,2,Only_Smoke,1,0
train,AoF05832.jpg,AoF,5832,2,Only_Smoke,1,0
train,AoF05833.jpg,AoF,5833,2,Only_Smoke,1,0
train,AoF05834.jpg,AoF,5834,2,Only_Smoke,1,0
train,AoF05835.jpg,AoF,5835,2,Only_Smoke,1,0
train,AoF05836.jpg,AoF,5836,2,Only_Smoke,1,0
train,AoF05837.jpg,AoF,5837,2,Only_Smoke,1,0
train,AoF05838.jpg,AoF,5838,2,Only_Smoke,1,0
train,AoF05839.jpg,AoF,5839,2,Only_Smoke,1,0
train,AoF05841.jpg,AoF,5841,2,Only_Smoke,1,0
train,AoF05842.jpg,AoF,5842,2,Only_Smoke,1,0
train,AoF05844.jpg,AoF,5844,2,Only_Smoke,1,0
train,AoF05845.jpg,AoF,5845,2,Only_Smoke,1,0
train,AoF05846.jpg,AoF,5846,2,Only_Smoke,1,0
train,AoF05847.jpg,AoF,5847,2,Only_Smoke,1,0
train,AoF05848.jpg,AoF,5848,2,Only_Smoke,1,0
train,AoF05849.jpg,AoF,5849,2,Only_Smoke,1,0
train,AoF05850.jpg,AoF,5850,2,Only_Smoke,1,0
train,AoF05851.jpg,AoF,5851,2,Only_Smoke,1,0
train,AoF05852.jpg,AoF,5852,2,Only_Smoke,1,0
train,AoF05853.jpg,AoF,5853,2,Only_Smoke,1,0
train,AoF05854.jpg,AoF,5854,2,Only_Smoke,1,0
train,AoF05856.jpg,AoF,5856,2,Only_Smoke,1,0
train,AoF05857.jpg,AoF,5857,2,Only_Smoke,1,0
train,AoF05859.jpg,AoF,5859,2,Only_Smoke,1,0
train,AoF05860.jpg,AoF,5860,2,Only_Smoke,1,0
train,AoF05861.jpg,AoF,5861,2,Only_Smoke,1,0
train,AoF05862.jpg,AoF,5862,2,Only_Smoke,1,0
train,AoF05863.jpg,AoF,5863,2,Only_Smoke,1,0
train,AoF05865.jpg,AoF,5865,2,Only_Smoke,1,0
train,AoF05866.jpg,AoF,5866,2,Only_Smoke,1,0
train,AoF05867.jpg,AoF,5867,2,Only_Smoke,1,0
train,AoF05869.jpg,AoF,5869,2,Only_Smoke,1,0
train,AoF05870.jpg,AoF,5870,2,Only_Smoke,1,0
train,AoF05871.jpg,AoF,5871,2,Only_Smoke,1,0
train,AoF05872.jpg,AoF,5872,2,Only_Smoke,1,0
train,AoF05874.jpg,AoF,5874,3,Both,1,1
train,AoF05876.jpg,AoF,5876,2,Only_Smoke,1,0
train,AoF05877.jpg,AoF,5877,2,Only_Smoke,1,0
train,AoF05878.jpg,AoF,5878,2,Only_Smoke,1,0
train,AoF05879.jpg,AoF,5879,2,Only_Smoke,1,0
train,AoF05880.jpg,AoF,5880,2,Only_Smoke,1,0
train,AoF05881.jpg,AoF,5881,2,Only_Smoke,1,0
train,AoF05882.jpg,AoF,5882,2,Only_Smoke,1,0
train,AoF05883.jpg,AoF,5883,2,Only_Smoke,1,0
train,AoF05884.jpg,AoF,5884,2,Only_Smoke,1,0
train,AoF05886.jpg,AoF,5886,2,Only_Smoke,1,0
train,AoF05887.jpg,AoF,5887,2,Only_Smoke,1,0
train,AoF05888.jpg,AoF,5888,2,Only_Smoke,1,0
train,AoF05889.jpg,AoF,5889,2,Only_Smoke,1,0
train,AoF05890.jpg,AoF,5890,2,Only_Smoke,1,0
train,AoF05893.jpg,AoF,5893,2,Only_Smoke,1,0
train,AoF05894.jpg,AoF,5894,2,Only_Smoke,1,0
train,AoF05895.jpg,AoF,5895,2,Only_Smoke,1,0
train,AoF05896.jpg,AoF,5896,2,Only_Smoke,1,0
train,AoF05897.jpg,AoF,5897,2,Only_Smoke,1,0
train,AoF05898.jpg,AoF,5898,2,Only_Smoke,1,0
train,AoF05899.jpg,AoF,5899,2,Only_Smoke,1,0
train,AoF05901.jpg,AoF,5901,2,Only_Smoke,1,0
train,AoF05902.jpg,AoF,5902,2,Only_Smoke,1,0
train,AoF05903.jpg,AoF,5903,2,Only_Smoke,1,0
train,AoF05904.jpg,AoF,5904,2,Only_Smoke,1,0
train,AoF05905.jpg,AoF,5905,2,Only_Smoke,1,0
train,AoF05906.jpg,AoF,5906,2,Only_Smoke,1,0
train,AoF05907.jpg,AoF,5907,2,Only_Smoke,1,0
train,AoF05908.jpg,AoF,5908,2,Only_Smoke,1,0
train,AoF05909.jpg,AoF,5909,2,Only_Smoke,1,0
train,AoF05910.jpg,AoF,5910,2,Only_Smoke,1,0
train,AoF05911.jpg,AoF,5911,2,Only_Smoke,1,0
train,AoF05912.jpg,AoF,5912,2,Only_Smoke,1,0
train,AoF05913.jpg,AoF,5913,2,Only_Smoke,1,0
train,AoF05915.jpg,AoF,5915,2,Only_Smoke,1,0
train,AoF05916.jpg,AoF,5916,2,Only_Smoke,1,0
train,AoF05917.jpg,AoF,5917,2,Only_Smoke,1,0
train,AoF05918.jpg,AoF,5918,2,Only_Smoke,1,0
train,AoF05919.jpg,AoF,5919,2,Only_Smoke,1,0
train,AoF05920.jpg,AoF,5920,2,Only_Smoke,1,0
train,AoF05922.jpg,AoF,5922,2,Only_Smoke,1,0
train,AoF05923.jpg,AoF,5923,2,Only_Smoke,1,0
train,AoF05925.jpg,AoF,5925,2,Only_Smoke,1,0
train,AoF05926.jpg,AoF,5926,2,Only_Smoke,1,0
train,AoF05927.jpg,AoF,5927,2,Only_Smoke,1,0
train,AoF05929.jpg,AoF,5929,2,Only_Smoke,1,0
train,AoF05930.jpg,AoF,5930,2,Only_Smoke,1,0
train,AoF05931.jpg,AoF,5931,2,Only_Smoke,1,0
train,AoF05932.jpg,AoF,5932,2,Only_Smoke,1,0
train,AoF05933.jpg,AoF,5933,2,Only_Smoke,1,0
train,AoF05935.jpg,AoF,5935,2,Only_Smoke,1,0
train,AoF05936.jpg,AoF,5936,2,Only_Smoke,1,0
train,AoF05937.jpg,AoF,5937,2,Only_Smoke,1,0
train,AoF05938.jpg,AoF,5938,2,Only_Smoke,1,0
train,AoF05942.jpg,AoF,5942,2,Only_Smoke,1,0
train,AoF05943.jpg,AoF,5943,2,Only_Smoke,1,0
train,AoF05944.jpg,AoF,5944,2,Only_Smoke,1,0
train,AoF05945.jpg,AoF,5945,2,Only_Smoke,1,0
train,AoF05946.jpg,AoF,5946,2,Only_Smoke,1,0
train,AoF05947.jpg,AoF,5947,2,Only_Smoke,1,0
train,AoF05948.jpg,AoF,5948,2,Only_Smoke,1,0
train,AoF05949.jpg,AoF,5949,2,Only_Smoke,1,0
train,AoF05950.jpg,AoF,5950,2,Only_Smoke,1,0
train,AoF05951.jpg,AoF,5951,2,Only_Smoke,1,0
train,AoF05952.jpg,AoF,5952,2,Only_Smoke,1,0
train,AoF05953.jpg,AoF,5953,2,Only_Smoke,1,0
train,AoF05954.jpg,AoF,5954,2,Only_Smoke,1,0
train,AoF05955.jpg,AoF,5955,2,Only_Smoke,1,0
train,AoF05956.jpg,AoF,5956,2,Only_Smoke,1,0
train,AoF05957.jpg,AoF,5957,2,Only_Smoke,1,0
train,AoF05958.jpg,AoF,5958,2,Only_Smoke,1,0
train,AoF05959.jpg,AoF,5959,2,Only_Smoke,1,0
train,AoF05961.jpg,AoF,5961,2,Only_Smoke,1,0
train,AoF05962.jpg,AoF,5962,2,Only_Smoke,1,0
train,AoF05963.jpg,AoF,5963,2,Only_Smoke,1,0
train,AoF05964.jpg,AoF,5964,2,Only_Smoke,1,0
train,AoF05965.jpg,AoF,5965,2,Only_Smoke,1,0
train,AoF05966.jpg,AoF,5966,2,Only_Smoke,1,0
train,AoF05968.jpg,AoF,5968,2,Only_Smoke,1,0
train,AoF05969.jpg,AoF,5969,2,Only_Smoke,1,0
train,AoF05970.jpg,AoF,5970,2,Only_Smoke,1,0
train,AoF05972.jpg,AoF,5972,2,Only_Smoke,1,0
train,AoF05973.jpg,AoF,5973,2,Only_Smoke,1,0
train,AoF05975.jpg,AoF,5975,2,Only_Smoke,1,0
train,AoF05977.jpg,AoF,5977,2,Only_Smoke,1,0
train,AoF05978.jpg,AoF,5978,2,Only_Smoke,1,0
train,AoF05979.jpg,AoF,5979,2,Only_Smoke,1,0
train,AoF05980.jpg,AoF,5980,2,Only_Smoke,1,0
train,AoF05981.jpg,AoF,5981,2,Only_Smoke,1,0
train,AoF05982.jpg,AoF,5982,2,Only_Smoke,1,0
train,AoF05983.jpg,AoF,5983,2,Only_Smoke,1,0
train,AoF05984.jpg,AoF,5984,2,Only_Smoke,1,0
train,AoF05985.jpg,AoF,5985,2,Only_Smoke,1,0
train,AoF05986.jpg,AoF,5986,2,Only_Smoke,1,0
train,AoF05988.jpg,AoF,5988,2,Only_Smoke,1,0
train,AoF05989.jpg,AoF,5989,2,Only_Smoke,1,0
train,AoF05990.jpg,AoF,5990,2,Only_Smoke,1,0
train,AoF05991.jpg,AoF,5991,2,Only_Smoke,1,0
train,AoF05992.jpg,AoF,5992,2,Only_Smoke,1,0
train,AoF05993.jpg,AoF,5993,2,Only_Smoke,1,0
train,AoF05994.jpg,AoF,5994,2,Only_Smoke,1,0
train,AoF05995.jpg,AoF,5995,2,Only_Smoke,1,0
train,AoF05997.jpg,AoF,5997,2,Only_Smoke,1,0
train,AoF05998.jpg,AoF,5998,2,Only_Smoke,1,0
train,AoF05999.jpg,AoF,5999,2,Only_Smoke,1,0
train,AoF06000.jpg,AoF,6000,2,Only_Smoke,1,0
train,AoF06001.jpg,AoF,6001,2,Only_Smoke,1,0
train,AoF06002.jpg,AoF,6002,2,Only_Smoke,1,0
train,AoF06003.jpg,AoF,6003,2,Only_Smoke,1,0
train,AoF06004.jpg,AoF,6004,2,Only_Smoke,1,0
train,AoF06007.jpg,AoF,6007,2,Only_Smoke,1,0
train,AoF06008.jpg,AoF,6008,2,Only_Smoke,1,0
train,AoF06009.jpg,AoF,6009,2,Only_Smoke,1,0
train,AoF06011.jpg,AoF,6011,2,Only_Smoke,1,0
train,AoF06012.jpg,AoF,6012,2,Only_Smoke,1,0
train,AoF06013.jpg,AoF,6013,2,Only_Smoke,1,0
train,AoF06014.jpg,AoF,6014,2,Only_Smoke,1,0
train,AoF06015.jpg,AoF,6015,2,Only_Smoke,1,0
train,AoF06016.jpg,AoF,6016,2,Only_Smoke,1,0
train,AoF06017.jpg,AoF,6017,2,Only_Smoke,1,0
train,AoF06018.jpg,AoF,6018,2,Only_Smoke,1,0
train,AoF06019.jpg,AoF,6019,2,Only_Smoke,1,0
train,AoF06020.jpg,AoF,6020,2,Only_Smoke,1,0
train,AoF06021.jpg,AoF,6021,2,Only_Smoke,1,0
train,AoF06022.jpg,AoF,6022,1,Only_Fire,0,1
train,AoF06023.jpg,AoF,6023,2,Only_Smoke,1,0
train,AoF06024.jpg,AoF,6024,2,Only_Smoke,1,0
train,AoF06026.jpg,AoF,6026,2,Only_Smoke,1,0
train,AoF06027.jpg,AoF,6027,2,Only_Smoke,1,0
train,AoF06028.jpg,AoF,6028,3,Both,1,1
train,AoF06029.jpg,AoF,6029,2,Only_Smoke,1,0
train,AoF06030.jpg,AoF,6030,2,Only_Smoke,1,0
train,AoF06031.jpg,AoF,6031,2,Only_Smoke,1,0
train,AoF06032.jpg,AoF,6032,2,Only_Smoke,1,0
train,AoF06033.jpg,AoF,6033,2,Only_Smoke,1,0
train,AoF06034.jpg,AoF,6034,2,Only_Smoke,1,0
train,AoF06035.jpg,AoF,6035,2,Only_Smoke,1,0
train,AoF06036.jpg,AoF,6036,2,Only_Smoke,1,0
train,AoF06037.jpg,AoF,6037,2,Only_Smoke,1,0
train,AoF06038.jpg,AoF,6038,2,Only_Smoke,1,0
train,AoF06040.jpg,AoF,6040,2,Only_Smoke,1,0
train,AoF06042.jpg,AoF,6042,2,Only_Smoke,1,0
train,AoF06044.jpg,AoF,6044,2,Only_Smoke,1,0
train,AoF06046.jpg,AoF,6046,2,Only_Smoke,1,0
train,AoF06047.jpg,AoF,6047,2,Only_Smoke,1,0
train,AoF06048.jpg,AoF,6048,2,Only_Smoke,1,0
train,AoF06049.jpg,AoF,6049,2,Only_Smoke,1,0
train,AoF06050.jpg,AoF,6050,2,Only_Smoke,1,0
train,AoF06051.jpg,AoF,6051,2,Only_Smoke,1,0
train,AoF06052.jpg,AoF,6052,2,Only_Smoke,1,0
train,AoF06053.jpg,AoF,6053,2,Only_Smoke,1,0
train,AoF06054.jpg,AoF,6054,2,Only_Smoke,1,0
train,AoF06055.jpg,AoF,6055,2,Only_Smoke,1,0
train,AoF06056.jpg,AoF,6056,2,Only_Smoke,1,0
train,AoF06057.jpg,AoF,6057,2,Only_Smoke,1,0
train,AoF06058.jpg,AoF,6058,2,Only_Smoke,1,0
train,AoF06059.jpg,AoF,6059,2,Only_Smoke,1,0
train,AoF06061.jpg,AoF,6061,2,Only_Smoke,1,0
train,AoF06062.jpg,AoF,6062,2,Only_Smoke,1,0
train,AoF06063.jpg,AoF,6063,2,Only_Smoke,1,0
train,AoF06064.jpg,AoF,6064,2,Only_Smoke,1,0
train,AoF06065.jpg,AoF,6065,2,Only_Smoke,1,0
train,AoF06066.jpg,AoF,6066,0,Neither,0,0
train,AoF06067.jpg,AoF,6067,0,Neither,0,0
train,AoF06069.jpg,AoF,6069,0,Neither,0,0
train,AoF06070.jpg,AoF,6070,0,Neither,0,0
train,AoF06071.jpg,AoF,6071,0,Neither,0,0
train,AoF06073.jpg,AoF,6073,2,Only_Smoke,1,0
train,AoF06074.jpg,AoF,6074,2,Only_Smoke,1,0
train,AoF06075.jpg,AoF,6075,2,Only_Smoke,1,0
train,AoF06077.jpg,AoF,6077,2,Only_Smoke,1,0
train,AoF06079.jpg,AoF,6079,2,Only_Smoke,1,0
train,AoF06080.jpg,AoF,6080,2,Only_Smoke,1,0
train,AoF06081.jpg,AoF,6081,2,Only_Smoke,1,0
train,AoF06082.jpg,AoF,6082,2,Only_Smoke,1,0
train,AoF06083.jpg,AoF,6083,2,Only_Smoke,1,0
train,AoF06084.jpg,AoF,6084,2,Only_Smoke,1,0
train,AoF06086.jpg,AoF,6086,2,Only_Smoke,1,0
train,AoF06087.jpg,AoF,6087,2,Only_Smoke,1,0
train,AoF06089.jpg,AoF,6089,2,Only_Smoke,1,0
train,AoF06090.jpg,AoF,6090,2,Only_Smoke,1,0
train,AoF06091.jpg,AoF,6091,2,Only_Smoke,1,0
train,AoF06092.jpg,AoF,6092,2,Only_Smoke,1,0
train,AoF06093.jpg,AoF,6093,2,Only_Smoke,1,0
train,AoF06094.jpg,AoF,6094,2,Only_Smoke,1,0
train,AoF06096.jpg,AoF,6096,3,Both,1,1
train,AoF06097.jpg,AoF,6097,2,Only_Smoke,1,0
train,AoF06098.jpg,AoF,6098,2,Only_Smoke,1,0
train,AoF06099.jpg,AoF,6099,2,Only_Smoke,1,0
train,AoF06100.jpg,AoF,6100,2,Only_Smoke,1,0
train,AoF06101.jpg,AoF,6101,2,Only_Smoke,1,0
train,AoF06102.jpg,AoF,6102,2,Only_Smoke,1,0
train,AoF06103.jpg,AoF,6103,2,Only_Smoke,1,0
train,AoF06104.jpg,AoF,6104,2,Only_Smoke,1,0
train,AoF06105.jpg,AoF,6105,2,Only_Smoke,1,0
train,AoF06106.jpg,AoF,6106,2,Only_Smoke,1,0
train,AoF06108.jpg,AoF,6108,2,Only_Smoke,1,0
train,AoF06109.jpg,AoF,6109,2,Only_Smoke,1,0
train,AoF06110.jpg,AoF,6110,2,Only_Smoke,1,0
train,AoF06111.jpg,AoF,6111,2,Only_Smoke,1,0
train,AoF06112.jpg,AoF,6112,2,Only_Smoke,1,0
train,AoF06113.jpg,AoF,6113,2,Only_Smoke,1,0
train,AoF06114.jpg,AoF,6114,2,Only_Smoke,2,0
train,AoF06116.jpg,AoF,6116,2,Only_Smoke,1,0
train,AoF06117.jpg,AoF,6117,2,Only_Smoke,1,0
train,AoF06118.jpg,AoF,6118,2,Only_Smoke,1,0
train,AoF06119.jpg,AoF,6119,2,Only_Smoke,1,0
train,AoF06120.jpg,AoF,6120,2,Only_Smoke,1,0
train,AoF06122.jpg,AoF,6122,2,Only_Smoke,1,0
train,AoF06123.jpg,AoF,6123,2,Only_Smoke,1,0
train,AoF06124.jpg,AoF,6124,2,Only_Smoke,1,0
train,AoF06125.jpg,AoF,6125,2,Only_Smoke,1,0
train,AoF06127.jpg,AoF,6127,2,Only_Smoke,1,0
train,AoF06128.jpg,AoF,6128,2,Only_Smoke,1,0
train,AoF06130.jpg,AoF,6130,2,Only_Smoke,1,0
train,AoF06131.jpg,AoF,6131,2,Only_Smoke,1,0
train,AoF06132.jpg,AoF,6132,2,Only_Smoke,1,0
train,AoF06133.jpg,AoF,6133,2,Only_Smoke,1,0
train,AoF06134.jpg,AoF,6134,2,Only_Smoke,1,0
train,AoF06135.jpg,AoF,6135,2,Only_Smoke,1,0
train,AoF06136.jpg,AoF,6136,2,Only_Smoke,1,0
train,AoF06137.jpg,AoF,6137,2,Only_Smoke,1,0
train,AoF06138.jpg,AoF,6138,2,Only_Smoke,1,0
train,AoF06139.jpg,AoF,6139,2,Only_Smoke,1,0
train,AoF06140.jpg,AoF,6140,2,Only_Smoke,1,0
train,AoF06141.jpg,AoF,6141,2,Only_Smoke,1,0
train,AoF06142.jpg,AoF,6142,2,Only_Smoke,1,0
train,AoF06143.jpg,AoF,6143,2,Only_Smoke,1,0
train,AoF06144.jpg,AoF,6144,2,Only_Smoke,1,0
train,AoF06145.jpg,AoF,6145,2,Only_Smoke,1,0
train,AoF06146.jpg,AoF,6146,2,Only_Smoke,1,0
train,AoF06148.jpg,AoF,6148,2,Only_Smoke,1,0
train,AoF06150.jpg,AoF,6150,2,Only_Smoke,1,0
train,AoF06151.jpg,AoF,6151,2,Only_Smoke,1,0
train,AoF06152.jpg,AoF,6152,2,Only_Smoke,1,0
train,AoF06153.jpg,AoF,6153,2,Only_Smoke,1,0
train,AoF06154.jpg,AoF,6154,2,Only_Smoke,1,0
train,AoF06155.jpg,AoF,6155,2,Only_Smoke,2,0
train,AoF06156.jpg,AoF,6156,2,Only_Smoke,1,0
train,AoF06157.jpg,AoF,6157,2,Only_Smoke,1,0
train,AoF06159.jpg,AoF,6159,2,Only_Smoke,1,0
train,AoF06160.jpg,AoF,6160,2,Only_Smoke,1,0
train,AoF06161.jpg,AoF,6161,2,Only_Smoke,1,0
train,AoF06162.jpg,AoF,6162,2,Only_Smoke,1,0
train,AoF06163.jpg,AoF,6163,2,Only_Smoke,1,0
train,AoF06165.jpg,AoF,6165,2,Only_Smoke,1,0
train,AoF06166.jpg,AoF,6166,2,Only_Smoke,1,0
train,AoF06167.jpg,AoF,6167,2,Only_Smoke,1,0
train,AoF06168.jpg,AoF,6168,2,Only_Smoke,1,0
train,AoF06170.jpg,AoF,6170,2,Only_Smoke,1,0
train,AoF06172.jpg,AoF,6172,2,Only_Smoke,1,0
train,AoF06174.jpg,AoF,6174,2,Only_Smoke,1,0
train,AoF06175.jpg,AoF,6175,2,Only_Smoke,1,0
train,AoF06176.jpg,AoF,6176,2,Only_Smoke,1,0
train,AoF06177.jpg,AoF,6177,2,Only_Smoke,1,0
train,AoF06178.jpg,AoF,6178,2,Only_Smoke,1,0
train,AoF06179.jpg,AoF,6179,0,Neither,0,0
train,AoF06181.jpg,AoF,6181,2,Only_Smoke,1,0
train,AoF06182.jpg,AoF,6182,2,Only_Smoke,1,0
train,AoF06183.jpg,AoF,6183,2,Only_Smoke,1,0
train,AoF06184.jpg,AoF,6184,2,Only_Smoke,1,0
train,AoF06185.jpg,AoF,6185,2,Only_Smoke,1,0
train,AoF06187.jpg,AoF,6187,2,Only_Smoke,2,0
train,AoF06188.jpg,AoF,6188,2,Only_Smoke,1,0
train,AoF06190.jpg,AoF,6190,2,Only_Smoke,1,0
train,AoF06191.jpg,AoF,6191,2,Only_Smoke,1,0
train,AoF06192.jpg,AoF,6192,2,Only_Smoke,1,0
train,AoF06194.jpg,AoF,6194,2,Only_Smoke,1,0
train,AoF06195.jpg,AoF,6195,2,Only_Smoke,1,0
train,AoF06196.jpg,AoF,6196,2,Only_Smoke,1,0
train,AoF06197.jpg,AoF,6197,2,Only_Smoke,1,0
train,AoF06198.jpg,AoF,6198,2,Only_Smoke,1,0
train,AoF06200.jpg,AoF,6200,2,Only_Smoke,1,0
train,AoF06201.jpg,AoF,6201,2,Only_Smoke,1,0
train,AoF06202.jpg,AoF,6202,2,Only_Smoke,1,0
train,AoF06203.jpg,AoF,6203,2,Only_Smoke,1,0
train,AoF06204.jpg,AoF,6204,2,Only_Smoke,1,0
train,AoF06205.jpg,AoF,6205,2,Only_Smoke,1,0
train,AoF06206.jpg,AoF,6206,2,Only_Smoke,1,0
train,AoF06207.jpg,AoF,6207,2,Only_Smoke,1,0
train,AoF06208.jpg,AoF,6208,2,Only_Smoke,1,0
train,AoF06209.jpg,AoF,6209,2,Only_Smoke,1,0
train,AoF06210.jpg,AoF,6210,2,Only_Smoke,1,0
train,AoF06211.jpg,AoF,6211,2,Only_Smoke,1,0
train,AoF06214.jpg,AoF,6214,2,Only_Smoke,1,0
train,AoF06215.jpg,AoF,6215,2,Only_Smoke,1,0
train,AoF06216.jpg,AoF,6216,2,Only_Smoke,1,0
train,AoF06217.jpg,AoF,6217,2,Only_Smoke,1,0
train,AoF06218.jpg,AoF,6218,2,Only_Smoke,1,0
train,AoF06219.jpg,AoF,6219,2,Only_Smoke,1,0
train,AoF06220.jpg,AoF,6220,2,Only_Smoke,1,0
train,AoF06221.jpg,AoF,6221,2,Only_Smoke,1,0
train,AoF06222.jpg,AoF,6222,2,Only_Smoke,1,0
train,AoF06224.jpg,AoF,6224,2,Only_Smoke,1,0
train,AoF06225.jpg,AoF,6225,2,Only_Smoke,1,0
train,AoF06226.jpg,AoF,6226,2,Only_Smoke,1,0
train,AoF06227.jpg,AoF,6227,2,Only_Smoke,1,0
train,AoF06228.jpg,AoF,6228,2,Only_Smoke,1,0
train,AoF06229.jpg,AoF,6229,2,Only_Smoke,1,0
train,AoF06230.jpg,AoF,6230,2,Only_Smoke,1,0
train,AoF06231.jpg,AoF,6231,2,Only_Smoke,1,0
train,AoF06232.jpg,AoF,6232,2,Only_Smoke,1,0
train,AoF06233.jpg,AoF,6233,0,Neither,0,0
train,AoF06234.jpg,AoF,6234,0,Neither,0,0
train,AoF06235.jpg,AoF,6235,0,Neither,0,0
train,AoF06237.jpg,AoF,6237,2,Only_Smoke,1,0
train,AoF06239.jpg,AoF,6239,2,Only_Smoke,1,0
train,AoF06240.jpg,AoF,6240,2,Only_Smoke,1,0
train,AoF06241.jpg,AoF,6241,2,Only_Smoke,1,0
train,AoF06242.jpg,AoF,6242,2,Only_Smoke,1,0
train,AoF06243.jpg,AoF,6243,2,Only_Smoke,1,0
train,AoF06244.jpg,AoF,6244,2,Only_Smoke,1,0
train,AoF06245.jpg,AoF,6245,2,Only_Smoke,1,0
train,AoF06246.jpg,AoF,6246,2,Only_Smoke,1,0
train,AoF06247.jpg,AoF,6247,2,Only_Smoke,1,0
train,AoF06248.jpg,AoF,6248,2,Only_Smoke,1,0
train,AoF06249.jpg,AoF,6249,2,Only_Smoke,1,0
train,AoF06251.jpg,AoF,6251,2,Only_Smoke,1,0
train,AoF06252.jpg,AoF,6252,2,Only_Smoke,1,0
train,AoF06253.jpg,AoF,6253,2,Only_Smoke,1,0
train,AoF06254.jpg,AoF,6254,2,Only_Smoke,1,0
train,AoF06255.jpg,AoF,6255,2,Only_Smoke,1,0
train,AoF06256.jpg,AoF,6256,2,Only_Smoke,1,0
train,AoF06257.jpg,AoF,6257,2,Only_Smoke,1,0
train,AoF06258.jpg,AoF,6258,2,Only_Smoke,1,0
train,AoF06259.jpg,AoF,6259,2,Only_Smoke,1,0
train,AoF06261.jpg,AoF,6261,2,Only_Smoke,1,0
train,AoF06262.jpg,AoF,6262,2,Only_Smoke,1,0
train,AoF06263.jpg,AoF,6263,2,Only_Smoke,1,0
train,AoF06264.jpg,AoF,6264,2,Only_Smoke,1,0
train,AoF06265.jpg,AoF,6265,2,Only_Smoke,1,0
train,AoF06266.jpg,AoF,6266,2,Only_Smoke,1,0
train,AoF06267.jpg,AoF,6267,2,Only_Smoke,1,0
train,AoF06269.jpg,AoF,6269,2,Only_Smoke,1,0
train,AoF06270.jpg,AoF,6270,2,Only_Smoke,1,0
train,AoF06271.jpg,AoF,6271,2,Only_Smoke,1,0
train,AoF06272.jpg,AoF,6272,2,Only_Smoke,1,0
train,AoF06274.jpg,AoF,6274,2,Only_Smoke,1,0
train,AoF06275.jpg,AoF,6275,2,Only_Smoke,1,0
train,AoF06276.jpg,AoF,6276,2,Only_Smoke,1,0
train,AoF06278.jpg,AoF,6278,2,Only_Smoke,1,0
train,AoF06280.jpg,AoF,6280,2,Only_Smoke,1,0
train,AoF06281.jpg,AoF,6281,2,Only_Smoke,1,0
train,AoF06282.jpg,AoF,6282,2,Only_Smoke,1,0
train,AoF06283.jpg,AoF,6283,2,Only_Smoke,1,0
train,AoF06284.jpg,AoF,6284,2,Only_Smoke,1,0
train,AoF06285.jpg,AoF,6285,2,Only_Smoke,1,0
train,AoF06286.jpg,AoF,6286,2,Only_Smoke,1,0
train,AoF06287.jpg,AoF,6287,2,Only_Smoke,1,0
train,AoF06288.jpg,AoF,6288,2,Only_Smoke,1,0
train,AoF06289.jpg,AoF,6289,2,Only_Smoke,1,0
train,AoF06291.jpg,AoF,6291,0,Neither,0,0
train,AoF06292.jpg,AoF,6292,0,Neither,0,0
train,AoF06293.jpg,AoF,6293,2,Only_Smoke,1,0
train,AoF06294.jpg,AoF,6294,2,Only_Smoke,1,0
train,AoF06295.jpg,AoF,6295,2,Only_Smoke,1,0
train,AoF06296.jpg,AoF,6296,2,Only_Smoke,1,0
train,AoF06297.jpg,AoF,6297,2,Only_Smoke,2,0
train,AoF06298.jpg,AoF,6298,2,Only_Smoke,2,0
train,AoF06299.jpg,AoF,6299,2,Only_Smoke,2,0
train,AoF06300.jpg,AoF,6300,2,Only_Smoke,1,0
train,AoF06301.jpg,AoF,6301,2,Only_Smoke,1,0
train,AoF06303.jpg,AoF,6303,2,Only_Smoke,1,0
train,AoF06304.jpg,AoF,6304,2,Only_Smoke,1,0
train,AoF06305.jpg,AoF,6305,2,Only_Smoke,3,0
train,AoF06306.jpg,AoF,6306,2,Only_Smoke,3,0
train,AoF06307.jpg,AoF,6307,2,Only_Smoke,4,0
train,AoF06308.jpg,AoF,6308,2,Only_Smoke,1,0
train,AoF06309.jpg,AoF,6309,2,Only_Smoke,2,0
train,AoF06310.jpg,AoF,6310,2,Only_Smoke,1,0
train,AoF06312.jpg,AoF,6312,2,Only_Smoke,1,0
train,AoF06313.jpg,AoF,6313,2,Only_Smoke,1,0
train,AoF06314.jpg,AoF,6314,0,Neither,0,0
train,AoF06315.jpg,AoF,6315,0,Neither,0,0
train,AoF06317.jpg,AoF,6317,2,Only_Smoke,1,0
train,AoF06322.jpg,AoF,6322,2,Only_Smoke,1,0
train,AoF06323.jpg,AoF,6323,2,Only_Smoke,1,0
train,AoF06325.jpg,AoF,6325,2,Only_Smoke,1,0
train,AoF06326.jpg,AoF,6326,2,Only_Smoke,1,0
train,AoF06327.jpg,AoF,6327,2,Only_Smoke,2,0
train,AoF06328.jpg,AoF,6328,2,Only_Smoke,3,0
train,AoF06329.jpg,AoF,6329,2,Only_Smoke,2,0
train,AoF06330.jpg,AoF,6330,2,Only_Smoke,1,0
train,AoF06331.jpg,AoF,6331,2,Only_Smoke,1,0
train,AoF06332.jpg,AoF,6332,2,Only_Smoke,1,0
train,AoF06333.jpg,AoF,6333,2,Only_Smoke,1,0
train,AoF06334.jpg,AoF,6334,2,Only_Smoke,1,0
train,AoF06335.jpg,AoF,6335,2,Only_Smoke,1,0
train,AoF06336.jpg,AoF,6336,2,Only_Smoke,1,0
train,AoF06337.jpg,AoF,6337,2,Only_Smoke,1,0
train,AoF06338.jpg,AoF,6338,2,Only_Smoke,1,0
train,AoF06339.jpg,AoF,6339,2,Only_Smoke,1,0
train,AoF06340.jpg,AoF,6340,2,Only_Smoke,1,0
train,AoF06341.jpg,AoF,6341,2,Only_Smoke,1,0
train,AoF06342.jpg,AoF,6342,2,Only_Smoke,2,0
train,AoF06343.jpg,AoF,6343,2,Only_Smoke,1,0
train,AoF06344.jpg,AoF,6344,2,Only_Smoke,1,0
train,AoF06345.jpg,AoF,6345,2,Only_Smoke,1,0
train,AoF06346.jpg,AoF,6346,2,Only_Smoke,1,0
train,AoF06347.jpg,AoF,6347,2,Only_Smoke,1,0
train,AoF06348.jpg,AoF,6348,2,Only_Smoke,2,0
train,AoF06349.jpg,AoF,6349,2,Only_Smoke,2,0
train,AoF06350.jpg,AoF,6350,2,Only_Smoke,2,0
train,AoF06351.jpg,AoF,6351,2,Only_Smoke,1,0
train,AoF06353.jpg,AoF,6353,2,Only_Smoke,1,0
train,AoF06356.jpg,AoF,6356,2,Only_Smoke,1,0
train,AoF06357.jpg,AoF,6357,2,Only_Smoke,1,0
train,AoF06358.jpg,AoF,6358,2,Only_Smoke,1,0
train,AoF06359.jpg,AoF,6359,2,Only_Smoke,1,0
train,AoF06360.jpg,AoF,6360,2,Only_Smoke,1,0
train,AoF06362.jpg,AoF,6362,2,Only_Smoke,1,0
train,AoF06365.jpg,AoF,6365,2,Only_Smoke,1,0
train,AoF06367.jpg,AoF,6367,2,Only_Smoke,1,0
train,AoF06368.jpg,AoF,6368,2,Only_Smoke,1,0
train,AoF06369.jpg,AoF,6369,2,Only_Smoke,1,0
train,AoF06370.jpg,AoF,6370,2,Only_Smoke,1,0
train,AoF06371.jpg,AoF,6371,2,Only_Smoke,1,0
train,AoF06372.jpg,AoF,6372,2,Only_Smoke,1,0
train,AoF06373.jpg,AoF,6373,2,Only_Smoke,1,0
train,AoF06374.jpg,AoF,6374,2,Only_Smoke,1,0
train,AoF06375.jpg,AoF,6375,2,Only_Smoke,1,0
train,AoF06377.jpg,AoF,6377,2,Only_Smoke,1,0
train,AoF06378.jpg,AoF,6378,2,Only_Smoke,1,0
train,AoF06379.jpg,AoF,6379,2,Only_Smoke,1,0
train,AoF06380.jpg,AoF,6380,2,Only_Smoke,1,0
train,AoF06381.jpg,AoF,6381,2,Only_Smoke,1,0
train,AoF06382.jpg,AoF,6382,2,Only_Smoke,1,0
train,AoF06383.jpg,AoF,6383,2,Only_Smoke,1,0
train,AoF06384.jpg,AoF,6384,2,Only_Smoke,1,0
train,AoF06385.jpg,AoF,6385,2,Only_Smoke,1,0
train,AoF06388.jpg,AoF,6388,2,Only_Smoke,1,0
train,AoF06389.jpg,AoF,6389,2,Only_Smoke,2,0
train,AoF06390.jpg,AoF,6390,2,Only_Smoke,1,0
train,AoF06391.jpg,AoF,6391,2,Only_Smoke,1,0
train,AoF06392.jpg,AoF,6392,2,Only_Smoke,1,0
train,AoF06393.jpg,AoF,6393,2,Only_Smoke,1,0
train,AoF06394.jpg,AoF,6394,2,Only_Smoke,1,0
train,AoF06395.jpg,AoF,6395,2,Only_Smoke,1,0
train,AoF06396.jpg,AoF,6396,2,Only_Smoke,1,0
train,AoF06397.jpg,AoF,6397,2,Only_Smoke,1,0
train,AoF06398.jpg,AoF,6398,2,Only_Smoke,1,0
train,AoF06399.jpg,AoF,6399,2,Only_Smoke,1,0
train,AoF06401.jpg,AoF,6401,2,Only_Smoke,1,0
train,AoF06402.jpg,AoF,6402,2,Only_Smoke,1,0
train,AoF06403.jpg,AoF,6403,2,Only_Smoke,1,0
train,AoF06404.jpg,AoF,6404,2,Only_Smoke,1,0
train,AoF06405.jpg,AoF,6405,2,Only_Smoke,1,0
train,AoF06406.jpg,AoF,6406,2,Only_Smoke,1,0
train,AoF06407.jpg,AoF,6407,2,Only_Smoke,1,0
train,AoF06408.jpg,AoF,6408,2,Only_Smoke,1,0
train,AoF06409.jpg,AoF,6409,2,Only_Smoke,1,0
train,AoF06411.jpg,AoF,6411,2,Only_Smoke,1,0
train,AoF06412.jpg,AoF,6412,2,Only_Smoke,1,0
train,AoF06413.jpg,AoF,6413,2,Only_Smoke,1,0
train,AoF06414.jpg,AoF,6414,2,Only_Smoke,1,0
train,AoF06415.jpg,AoF,6415,2,Only_Smoke,1,0
train,AoF06417.jpg,AoF,6417,2,Only_Smoke,1,0
train,AoF06418.jpg,AoF,6418,2,Only_Smoke,1,0
train,AoF06419.jpg,AoF,6419,2,Only_Smoke,1,0
train,AoF06420.jpg,AoF,6420,2,Only_Smoke,1,0
train,AoF06421.jpg,AoF,6421,2,Only_Smoke,1,0
train,AoF06422.jpg,AoF,6422,2,Only_Smoke,1,0
train,AoF06423.jpg,AoF,6423,2,Only_Smoke,2,0
train,AoF06424.jpg,AoF,6424,2,Only_Smoke,1,0
train,AoF06425.jpg,AoF,6425,2,Only_Smoke,1,0
train,AoF06426.jpg,AoF,6426,2,Only_Smoke,1,0
train,AoF06427.jpg,AoF,6427,2,Only_Smoke,1,0
train,AoF06428.jpg,AoF,6428,2,Only_Smoke,1,0
train,AoF06429.jpg,AoF,6429,2,Only_Smoke,1,0
train,AoF06430.jpg,AoF,6430,2,Only_Smoke,1,0
train,AoF06431.jpg,AoF,6431,2,Only_Smoke,1,0
train,AoF06432.jpg,AoF,6432,2,Only_Smoke,1,0
train,AoF06433.jpg,AoF,6433,2,Only_Smoke,1,0
train,AoF06434.jpg,AoF,6434,2,Only_Smoke,1,0
train,AoF06435.jpg,AoF,6435,2,Only_Smoke,1,0
train,AoF06439.jpg,AoF,6439,2,Only_Smoke,2,0
train,AoF06440.jpg,AoF,6440,2,Only_Smoke,1,0
train,AoF06441.jpg,AoF,6441,2,Only_Smoke,1,0
train,AoF06442.jpg,AoF,6442,2,Only_Smoke,1,0
train,AoF06443.jpg,AoF,6443,2,Only_Smoke,1,0
train,AoF06444.jpg,AoF,6444,2,Only_Smoke,1,0
train,AoF06445.jpg,AoF,6445,2,Only_Smoke,1,0
train,AoF06446.jpg,AoF,6446,2,Only_Smoke,1,0
train,AoF06448.jpg,AoF,6448,2,Only_Smoke,1,0
train,AoF06449.jpg,AoF,6449,2,Only_Smoke,1,0
train,AoF06450.jpg,AoF,6450,2,Only_Smoke,1,0
train,AoF06451.jpg,AoF,6451,2,Only_Smoke,2,0
train,AoF06452.jpg,AoF,6452,2,Only_Smoke,1,0
train,AoF06453.jpg,AoF,6453,2,Only_Smoke,2,0
train,AoF06454.jpg,AoF,6454,2,Only_Smoke,2,0
train,AoF06455.jpg,AoF,6455,2,Only_Smoke,1,0
train,AoF06456.jpg,AoF,6456,2,Only_Smoke,3,0
train,AoF06459.jpg,AoF,6459,2,Only_Smoke,1,0
train,AoF06460.jpg,AoF,6460,2,Only_Smoke,1,0
train,AoF06461.jpg,AoF,6461,2,Only_Smoke,1,0
train,AoF06463.jpg,AoF,6463,2,Only_Smoke,1,0
train,AoF06464.jpg,AoF,6464,2,Only_Smoke,1,0
train,AoF06467.jpg,AoF,6467,2,Only_Smoke,1,0
train,AoF06468.jpg,AoF,6468,2,Only_Smoke,1,0
train,AoF06469.jpg,AoF,6469,2,Only_Smoke,1,0
train,AoF06470.jpg,AoF,6470,2,Only_Smoke,1,0
train,AoF06471.jpg,AoF,6471,2,Only_Smoke,1,0
train,AoF06472.jpg,AoF,6472,2,Only_Smoke,1,0
train,AoF06473.jpg,AoF,6473,2,Only_Smoke,1,0
train,AoF06474.jpg,AoF,6474,2,Only_Smoke,1,0
train,AoF06475.jpg,AoF,6475,2,Only_Smoke,1,0
train,AoF06476.jpg,AoF,6476,2,Only_Smoke,1,0
train,AoF06478.jpg,AoF,6478,2,Only_Smoke,1,0
train,AoF06480.jpg,AoF,6480,2,Only_Smoke,1,0
train,AoF06482.jpg,AoF,6482,2,Only_Smoke,1,0
train,AoF06483.jpg,AoF,6483,2,Only_Smoke,1,0
train,AoF06484.jpg,AoF,6484,2,Only_Smoke,1,0
train,AoF06485.jpg,AoF,6485,2,Only_Smoke,1,0
train,AoF06486.jpg,AoF,6486,2,Only_Smoke,1,0
train,AoF06487.jpg,AoF,6487,2,Only_Smoke,1,0
train,AoF06488.jpg,AoF,6488,2,Only_Smoke,1,0
train,AoF06489.jpg,AoF,6489,2,Only_Smoke,1,0
train,AoF06490.jpg,AoF,6490,2,Only_Smoke,1,0
train,AoF06491.jpg,AoF,6491,2,Only_Smoke,1,0
train,AoF06492.jpg,AoF,6492,2,Only_Smoke,1,0
train,AoF06493.jpg,AoF,6493,2,Only_Smoke,1,0
train,AoF06495.jpg,AoF,6495,2,Only_Smoke,1,0
train,AoF06497.jpg,AoF,6497,2,Only_Smoke,1,0
train,AoF06498.jpg,AoF,6498,2,Only_Smoke,1,0
train,AoF06499.jpg,AoF,6499,2,Only_Smoke,1,0
train,AoF06500.jpg,AoF,6500,2,Only_Smoke,1,0
train,AoF06501.jpg,AoF,6501,2,Only_Smoke,1,0
train,AoF06502.jpg,AoF,6502,2,Only_Smoke,1,0
train,AoF06503.jpg,AoF,6503,2,Only_Smoke,1,0
train,AoF06504.jpg,AoF,6504,2,Only_Smoke,1,0
train,AoF06505.jpg,AoF,6505,2,Only_Smoke,1,0
train,AoF06506.jpg,AoF,6506,2,Only_Smoke,1,0
train,AoF06507.jpg,AoF,6507,2,Only_Smoke,1,0
train,AoF06509.jpg,AoF,6509,2,Only_Smoke,1,0
train,AoF06510.jpg,AoF,6510,2,Only_Smoke,1,0
train,AoF06511.jpg,AoF,6511,2,Only_Smoke,1,0
train,AoF06512.jpg,AoF,6512,2,Only_Smoke,1,0
train,AoF06513.jpg,AoF,6513,2,Only_Smoke,1,0
train,AoF06514.jpg,AoF,6514,2,Only_Smoke,1,0
train,AoF06515.jpg,AoF,6515,2,Only_Smoke,1,0
train,AoF06516.jpg,AoF,6516,2,Only_Smoke,1,0
train,AoF06517.jpg,AoF,6517,2,Only_Smoke,1,0
train,AoF06519.jpg,AoF,6519,2,Only_Smoke,1,0
train,AoF06521.jpg,AoF,6521,2,Only_Smoke,1,0
train,AoF06522.jpg,AoF,6522,2,Only_Smoke,1,0
train,AoF06523.jpg,AoF,6523,2,Only_Smoke,1,0
train,AoF06525.jpg,AoF,6525,2,Only_Smoke,1,0
train,AoF06526.jpg,AoF,6526,2,Only_Smoke,1,0
train,AoF06527.jpg,AoF,6527,2,Only_Smoke,1,0
train,AoF06528.jpg,AoF,6528,2,Only_Smoke,1,0
train,AoF06529.jpg,AoF,6529,2,Only_Smoke,1,0
train,AoF06530.jpg,AoF,6530,2,Only_Smoke,1,0
train,AoF06531.jpg,AoF,6531,2,Only_Smoke,1,0
train,AoF06532.jpg,AoF,6532,2,Only_Smoke,1,0
train,AoF06533.jpg,AoF,6533,2,Only_Smoke,1,0
train,AoF06534.jpg,AoF,6534,2,Only_Smoke,1,0
train,AoF06535.jpg,AoF,6535,2,Only_Smoke,1,0
train,AoF06536.jpg,AoF,6536,2,Only_Smoke,1,0
train,AoF06537.jpg,AoF,6537,2,Only_Smoke,1,0
train,AoF06538.jpg,AoF,6538,2,Only_Smoke,1,0
train,AoF06541.jpg,AoF,6541,2,Only_Smoke,1,0
train,AoF06542.jpg,AoF,6542,2,Only_Smoke,1,0
train,AoF06543.jpg,AoF,6543,2,Only_Smoke,1,0
train,AoF06544.jpg,AoF,6544,2,Only_Smoke,1,0
train,AoF06545.jpg,AoF,6545,2,Only_Smoke,1,0
train,AoF06546.jpg,AoF,6546,2,Only_Smoke,1,0
train,AoF06547.jpg,AoF,6547,2,Only_Smoke,1,0
train,AoF06548.jpg,AoF,6548,2,Only_Smoke,1,0
train,AoF06549.jpg,AoF,6549,2,Only_Smoke,1,0
train,AoF06550.jpg,AoF,6550,2,Only_Smoke,1,0
train,AoF06551.jpg,AoF,6551,2,Only_Smoke,1,0
train,AoF06552.jpg,AoF,6552,2,Only_Smoke,1,0
train,AoF06553.jpg,AoF,6553,2,Only_Smoke,1,0
train,AoF06555.jpg,AoF,6555,2,Only_Smoke,1,0
train,AoF06556.jpg,AoF,6556,2,Only_Smoke,1,0
train,AoF06558.jpg,AoF,6558,2,Only_Smoke,1,0
train,AoF06559.jpg,AoF,6559,2,Only_Smoke,1,0
train,AoF06560.jpg,AoF,6560,2,Only_Smoke,1,0
train,AoF06561.jpg,AoF,6561,2,Only_Smoke,1,0
train,AoF06562.jpg,AoF,6562,2,Only_Smoke,1,0
train,AoF06563.jpg,AoF,6563,2,Only_Smoke,1,0
train,AoF06564.jpg,AoF,6564,2,Only_Smoke,1,0
train,AoF06565.jpg,AoF,6565,2,Only_Smoke,1,0
train,AoF06566.jpg,AoF,6566,2,Only_Smoke,1,0
train,AoF06567.jpg,AoF,6567,2,Only_Smoke,1,0
train,AoF06568.jpg,AoF,6568,2,Only_Smoke,1,0
train,AoF06569.jpg,AoF,6569,2,Only_Smoke,1,0
train,AoF06570.jpg,AoF,6570,2,Only_Smoke,1,0
train,AoF06573.jpg,AoF,6573,2,Only_Smoke,1,0
train,AoF06574.jpg,AoF,6574,2,Only_Smoke,1,0
train,AoF06575.jpg,AoF,6575,2,Only_Smoke,1,0
train,AoF06577.jpg,AoF,6577,2,Only_Smoke,1,0
train,AoF06578.jpg,AoF,6578,2,Only_Smoke,1,0
train,AoF06579.jpg,AoF,6579,2,Only_Smoke,1,0
train,AoF06580.jpg,AoF,6580,2,Only_Smoke,1,0
train,AoF06581.jpg,AoF,6581,2,Only_Smoke,1,0
train,AoF06582.jpg,AoF,6582,2,Only_Smoke,1,0
train,AoF06583.jpg,AoF,6583,2,Only_Smoke,1,0
train,AoF06584.jpg,AoF,6584,2,Only_Smoke,1,0
train,AoF06586.jpg,AoF,6586,2,Only_Smoke,1,0
train,AoF06587.jpg,AoF,6587,2,Only_Smoke,1,0
train,AoF06589.jpg,AoF,6589,2,Only_Smoke,1,0
train,AoF06590.jpg,AoF,6590,2,Only_Smoke,1,0
train,AoF06591.jpg,AoF,6591,2,Only_Smoke,1,0
train,AoF06592.jpg,AoF,6592,2,Only_Smoke,1,0
train,AoF06593.jpg,AoF,6593,2,Only_Smoke,1,0
train,AoF06594.jpg,AoF,6594,2,Only_Smoke,1,0
train,AoF06595.jpg,AoF,6595,2,Only_Smoke,1,0
train,AoF06596.jpg,AoF,6596,2,Only_Smoke,1,0
train,AoF06600.jpg,AoF,6600,2,Only_Smoke,1,0
train,AoF06602.jpg,AoF,6602,2,Only_Smoke,1,0
train,AoF06603.jpg,AoF,6603,2,Only_Smoke,1,0
train,AoF06604.jpg,AoF,6604,2,Only_Smoke,1,0
train,AoF06605.jpg,AoF,6605,2,Only_Smoke,1,0
train,AoF06606.jpg,AoF,6606,2,Only_Smoke,1,0
train,AoF06608.jpg,AoF,6608,2,Only_Smoke,1,0
train,AoF06609.jpg,AoF,6609,2,Only_Smoke,1,0
train,AoF06610.jpg,AoF,6610,2,Only_Smoke,1,0
train,AoF06611.jpg,AoF,6611,2,Only_Smoke,1,0
train,AoF06613.jpg,AoF,6613,2,Only_Smoke,1,0
train,AoF06614.jpg,AoF,6614,2,Only_Smoke,1,0
train,AoF06615.jpg,AoF,6615,2,Only_Smoke,2,0
train,AoF06616.jpg,AoF,6616,2,Only_Smoke,2,0
train,AoF06617.jpg,AoF,6617,2,Only_Smoke,2,0
train,AoF06618.jpg,AoF,6618,2,Only_Smoke,1,0
train,AoF06619.jpg,AoF,6619,2,Only_Smoke,1,0
train,AoF06620.jpg,AoF,6620,2,Only_Smoke,1,0
train,AoF06621.jpg,AoF,6621,2,Only_Smoke,2,0
train,AoF06622.jpg,AoF,6622,2,Only_Smoke,2,0
train,AoF06623.jpg,AoF,6623,2,Only_Smoke,1,0
train,AoF06624.jpg,AoF,6624,2,Only_Smoke,1,0
train,AoF06627.jpg,AoF,6627,2,Only_Smoke,1,0
train,AoF06628.jpg,AoF,6628,2,Only_Smoke,1,0
train,AoF06629.jpg,AoF,6629,2,Only_Smoke,1,0
train,AoF06630.jpg,AoF,6630,2,Only_Smoke,1,0
train,AoF06631.jpg,AoF,6631,2,Only_Smoke,1,0
train,AoF06632.jpg,AoF,6632,2,Only_Smoke,1,0
train,AoF06633.jpg,AoF,6633,2,Only_Smoke,1,0
train,AoF06634.jpg,AoF,6634,2,Only_Smoke,1,0
train,AoF06635.jpg,AoF,6635,2,Only_Smoke,1,0
train,AoF06637.jpg,AoF,6637,2,Only_Smoke,2,0
train,AoF06638.jpg,AoF,6638,2,Only_Smoke,1,0
train,AoF06640.jpg,AoF,6640,2,Only_Smoke,1,0
train,AoF06641.jpg,AoF,6641,2,Only_Smoke,1,0
train,AoF06642.jpg,AoF,6642,2,Only_Smoke,1,0
train,AoF06643.jpg,AoF,6643,2,Only_Smoke,1,0
train,AoF06644.jpg,AoF,6644,2,Only_Smoke,1,0
train,AoF06645.jpg,AoF,6645,2,Only_Smoke,1,0
train,AoF06646.jpg,AoF,6646,2,Only_Smoke,1,0
train,AoF06647.jpg,AoF,6647,2,Only_Smoke,1,0
train,AoF06648.jpg,AoF,6648,2,Only_Smoke,1,0
train,AoF06649.jpg,AoF,6649,2,Only_Smoke,1,0
train,AoF06651.jpg,AoF,6651,2,Only_Smoke,1,0
train,AoF06652.jpg,AoF,6652,2,Only_Smoke,1,0
train,AoF06653.jpg,AoF,6653,2,Only_Smoke,1,0
train,AoF06654.jpg,AoF,6654,2,Only_Smoke,1,0
train,AoF06655.jpg,AoF,6655,2,Only_Smoke,1,0
train,AoF06656.jpg,AoF,6656,2,Only_Smoke,1,0
train,AoF06658.jpg,AoF,6658,2,Only_Smoke,1,0
train,AoF06659.jpg,AoF,6659,2,Only_Smoke,1,0
train,AoF06660.jpg,AoF,6660,2,Only_Smoke,1,0
train,AoF06661.jpg,AoF,6661,2,Only_Smoke,1,0
train,AoF06662.jpg,AoF,6662,2,Only_Smoke,1,0
train,AoF06663.jpg,AoF,6663,2,Only_Smoke,1,0
train,AoF06664.jpg,AoF,6664,2,Only_Smoke,1,0
train,AoF06665.jpg,AoF,6665,2,Only_Smoke,1,0
train,AoF06666.jpg,AoF,6666,2,Only_Smoke,1,0
train,AoF06667.jpg,AoF,6667,2,Only_Smoke,1,0
train,AoF06668.jpg,AoF,6668,2,Only_Smoke,1,0
train,AoF06669.jpg,AoF,6669,2,Only_Smoke,1,0
train,AoF06670.jpg,AoF,6670,2,Only_Smoke,1,0
train,AoF06671.jpg,AoF,6671,2,Only_Smoke,1,0
train,AoF06672.jpg,AoF,6672,2,Only_Smoke,1,0
train,AoF06673.jpg,AoF,6673,2,Only_Smoke,1,0
train,AoF06674.jpg,AoF,6674,2,Only_Smoke,1,0
train,AoF06675.jpg,AoF,6675,2,Only_Smoke,1,0
train,AoF06676.jpg,AoF,6676,2,Only_Smoke,1,0
train,AoF06678.jpg,AoF,6678,2,Only_Smoke,1,0
train,AoF06680.jpg,AoF,6680,2,Only_Smoke,1,0
train,AoF06681.jpg,AoF,6681,2,Only_Smoke,1,0
train,AoF06682.jpg,AoF,6682,2,Only_Smoke,1,0
train,AoF06683.jpg,AoF,6683,2,Only_Smoke,1,0
train,AoF06685.jpg,AoF,6685,2,Only_Smoke,1,0
train,AoF06687.jpg,AoF,6687,2,Only_Smoke,1,0
train,AoF06689.jpg,AoF,6689,2,Only_Smoke,1,0
train,AoF06690.jpg,AoF,6690,2,Only_Smoke,1,0
train,AoF06691.jpg,AoF,6691,2,Only_Smoke,1,0
train,AoF06692.jpg,AoF,6692,2,Only_Smoke,1,0
train,AoF06693.jpg,AoF,6693,2,Only_Smoke,1,0
train,AoF06694.jpg,AoF,6694,2,Only_Smoke,1,0
train,AoF06695.jpg,AoF,6695,2,Only_Smoke,1,0
train,AoF06697.jpg,AoF,6697,2,Only_Smoke,1,0
train,AoF06699.jpg,AoF,6699,2,Only_Smoke,1,0
train,AoF06700.jpg,AoF,6700,2,Only_Smoke,1,0
train,AoF06701.jpg,AoF,6701,2,Only_Smoke,1,0
train,AoF06703.jpg,AoF,6703,2,Only_Smoke,1,0
train,AoF06704.jpg,AoF,6704,2,Only_Smoke,1,0
train,AoF06705.jpg,AoF,6705,2,Only_Smoke,1,0
train,AoF06706.jpg,AoF,6706,2,Only_Smoke,1,0
train,AoF06707.jpg,AoF,6707,2,Only_Smoke,1,0
train,AoF06708.jpg,AoF,6708,2,Only_Smoke,1,0
train,AoF06709.jpg,AoF,6709,2,Only_Smoke,1,0
train,AoF06710.jpg,AoF,6710,2,Only_Smoke,1,0
train,AoF06711.jpg,AoF,6711,2,Only_Smoke,1,0
train,AoF06712.jpg,AoF,6712,2,Only_Smoke,1,0
train,AoF06713.jpg,AoF,6713,2,Only_Smoke,1,0
train,AoF06714.jpg,AoF,6714,2,Only_Smoke,1,0
train,AoF06715.jpg,AoF,6715,2,Only_Smoke,1,0
train,AoF06716.jpg,AoF,6716,2,Only_Smoke,1,0
train,AoF06717.jpg,AoF,6717,2,Only_Smoke,1,0
train,AoF06718.jpg,AoF,6718,2,Only_Smoke,1,0
train,AoF06719.jpg,AoF,6719,2,Only_Smoke,1,0
train,AoF06720.jpg,AoF,6720,2,Only_Smoke,1,0
train,AoF06721.jpg,AoF,6721,2,Only_Smoke,1,0
train,AoF06722.jpg,AoF,6722,2,Only_Smoke,1,0
train,PublicDataset00000.jpg,PublicDataset,0,3,Both,1,2
train,PublicDataset00001.jpg,PublicDataset,1,3,Both,1,2
train,PublicDataset00002.jpg,PublicDataset,2,3,Both,1,1
train,PublicDataset00003.jpg,PublicDataset,3,1,Only_Fire,0,1
train,PublicDataset00005.jpg,PublicDataset,5,1,Only_Fire,0,1
train,PublicDataset00007.jpg,PublicDataset,7,1,Only_Fire,0,1
train,PublicDataset00008.jpg,PublicDataset,8,1,Only_Fire,0,2
train,PublicDataset00010.jpg,PublicDataset,10,1,Only_Fire,0,1
train,PublicDataset00011.jpg,PublicDataset,11,1,Only_Fire,0,1
train,PublicDataset00012.jpg,PublicDataset,12,1,Only_Fire,0,1
train,PublicDataset00013.jpg,PublicDataset,13,1,Only_Fire,0,1
train,PublicDataset00016.jpg,PublicDataset,16,1,Only_Fire,0,1
train,PublicDataset00017.jpg,PublicDataset,17,1,Only_Fire,0,1
train,PublicDataset00018.jpg,PublicDataset,18,1,Only_Fire,0,1
train,PublicDataset00019.jpg,PublicDataset,19,3,Both,1,1
train,PublicDataset00021.jpg,PublicDataset,21,3,Both,1,1
train,PublicDataset00022.jpg,PublicDataset,22,1,Only_Fire,0,1
train,PublicDataset00023.jpg,PublicDataset,23,1,Only_Fire,0,1
train,PublicDataset00024.jpg,PublicDataset,24,1,Only_Fire,0,1
train,PublicDataset00026.jpg,PublicDataset,26,1,Only_Fire,0,1
train,PublicDataset00027.jpg,PublicDataset,27,1,Only_Fire,0,1
train,PublicDataset00028.jpg,PublicDataset,28,1,Only_Fire,0,2
train,PublicDataset00029.jpg,PublicDataset,29,1,Only_Fire,0,1
train,PublicDataset00030.jpg,PublicDataset,30,1,Only_Fire,0,1
train,PublicDataset00031.jpg,PublicDataset,31,1,Only_Fire,0,1
train,PublicDataset00032.jpg,PublicDataset,32,1,Only_Fire,0,1
train,PublicDataset00033.jpg,PublicDataset,33,1,Only_Fire,0,1
train,PublicDataset00035.jpg,PublicDataset,35,1,Only_Fire,0,1
train,PublicDataset00036.jpg,PublicDataset,36,1,Only_Fire,0,1
train,PublicDataset00037.jpg,PublicDataset,37,1,Only_Fire,0,1
train,PublicDataset00038.jpg,PublicDataset,38,1,Only_Fire,0,1
train,PublicDataset00039.jpg,PublicDataset,39,1,Only_Fire,0,1
train,PublicDataset00041.jpg,PublicDataset,41,1,Only_Fire,0,1
train,PublicDataset00042.jpg,PublicDataset,42,1,Only_Fire,0,1
train,PublicDataset00043.jpg,PublicDataset,43,1,Only_Fire,0,1
train,PublicDataset00044.jpg,PublicDataset,44,1,Only_Fire,0,1
train,PublicDataset00046.jpg,PublicDataset,46,1,Only_Fire,0,1
train,PublicDataset00047.jpg,PublicDataset,47,1,Only_Fire,0,1
train,PublicDataset00048.jpg,PublicDataset,48,1,Only_Fire,0,1
train,PublicDataset00049.jpg,PublicDataset,49,1,Only_Fire,0,1
train,PublicDataset00051.jpg,PublicDataset,51,1,Only_Fire,0,1
train,PublicDataset00052.jpg,PublicDataset,52,1,Only_Fire,0,2
train,PublicDataset00053.jpg,PublicDataset,53,1,Only_Fire,0,3
train,PublicDataset00054.jpg,PublicDataset,54,1,Only_Fire,0,2
train,PublicDataset00055.jpg,PublicDataset,55,1,Only_Fire,0,2
train,PublicDataset00056.jpg,PublicDataset,56,3,Both,1,4
train,PublicDataset00057.jpg,PublicDataset,57,3,Both,1,4
train,PublicDataset00058.jpg,PublicDataset,58,3,Both,1,5
train,PublicDataset00059.jpg,PublicDataset,59,3,Both,1,4
train,PublicDataset00060.jpg,PublicDataset,60,3,Both,3,3
train,PublicDataset00061.jpg,PublicDataset,61,1,Only_Fire,0,2
train,PublicDataset00063.jpg,PublicDataset,63,1,Only_Fire,0,3
train,PublicDataset00064.jpg,PublicDataset,64,3,Both,1,2
train,PublicDataset00065.jpg,PublicDataset,65,1,Only_Fire,0,1
train,PublicDataset00066.jpg,PublicDataset,66,1,Only_Fire,0,1
train,PublicDataset00067.jpg,PublicDataset,67,1,Only_Fire,0,1
train,PublicDataset00068.jpg,PublicDataset,68,3,Both,1,2
train,PublicDataset00069.jpg,PublicDataset,69,3,Both,1,2
train,PublicDataset00070.jpg,PublicDataset,70,2,Only_Smoke,1,0
train,PublicDataset00071.jpg,PublicDataset,71,2,Only_Smoke,1,0
train,PublicDataset00072.jpg,PublicDataset,72,2,Only_Smoke,1,0
train,PublicDataset00073.jpg,PublicDataset,73,2,Only_Smoke,1,0
train,PublicDataset00074.jpg,PublicDataset,74,2,Only_Smoke,1,0
train,PublicDataset00075.jpg,PublicDataset,75,2,Only_Smoke,1,0
train,PublicDataset00076.jpg,PublicDataset,76,2,Only_Smoke,1,0
train,PublicDataset00078.jpg,PublicDataset,78,3,Both,1,1
train,PublicDataset00079.jpg,PublicDataset,79,3,Both,1,1
train,PublicDataset00081.jpg,PublicDataset,81,3,Both,1,1
train,PublicDataset00082.jpg,PublicDataset,82,2,Only_Smoke,1,0
train,PublicDataset00084.jpg,PublicDataset,84,3,Both,1,1
train,PublicDataset00085.jpg,PublicDataset,85,2,Only_Smoke,2,0
train,PublicDataset00086.jpg,PublicDataset,86,3,Both,1,2
train,PublicDataset00088.jpg,PublicDataset,88,3,Both,1,2
train,PublicDataset00089.jpg,PublicDataset,89,1,Only_Fire,0,1
train,PublicDataset00090.jpg,PublicDataset,90,1,Only_Fire,0,1
train,PublicDataset00091.jpg,PublicDataset,91,1,Only_Fire,0,1
train,PublicDataset00093.jpg,PublicDataset,93,1,Only_Fire,0,1
train,PublicDataset00094.jpg,PublicDataset,94,3,Both,1,1
train,PublicDataset00096.jpg,PublicDataset,96,3,Both,1,1
train,PublicDataset00097.jpg,PublicDataset,97,2,Only_Smoke,1,0
train,PublicDataset00098.jpg,PublicDataset,98,3,Both,1,1
train,PublicDataset00099.jpg,PublicDataset,99,3,Both,1,1
train,PublicDataset00100.jpg,PublicDataset,100,3,Both,1,1
train,PublicDataset00101.jpg,PublicDataset,101,3,Both,1,1
train,PublicDataset00102.jpg,PublicDataset,102,3,Both,1,1
train,PublicDataset00103.jpg,PublicDataset,103,3,Both,1,1
train,PublicDataset00105.jpg,PublicDataset,105,3,Both,1,1
train,PublicDataset00106.jpg,PublicDataset,106,3,Both,1,1
train,PublicDataset00107.jpg,PublicDataset,107,3,Both,1,1
train,PublicDataset00108.jpg,PublicDataset,108,3,Both,1,1
train,PublicDataset00109.jpg,PublicDataset,109,3,Both,1,1
train,PublicDataset00110.jpg,PublicDataset,110,3,Both,1,2
train,PublicDataset00111.jpg,PublicDataset,111,3,Both,1,2
train,PublicDataset00112.jpg,PublicDataset,112,3,Both,1,2
train,PublicDataset00113.jpg,PublicDataset,113,3,Both,1,2
train,PublicDataset00115.jpg,PublicDataset,115,3,Both,1,2
train,PublicDataset00116.jpg,PublicDataset,116,3,Both,1,3
train,PublicDataset00118.jpg,PublicDataset,118,3,Both,1,2
train,PublicDataset00119.jpg,PublicDataset,119,3,Both,1,2
train,PublicDataset00121.jpg,PublicDataset,121,3,Both,1,1
train,PublicDataset00122.jpg,PublicDataset,122,3,Both,1,1
train,PublicDataset00124.jpg,PublicDataset,124,3,Both,1,1
train,PublicDataset00126.jpg,PublicDataset,126,3,Both,1,2
train,PublicDataset00127.jpg,PublicDataset,127,3,Both,1,2
train,PublicDataset00128.jpg,PublicDataset,128,1,Only_Fire,0,2
train,PublicDataset00130.jpg,PublicDataset,130,3,Both,1,2
train,PublicDataset00131.jpg,PublicDataset,131,1,Only_Fire,0,2
train,PublicDataset00132.jpg,PublicDataset,132,3,Both,1,2
train,PublicDataset00133.jpg,PublicDataset,133,1,Only_Fire,0,2
train,PublicDataset00134.jpg,PublicDataset,134,2,Only_Smoke,1,0
train,PublicDataset00138.jpg,PublicDataset,138,2,Only_Smoke,1,0
train,PublicDataset00140.jpg,PublicDataset,140,2,Only_Smoke,1,0
train,PublicDataset00141.jpg,PublicDataset,141,2,Only_Smoke,1,0
train,PublicDataset00142.jpg,PublicDataset,142,2,Only_Smoke,1,0
train,PublicDataset00143.jpg,PublicDataset,143,2,Only_Smoke,1,0
train,PublicDataset00144.jpg,PublicDataset,144,2,Only_Smoke,1,0
train,PublicDataset00145.jpg,PublicDataset,145,2,Only_Smoke,1,0
train,PublicDataset00146.jpg,PublicDataset,146,2,Only_Smoke,1,0
train,PublicDataset00148.jpg,PublicDataset,148,2,Only_Smoke,1,0
train,PublicDataset00149.jpg,PublicDataset,149,2,Only_Smoke,1,0
train,PublicDataset00150.jpg,PublicDataset,150,2,Only_Smoke,1,0
train,PublicDataset00151.jpg,PublicDataset,151,2,Only_Smoke,1,0
train,PublicDataset00152.jpg,PublicDataset,152,2,Only_Smoke,1,0
train,PublicDataset00153.jpg,PublicDataset,153,2,Only_Smoke,1,0
train,PublicDataset00154.jpg,PublicDataset,154,2,Only_Smoke,1,0
train,PublicDataset00155.jpg,PublicDataset,155,2,Only_Smoke,1,0
train,PublicDataset00156.jpg,PublicDataset,156,2,Only_Smoke,1,0
train,PublicDataset00157.jpg,PublicDataset,157,2,Only_Smoke,1,0
train,PublicDataset00158.jpg,PublicDataset,158,2,Only_Smoke,1,0
train,PublicDataset00159.jpg,PublicDataset,159,2,Only_Smoke,1,0
train,PublicDataset00160.jpg,PublicDataset,160,2,Only_Smoke,1,0
train,PublicDataset00162.jpg,PublicDataset,162,2,Only_Smoke,1,0
train,PublicDataset00163.jpg,PublicDataset,163,2,Only_Smoke,1,0
train,PublicDataset00165.jpg,PublicDataset,165,2,Only_Smoke,1,0
train,PublicDataset00167.jpg,PublicDataset,167,2,Only_Smoke,1,0
train,PublicDataset00168.jpg,PublicDataset,168,2,Only_Smoke,1,0
train,PublicDataset00170.jpg,PublicDataset,170,2,Only_Smoke,2,0
train,PublicDataset00171.jpg,PublicDataset,171,2,Only_Smoke,1,0
train,PublicDataset00172.jpg,PublicDataset,172,2,Only_Smoke,1,0
train,PublicDataset00173.jpg,PublicDataset,173,2,Only_Smoke,1,0
train,PublicDataset00175.jpg,PublicDataset,175,2,Only_Smoke,1,0
train,PublicDataset00177.jpg,PublicDataset,177,2,Only_Smoke,1,0
train,PublicDataset00178.jpg,PublicDataset,178,2,Only_Smoke,1,0
train,PublicDataset00179.jpg,PublicDataset,179,2,Only_Smoke,1,0
train,PublicDataset00180.jpg,PublicDataset,180,2,Only_Smoke,1,0
train,PublicDataset00181.jpg,PublicDataset,181,2,Only_Smoke,1,0
train,PublicDataset00183.jpg,PublicDataset,183,2,Only_Smoke,1,0
train,PublicDataset00184.jpg,PublicDataset,184,2,Only_Smoke,1,0
train,PublicDataset00185.jpg,PublicDataset,185,2,Only_Smoke,1,0
train,PublicDataset00186.jpg,PublicDataset,186,2,Only_Smoke,1,0
train,PublicDataset00187.jpg,PublicDataset,187,2,Only_Smoke,1,0
train,PublicDataset00188.jpg,PublicDataset,188,2,Only_Smoke,1,0
train,PublicDataset00189.jpg,PublicDataset,189,2,Only_Smoke,1,0
train,PublicDataset00191.jpg,PublicDataset,191,2,Only_Smoke,1,0
train,PublicDataset00193.jpg,PublicDataset,193,2,Only_Smoke,1,0
train,PublicDataset00194.jpg,PublicDataset,194,2,Only_Smoke,1,0
train,PublicDataset00195.jpg,PublicDataset,195,2,Only_Smoke,1,0
train,PublicDataset00196.jpg,PublicDataset,196,2,Only_Smoke,1,0
train,PublicDataset00197.jpg,PublicDataset,197,2,Only_Smoke,2,0
train,PublicDataset00199.jpg,PublicDataset,199,2,Only_Smoke,2,0
train,PublicDataset00200.jpg,PublicDataset,200,2,Only_Smoke,1,0
train,PublicDataset00201.jpg,PublicDataset,201,2,Only_Smoke,1,0
train,PublicDataset00202.jpg,PublicDataset,202,2,Only_Smoke,1,0
train,PublicDataset00203.jpg,PublicDataset,203,2,Only_Smoke,1,0
train,PublicDataset00204.jpg,PublicDataset,204,2,Only_Smoke,1,0
train,PublicDataset00206.jpg,PublicDataset,206,2,Only_Smoke,1,0
train,PublicDataset00207.jpg,PublicDataset,207,2,Only_Smoke,1,0
train,PublicDataset00208.jpg,PublicDataset,208,2,Only_Smoke,1,0
train,PublicDataset00210.jpg,PublicDataset,210,2,Only_Smoke,1,0
train,PublicDataset00213.jpg,PublicDataset,213,2,Only_Smoke,1,0
train,PublicDataset00214.jpg,PublicDataset,214,2,Only_Smoke,1,0
train,PublicDataset00215.jpg,PublicDataset,215,2,Only_Smoke,1,0
train,PublicDataset00216.jpg,PublicDataset,216,2,Only_Smoke,2,0
train,PublicDataset00218.jpg,PublicDataset,218,2,Only_Smoke,1,0
train,PublicDataset00219.jpg,PublicDataset,219,2,Only_Smoke,1,0
train,PublicDataset00220.jpg,PublicDataset,220,2,Only_Smoke,1,0
train,PublicDataset00221.jpg,PublicDataset,221,2,Only_Smoke,1,0
train,PublicDataset00223.jpg,PublicDataset,223,2,Only_Smoke,2,0
train,PublicDataset00224.jpg,PublicDataset,224,2,Only_Smoke,1,0
train,PublicDataset00227.jpg,PublicDataset,227,2,Only_Smoke,1,0
train,PublicDataset00228.jpg,PublicDataset,228,2,Only_Smoke,1,0
train,PublicDataset00229.jpg,PublicDataset,229,2,Only_Smoke,1,0
train,PublicDataset00231.jpg,PublicDataset,231,2,Only_Smoke,1,0
train,PublicDataset00234.jpg,PublicDataset,234,2,Only_Smoke,1,0
train,PublicDataset00235.jpg,PublicDataset,235,2,Only_Smoke,1,0
train,PublicDataset00237.jpg,PublicDataset,237,2,Only_Smoke,1,0
train,PublicDataset00238.jpg,PublicDataset,238,2,Only_Smoke,1,0
train,PublicDataset00239.jpg,PublicDataset,239,2,Only_Smoke,1,0
train,PublicDataset00241.jpg,PublicDataset,241,2,Only_Smoke,1,0
train,PublicDataset00242.jpg,PublicDataset,242,2,Only_Smoke,1,0
train,PublicDataset00243.jpg,PublicDataset,243,2,Only_Smoke,1,0
train,PublicDataset00244.jpg,PublicDataset,244,2,Only_Smoke,1,0
train,PublicDataset00245.jpg,PublicDataset,245,2,Only_Smoke,1,0
train,PublicDataset00246.jpg,PublicDataset,246,2,Only_Smoke,1,0
train,PublicDataset00249.jpg,PublicDataset,249,2,Only_Smoke,1,0
train,PublicDataset00250.jpg,PublicDataset,250,2,Only_Smoke,1,0
train,PublicDataset00252.jpg,PublicDataset,252,2,Only_Smoke,1,0
train,PublicDataset00253.jpg,PublicDataset,253,2,Only_Smoke,1,0
train,PublicDataset00255.jpg,PublicDataset,255,2,Only_Smoke,1,0
train,PublicDataset00256.jpg,PublicDataset,256,2,Only_Smoke,1,0
train,PublicDataset00257.jpg,PublicDataset,257,2,Only_Smoke,1,0
train,PublicDataset00259.jpg,PublicDataset,259,2,Only_Smoke,1,0
train,PublicDataset00260.jpg,PublicDataset,260,2,Only_Smoke,1,0
train,PublicDataset00261.jpg,PublicDataset,261,2,Only_Smoke,1,0
train,PublicDataset00262.jpg,PublicDataset,262,2,Only_Smoke,1,0
train,PublicDataset00263.jpg,PublicDataset,263,2,Only_Smoke,1,0
train,PublicDataset00264.jpg,PublicDataset,264,2,Only_Smoke,1,0
train,PublicDataset00265.jpg,PublicDataset,265,2,Only_Smoke,1,0
train,PublicDataset00266.jpg,PublicDataset,266,2,Only_Smoke,1,0
train,PublicDataset00267.jpg,PublicDataset,267,2,Only_Smoke,1,0
train,PublicDataset00268.jpg,PublicDataset,268,2,Only_Smoke,1,0
train,PublicDataset00269.jpg,PublicDataset,269,2,Only_Smoke,1,0
train,PublicDataset00270.jpg,PublicDataset,270,2,Only_Smoke,1,0
train,PublicDataset00271.jpg,PublicDataset,271,2,Only_Smoke,1,0
train,PublicDataset00272.jpg,PublicDataset,272,2,Only_Smoke,1,0
train,PublicDataset00273.jpg,PublicDataset,273,2,Only_Smoke,1,0
train,PublicDataset00274.jpg,PublicDataset,274,2,Only_Smoke,1,0
train,PublicDataset00275.jpg,PublicDataset,275,2,Only_Smoke,1,0
train,PublicDataset00276.jpg,PublicDataset,276,2,Only_Smoke,1,0
train,PublicDataset00277.jpg,PublicDataset,277,2,Only_Smoke,1,0
train,PublicDataset00278.jpg,PublicDataset,278,2,Only_Smoke,1,0
train,PublicDataset00279.jpg,PublicDataset,279,2,Only_Smoke,1,0
train,PublicDataset00280.jpg,PublicDataset,280,2,Only_Smoke,1,0
train,PublicDataset00281.jpg,PublicDataset,281,2,Only_Smoke,1,0
train,PublicDataset00282.jpg,PublicDataset,282,2,Only_Smoke,1,0
train,PublicDataset00283.jpg,PublicDataset,283,2,Only_Smoke,1,0
train,PublicDataset00284.jpg,PublicDataset,284,2,Only_Smoke,1,0
train,PublicDataset00285.jpg,PublicDataset,285,2,Only_Smoke,1,0
train,PublicDataset00286.jpg,PublicDataset,286,2,Only_Smoke,1,0
train,PublicDataset00288.jpg,PublicDataset,288,2,Only_Smoke,1,0
train,PublicDataset00289.jpg,PublicDataset,289,2,Only_Smoke,1,0
train,PublicDataset00291.jpg,PublicDataset,291,2,Only_Smoke,1,0
train,PublicDataset00292.jpg,PublicDataset,292,2,Only_Smoke,1,0
train,PublicDataset00293.jpg,PublicDataset,293,2,Only_Smoke,1,0
train,PublicDataset00294.jpg,PublicDataset,294,2,Only_Smoke,1,0
train,PublicDataset00295.jpg,PublicDataset,295,2,Only_Smoke,1,0
train,PublicDataset00296.jpg,PublicDataset,296,2,Only_Smoke,1,0
train,PublicDataset00299.jpg,PublicDataset,299,2,Only_Smoke,1,0
train,PublicDataset00300.jpg,PublicDataset,300,2,Only_Smoke,1,0
train,PublicDataset00301.jpg,PublicDataset,301,2,Only_Smoke,1,0
train,PublicDataset00302.jpg,PublicDataset,302,2,Only_Smoke,1,0
train,PublicDataset00303.jpg,PublicDataset,303,2,Only_Smoke,1,0
train,PublicDataset00304.jpg,PublicDataset,304,2,Only_Smoke,1,0
train,PublicDataset00307.jpg,PublicDataset,307,2,Only_Smoke,1,0
train,PublicDataset00308.jpg,PublicDataset,308,2,Only_Smoke,1,0
train,PublicDataset00309.jpg,PublicDataset,309,2,Only_Smoke,1,0
train,PublicDataset00310.jpg,PublicDataset,310,2,Only_Smoke,1,0
train,PublicDataset00311.jpg,PublicDataset,311,2,Only_Smoke,1,0
train,PublicDataset00312.jpg,PublicDataset,312,2,Only_Smoke,1,0
train,PublicDataset00314.jpg,PublicDataset,314,2,Only_Smoke,1,0
train,PublicDataset00315.jpg,PublicDataset,315,2,Only_Smoke,1,0
train,PublicDataset00317.jpg,PublicDataset,317,2,Only_Smoke,1,0
train,PublicDataset00318.jpg,PublicDataset,318,2,Only_Smoke,1,0
train,PublicDataset00319.jpg,PublicDataset,319,2,Only_Smoke,1,0
train,PublicDataset00320.jpg,PublicDataset,320,2,Only_Smoke,1,0
train,PublicDataset00321.jpg,PublicDataset,321,2,Only_Smoke,1,0
train,PublicDataset00322.jpg,PublicDataset,322,2,Only_Smoke,1,0
train,PublicDataset00323.jpg,PublicDataset,323,2,Only_Smoke,1,0
train,PublicDataset00325.jpg,PublicDataset,325,2,Only_Smoke,1,0
train,PublicDataset00326.jpg,PublicDataset,326,2,Only_Smoke,1,0
train,PublicDataset00327.jpg,PublicDataset,327,2,Only_Smoke,1,0
train,PublicDataset00329.jpg,PublicDataset,329,2,Only_Smoke,1,0
train,PublicDataset00330.jpg,PublicDataset,330,2,Only_Smoke,1,0
train,PublicDataset00331.jpg,PublicDataset,331,2,Only_Smoke,1,0
train,PublicDataset00332.jpg,PublicDataset,332,2,Only_Smoke,1,0
train,PublicDataset00333.jpg,PublicDataset,333,2,Only_Smoke,1,0
train,PublicDataset00334.jpg,PublicDataset,334,2,Only_Smoke,1,0
train,PublicDataset00335.jpg,PublicDataset,335,2,Only_Smoke,1,0
train,PublicDataset00336.jpg,PublicDataset,336,2,Only_Smoke,1,0
train,PublicDataset00338.jpg,PublicDataset,338,2,Only_Smoke,1,0
train,PublicDataset00339.jpg,PublicDataset,339,2,Only_Smoke,1,0
train,PublicDataset00341.jpg,PublicDataset,341,2,Only_Smoke,1,0
train,PublicDataset00342.jpg,PublicDataset,342,2,Only_Smoke,1,0
train,PublicDataset00343.jpg,PublicDataset,343,2,Only_Smoke,1,0
train,PublicDataset00344.jpg,PublicDataset,344,2,Only_Smoke,1,0
train,PublicDataset00345.jpg,PublicDataset,345,2,Only_Smoke,1,0
train,PublicDataset00347.jpg,PublicDataset,347,2,Only_Smoke,1,0
train,PublicDataset00348.jpg,PublicDataset,348,2,Only_Smoke,1,0
train,PublicDataset00349.jpg,PublicDataset,349,2,Only_Smoke,1,0
train,PublicDataset00350.jpg,PublicDataset,350,2,Only_Smoke,1,0
train,PublicDataset00351.jpg,PublicDataset,351,2,Only_Smoke,1,0
train,PublicDataset00353.jpg,PublicDataset,353,2,Only_Smoke,1,0
train,PublicDataset00354.jpg,PublicDataset,354,2,Only_Smoke,1,0
train,PublicDataset00356.jpg,PublicDataset,356,2,Only_Smoke,1,0
train,PublicDataset00357.jpg,PublicDataset,357,2,Only_Smoke,1,0
train,PublicDataset00358.jpg,PublicDataset,358,1,Only_Fire,0,1
train,PublicDataset00359.jpg,PublicDataset,359,2,Only_Smoke,1,0
train,PublicDataset00360.jpg,PublicDataset,360,2,Only_Smoke,1,0
train,PublicDataset00361.jpg,PublicDataset,361,2,Only_Smoke,1,0
train,PublicDataset00362.jpg,PublicDataset,362,2,Only_Smoke,1,0
train,PublicDataset00364.jpg,PublicDataset,364,2,Only_Smoke,1,0
train,PublicDataset00365.jpg,PublicDataset,365,2,Only_Smoke,1,0
train,PublicDataset00366.jpg,PublicDataset,366,2,Only_Smoke,1,0
train,PublicDataset00369.jpg,PublicDataset,369,2,Only_Smoke,1,0
train,PublicDataset00370.jpg,PublicDataset,370,2,Only_Smoke,1,0
train,PublicDataset00371.jpg,PublicDataset,371,2,Only_Smoke,1,0
train,PublicDataset00372.jpg,PublicDataset,372,2,Only_Smoke,1,0
train,PublicDataset00373.jpg,PublicDataset,373,2,Only_Smoke,1,0
train,PublicDataset00374.jpg,PublicDataset,374,2,Only_Smoke,1,0
train,PublicDataset00376.jpg,PublicDataset,376,2,Only_Smoke,1,0
train,PublicDataset00377.jpg,PublicDataset,377,3,Both,1,1
train,PublicDataset00379.jpg,PublicDataset,379,3,Both,1,1
train,PublicDataset00380.jpg,PublicDataset,380,3,Both,1,1
train,PublicDataset00381.jpg,PublicDataset,381,3,Both,1,1
train,PublicDataset00382.jpg,PublicDataset,382,3,Both,1,1
train,PublicDataset00383.jpg,PublicDataset,383,2,Only_Smoke,1,0
train,PublicDataset00384.jpg,PublicDataset,384,2,Only_Smoke,1,0
train,PublicDataset00385.jpg,PublicDataset,385,2,Only_Smoke,1,0
train,PublicDataset00386.jpg,PublicDataset,386,2,Only_Smoke,1,0
train,PublicDataset00387.jpg,PublicDataset,387,2,Only_Smoke,1,0
train,PublicDataset00388.jpg,PublicDataset,388,2,Only_Smoke,1,0
train,PublicDataset00389.jpg,PublicDataset,389,2,Only_Smoke,1,0
train,PublicDataset00390.jpg,PublicDataset,390,2,Only_Smoke,1,0
train,PublicDataset00391.jpg,PublicDataset,391,2,Only_Smoke,1,0
train,PublicDataset00392.jpg,PublicDataset,392,2,Only_Smoke,1,0
train,PublicDataset00393.jpg,PublicDataset,393,2,Only_Smoke,1,0
train,PublicDataset00394.jpg,PublicDataset,394,2,Only_Smoke,1,0
train,PublicDataset00395.jpg,PublicDataset,395,2,Only_Smoke,1,0
train,PublicDataset00396.jpg,PublicDataset,396,2,Only_Smoke,1,0
train,PublicDataset00397.jpg,PublicDataset,397,2,Only_Smoke,1,0
train,PublicDataset00398.jpg,PublicDataset,398,2,Only_Smoke,1,0
train,PublicDataset00399.jpg,PublicDataset,399,2,Only_Smoke,1,0
train,PublicDataset00400.jpg,PublicDataset,400,2,Only_Smoke,1,0
train,PublicDataset00401.jpg,PublicDataset,401,2,Only_Smoke,1,0
train,PublicDataset00402.jpg,PublicDataset,402,2,Only_Smoke,1,0
train,PublicDataset00403.jpg,PublicDataset,403,2,Only_Smoke,1,0
train,PublicDataset00404.jpg,PublicDataset,404,2,Only_Smoke,1,0
train,PublicDataset00405.jpg,PublicDataset,405,2,Only_Smoke,1,0
train,PublicDataset00407.jpg,PublicDataset,407,2,Only_Smoke,1,0
train,PublicDataset00408.jpg,PublicDataset,408,2,Only_Smoke,1,0
train,PublicDataset00409.jpg,PublicDataset,409,2,Only_Smoke,1,0
train,PublicDataset00410.jpg,PublicDataset,410,2,Only_Smoke,1,0
train,PublicDataset00411.jpg,PublicDataset,411,2,Only_Smoke,1,0
train,PublicDataset00412.jpg,PublicDataset,412,2,Only_Smoke,1,0
train,PublicDataset00413.jpg,PublicDataset,413,2,Only_Smoke,1,0
train,PublicDataset00414.jpg,PublicDataset,414,2,Only_Smoke,1,0
train,PublicDataset00415.jpg,PublicDataset,415,2,Only_Smoke,1,0
train,PublicDataset00416.jpg,PublicDataset,416,2,Only_Smoke,2,0
train,PublicDataset00418.jpg,PublicDataset,418,2,Only_Smoke,2,0
train,PublicDataset00419.jpg,PublicDataset,419,2,Only_Smoke,2,0
train,PublicDataset00421.jpg,PublicDataset,421,2,Only_Smoke,1,0
train,PublicDataset00423.jpg,PublicDataset,423,2,Only_Smoke,2,0
train,PublicDataset00426.jpg,PublicDataset,426,2,Only_Smoke,2,0
train,PublicDataset00427.jpg,PublicDataset,427,2,Only_Smoke,1,0
train,PublicDataset00428.jpg,PublicDataset,428,2,Only_Smoke,1,0
train,PublicDataset00430.jpg,PublicDataset,430,2,Only_Smoke,1,0
train,PublicDataset00431.jpg,PublicDataset,431,2,Only_Smoke,1,0
train,PublicDataset00433.jpg,PublicDataset,433,2,Only_Smoke,1,0
train,PublicDataset00434.jpg,PublicDataset,434,2,Only_Smoke,1,0
train,PublicDataset00435.jpg,PublicDataset,435,2,Only_Smoke,1,0
train,PublicDataset00436.jpg,PublicDataset,436,2,Only_Smoke,1,0
train,PublicDataset00437.jpg,PublicDataset,437,2,Only_Smoke,1,0
train,PublicDataset00438.jpg,PublicDataset,438,2,Only_Smoke,1,0
train,PublicDataset00439.jpg,PublicDataset,439,2,Only_Smoke,1,0
train,PublicDataset00442.jpg,PublicDataset,442,2,Only_Smoke,1,0
train,PublicDataset00443.jpg,PublicDataset,443,2,Only_Smoke,1,0
train,PublicDataset00444.jpg,PublicDataset,444,2,Only_Smoke,1,0
train,PublicDataset00445.jpg,PublicDataset,445,2,Only_Smoke,1,0
train,PublicDataset00446.jpg,PublicDataset,446,2,Only_Smoke,1,0
train,PublicDataset00447.jpg,PublicDataset,447,2,Only_Smoke,1,0
train,PublicDataset00448.jpg,PublicDataset,448,2,Only_Smoke,1,0
train,PublicDataset00449.jpg,PublicDataset,449,2,Only_Smoke,1,0
train,PublicDataset00451.jpg,PublicDataset,451,2,Only_Smoke,1,0
train,PublicDataset00452.jpg,PublicDataset,452,2,Only_Smoke,1,0
train,PublicDataset00454.jpg,PublicDataset,454,2,Only_Smoke,1,0
train,PublicDataset00455.jpg,PublicDataset,455,2,Only_Smoke,1,0
train,PublicDataset00456.jpg,PublicDataset,456,2,Only_Smoke,1,0
train,PublicDataset00457.jpg,PublicDataset,457,2,Only_Smoke,1,0
train,PublicDataset00458.jpg,PublicDataset,458,2,Only_Smoke,1,0
train,PublicDataset00459.jpg,PublicDataset,459,2,Only_Smoke,1,0
train,PublicDataset00460.jpg,PublicDataset,460,2,Only_Smoke,1,0
train,PublicDataset00461.jpg,PublicDataset,461,2,Only_Smoke,1,0
train,PublicDataset00462.jpg,PublicDataset,462,2,Only_Smoke,1,0
train,PublicDataset00463.jpg,PublicDataset,463,2,Only_Smoke,1,0
train,PublicDataset00464.jpg,PublicDataset,464,2,Only_Smoke,1,0
train,PublicDataset00465.jpg,PublicDataset,465,2,Only_Smoke,1,0
train,PublicDataset00466.jpg,PublicDataset,466,2,Only_Smoke,1,0
train,PublicDataset00467.jpg,PublicDataset,467,2,Only_Smoke,1,0
train,PublicDataset00468.jpg,PublicDataset,468,2,Only_Smoke,1,0
train,PublicDataset00469.jpg,PublicDataset,469,2,Only_Smoke,1,0
train,PublicDataset00471.jpg,PublicDataset,471,2,Only_Smoke,1,0
train,PublicDataset00472.jpg,PublicDataset,472,2,Only_Smoke,1,0
train,PublicDataset00473.jpg,PublicDataset,473,2,Only_Smoke,1,0
train,PublicDataset00475.jpg,PublicDataset,475,2,Only_Smoke,1,0
train,PublicDataset00476.jpg,PublicDataset,476,2,Only_Smoke,1,0
train,PublicDataset00477.jpg,PublicDataset,477,2,Only_Smoke,1,0
train,PublicDataset00478.jpg,PublicDataset,478,2,Only_Smoke,1,0
train,PublicDataset00479.jpg,PublicDataset,479,2,Only_Smoke,1,0
train,PublicDataset00480.jpg,PublicDataset,480,3,Both,1,1
train,PublicDataset00481.jpg,PublicDataset,481,2,Only_Smoke,1,0
train,PublicDataset00482.jpg,PublicDataset,482,2,Only_Smoke,1,0
train,PublicDataset00483.jpg,PublicDataset,483,2,Only_Smoke,1,0
train,PublicDataset00484.jpg,PublicDataset,484,2,Only_Smoke,1,0
train,PublicDataset00485.jpg,PublicDataset,485,2,Only_Smoke,1,0
train,PublicDataset00487.jpg,PublicDataset,487,2,Only_Smoke,1,0
train,PublicDataset00491.jpg,PublicDataset,491,2,Only_Smoke,1,0
train,PublicDataset00492.jpg,PublicDataset,492,2,Only_Smoke,1,0
train,PublicDataset00493.jpg,PublicDataset,493,2,Only_Smoke,1,0
train,PublicDataset00497.jpg,PublicDataset,497,2,Only_Smoke,1,0
train,PublicDataset00499.jpg,PublicDataset,499,2,Only_Smoke,1,0
train,PublicDataset00500.jpg,PublicDataset,500,2,Only_Smoke,1,0
train,PublicDataset00501.jpg,PublicDataset,501,2,Only_Smoke,1,0
train,PublicDataset00502.jpg,PublicDataset,502,2,Only_Smoke,1,0
train,PublicDataset00503.jpg,PublicDataset,503,2,Only_Smoke,1,0
train,PublicDataset00504.jpg,PublicDataset,504,2,Only_Smoke,1,0
train,PublicDataset00506.jpg,PublicDataset,506,2,Only_Smoke,1,0
train,PublicDataset00507.jpg,PublicDataset,507,2,Only_Smoke,1,0
train,PublicDataset00508.jpg,PublicDataset,508,2,Only_Smoke,1,0
train,PublicDataset00509.jpg,PublicDataset,509,2,Only_Smoke,1,0
train,PublicDataset00511.jpg,PublicDataset,511,2,Only_Smoke,1,0
train,PublicDataset00513.jpg,PublicDataset,513,2,Only_Smoke,1,0
train,PublicDataset00515.jpg,PublicDataset,515,2,Only_Smoke,1,0
train,PublicDataset00516.jpg,PublicDataset,516,2,Only_Smoke,1,0
train,PublicDataset00517.jpg,PublicDataset,517,3,Both,1,3
train,PublicDataset00519.jpg,PublicDataset,519,2,Only_Smoke,1,0
train,PublicDataset00520.jpg,PublicDataset,520,2,Only_Smoke,1,0
train,PublicDataset00521.jpg,PublicDataset,521,2,Only_Smoke,1,0
train,PublicDataset00522.jpg,PublicDataset,522,2,Only_Smoke,1,0
train,PublicDataset00523.jpg,PublicDataset,523,2,Only_Smoke,1,0
train,PublicDataset00524.jpg,PublicDataset,524,3,Both,1,1
train,PublicDataset00525.jpg,PublicDataset,525,3,Both,1,1
train,PublicDataset00526.jpg,PublicDataset,526,2,Only_Smoke,1,0
train,PublicDataset00527.jpg,PublicDataset,527,2,Only_Smoke,1,0
train,PublicDataset00529.jpg,PublicDataset,529,2,Only_Smoke,1,0
train,PublicDataset00531.jpg,PublicDataset,531,2,Only_Smoke,1,0
train,PublicDataset00533.jpg,PublicDataset,533,2,Only_Smoke,1,0
train,PublicDataset00534.jpg,PublicDataset,534,2,Only_Smoke,1,0
train,PublicDataset00535.jpg,PublicDataset,535,2,Only_Smoke,1,0
train,PublicDataset00537.jpg,PublicDataset,537,2,Only_Smoke,1,0
train,PublicDataset00539.jpg,PublicDataset,539,2,Only_Smoke,1,0
train,PublicDataset00541.jpg,PublicDataset,541,2,Only_Smoke,1,0
train,PublicDataset00542.jpg,PublicDataset,542,2,Only_Smoke,1,0
train,PublicDataset00543.jpg,PublicDataset,543,2,Only_Smoke,1,0
train,PublicDataset00544.jpg,PublicDataset,544,2,Only_Smoke,1,0
train,PublicDataset00546.jpg,PublicDataset,546,2,Only_Smoke,1,0
train,PublicDataset00548.jpg,PublicDataset,548,2,Only_Smoke,1,0
train,PublicDataset00550.jpg,PublicDataset,550,2,Only_Smoke,1,0
train,PublicDataset00551.jpg,PublicDataset,551,2,Only_Smoke,1,0
train,PublicDataset00552.jpg,PublicDataset,552,2,Only_Smoke,1,0
train,PublicDataset00554.jpg,PublicDataset,554,2,Only_Smoke,1,0
train,PublicDataset00555.jpg,PublicDataset,555,2,Only_Smoke,1,0
train,PublicDataset00556.jpg,PublicDataset,556,3,Both,1,2
train,PublicDataset00557.jpg,PublicDataset,557,2,Only_Smoke,1,0
train,PublicDataset00559.jpg,PublicDataset,559,2,Only_Smoke,1,0
train,PublicDataset00560.jpg,PublicDataset,560,2,Only_Smoke,1,0
train,PublicDataset00561.jpg,PublicDataset,561,3,Both,1,2
train,PublicDataset00562.jpg,PublicDataset,562,2,Only_Smoke,1,0
train,PublicDataset00563.jpg,PublicDataset,563,3,Both,1,1
train,PublicDataset00564.jpg,PublicDataset,564,2,Only_Smoke,1,0
train,PublicDataset00565.jpg,PublicDataset,565,2,Only_Smoke,1,0
train,PublicDataset00566.jpg,PublicDataset,566,2,Only_Smoke,1,0
train,PublicDataset00567.jpg,PublicDataset,567,2,Only_Smoke,1,0
train,PublicDataset00568.jpg,PublicDataset,568,2,Only_Smoke,1,0
train,PublicDataset00569.jpg,PublicDataset,569,2,Only_Smoke,1,0
train,PublicDataset00570.jpg,PublicDataset,570,2,Only_Smoke,1,0
train,PublicDataset00571.jpg,PublicDataset,571,2,Only_Smoke,1,0
train,PublicDataset00572.jpg,PublicDataset,572,2,Only_Smoke,1,0
train,PublicDataset00573.jpg,PublicDataset,573,2,Only_Smoke,1,0
train,PublicDataset00574.jpg,PublicDataset,574,2,Only_Smoke,1,0
train,PublicDataset00575.jpg,PublicDataset,575,2,Only_Smoke,1,0
train,PublicDataset00576.jpg,PublicDataset,576,2,Only_Smoke,1,0
train,PublicDataset00577.jpg,PublicDataset,577,2,Only_Smoke,1,0
train,PublicDataset00579.jpg,PublicDataset,579,2,Only_Smoke,1,0
train,PublicDataset00581.jpg,PublicDataset,581,2,Only_Smoke,1,0
train,PublicDataset00582.jpg,PublicDataset,582,2,Only_Smoke,1,0
train,PublicDataset00583.jpg,PublicDataset,583,2,Only_Smoke,1,0
train,PublicDataset00587.jpg,PublicDataset,587,2,Only_Smoke,1,0
train,PublicDataset00588.jpg,PublicDataset,588,2,Only_Smoke,2,0
train,PublicDataset00589.jpg,PublicDataset,589,2,Only_Smoke,2,0
train,PublicDataset00591.jpg,PublicDataset,591,2,Only_Smoke,1,0
train,PublicDataset00592.jpg,PublicDataset,592,2,Only_Smoke,1,0
train,PublicDataset00593.jpg,PublicDataset,593,2,Only_Smoke,1,0
train,PublicDataset00594.jpg,PublicDataset,594,2,Only_Smoke,1,0
train,PublicDataset00595.jpg,PublicDataset,595,2,Only_Smoke,1,0
train,PublicDataset00596.jpg,PublicDataset,596,2,Only_Smoke,1,0
train,PublicDataset00597.jpg,PublicDataset,597,2,Only_Smoke,1,0
train,PublicDataset00598.jpg,PublicDataset,598,2,Only_Smoke,1,0
train,PublicDataset00600.jpg,PublicDataset,600,2,Only_Smoke,1,0
train,PublicDataset00601.jpg,PublicDataset,601,2,Only_Smoke,1,0
train,PublicDataset00602.jpg,PublicDataset,602,2,Only_Smoke,1,0
train,PublicDataset00604.jpg,PublicDataset,604,2,Only_Smoke,1,0
train,PublicDataset00605.jpg,PublicDataset,605,2,Only_Smoke,1,0
train,PublicDataset00606.jpg,PublicDataset,606,2,Only_Smoke,1,0
train,PublicDataset00607.jpg,PublicDataset,607,2,Only_Smoke,1,0
train,PublicDataset00608.jpg,PublicDataset,608,2,Only_Smoke,1,0
train,PublicDataset00609.jpg,PublicDataset,609,2,Only_Smoke,1,0
train,PublicDataset00610.jpg,PublicDataset,610,2,Only_Smoke,1,0
train,PublicDataset00611.jpg,PublicDataset,611,2,Only_Smoke,1,0
train,PublicDataset00613.jpg,PublicDataset,613,2,Only_Smoke,1,0
train,PublicDataset00614.jpg,PublicDataset,614,2,Only_Smoke,1,0
train,PublicDataset00615.jpg,PublicDataset,615,2,Only_Smoke,1,0
train,PublicDataset00616.jpg,PublicDataset,616,2,Only_Smoke,1,0
train,PublicDataset00617.jpg,PublicDataset,617,2,Only_Smoke,1,0
train,PublicDataset00618.jpg,PublicDataset,618,2,Only_Smoke,1,0
train,PublicDataset00619.jpg,PublicDataset,619,2,Only_Smoke,1,0
train,PublicDataset00620.jpg,PublicDataset,620,2,Only_Smoke,1,0
train,PublicDataset00621.jpg,PublicDataset,621,2,Only_Smoke,1,0
train,PublicDataset00622.jpg,PublicDataset,622,2,Only_Smoke,1,0
train,PublicDataset00624.jpg,PublicDataset,624,2,Only_Smoke,1,0
train,PublicDataset00625.jpg,PublicDataset,625,2,Only_Smoke,1,0
train,PublicDataset00626.jpg,PublicDataset,626,2,Only_Smoke,1,0
train,PublicDataset00627.jpg,PublicDataset,627,2,Only_Smoke,1,0
train,PublicDataset00628.jpg,PublicDataset,628,2,Only_Smoke,1,0
train,PublicDataset00631.jpg,PublicDataset,631,2,Only_Smoke,1,0
train,PublicDataset00632.jpg,PublicDataset,632,2,Only_Smoke,1,0
train,PublicDataset00633.jpg,PublicDataset,633,2,Only_Smoke,1,0
train,PublicDataset00634.jpg,PublicDataset,634,2,Only_Smoke,1,0
train,PublicDataset00635.jpg,PublicDataset,635,2,Only_Smoke,1,0
train,PublicDataset00637.jpg,PublicDataset,637,2,Only_Smoke,1,0
train,PublicDataset00638.jpg,PublicDataset,638,3,Both,1,1
train,PublicDataset00639.jpg,PublicDataset,639,3,Both,1,1
train,PublicDataset00640.jpg,PublicDataset,640,3,Both,1,2
train,PublicDataset00641.jpg,PublicDataset,641,3,Both,1,1
train,PublicDataset00642.jpg,PublicDataset,642,2,Only_Smoke,1,0
train,PublicDataset00643.jpg,PublicDataset,643,3,Both,1,1
train,PublicDataset00644.jpg,PublicDataset,644,3,Both,1,1
train,PublicDataset00645.jpg,PublicDataset,645,3,Both,1,2
train,PublicDataset00647.jpg,PublicDataset,647,3,Both,1,1
train,PublicDataset00648.jpg,PublicDataset,648,2,Only_Smoke,1,0
train,PublicDataset00649.jpg,PublicDataset,649,3,Both,1,2
train,PublicDataset00650.jpg,PublicDataset,650,3,Both,1,1
train,PublicDataset00651.jpg,PublicDataset,651,3,Both,1,1
train,PublicDataset00652.jpg,PublicDataset,652,3,Both,1,1
train,PublicDataset00653.jpg,PublicDataset,653,2,Only_Smoke,1,0
train,PublicDataset00654.jpg,PublicDataset,654,3,Both,1,2
train,PublicDataset00655.jpg,PublicDataset,655,3,Both,1,2
train,PublicDataset00656.jpg,PublicDataset,656,3,Both,1,1
train,PublicDataset00657.jpg,PublicDataset,657,3,Both,1,1
train,PublicDataset00658.jpg,PublicDataset,658,3,Both,1,1
train,PublicDataset00659.jpg,PublicDataset,659,2,Only_Smoke,1,0
train,PublicDataset00660.jpg,PublicDataset,660,3,Both,1,1
train,PublicDataset00661.jpg,PublicDataset,661,3,Both,1,1
train,PublicDataset00663.jpg,PublicDataset,663,2,Only_Smoke,1,0
train,PublicDataset00665.jpg,PublicDataset,665,2,Only_Smoke,1,0
train,PublicDataset00666.jpg,PublicDataset,666,2,Only_Smoke,1,0
train,PublicDataset00667.jpg,PublicDataset,667,2,Only_Smoke,1,0
train,PublicDataset00668.jpg,PublicDataset,668,2,Only_Smoke,1,0
train,PublicDataset00670.jpg,PublicDataset,670,2,Only_Smoke,1,0
train,PublicDataset00671.jpg,PublicDataset,671,2,Only_Smoke,1,0
train,PublicDataset00672.jpg,PublicDataset,672,2,Only_Smoke,1,0
train,PublicDataset00673.jpg,PublicDataset,673,2,Only_Smoke,1,0
train,PublicDataset00676.jpg,PublicDataset,676,2,Only_Smoke,1,0
train,PublicDataset00677.jpg,PublicDataset,677,2,Only_Smoke,1,0
train,PublicDataset00678.jpg,PublicDataset,678,2,Only_Smoke,1,0
train,PublicDataset00679.jpg,PublicDataset,679,2,Only_Smoke,1,0
train,PublicDataset00680.jpg,PublicDataset,680,2,Only_Smoke,1,0
train,PublicDataset00682.jpg,PublicDataset,682,2,Only_Smoke,1,0
train,PublicDataset00684.jpg,PublicDataset,684,2,Only_Smoke,1,0
train,PublicDataset00685.jpg,PublicDataset,685,1,Only_Fire,0,1
train,PublicDataset00688.jpg,PublicDataset,688,2,Only_Smoke,1,0
train,PublicDataset00689.jpg,PublicDataset,689,2,Only_Smoke,1,0
train,PublicDataset00690.jpg,PublicDataset,690,2,Only_Smoke,1,0
train,PublicDataset00691.jpg,PublicDataset,691,2,Only_Smoke,1,0
train,PublicDataset00692.jpg,PublicDataset,692,2,Only_Smoke,1,0
train,PublicDataset00693.jpg,PublicDataset,693,2,Only_Smoke,1,0
train,PublicDataset00694.jpg,PublicDataset,694,2,Only_Smoke,1,0
train,PublicDataset00695.jpg,PublicDataset,695,2,Only_Smoke,1,0
train,PublicDataset00696.jpg,PublicDataset,696,2,Only_Smoke,1,0
train,PublicDataset00697.jpg,PublicDataset,697,2,Only_Smoke,1,0
train,PublicDataset00698.jpg,PublicDataset,698,2,Only_Smoke,1,0
train,PublicDataset00699.jpg,PublicDataset,699,2,Only_Smoke,1,0
train,PublicDataset00701.jpg,PublicDataset,701,2,Only_Smoke,1,0
train,PublicDataset00702.jpg,PublicDataset,702,2,Only_Smoke,1,0
train,PublicDataset00704.jpg,PublicDataset,704,2,Only_Smoke,1,0
train,PublicDataset00705.jpg,PublicDataset,705,2,Only_Smoke,1,0
train,PublicDataset00706.jpg,PublicDataset,706,2,Only_Smoke,1,0
train,PublicDataset00707.jpg,PublicDataset,707,2,Only_Smoke,1,0
train,PublicDataset00708.jpg,PublicDataset,708,2,Only_Smoke,1,0
train,PublicDataset00709.jpg,PublicDataset,709,2,Only_Smoke,1,0
train,PublicDataset00710.jpg,PublicDataset,710,2,Only_Smoke,1,0
train,PublicDataset00711.jpg,PublicDataset,711,2,Only_Smoke,1,0
train,PublicDataset00713.jpg,PublicDataset,713,2,Only_Smoke,1,0
train,PublicDataset00714.jpg,PublicDataset,714,2,Only_Smoke,1,0
train,PublicDataset00715.jpg,PublicDataset,715,2,Only_Smoke,1,0
train,PublicDataset00716.jpg,PublicDataset,716,2,Only_Smoke,1,0
train,PublicDataset00717.jpg,PublicDataset,717,2,Only_Smoke,1,0
train,PublicDataset00718.jpg,PublicDataset,718,2,Only_Smoke,1,0
train,PublicDataset00719.jpg,PublicDataset,719,2,Only_Smoke,1,0
train,PublicDataset00720.jpg,PublicDataset,720,2,Only_Smoke,1,0
train,PublicDataset00721.jpg,PublicDataset,721,2,Only_Smoke,1,0
train,PublicDataset00722.jpg,PublicDataset,722,2,Only_Smoke,1,0
train,PublicDataset00724.jpg,PublicDataset,724,2,Only_Smoke,1,0
train,PublicDataset00725.jpg,PublicDataset,725,2,Only_Smoke,1,0
train,PublicDataset00727.jpg,PublicDataset,727,2,Only_Smoke,1,0
train,PublicDataset00728.jpg,PublicDataset,728,2,Only_Smoke,1,0
train,PublicDataset00729.jpg,PublicDataset,729,2,Only_Smoke,1,0
train,PublicDataset00730.jpg,PublicDataset,730,2,Only_Smoke,1,0
train,PublicDataset00731.jpg,PublicDataset,731,2,Only_Smoke,1,0
train,PublicDataset00733.jpg,PublicDataset,733,2,Only_Smoke,1,0
train,PublicDataset00735.jpg,PublicDataset,735,2,Only_Smoke,1,0
train,PublicDataset00737.jpg,PublicDataset,737,2,Only_Smoke,1,0
train,PublicDataset00739.jpg,PublicDataset,739,2,Only_Smoke,1,0
train,PublicDataset00741.jpg,PublicDataset,741,2,Only_Smoke,1,0
train,PublicDataset00742.jpg,PublicDataset,742,2,Only_Smoke,1,0
train,PublicDataset00744.jpg,PublicDataset,744,2,Only_Smoke,1,0
train,PublicDataset00745.jpg,PublicDataset,745,2,Only_Smoke,2,0
train,PublicDataset00746.jpg,PublicDataset,746,2,Only_Smoke,1,0
train,PublicDataset00748.jpg,PublicDataset,748,2,Only_Smoke,1,0
train,PublicDataset00749.jpg,PublicDataset,749,2,Only_Smoke,1,0
train,PublicDataset00750.jpg,PublicDataset,750,2,Only_Smoke,1,0
train,PublicDataset00753.jpg,PublicDataset,753,2,Only_Smoke,1,0
train,PublicDataset00755.jpg,PublicDataset,755,2,Only_Smoke,1,0
train,PublicDataset00756.jpg,PublicDataset,756,2,Only_Smoke,1,0
train,PublicDataset00757.jpg,PublicDataset,757,2,Only_Smoke,1,0
train,PublicDataset00758.jpg,PublicDataset,758,2,Only_Smoke,1,0
train,PublicDataset00759.jpg,PublicDataset,759,2,Only_Smoke,2,0
train,PublicDataset00761.jpg,PublicDataset,761,2,Only_Smoke,1,0
train,PublicDataset00762.jpg,PublicDataset,762,2,Only_Smoke,1,0
train,PublicDataset00765.jpg,PublicDataset,765,2,Only_Smoke,1,0
train,PublicDataset00766.jpg,PublicDataset,766,2,Only_Smoke,1,0
train,PublicDataset00767.jpg,PublicDataset,767,2,Only_Smoke,1,0
train,PublicDataset00768.jpg,PublicDataset,768,2,Only_Smoke,1,0
train,PublicDataset00769.jpg,PublicDataset,769,2,Only_Smoke,1,0
train,PublicDataset00770.jpg,PublicDataset,770,2,Only_Smoke,1,0
train,PublicDataset00771.jpg,PublicDataset,771,2,Only_Smoke,1,0
train,PublicDataset00772.jpg,PublicDataset,772,2,Only_Smoke,1,0
train,PublicDataset00773.jpg,PublicDataset,773,2,Only_Smoke,1,0
train,PublicDataset00774.jpg,PublicDataset,774,2,Only_Smoke,1,0
train,PublicDataset00775.jpg,PublicDataset,775,2,Only_Smoke,1,0
train,PublicDataset00776.jpg,PublicDataset,776,2,Only_Smoke,1,0
train,PublicDataset00777.jpg,PublicDataset,777,2,Only_Smoke,1,0
train,PublicDataset00778.jpg,PublicDataset,778,2,Only_Smoke,1,0
train,PublicDataset00781.jpg,PublicDataset,781,2,Only_Smoke,1,0
train,PublicDataset00782.jpg,PublicDataset,782,2,Only_Smoke,1,0
train,PublicDataset00783.jpg,PublicDataset,783,2,Only_Smoke,1,0
train,PublicDataset00784.jpg,PublicDataset,784,2,Only_Smoke,1,0
train,PublicDataset00785.jpg,PublicDataset,785,2,Only_Smoke,1,0
train,PublicDataset00787.jpg,PublicDataset,787,2,Only_Smoke,1,0
train,PublicDataset00788.jpg,PublicDataset,788,2,Only_Smoke,1,0
train,PublicDataset00789.jpg,PublicDataset,789,2,Only_Smoke,1,0
train,PublicDataset00790.jpg,PublicDataset,790,2,Only_Smoke,1,0
train,PublicDataset00791.jpg,PublicDataset,791,2,Only_Smoke,1,0
train,PublicDataset00792.jpg,PublicDataset,792,2,Only_Smoke,1,0
train,PublicDataset00793.jpg,PublicDataset,793,2,Only_Smoke,1,0
train,PublicDataset00794.jpg,PublicDataset,794,2,Only_Smoke,1,0
train,PublicDataset00795.jpg,PublicDataset,795,2,Only_Smoke,1,0
train,PublicDataset00796.jpg,PublicDataset,796,2,Only_Smoke,1,0
train,PublicDataset00797.jpg,PublicDataset,797,2,Only_Smoke,1,0
train,PublicDataset00798.jpg,PublicDataset,798,2,Only_Smoke,1,0
train,PublicDataset00799.jpg,PublicDataset,799,2,Only_Smoke,1,0
train,PublicDataset00800.jpg,PublicDataset,800,2,Only_Smoke,1,0
train,PublicDataset00801.jpg,PublicDataset,801,2,Only_Smoke,1,0
train,PublicDataset00802.jpg,PublicDataset,802,2,Only_Smoke,1,0
train,PublicDataset00803.jpg,PublicDataset,803,2,Only_Smoke,1,0
train,PublicDataset00804.jpg,PublicDataset,804,2,Only_Smoke,1,0
train,PublicDataset00805.jpg,PublicDataset,805,2,Only_Smoke,1,0
train,PublicDataset00806.jpg,PublicDataset,806,2,Only_Smoke,1,0
train,PublicDataset00808.jpg,PublicDataset,808,2,Only_Smoke,1,0
train,PublicDataset00809.jpg,PublicDataset,809,2,Only_Smoke,1,0
train,PublicDataset00811.jpg,PublicDataset,811,2,Only_Smoke,1,0
train,PublicDataset00812.jpg,PublicDataset,812,2,Only_Smoke,1,0
train,PublicDataset00816.jpg,PublicDataset,816,2,Only_Smoke,1,0
train,PublicDataset00817.jpg,PublicDataset,817,2,Only_Smoke,1,0
train,PublicDataset00819.jpg,PublicDataset,819,2,Only_Smoke,1,0
train,PublicDataset00820.jpg,PublicDataset,820,2,Only_Smoke,1,0
train,PublicDataset00821.jpg,PublicDataset,821,2,Only_Smoke,1,0
train,PublicDataset00822.jpg,PublicDataset,822,2,Only_Smoke,1,0
train,PublicDataset00824.jpg,PublicDataset,824,2,Only_Smoke,1,0
train,PublicDataset00825.jpg,PublicDataset,825,2,Only_Smoke,1,0
train,PublicDataset00826.jpg,PublicDataset,826,2,Only_Smoke,1,0
train,PublicDataset00827.jpg,PublicDataset,827,2,Only_Smoke,1,0
train,PublicDataset00828.jpg,PublicDataset,828,2,Only_Smoke,1,0
train,PublicDataset00829.jpg,PublicDataset,829,3,Both,2,7
train,PublicDataset00830.jpg,PublicDataset,830,2,Only_Smoke,1,0
train,PublicDataset00831.jpg,PublicDataset,831,2,Only_Smoke,1,0
train,PublicDataset00832.jpg,PublicDataset,832,2,Only_Smoke,1,0
train,PublicDataset00834.jpg,PublicDataset,834,2,Only_Smoke,1,0
train,PublicDataset00835.jpg,PublicDataset,835,2,Only_Smoke,1,0
train,PublicDataset00837.jpg,PublicDataset,837,2,Only_Smoke,1,0
train,PublicDataset00838.jpg,PublicDataset,838,2,Only_Smoke,1,0
train,PublicDataset00839.jpg,PublicDataset,839,2,Only_Smoke,1,0
train,PublicDataset00840.jpg,PublicDataset,840,2,Only_Smoke,1,0
train,PublicDataset00841.jpg,PublicDataset,841,2,Only_Smoke,2,0
train,PublicDataset00842.jpg,PublicDataset,842,2,Only_Smoke,1,0
train,PublicDataset00843.jpg,PublicDataset,843,2,Only_Smoke,1,0
train,PublicDataset00844.jpg,PublicDataset,844,2,Only_Smoke,1,0
train,PublicDataset00845.jpg,PublicDataset,845,2,Only_Smoke,1,0
train,PublicDataset00846.jpg,PublicDataset,846,2,Only_Smoke,1,0
train,PublicDataset00847.jpg,PublicDataset,847,2,Only_Smoke,1,0
train,PublicDataset00848.jpg,PublicDataset,848,2,Only_Smoke,1,0
train,PublicDataset00851.jpg,PublicDataset,851,2,Only_Smoke,1,0
train,PublicDataset00852.jpg,PublicDataset,852,2,Only_Smoke,1,0
train,PublicDataset00853.jpg,PublicDataset,853,2,Only_Smoke,1,0
train,PublicDataset00857.jpg,PublicDataset,857,2,Only_Smoke,1,0
train,PublicDataset00859.jpg,PublicDataset,859,2,Only_Smoke,1,0
train,PublicDataset00860.jpg,PublicDataset,860,2,Only_Smoke,1,0
train,PublicDataset00861.jpg,PublicDataset,861,0,Neither,0,0
train,PublicDataset00862.jpg,PublicDataset,862,0,Neither,0,0
train,PublicDataset00864.jpg,PublicDataset,864,0,Neither,0,0
train,PublicDataset00865.jpg,PublicDataset,865,0,Neither,0,0
train,PublicDataset00866.jpg,PublicDataset,866,0,Neither,0,0
train,PublicDataset00867.jpg,PublicDataset,867,0,Neither,0,0
train,PublicDataset00868.jpg,PublicDataset,868,0,Neither,0,0
train,PublicDataset00869.jpg,PublicDataset,869,0,Neither,0,0
train,PublicDataset00870.jpg,PublicDataset,870,0,Neither,0,0
train,PublicDataset00872.jpg,PublicDataset,872,0,Neither,0,0
train,PublicDataset00873.jpg,PublicDataset,873,0,Neither,0,0
train,PublicDataset00874.jpg,PublicDataset,874,0,Neither,0,0
train,PublicDataset00876.jpg,PublicDataset,876,0,Neither,0,0
train,PublicDataset00877.jpg,PublicDataset,877,0,Neither,0,0
train,PublicDataset00878.jpg,PublicDataset,878,0,Neither,0,0
train,PublicDataset00879.jpg,PublicDataset,879,0,Neither,0,0
train,PublicDataset00880.jpg,PublicDataset,880,0,Neither,0,0
train,PublicDataset00881.jpg,PublicDataset,881,0,Neither,0,0
train,PublicDataset00882.jpg,PublicDataset,882,0,Neither,0,0
train,PublicDataset00883.jpg,PublicDataset,883,0,Neither,0,0
train,PublicDataset00884.jpg,PublicDataset,884,0,Neither,0,0
train,PublicDataset00885.jpg,PublicDataset,885,0,Neither,0,0
train,PublicDataset00886.jpg,PublicDataset,886,0,Neither,0,0
train,PublicDataset00888.jpg,PublicDataset,888,0,Neither,0,0
train,PublicDataset00889.jpg,PublicDataset,889,0,Neither,0,0
train,PublicDataset00890.jpg,PublicDataset,890,0,Neither,0,0
train,PublicDataset00891.jpg,PublicDataset,891,0,Neither,0,0
train,PublicDataset00892.jpg,PublicDataset,892,0,Neither,0,0
train,PublicDataset00893.jpg,PublicDataset,893,0,Neither,0,0
train,PublicDataset00894.jpg,PublicDataset,894,0,Neither,0,0
train,PublicDataset00896.jpg,PublicDataset,896,0,Neither,0,0
train,PublicDataset00897.jpg,PublicDataset,897,0,Neither,0,0
train,PublicDataset00898.jpg,PublicDataset,898,0,Neither,0,0
train,PublicDataset00899.jpg,PublicDataset,899,0,Neither,0,0
train,PublicDataset00900.jpg,PublicDataset,900,0,Neither,0,0
train,PublicDataset00902.jpg,PublicDataset,902,0,Neither,0,0
train,PublicDataset00904.jpg,PublicDataset,904,0,Neither,0,0
train,PublicDataset00905.jpg,PublicDataset,905,0,Neither,0,0
train,PublicDataset00906.jpg,PublicDataset,906,0,Neither,0,0
train,PublicDataset00907.jpg,PublicDataset,907,0,Neither,0,0
train,PublicDataset00908.jpg,PublicDataset,908,0,Neither,0,0
train,PublicDataset00909.jpg,PublicDataset,909,0,Neither,0,0
train,PublicDataset00911.jpg,PublicDataset,911,0,Neither,0,0
train,PublicDataset00913.jpg,PublicDataset,913,0,Neither,0,0
train,PublicDataset00914.jpg,PublicDataset,914,0,Neither,0,0
train,PublicDataset00918.jpg,PublicDataset,918,0,Neither,0,0
train,PublicDataset00919.jpg,PublicDataset,919,0,Neither,0,0
train,PublicDataset00920.jpg,PublicDataset,920,0,Neither,0,0
train,PublicDataset00921.jpg,PublicDataset,921,0,Neither,0,0
train,PublicDataset00922.jpg,PublicDataset,922,0,Neither,0,0
train,PublicDataset00924.jpg,PublicDataset,924,0,Neither,0,0
train,PublicDataset00925.jpg,PublicDataset,925,0,Neither,0,0
train,PublicDataset00926.jpg,PublicDataset,926,0,Neither,0,0
train,PublicDataset00927.jpg,PublicDataset,927,0,Neither,0,0
train,PublicDataset00928.jpg,PublicDataset,928,0,Neither,0,0
train,PublicDataset00929.jpg,PublicDataset,929,0,Neither,0,0
train,PublicDataset00930.jpg,PublicDataset,930,0,Neither,0,0
train,PublicDataset00931.jpg,PublicDataset,931,0,Neither,0,0
train,PublicDataset00932.jpg,PublicDataset,932,0,Neither,0,0
train,PublicDataset00934.jpg,PublicDataset,934,0,Neither,0,0
train,PublicDataset00935.jpg,PublicDataset,935,0,Neither,0,0
train,PublicDataset00936.jpg,PublicDataset,936,0,Neither,0,0
train,PublicDataset00937.jpg,PublicDataset,937,0,Neither,0,0
train,PublicDataset00938.jpg,PublicDataset,938,0,Neither,0,0
train,PublicDataset00940.jpg,PublicDataset,940,0,Neither,0,0
train,PublicDataset00941.jpg,PublicDataset,941,0,Neither,0,0
train,PublicDataset00942.jpg,PublicDataset,942,0,Neither,0,0
train,PublicDataset00943.jpg,PublicDataset,943,0,Neither,0,0
train,PublicDataset00944.jpg,PublicDataset,944,0,Neither,0,0
train,PublicDataset00946.jpg,PublicDataset,946,0,Neither,0,0
train,PublicDataset00947.jpg,PublicDataset,947,0,Neither,0,0
train,PublicDataset00948.jpg,PublicDataset,948,0,Neither,0,0
train,PublicDataset00949.jpg,PublicDataset,949,0,Neither,0,0
train,PublicDataset00950.jpg,PublicDataset,950,0,Neither,0,0
train,PublicDataset00951.jpg,PublicDataset,951,0,Neither,0,0
train,PublicDataset00952.jpg,PublicDataset,952,0,Neither,0,0
train,PublicDataset00953.jpg,PublicDataset,953,0,Neither,0,0
train,PublicDataset00954.jpg,PublicDataset,954,0,Neither,0,0
train,PublicDataset00955.jpg,PublicDataset,955,0,Neither,0,0
train,PublicDataset00957.jpg,PublicDataset,957,0,Neither,0,0
train,PublicDataset00958.jpg,PublicDataset,958,0,Neither,0,0
train,PublicDataset00959.jpg,PublicDataset,959,0,Neither,0,0
train,PublicDataset00960.jpg,PublicDataset,960,0,Neither,0,0
train,PublicDataset00961.jpg,PublicDataset,961,0,Neither,0,0
train,PublicDataset00962.jpg,PublicDataset,962,0,Neither,0,0
train,PublicDataset00964.jpg,PublicDataset,964,0,Neither,0,0
train,PublicDataset00965.jpg,PublicDataset,965,0,Neither,0,0
train,PublicDataset00966.jpg,PublicDataset,966,0,Neither,0,0
train,PublicDataset00967.jpg,PublicDataset,967,0,Neither,0,0
train,PublicDataset00968.jpg,PublicDataset,968,0,Neither,0,0
train,PublicDataset00970.jpg,PublicDataset,970,0,Neither,0,0
train,PublicDataset00971.jpg,PublicDataset,971,0,Neither,0,0
train,PublicDataset00972.jpg,PublicDataset,972,0,Neither,0,0
train,PublicDataset00973.jpg,PublicDataset,973,0,Neither,0,0
train,PublicDataset00974.jpg,PublicDataset,974,0,Neither,0,0
train,PublicDataset00975.jpg,PublicDataset,975,0,Neither,0,0
train,PublicDataset00977.jpg,PublicDataset,977,0,Neither,0,0
train,PublicDataset00978.jpg,PublicDataset,978,0,Neither,0,0
train,PublicDataset00979.jpg,PublicDataset,979,0,Neither,0,0
train,PublicDataset00980.jpg,PublicDataset,980,0,Neither,0,0
train,PublicDataset00981.jpg,PublicDataset,981,0,Neither,0,0
train,PublicDataset00983.jpg,PublicDataset,983,0,Neither,0,0
train,PublicDataset00984.jpg,PublicDataset,984,0,Neither,0,0
train,PublicDataset00985.jpg,PublicDataset,985,0,Neither,0,0
train,PublicDataset00986.jpg,PublicDataset,986,0,Neither,0,0
train,PublicDataset00987.jpg,PublicDataset,987,0,Neither,0,0
train,PublicDataset00988.jpg,PublicDataset,988,0,Neither,0,0
train,PublicDataset00989.jpg,PublicDataset,989,0,Neither,0,0
train,PublicDataset00990.jpg,PublicDataset,990,0,Neither,0,0
train,PublicDataset00991.jpg,PublicDataset,991,0,Neither,0,0
train,PublicDataset00992.jpg,PublicDataset,992,0,Neither,0,0
train,PublicDataset00993.jpg,PublicDataset,993,0,Neither,0,0
train,PublicDataset00994.jpg,PublicDataset,994,0,Neither,0,0
train,PublicDataset00995.jpg,PublicDataset,995,0,Neither,0,0
train,PublicDataset00996.jpg,PublicDataset,996,1,Only_Fire,0,3
train,PublicDataset00998.jpg,PublicDataset,998,3,Both,1,1
train,PublicDataset00999.jpg,PublicDataset,999,3,Both,1,1
train,PublicDataset01000.jpg,PublicDataset,1000,1,Only_Fire,0,2
train,PublicDataset01001.jpg,PublicDataset,1001,3,Both,1,1
train,PublicDataset01002.jpg,PublicDataset,1002,3,Both,1,2
train,PublicDataset01003.jpg,PublicDataset,1003,1,Only_Fire,0,3
train,PublicDataset01004.jpg,PublicDataset,1004,1,Only_Fire,0,1
train,PublicDataset01005.jpg,PublicDataset,1005,1,Only_Fire,0,2
train,PublicDataset01006.jpg,PublicDataset,1006,1,Only_Fire,0,1
train,PublicDataset01008.jpg,PublicDataset,1008,3,Both,1,1
train,PublicDataset01009.jpg,PublicDataset,1009,3,Both,2,4
train,PublicDataset01012.jpg,PublicDataset,1012,1,Only_Fire,0,3
train,PublicDataset01013.jpg,PublicDataset,1013,3,Both,1,3
train,PublicDataset01014.jpg,PublicDataset,1014,1,Only_Fire,0,2
train,PublicDataset01015.jpg,PublicDataset,1015,3,Both,1,2
train,PublicDataset01016.jpg,PublicDataset,1016,3,Both,1,4
train,PublicDataset01017.jpg,PublicDataset,1017,1,Only_Fire,0,2
train,PublicDataset01020.jpg,PublicDataset,1020,3,Both,1,3
train,PublicDataset01021.jpg,PublicDataset,1021,3,Both,1,1
train,PublicDataset01023.jpg,PublicDataset,1023,1,Only_Fire,0,1
train,PublicDataset01025.jpg,PublicDataset,1025,1,Only_Fire,0,1
train,PublicDataset01026.jpg,PublicDataset,1026,3,Both,1,2
train,PublicDataset01027.jpg,PublicDataset,1027,3,Both,1,1
train,PublicDataset01028.jpg,PublicDataset,1028,1,Only_Fire,0,1
train,PublicDataset01029.jpg,PublicDataset,1029,1,Only_Fire,0,3
train,PublicDataset01031.jpg,PublicDataset,1031,3,Both,1,1
train,PublicDataset01032.jpg,PublicDataset,1032,1,Only_Fire,0,1
train,PublicDataset01033.jpg,PublicDataset,1033,1,Only_Fire,0,2
train,PublicDataset01034.jpg,PublicDataset,1034,3,Both,1,6
train,PublicDataset01035.jpg,PublicDataset,1035,1,Only_Fire,0,8
train,PublicDataset01036.jpg,PublicDataset,1036,3,Both,1,1
train,PublicDataset01038.jpg,PublicDataset,1038,3,Both,1,1
train,PublicDataset01039.jpg,PublicDataset,1039,1,Only_Fire,0,3
train,PublicDataset01040.jpg,PublicDataset,1040,3,Both,1,1
train,PublicDataset01041.jpg,PublicDataset,1041,2,Only_Smoke,1,0
train,PublicDataset01042.jpg,PublicDataset,1042,2,Only_Smoke,1,0
train,PublicDataset01043.jpg,PublicDataset,1043,2,Only_Smoke,1,0
train,PublicDataset01044.jpg,PublicDataset,1044,2,Only_Smoke,1,0
train,PublicDataset01045.jpg,PublicDataset,1045,2,Only_Smoke,1,0
train,PublicDataset01046.jpg,PublicDataset,1046,2,Only_Smoke,1,0
train,PublicDataset01047.jpg,PublicDataset,1047,2,Only_Smoke,1,0
train,PublicDataset01048.jpg,PublicDataset,1048,2,Only_Smoke,1,0
train,PublicDataset01049.jpg,PublicDataset,1049,2,Only_Smoke,1,0
train,PublicDataset01051.jpg,PublicDataset,1051,2,Only_Smoke,1,0
train,PublicDataset01053.jpg,PublicDataset,1053,2,Only_Smoke,1,0
train,PublicDataset01054.jpg,PublicDataset,1054,2,Only_Smoke,1,0
train,WEB00000.jpg,WEB,0,0,Neither,0,0
train,WEB00001.jpg,WEB,1,0,Neither,0,0
train,WEB00002.jpg,WEB,2,0,Neither,0,0
train,WEB00004.jpg,WEB,4,0,Neither,0,0
train,WEB00006.jpg,WEB,6,0,Neither,0,0
train,WEB00007.jpg,WEB,7,0,Neither,0,0
train,WEB00008.jpg,WEB,8,0,Neither,0,0
train,WEB00009.jpg,WEB,9,0,Neither,0,0
train,WEB00010.jpg,WEB,10,0,Neither,0,0
train,WEB00011.jpg,WEB,11,0,Neither,0,0
train,WEB00012.jpg,WEB,12,0,Neither,0,0
train,WEB00018.jpg,WEB,18,0,Neither,0,0
train,WEB00020.jpg,WEB,20,0,Neither,0,0
train,WEB00021.jpg,WEB,21,0,Neither,0,0
train,WEB00022.jpg,WEB,22,0,Neither,0,0
train,WEB00023.jpg,WEB,23,0,Neither,0,0
train,WEB00024.jpg,WEB,24,0,Neither,0,0
train,WEB00026.jpg,WEB,26,0,Neither,0,0
train,WEB00029.jpg,WEB,29,0,Neither,0,0
train,WEB00031.jpg,WEB,31,0,Neither,0,0
train,WEB00032.jpg,WEB,32,0,Neither,0,0
train,WEB00033.jpg,WEB,33,0,Neither,0,0
train,WEB00035.jpg,WEB,35,0,Neither,0,0
train,WEB00036.jpg,WEB,36,0,Neither,0,0
train,WEB00037.jpg,WEB,37,0,Neither,0,0
train,WEB00038.jpg,WEB,38,0,Neither,0,0
train,WEB00040.jpg,WEB,40,0,Neither,0,0
train,WEB00041.jpg,WEB,41,0,Neither,0,0
train,WEB00042.jpg,WEB,42,0,Neither,0,0
train,WEB00043.jpg,WEB,43,0,Neither,0,0
train,WEB00044.jpg,WEB,44,0,Neither,0,0
train,WEB00045.jpg,WEB,45,0,Neither,0,0
train,WEB00046.jpg,WEB,46,0,Neither,0,0
train,WEB00047.jpg,WEB,47,0,Neither,0,0
train,WEB00049.jpg,WEB,49,0,Neither,0,0
train,WEB00050.jpg,WEB,50,0,Neither,0,0
train,WEB00051.jpg,WEB,51,0,Neither,0,0
train,WEB00052.jpg,WEB,52,0,Neither,0,0
train,WEB00053.jpg,WEB,53,0,Neither,0,0
train,WEB00054.jpg,WEB,54,0,Neither,0,0
train,WEB00055.jpg,WEB,55,0,Neither,0,0
train,WEB00057.jpg,WEB,57,0,Neither,0,0
train,WEB00058.jpg,WEB,58,0,Neither,0,0
train,WEB00059.jpg,WEB,59,0,Neither,0,0
train,WEB00060.jpg,WEB,60,0,Neither,0,0
train,WEB00063.jpg,WEB,63,0,Neither,0,0
train,WEB00064.jpg,WEB,64,0,Neither,0,0
train,WEB00065.jpg,WEB,65,0,Neither,0,0
train,WEB00066.jpg,WEB,66,0,Neither,0,0
train,WEB00068.jpg,WEB,68,0,Neither,0,0
train,WEB00069.jpg,WEB,69,0,Neither,0,0
train,WEB00070.jpg,WEB,70,0,Neither,0,0
train,WEB00071.jpg,WEB,71,0,Neither,0,0
train,WEB00072.jpg,WEB,72,0,Neither,0,0
train,WEB00074.jpg,WEB,74,0,Neither,0,0
train,WEB00075.jpg,WEB,75,0,Neither,0,0
train,WEB00076.jpg,WEB,76,0,Neither,0,0
train,WEB00077.jpg,WEB,77,0,Neither,0,0
train,WEB00078.jpg,WEB,78,0,Neither,0,0
train,WEB00079.jpg,WEB,79,0,Neither,0,0
train,WEB00081.jpg,WEB,81,0,Neither,0,0
train,WEB00083.jpg,WEB,83,0,Neither,0,0
train,WEB00084.jpg,WEB,84,0,Neither,0,0
train,WEB00085.jpg,WEB,85,0,Neither,0,0
train,WEB00086.jpg,WEB,86,0,Neither,0,0
train,WEB00087.jpg,WEB,87,0,Neither,0,0
train,WEB00088.jpg,WEB,88,0,Neither,0,0
train,WEB00089.jpg,WEB,89,0,Neither,0,0
train,WEB00090.jpg,WEB,90,0,Neither,0,0
train,WEB00091.jpg,WEB,91,0,Neither,0,0
train,WEB00092.jpg,WEB,92,0,Neither,0,0
train,WEB00094.jpg,WEB,94,0,Neither,0,0
train,WEB00095.jpg,WEB,95,0,Neither,0,0
train,WEB00096.jpg,WEB,96,0,Neither,0,0
train,WEB00097.jpg,WEB,97,0,Neither,0,0
train,WEB00098.jpg,WEB,98,0,Neither,0,0
train,WEB00099.jpg,WEB,99,0,Neither,0,0
train,WEB00100.jpg,WEB,100,0,Neither,0,0
train,WEB00101.jpg,WEB,101,0,Neither,0,0
train,WEB00103.jpg,WEB,103,0,Neither,0,0
train,WEB00104.jpg,WEB,104,0,Neither,0,0
train,WEB00105.jpg,WEB,105,0,Neither,0,0
train,WEB00106.jpg,WEB,106,0,Neither,0,0
train,WEB00108.jpg,WEB,108,0,Neither,0,0
train,WEB00109.jpg,WEB,109,0,Neither,0,0
train,WEB00112.jpg,WEB,112,0,Neither,0,0
train,WEB00113.jpg,WEB,113,0,Neither,0,0
train,WEB00114.jpg,WEB,114,0,Neither,0,0
train,WEB00115.jpg,WEB,115,0,Neither,0,0
train,WEB00116.jpg,WEB,116,0,Neither,0,0
train,WEB00117.jpg,WEB,117,0,Neither,0,0
train,WEB00118.jpg,WEB,118,0,Neither,0,0
train,WEB00119.jpg,WEB,119,0,Neither,0,0
train,WEB00120.jpg,WEB,120,0,Neither,0,0
train,WEB00122.jpg,WEB,122,0,Neither,0,0
train,WEB00123.jpg,WEB,123,0,Neither,0,0
train,WEB00124.jpg,WEB,124,0,Neither,0,0
train,WEB00125.jpg,WEB,125,0,Neither,0,0
train,WEB00126.jpg,WEB,126,0,Neither,0,0
train,WEB00127.jpg,WEB,127,0,Neither,0,0
train,WEB00128.jpg,WEB,128,0,Neither,0,0
train,WEB00130.jpg,WEB,130,0,Neither,0,0
train,WEB00134.jpg,WEB,134,0,Neither,0,0
train,WEB00137.jpg,WEB,137,0,Neither,0,0
train,WEB00138.jpg,WEB,138,0,Neither,0,0
train,WEB00140.jpg,WEB,140,0,Neither,0,0
train,WEB00141.jpg,WEB,141,0,Neither,0,0
train,WEB00142.jpg,WEB,142,0,Neither,0,0
train,WEB00143.jpg,WEB,143,0,Neither,0,0
train,WEB00144.jpg,WEB,144,0,Neither,0,0
train,WEB00145.jpg,WEB,145,0,Neither,0,0
train,WEB00146.jpg,WEB,146,0,Neither,0,0
train,WEB00147.jpg,WEB,147,0,Neither,0,0
train,WEB00148.jpg,WEB,148,0,Neither,0,0
train,WEB00149.jpg,WEB,149,0,Neither,0,0
train,WEB00152.jpg,WEB,152,0,Neither,0,0
train,WEB00153.jpg,WEB,153,0,Neither,0,0
train,WEB00154.jpg,WEB,154,0,Neither,0,0
train,WEB00155.jpg,WEB,155,0,Neither,0,0
train,WEB00156.jpg,WEB,156,0,Neither,0,0
train,WEB00157.jpg,WEB,157,0,Neither,0,0
train,WEB00158.jpg,WEB,158,0,Neither,0,0
train,WEB00159.jpg,WEB,159,0,Neither,0,0
train,WEB00160.jpg,WEB,160,0,Neither,0,0
train,WEB00162.jpg,WEB,162,0,Neither,0,0
train,WEB00163.jpg,WEB,163,0,Neither,0,0
train,WEB00164.jpg,WEB,164,0,Neither,0,0
train,WEB00166.jpg,WEB,166,0,Neither,0,0
train,WEB00167.jpg,WEB,167,0,Neither,0,0
train,WEB00168.jpg,WEB,168,0,Neither,0,0
train,WEB00169.jpg,WEB,169,0,Neither,0,0
train,WEB00170.jpg,WEB,170,0,Neither,0,0
train,WEB00171.jpg,WEB,171,0,Neither,0,0
train,WEB00172.jpg,WEB,172,0,Neither,0,0
train,WEB00174.jpg,WEB,174,0,Neither,0,0
train,WEB00175.jpg,WEB,175,0,Neither,0,0
train,WEB00176.jpg,WEB,176,0,Neither,0,0
train,WEB00177.jpg,WEB,177,0,Neither,0,0
train,WEB00178.jpg,WEB,178,0,Neither,0,0
train,WEB00179.jpg,WEB,179,0,Neither,0,0
train,WEB00180.jpg,WEB,180,0,Neither,0,0
train,WEB00182.jpg,WEB,182,0,Neither,0,0
train,WEB00183.jpg,WEB,183,0,Neither,0,0
train,WEB00184.jpg,WEB,184,0,Neither,0,0
train,WEB00185.jpg,WEB,185,0,Neither,0,0
train,WEB00186.jpg,WEB,186,0,Neither,0,0
train,WEB00187.jpg,WEB,187,0,Neither,0,0
train,WEB00188.jpg,WEB,188,0,Neither,0,0
train,WEB00189.jpg,WEB,189,0,Neither,0,0
train,WEB00190.jpg,WEB,190,0,Neither,0,0
train,WEB00191.jpg,WEB,191,0,Neither,0,0
train,WEB00192.jpg,WEB,192,0,Neither,0,0
train,WEB00194.jpg,WEB,194,0,Neither,0,0
train,WEB00195.jpg,WEB,195,0,Neither,0,0
train,WEB00197.jpg,WEB,197,0,Neither,0,0
train,WEB00198.jpg,WEB,198,0,Neither,0,0
train,WEB00199.jpg,WEB,199,0,Neither,0,0
train,WEB00201.jpg,WEB,201,0,Neither,0,0
train,WEB00203.jpg,WEB,203,0,Neither,0,0
train,WEB00204.jpg,WEB,204,0,Neither,0,0
train,WEB00208.jpg,WEB,208,0,Neither,0,0
train,WEB00209.jpg,WEB,209,0,Neither,0,0
train,WEB00210.jpg,WEB,210,0,Neither,0,0
train,WEB00211.jpg,WEB,211,0,Neither,0,0
train,WEB00212.jpg,WEB,212,0,Neither,0,0
train,WEB00213.jpg,WEB,213,0,Neither,0,0
train,WEB00214.jpg,WEB,214,0,Neither,0,0
train,WEB00216.jpg,WEB,216,0,Neither,0,0
train,WEB00217.jpg,WEB,217,0,Neither,0,0
train,WEB00218.jpg,WEB,218,0,Neither,0,0
train,WEB00219.jpg,WEB,219,0,Neither,0,0
train,WEB00220.jpg,WEB,220,0,Neither,0,0
train,WEB00221.jpg,WEB,221,0,Neither,0,0
train,WEB00222.jpg,WEB,222,0,Neither,0,0
train,WEB00223.jpg,WEB,223,0,Neither,0,0
train,WEB00224.jpg,WEB,224,0,Neither,0,0
train,WEB00225.jpg,WEB,225,0,Neither,0,0
train,WEB00226.jpg,WEB,226,0,Neither,0,0
train,WEB00228.jpg,WEB,228,0,Neither,0,0
train,WEB00231.jpg,WEB,231,0,Neither,0,0
train,WEB00232.jpg,WEB,232,0,Neither,0,0
train,WEB00233.jpg,WEB,233,0,Neither,0,0
train,WEB00234.jpg,WEB,234,0,Neither,0,0
train,WEB00235.jpg,WEB,235,0,Neither,0,0
train,WEB00236.jpg,WEB,236,0,Neither,0,0
train,WEB00239.jpg,WEB,239,0,Neither,0,0
train,WEB00240.jpg,WEB,240,0,Neither,0,0
train,WEB00244.jpg,WEB,244,0,Neither,0,0
train,WEB00245.jpg,WEB,245,0,Neither,0,0
train,WEB00246.jpg,WEB,246,0,Neither,0,0
train,WEB00247.jpg,WEB,247,0,Neither,0,0
train,WEB00248.jpg,WEB,248,0,Neither,0,0
train,WEB00249.jpg,WEB,249,0,Neither,0,0
train,WEB00250.jpg,WEB,250,0,Neither,0,0
train,WEB00251.jpg,WEB,251,0,Neither,0,0
train,WEB00252.jpg,WEB,252,0,Neither,0,0
train,WEB00254.jpg,WEB,254,0,Neither,0,0
train,WEB00255.jpg,WEB,255,0,Neither,0,0
train,WEB00256.jpg,WEB,256,0,Neither,0,0
train,WEB00257.jpg,WEB,257,0,Neither,0,0
train,WEB00258.jpg,WEB,258,0,Neither,0,0
train,WEB00259.jpg,WEB,259,0,Neither,0,0
train,WEB00261.jpg,WEB,261,0,Neither,0,0
train,WEB00262.jpg,WEB,262,0,Neither,0,0
train,WEB00263.jpg,WEB,263,0,Neither,0,0
train,WEB00264.jpg,WEB,264,0,Neither,0,0
train,WEB00265.jpg,WEB,265,0,Neither,0,0
train,WEB00266.jpg,WEB,266,0,Neither,0,0
train,WEB00267.jpg,WEB,267,0,Neither,0,0
train,WEB00268.jpg,WEB,268,0,Neither,0,0
train,WEB00269.jpg,WEB,269,0,Neither,0,0
train,WEB00270.jpg,WEB,270,0,Neither,0,0
train,WEB00271.jpg,WEB,271,0,Neither,0,0
train,WEB00272.jpg,WEB,272,0,Neither,0,0
train,WEB00273.jpg,WEB,273,0,Neither,0,0
train,WEB00274.jpg,WEB,274,0,Neither,0,0
train,WEB00275.jpg,WEB,275,0,Neither,0,0
train,WEB00276.jpg,WEB,276,0,Neither,0,0
train,WEB00278.jpg,WEB,278,0,Neither,0,0
train,WEB00279.jpg,WEB,279,0,Neither,0,0
train,WEB00280.jpg,WEB,280,0,Neither,0,0
train,WEB00281.jpg,WEB,281,0,Neither,0,0
train,WEB00282.jpg,WEB,282,0,Neither,0,0
train,WEB00283.jpg,WEB,283,0,Neither,0,0
train,WEB00284.jpg,WEB,284,0,Neither,0,0
train,WEB00285.jpg,WEB,285,0,Neither,0,0
train,WEB00286.jpg,WEB,286,0,Neither,0,0
train,WEB00288.jpg,WEB,288,0,Neither,0,0
train,WEB00289.jpg,WEB,289,0,Neither,0,0
train,WEB00290.jpg,WEB,290,0,Neither,0,0
train,WEB00291.jpg,WEB,291,0,Neither,0,0
train,WEB00292.jpg,WEB,292,0,Neither,0,0
train,WEB00293.jpg,WEB,293,0,Neither,0,0
train,WEB00294.jpg,WEB,294,0,Neither,0,0
train,WEB00295.jpg,WEB,295,0,Neither,0,0
train,WEB00296.jpg,WEB,296,0,Neither,0,0
train,WEB00297.jpg,WEB,297,0,Neither,0,0
train,WEB00298.jpg,WEB,298,0,Neither,0,0
train,WEB00299.jpg,WEB,299,0,Neither,0,0
train,WEB00300.jpg,WEB,300,0,Neither,0,0
train,WEB00301.jpg,WEB,301,0,Neither,0,0
train,WEB00302.jpg,WEB,302,0,Neither,0,0
train,WEB00303.jpg,WEB,303,0,Neither,0,0
train,WEB00304.jpg,WEB,304,0,Neither,0,0
train,WEB00305.jpg,WEB,305,0,Neither,0,0
train,WEB00307.jpg,WEB,307,0,Neither,0,0
train,WEB00308.jpg,WEB,308,0,Neither,0,0
train,WEB00309.jpg,WEB,309,0,Neither,0,0
train,WEB00310.jpg,WEB,310,0,Neither,0,0
train,WEB00311.jpg,WEB,311,0,Neither,0,0
train,WEB00314.jpg,WEB,314,0,Neither,0,0
train,WEB00315.jpg,WEB,315,0,Neither,0,0
train,WEB00316.jpg,WEB,316,0,Neither,0,0
train,WEB00317.jpg,WEB,317,0,Neither,0,0
train,WEB00319.jpg,WEB,319,0,Neither,0,0
train,WEB00320.jpg,WEB,320,0,Neither,0,0
train,WEB00322.jpg,WEB,322,0,Neither,0,0
train,WEB00323.jpg,WEB,323,0,Neither,0,0
train,WEB00324.jpg,WEB,324,0,Neither,0,0
train,WEB00325.jpg,WEB,325,0,Neither,0,0
train,WEB00326.jpg,WEB,326,0,Neither,0,0
train,WEB00328.jpg,WEB,328,0,Neither,0,0
train,WEB00329.jpg,WEB,329,0,Neither,0,0
train,WEB00330.jpg,WEB,330,0,Neither,0,0
train,WEB00331.jpg,WEB,331,0,Neither,0,0
train,WEB00332.jpg,WEB,332,0,Neither,0,0
train,WEB00333.jpg,WEB,333,0,Neither,0,0
train,WEB00334.jpg,WEB,334,0,Neither,0,0
train,WEB00335.jpg,WEB,335,0,Neither,0,0
train,WEB00337.jpg,WEB,337,0,Neither,0,0
train,WEB00338.jpg,WEB,338,0,Neither,0,0
train,WEB00339.jpg,WEB,339,0,Neither,0,0
train,WEB00340.jpg,WEB,340,0,Neither,0,0
train,WEB00341.jpg,WEB,341,0,Neither,0,0
train,WEB00342.jpg,WEB,342,0,Neither,0,0
train,WEB00343.jpg,WEB,343,0,Neither,0,0
train,WEB00344.jpg,WEB,344,0,Neither,0,0
train,WEB00345.jpg,WEB,345,0,Neither,0,0
train,WEB00346.jpg,WEB,346,0,Neither,0,0
train,WEB00347.jpg,WEB,347,0,Neither,0,0
train,WEB00348.jpg,WEB,348,0,Neither,0,0
train,WEB00350.jpg,WEB,350,0,Neither,0,0
train,WEB00351.jpg,WEB,351,0,Neither,0,0
train,WEB00352.jpg,WEB,352,0,Neither,0,0
train,WEB00353.jpg,WEB,353,0,Neither,0,0
train,WEB00354.jpg,WEB,354,0,Neither,0,0
train,WEB00355.jpg,WEB,355,0,Neither,0,0
train,WEB00357.jpg,WEB,357,0,Neither,0,0
train,WEB00360.jpg,WEB,360,0,Neither,0,0
train,WEB00361.jpg,WEB,361,0,Neither,0,0
train,WEB00362.jpg,WEB,362,0,Neither,0,0
train,WEB00363.jpg,WEB,363,0,Neither,0,0
train,WEB00364.jpg,WEB,364,0,Neither,0,0
train,WEB00365.jpg,WEB,365,0,Neither,0,0
train,WEB00366.jpg,WEB,366,0,Neither,0,0
train,WEB00368.jpg,WEB,368,0,Neither,0,0
train,WEB00369.jpg,WEB,369,0,Neither,0,0
train,WEB00370.jpg,WEB,370,0,Neither,0,0
train,WEB00372.jpg,WEB,372,0,Neither,0,0
train,WEB00373.jpg,WEB,373,0,Neither,0,0
train,WEB00374.jpg,WEB,374,0,Neither,0,0
train,WEB00375.jpg,WEB,375,0,Neither,0,0
train,WEB00378.jpg,WEB,378,0,Neither,0,0
train,WEB00380.jpg,WEB,380,0,Neither,0,0
train,WEB00381.jpg,WEB,381,0,Neither,0,0
train,WEB00382.jpg,WEB,382,0,Neither,0,0
train,WEB00383.jpg,WEB,383,0,Neither,0,0
train,WEB00384.jpg,WEB,384,0,Neither,0,0
train,WEB00385.jpg,WEB,385,0,Neither,0,0
train,WEB00386.jpg,WEB,386,0,Neither,0,0
train,WEB00387.jpg,WEB,387,0,Neither,0,0
train,WEB00388.jpg,WEB,388,0,Neither,0,0
train,WEB00389.jpg,WEB,389,0,Neither,0,0
train,WEB00390.jpg,WEB,390,0,Neither,0,0
train,WEB00391.jpg,WEB,391,0,Neither,0,0
train,WEB00392.jpg,WEB,392,0,Neither,0,0
train,WEB00394.jpg,WEB,394,0,Neither,0,0
train,WEB00395.jpg,WEB,395,0,Neither,0,0
train,WEB00396.jpg,WEB,396,0,Neither,0,0
train,WEB00397.jpg,WEB,397,0,Neither,0,0
train,WEB00398.jpg,WEB,398,0,Neither,0,0
train,WEB00399.jpg,WEB,399,0,Neither,0,0
train,WEB00400.jpg,WEB,400,0,Neither,0,0
train,WEB00401.jpg,WEB,401,0,Neither,0,0
train,WEB00402.jpg,WEB,402,0,Neither,0,0
train,WEB00404.jpg,WEB,404,0,Neither,0,0
train,WEB00405.jpg,WEB,405,0,Neither,0,0
train,WEB00406.jpg,WEB,406,0,Neither,0,0
train,WEB00408.jpg,WEB,408,0,Neither,0,0
train,WEB00409.jpg,WEB,409,0,Neither,0,0
train,WEB00411.jpg,WEB,411,0,Neither,0,0
train,WEB00413.jpg,WEB,413,0,Neither,0,0
train,WEB00414.jpg,WEB,414,0,Neither,0,0
train,WEB00415.jpg,WEB,415,0,Neither,0,0
train,WEB00416.jpg,WEB,416,0,Neither,0,0
train,WEB00418.jpg,WEB,418,0,Neither,0,0
train,WEB00419.jpg,WEB,419,0,Neither,0,0
train,WEB00420.jpg,WEB,420,0,Neither,0,0
train,WEB00421.jpg,WEB,421,0,Neither,0,0
train,WEB00422.jpg,WEB,422,0,Neither,0,0
train,WEB00423.jpg,WEB,423,0,Neither,0,0
train,WEB00424.jpg,WEB,424,0,Neither,0,0
train,WEB00426.jpg,WEB,426,0,Neither,0,0
train,WEB00427.jpg,WEB,427,0,Neither,0,0
train,WEB00430.jpg,WEB,430,0,Neither,0,0
train,WEB00431.jpg,WEB,431,0,Neither,0,0
train,WEB00432.jpg,WEB,432,0,Neither,0,0
train,WEB00433.jpg,WEB,433,0,Neither,0,0
train,WEB00434.jpg,WEB,434,0,Neither,0,0
train,WEB00435.jpg,WEB,435,0,Neither,0,0
train,WEB00436.jpg,WEB,436,0,Neither,0,0
train,WEB00437.jpg,WEB,437,0,Neither,0,0
train,WEB00439.jpg,WEB,439,0,Neither,0,0
train,WEB00440.jpg,WEB,440,0,Neither,0,0
train,WEB00443.jpg,WEB,443,0,Neither,0,0
train,WEB00444.jpg,WEB,444,0,Neither,0,0
train,WEB00445.jpg,WEB,445,0,Neither,0,0
train,WEB00446.jpg,WEB,446,0,Neither,0,0
train,WEB00448.jpg,WEB,448,0,Neither,0,0
train,WEB00449.jpg,WEB,449,0,Neither,0,0
train,WEB00451.jpg,WEB,451,0,Neither,0,0
train,WEB00453.jpg,WEB,453,0,Neither,0,0
train,WEB00454.jpg,WEB,454,0,Neither,0,0
train,WEB00455.jpg,WEB,455,0,Neither,0,0
train,WEB00456.jpg,WEB,456,0,Neither,0,0
train,WEB00457.jpg,WEB,457,0,Neither,0,0
train,WEB00458.jpg,WEB,458,0,Neither,0,0
train,WEB00459.jpg,WEB,459,0,Neither,0,0
train,WEB00460.jpg,WEB,460,0,Neither,0,0
train,WEB00461.jpg,WEB,461,0,Neither,0,0
train,WEB00462.jpg,WEB,462,0,Neither,0,0
train,WEB00463.jpg,WEB,463,0,Neither,0,0
train,WEB00466.jpg,WEB,466,0,Neither,0,0
train,WEB00467.jpg,WEB,467,0,Neither,0,0
train,WEB00468.jpg,WEB,468,0,Neither,0,0
train,WEB00470.jpg,WEB,470,0,Neither,0,0
train,WEB00471.jpg,WEB,471,0,Neither,0,0
train,WEB00472.jpg,WEB,472,0,Neither,0,0
train,WEB00473.jpg,WEB,473,0,Neither,0,0
train,WEB00474.jpg,WEB,474,0,Neither,0,0
train,WEB00476.jpg,WEB,476,0,Neither,0,0
train,WEB00477.jpg,WEB,477,0,Neither,0,0
train,WEB00478.jpg,WEB,478,0,Neither,0,0
train,WEB00479.jpg,WEB,479,0,Neither,0,0
train,WEB00480.jpg,WEB,480,0,Neither,0,0
train,WEB00481.jpg,WEB,481,0,Neither,0,0
train,WEB00482.jpg,WEB,482,0,Neither,0,0
train,WEB00483.jpg,WEB,483,0,Neither,0,0
train,WEB00484.jpg,WEB,484,0,Neither,0,0
train,WEB00486.jpg,WEB,486,0,Neither,0,0
train,WEB00488.jpg,WEB,488,0,Neither,0,0
train,WEB00490.jpg,WEB,490,0,Neither,0,0
train,WEB00491.jpg,WEB,491,0,Neither,0,0
train,WEB00492.jpg,WEB,492,0,Neither,0,0
train,WEB00493.jpg,WEB,493,0,Neither,0,0
train,WEB00494.jpg,WEB,494,0,Neither,0,0
train,WEB00495.jpg,WEB,495,0,Neither,0,0
train,WEB00496.jpg,WEB,496,0,Neither,0,0
train,WEB00497.jpg,WEB,497,0,Neither,0,0
train,WEB00498.jpg,WEB,498,0,Neither,0,0
train,WEB00499.jpg,WEB,499,0,Neither,0,0
train,WEB00500.jpg,WEB,500,0,Neither,0,0
train,WEB00501.jpg,WEB,501,0,Neither,0,0
train,WEB00502.jpg,WEB,502,0,Neither,0,0
train,WEB00503.jpg,WEB,503,0,Neither,0,0
train,WEB00504.jpg,WEB,504,0,Neither,0,0
train,WEB00506.jpg,WEB,506,0,Neither,0,0
train,WEB00507.jpg,WEB,507,0,Neither,0,0
train,WEB00508.jpg,WEB,508,0,Neither,0,0
train,WEB00509.jpg,WEB,509,0,Neither,0,0
train,WEB00510.jpg,WEB,510,0,Neither,0,0
train,WEB00511.jpg,WEB,511,0,Neither,0,0
train,WEB00512.jpg,WEB,512,0,Neither,0,0
train,WEB00513.jpg,WEB,513,0,Neither,0,0
train,WEB00514.jpg,WEB,514,0,Neither,0,0
train,WEB00515.jpg,WEB,515,0,Neither,0,0
train,WEB00517.jpg,WEB,517,0,Neither,0,0
train,WEB00518.jpg,WEB,518,0,Neither,0,0
train,WEB00519.jpg,WEB,519,0,Neither,0,0
train,WEB00520.jpg,WEB,520,0,Neither,0,0
train,WEB00521.jpg,WEB,521,0,Neither,0,0
train,WEB00522.jpg,WEB,522,0,Neither,0,0
train,WEB00523.jpg,WEB,523,0,Neither,0,0
train,WEB00524.jpg,WEB,524,0,Neither,0,0
train,WEB00525.jpg,WEB,525,0,Neither,0,0
train,WEB00526.jpg,WEB,526,0,Neither,0,0
train,WEB00527.jpg,WEB,527,0,Neither,0,0
train,WEB00528.jpg,WEB,528,0,Neither,0,0
train,WEB00530.jpg,WEB,530,0,Neither,0,0
train,WEB00531.jpg,WEB,531,0,Neither,0,0
train,WEB00532.jpg,WEB,532,0,Neither,0,0
train,WEB00533.jpg,WEB,533,0,Neither,0,0
train,WEB00534.jpg,WEB,534,0,Neither,0,0
train,WEB00535.jpg,WEB,535,0,Neither,0,0
train,WEB00536.jpg,WEB,536,0,Neither,0,0
train,WEB00537.jpg,WEB,537,0,Neither,0,0
train,WEB00538.jpg,WEB,538,0,Neither,0,0
train,WEB00539.jpg,WEB,539,0,Neither,0,0
train,WEB00540.jpg,WEB,540,0,Neither,0,0
train,WEB00541.jpg,WEB,541,0,Neither,0,0
train,WEB00542.jpg,WEB,542,0,Neither,0,0
train,WEB00543.jpg,WEB,543,0,Neither,0,0
train,WEB00544.jpg,WEB,544,0,Neither,0,0
train,WEB00545.jpg,WEB,545,0,Neither,0,0
train,WEB00546.jpg,WEB,546,0,Neither,0,0
train,WEB00547.jpg,WEB,547,0,Neither,0,0
train,WEB00548.jpg,WEB,548,0,Neither,0,0
train,WEB00549.jpg,WEB,549,0,Neither,0,0
train,WEB00550.jpg,WEB,550,0,Neither,0,0
train,WEB00551.jpg,WEB,551,0,Neither,0,0
train,WEB00554.jpg,WEB,554,0,Neither,0,0
train,WEB00555.jpg,WEB,555,0,Neither,0,0
train,WEB00556.jpg,WEB,556,0,Neither,0,0
train,WEB00557.jpg,WEB,557,0,Neither,0,0
train,WEB00558.jpg,WEB,558,0,Neither,0,0
train,WEB00562.jpg,WEB,562,0,Neither,0,0
train,WEB00563.jpg,WEB,563,0,Neither,0,0
train,WEB00564.jpg,WEB,564,0,Neither,0,0
train,WEB00565.jpg,WEB,565,0,Neither,0,0
train,WEB00566.jpg,WEB,566,0,Neither,0,0
train,WEB00567.jpg,WEB,567,0,Neither,0,0
train,WEB00568.jpg,WEB,568,0,Neither,0,0
train,WEB00569.jpg,WEB,569,0,Neither,0,0
train,WEB00570.jpg,WEB,570,0,Neither,0,0
train,WEB00571.jpg,WEB,571,0,Neither,0,0
train,WEB00572.jpg,WEB,572,0,Neither,0,0
train,WEB00573.jpg,WEB,573,0,Neither,0,0
train,WEB00574.jpg,WEB,574,0,Neither,0,0
train,WEB00575.jpg,WEB,575,0,Neither,0,0
train,WEB00576.jpg,WEB,576,0,Neither,0,0
train,WEB00577.jpg,WEB,577,0,Neither,0,0
train,WEB00578.jpg,WEB,578,0,Neither,0,0
train,WEB00579.jpg,WEB,579,0,Neither,0,0
train,WEB00580.jpg,WEB,580,0,Neither,0,0
train,WEB00581.jpg,WEB,581,0,Neither,0,0
train,WEB00582.jpg,WEB,582,0,Neither,0,0
train,WEB00585.jpg,WEB,585,0,Neither,0,0
train,WEB00586.jpg,WEB,586,0,Neither,0,0
train,WEB00587.jpg,WEB,587,0,Neither,0,0
train,WEB00588.jpg,WEB,588,0,Neither,0,0
train,WEB00589.jpg,WEB,589,0,Neither,0,0
train,WEB00590.jpg,WEB,590,0,Neither,0,0
train,WEB00591.jpg,WEB,591,0,Neither,0,0
train,WEB00592.jpg,WEB,592,0,Neither,0,0
train,WEB00593.jpg,WEB,593,0,Neither,0,0
train,WEB00594.jpg,WEB,594,0,Neither,0,0
train,WEB00595.jpg,WEB,595,0,Neither,0,0
train,WEB00596.jpg,WEB,596,0,Neither,0,0
train,WEB00597.jpg,WEB,597,0,Neither,0,0
train,WEB00599.jpg,WEB,599,0,Neither,0,0
train,WEB00600.jpg,WEB,600,0,Neither,0,0
train,WEB00601.jpg,WEB,601,0,Neither,0,0
train,WEB00603.jpg,WEB,603,0,Neither,0,0
train,WEB00604.jpg,WEB,604,0,Neither,0,0
train,WEB00605.jpg,WEB,605,0,Neither,0,0
train,WEB00606.jpg,WEB,606,0,Neither,0,0
train,WEB00607.jpg,WEB,607,0,Neither,0,0
train,WEB00608.jpg,WEB,608,0,Neither,0,0
train,WEB00609.jpg,WEB,609,0,Neither,0,0
train,WEB00610.jpg,WEB,610,0,Neither,0,0
train,WEB00612.jpg,WEB,612,0,Neither,0,0
train,WEB00614.jpg,WEB,614,0,Neither,0,0
train,WEB00615.jpg,WEB,615,0,Neither,0,0
train,WEB00616.jpg,WEB,616,0,Neither,0,0
train,WEB00617.jpg,WEB,617,0,Neither,0,0
train,WEB00618.jpg,WEB,618,0,Neither,0,0
train,WEB00620.jpg,WEB,620,0,Neither,0,0
train,WEB00621.jpg,WEB,621,0,Neither,0,0
train,WEB00622.jpg,WEB,622,0,Neither,0,0
train,WEB00623.jpg,WEB,623,0,Neither,0,0
train,WEB00624.jpg,WEB,624,0,Neither,0,0
train,WEB00625.jpg,WEB,625,0,Neither,0,0
train,WEB00626.jpg,WEB,626,0,Neither,0,0
train,WEB00627.jpg,WEB,627,0,Neither,0,0
train,WEB00628.jpg,WEB,628,0,Neither,0,0
train,WEB00630.jpg,WEB,630,0,Neither,0,0
train,WEB00631.jpg,WEB,631,0,Neither,0,0
train,WEB00632.jpg,WEB,632,0,Neither,0,0
train,WEB00633.jpg,WEB,633,0,Neither,0,0
train,WEB00634.jpg,WEB,634,0,Neither,0,0
train,WEB00635.jpg,WEB,635,0,Neither,0,0
train,WEB00637.jpg,WEB,637,0,Neither,0,0
train,WEB00638.jpg,WEB,638,0,Neither,0,0
train,WEB00639.jpg,WEB,639,0,Neither,0,0
train,WEB00642.jpg,WEB,642,0,Neither,0,0
train,WEB00643.jpg,WEB,643,0,Neither,0,0
train,WEB00644.jpg,WEB,644,0,Neither,0,0
train,WEB00646.jpg,WEB,646,0,Neither,0,0
train,WEB00647.jpg,WEB,647,0,Neither,0,0
train,WEB00648.jpg,WEB,648,0,Neither,0,0
train,WEB00649.jpg,WEB,649,0,Neither,0,0
train,WEB00650.jpg,WEB,650,0,Neither,0,0
train,WEB00652.jpg,WEB,652,0,Neither,0,0
train,WEB00653.jpg,WEB,653,0,Neither,0,0
train,WEB00654.jpg,WEB,654,0,Neither,0,0
train,WEB00655.jpg,WEB,655,0,Neither,0,0
train,WEB00656.jpg,WEB,656,0,Neither,0,0
train,WEB00657.jpg,WEB,657,0,Neither,0,0
train,WEB00658.jpg,WEB,658,0,Neither,0,0
train,WEB00661.jpg,WEB,661,0,Neither,0,0
train,WEB00664.jpg,WEB,664,0,Neither,0,0
train,WEB00665.jpg,WEB,665,0,Neither,0,0
train,WEB00666.jpg,WEB,666,0,Neither,0,0
train,WEB00667.jpg,WEB,667,0,Neither,0,0
train,WEB00670.jpg,WEB,670,0,Neither,0,0
train,WEB00671.jpg,WEB,671,0,Neither,0,0
train,WEB00673.jpg,WEB,673,0,Neither,0,0
train,WEB00674.jpg,WEB,674,0,Neither,0,0
train,WEB00675.jpg,WEB,675,0,Neither,0,0
train,WEB00677.jpg,WEB,677,0,Neither,0,0
train,WEB00678.jpg,WEB,678,0,Neither,0,0
train,WEB00679.jpg,WEB,679,0,Neither,0,0
train,WEB00681.jpg,WEB,681,0,Neither,0,0
train,WEB00682.jpg,WEB,682,0,Neither,0,0
train,WEB00683.jpg,WEB,683,0,Neither,0,0
train,WEB00684.jpg,WEB,684,0,Neither,0,0
train,WEB00685.jpg,WEB,685,0,Neither,0,0
train,WEB00686.jpg,WEB,686,0,Neither,0,0
train,WEB00687.jpg,WEB,687,0,Neither,0,0
train,WEB00689.jpg,WEB,689,0,Neither,0,0
train,WEB00691.jpg,WEB,691,0,Neither,0,0
train,WEB00692.jpg,WEB,692,0,Neither,0,0
train,WEB00693.jpg,WEB,693,0,Neither,0,0
train,WEB00694.jpg,WEB,694,0,Neither,0,0
train,WEB00696.jpg,WEB,696,0,Neither,0,0
train,WEB00697.jpg,WEB,697,0,Neither,0,0
train,WEB00698.jpg,WEB,698,0,Neither,0,0
train,WEB00700.jpg,WEB,700,0,Neither,0,0
train,WEB00701.jpg,WEB,701,0,Neither,0,0
train,WEB00702.jpg,WEB,702,0,Neither,0,0
train,WEB00703.jpg,WEB,703,0,Neither,0,0
train,WEB00704.jpg,WEB,704,0,Neither,0,0
train,WEB00705.jpg,WEB,705,0,Neither,0,0
train,WEB00706.jpg,WEB,706,0,Neither,0,0
train,WEB00707.jpg,WEB,707,0,Neither,0,0
train,WEB00709.jpg,WEB,709,0,Neither,0,0
train,WEB00710.jpg,WEB,710,0,Neither,0,0
train,WEB00711.jpg,WEB,711,0,Neither,0,0
train,WEB00712.jpg,WEB,712,0,Neither,0,0
train,WEB00714.jpg,WEB,714,0,Neither,0,0
train,WEB00715.jpg,WEB,715,0,Neither,0,0
train,WEB00716.jpg,WEB,716,0,Neither,0,0
train,WEB00717.jpg,WEB,717,0,Neither,0,0
train,WEB00718.jpg,WEB,718,0,Neither,0,0
train,WEB00720.jpg,WEB,720,0,Neither,0,0
train,WEB00721.jpg,WEB,721,0,Neither,0,0
train,WEB00723.jpg,WEB,723,0,Neither,0,0
train,WEB00724.jpg,WEB,724,0,Neither,0,0
train,WEB00727.jpg,WEB,727,0,Neither,0,0
train,WEB00730.jpg,WEB,730,0,Neither,0,0
train,WEB00732.jpg,WEB,732,0,Neither,0,0
train,WEB00733.jpg,WEB,733,0,Neither,0,0
train,WEB00734.jpg,WEB,734,0,Neither,0,0
train,WEB00736.jpg,WEB,736,0,Neither,0,0
train,WEB00737.jpg,WEB,737,0,Neither,0,0
train,WEB00738.jpg,WEB,738,0,Neither,0,0
train,WEB00739.jpg,WEB,739,0,Neither,0,0
train,WEB00740.jpg,WEB,740,0,Neither,0,0
train,WEB00741.jpg,WEB,741,0,Neither,0,0
train,WEB00742.jpg,WEB,742,0,Neither,0,0
train,WEB00743.jpg,WEB,743,0,Neither,0,0
train,WEB00744.jpg,WEB,744,0,Neither,0,0
train,WEB00745.jpg,WEB,745,0,Neither,0,0
train,WEB00746.jpg,WEB,746,0,Neither,0,0
train,WEB00747.jpg,WEB,747,0,Neither,0,0
train,WEB00748.jpg,WEB,748,0,Neither,0,0
train,WEB00749.jpg,WEB,749,0,Neither,0,0
train,WEB00751.jpg,WEB,751,0,Neither,0,0
train,WEB00752.jpg,WEB,752,0,Neither,0,0
train,WEB00753.jpg,WEB,753,0,Neither,0,0
train,WEB00754.jpg,WEB,754,0,Neither,0,0
train,WEB00755.jpg,WEB,755,0,Neither,0,0
train,WEB00756.jpg,WEB,756,0,Neither,0,0
train,WEB00757.jpg,WEB,757,0,Neither,0,0
train,WEB00758.jpg,WEB,758,0,Neither,0,0
train,WEB00759.jpg,WEB,759,0,Neither,0,0
train,WEB00761.jpg,WEB,761,0,Neither,0,0
train,WEB00762.jpg,WEB,762,0,Neither,0,0
train,WEB00763.jpg,WEB,763,0,Neither,0,0
train,WEB00764.jpg,WEB,764,0,Neither,0,0
train,WEB00767.jpg,WEB,767,0,Neither,0,0
train,WEB00768.jpg,WEB,768,0,Neither,0,0
train,WEB00769.jpg,WEB,769,0,Neither,0,0
train,WEB00771.jpg,WEB,771,0,Neither,0,0
train,WEB00772.jpg,WEB,772,0,Neither,0,0
train,WEB00773.jpg,WEB,773,0,Neither,0,0
train,WEB00774.jpg,WEB,774,0,Neither,0,0
train,WEB00775.jpg,WEB,775,0,Neither,0,0
train,WEB00776.jpg,WEB,776,0,Neither,0,0
train,WEB00777.jpg,WEB,777,0,Neither,0,0
train,WEB00778.jpg,WEB,778,0,Neither,0,0
train,WEB00779.jpg,WEB,779,0,Neither,0,0
train,WEB00780.jpg,WEB,780,0,Neither,0,0
train,WEB00781.jpg,WEB,781,0,Neither,0,0
train,WEB00783.jpg,WEB,783,0,Neither,0,0
train,WEB00785.jpg,WEB,785,0,Neither,0,0
train,WEB00786.jpg,WEB,786,0,Neither,0,0
train,WEB00788.jpg,WEB,788,0,Neither,0,0
train,WEB00789.jpg,WEB,789,0,Neither,0,0
train,WEB00790.jpg,WEB,790,0,Neither,0,0
train,WEB00792.jpg,WEB,792,0,Neither,0,0
train,WEB00793.jpg,WEB,793,0,Neither,0,0
train,WEB00794.jpg,WEB,794,0,Neither,0,0
train,WEB00795.jpg,WEB,795,0,Neither,0,0
train,WEB00796.jpg,WEB,796,0,Neither,0,0
train,WEB00797.jpg,WEB,797,0,Neither,0,0
train,WEB00798.jpg,WEB,798,0,Neither,0,0
train,WEB00799.jpg,WEB,799,0,Neither,0,0
train,WEB00800.jpg,WEB,800,0,Neither,0,0
train,WEB00801.jpg,WEB,801,0,Neither,0,0
train,WEB00802.jpg,WEB,802,0,Neither,0,0
train,WEB00803.jpg,WEB,803,0,Neither,0,0
train,WEB00804.jpg,WEB,804,0,Neither,0,0
train,WEB00805.jpg,WEB,805,0,Neither,0,0
train,WEB00806.jpg,WEB,806,0,Neither,0,0
train,WEB00807.jpg,WEB,807,0,Neither,0,0
train,WEB00808.jpg,WEB,808,0,Neither,0,0
train,WEB00810.jpg,WEB,810,0,Neither,0,0
train,WEB00811.jpg,WEB,811,0,Neither,0,0
train,WEB00813.jpg,WEB,813,0,Neither,0,0
train,WEB00815.jpg,WEB,815,0,Neither,0,0
train,WEB00816.jpg,WEB,816,0,Neither,0,0
train,WEB00817.jpg,WEB,817,0,Neither,0,0
train,WEB00818.jpg,WEB,818,0,Neither,0,0
train,WEB00821.jpg,WEB,821,0,Neither,0,0
train,WEB00823.jpg,WEB,823,0,Neither,0,0
train,WEB00825.jpg,WEB,825,0,Neither,0,0
train,WEB00826.jpg,WEB,826,0,Neither,0,0
train,WEB00827.jpg,WEB,827,0,Neither,0,0
train,WEB00830.jpg,WEB,830,0,Neither,0,0
train,WEB00832.jpg,WEB,832,0,Neither,0,0
train,WEB00834.jpg,WEB,834,0,Neither,0,0
train,WEB00835.jpg,WEB,835,0,Neither,0,0
train,WEB00837.jpg,WEB,837,0,Neither,0,0
train,WEB00838.jpg,WEB,838,0,Neither,0,0
train,WEB00839.jpg,WEB,839,0,Neither,0,0
train,WEB00840.jpg,WEB,840,0,Neither,0,0
train,WEB00841.jpg,WEB,841,0,Neither,0,0
train,WEB00842.jpg,WEB,842,0,Neither,0,0
train,WEB00844.jpg,WEB,844,0,Neither,0,0
train,WEB00845.jpg,WEB,845,0,Neither,0,0
train,WEB00847.jpg,WEB,847,0,Neither,0,0
train,WEB00848.jpg,WEB,848,0,Neither,0,0
train,WEB00849.jpg,WEB,849,0,Neither,0,0
train,WEB00850.jpg,WEB,850,0,Neither,0,0
train,WEB00852.jpg,WEB,852,0,Neither,0,0
train,WEB00853.jpg,WEB,853,0,Neither,0,0
train,WEB00854.jpg,WEB,854,0,Neither,0,0
train,WEB00859.jpg,WEB,859,0,Neither,0,0
train,WEB00860.jpg,WEB,860,0,Neither,0,0
train,WEB00861.jpg,WEB,861,0,Neither,0,0
train,WEB00862.jpg,WEB,862,0,Neither,0,0
train,WEB00863.jpg,WEB,863,0,Neither,0,0
train,WEB00864.jpg,WEB,864,0,Neither,0,0
train,WEB00865.jpg,WEB,865,0,Neither,0,0
train,WEB00866.jpg,WEB,866,0,Neither,0,0
train,WEB00867.jpg,WEB,867,0,Neither,0,0
train,WEB00868.jpg,WEB,868,0,Neither,0,0
train,WEB00869.jpg,WEB,869,0,Neither,0,0
train,WEB00870.jpg,WEB,870,0,Neither,0,0
train,WEB00871.jpg,WEB,871,0,Neither,0,0
train,WEB00872.jpg,WEB,872,0,Neither,0,0
train,WEB00873.jpg,WEB,873,0,Neither,0,0
train,WEB00874.jpg,WEB,874,0,Neither,0,0
train,WEB00876.jpg,WEB,876,0,Neither,0,0
train,WEB00877.jpg,WEB,877,0,Neither,0,0
train,WEB00878.jpg,WEB,878,0,Neither,0,0
train,WEB00879.jpg,WEB,879,0,Neither,0,0
train,WEB00880.jpg,WEB,880,0,Neither,0,0
train,WEB00881.jpg,WEB,881,0,Neither,0,0
train,WEB00882.jpg,WEB,882,0,Neither,0,0
train,WEB00883.jpg,WEB,883,0,Neither,0,0
train,WEB00884.jpg,WEB,884,0,Neither,0,0
train,WEB00885.jpg,WEB,885,0,Neither,0,0
train,WEB00886.jpg,WEB,886,0,Neither,0,0
train,WEB00887.jpg,WEB,887,0,Neither,0,0
train,WEB00888.jpg,WEB,888,0,Neither,0,0
train,WEB00889.jpg,WEB,889,0,Neither,0,0
train,WEB00890.jpg,WEB,890,0,Neither,0,0
train,WEB00891.jpg,WEB,891,0,Neither,0,0
train,WEB00892.jpg,WEB,892,0,Neither,0,0
train,WEB00893.jpg,WEB,893,0,Neither,0,0
train,WEB00894.jpg,WEB,894,0,Neither,0,0
train,WEB00895.jpg,WEB,895,0,Neither,0,0
train,WEB00896.jpg,WEB,896,0,Neither,0,0
train,WEB00898.jpg,WEB,898,0,Neither,0,0
train,WEB00899.jpg,WEB,899,0,Neither,0,0
train,WEB00900.jpg,WEB,900,0,Neither,0,0
train,WEB00901.jpg,WEB,901,0,Neither,0,0
train,WEB00904.jpg,WEB,904,0,Neither,0,0
train,WEB00905.jpg,WEB,905,0,Neither,0,0
train,WEB00907.jpg,WEB,907,0,Neither,0,0
train,WEB00909.jpg,WEB,909,0,Neither,0,0
train,WEB00910.jpg,WEB,910,0,Neither,0,0
train,WEB00911.jpg,WEB,911,0,Neither,0,0
train,WEB00912.jpg,WEB,912,0,Neither,0,0
train,WEB00913.jpg,WEB,913,0,Neither,0,0
train,WEB00914.jpg,WEB,914,0,Neither,0,0
train,WEB00916.jpg,WEB,916,0,Neither,0,0
train,WEB00917.jpg,WEB,917,0,Neither,0,0
train,WEB00918.jpg,WEB,918,0,Neither,0,0
train,WEB00921.jpg,WEB,921,0,Neither,0,0
train,WEB00922.jpg,WEB,922,0,Neither,0,0
train,WEB00923.jpg,WEB,923,0,Neither,0,0
train,WEB00924.jpg,WEB,924,0,Neither,0,0
train,WEB00926.jpg,WEB,926,0,Neither,0,0
train,WEB00928.jpg,WEB,928,0,Neither,0,0
train,WEB00929.jpg,WEB,929,0,Neither,0,0
train,WEB00930.jpg,WEB,930,0,Neither,0,0
train,WEB00931.jpg,WEB,931,0,Neither,0,0
train,WEB00934.jpg,WEB,934,0,Neither,0,0
train,WEB00935.jpg,WEB,935,0,Neither,0,0
train,WEB00936.jpg,WEB,936,0,Neither,0,0
train,WEB00937.jpg,WEB,937,0,Neither,0,0
train,WEB00938.jpg,WEB,938,0,Neither,0,0
train,WEB00940.jpg,WEB,940,0,Neither,0,0
train,WEB00941.jpg,WEB,941,0,Neither,0,0
train,WEB00942.jpg,WEB,942,0,Neither,0,0
train,WEB00943.jpg,WEB,943,0,Neither,0,0
train,WEB00944.jpg,WEB,944,0,Neither,0,0
train,WEB00945.jpg,WEB,945,0,Neither,0,0
train,WEB00946.jpg,WEB,946,0,Neither,0,0
train,WEB00947.jpg,WEB,947,0,Neither,0,0
train,WEB00948.jpg,WEB,948,0,Neither,0,0
train,WEB00949.jpg,WEB,949,0,Neither,0,0
train,WEB00950.jpg,WEB,950,0,Neither,0,0
train,WEB00951.jpg,WEB,951,0,Neither,0,0
train,WEB00953.jpg,WEB,953,0,Neither,0,0
train,WEB00955.jpg,WEB,955,0,Neither,0,0
train,WEB00956.jpg,WEB,956,0,Neither,0,0
train,WEB00957.jpg,WEB,957,0,Neither,0,0
train,WEB00958.jpg,WEB,958,0,Neither,0,0
train,WEB00959.jpg,WEB,959,0,Neither,0,0
train,WEB00960.jpg,WEB,960,0,Neither,0,0
train,WEB00961.jpg,WEB,961,0,Neither,0,0
train,WEB00962.jpg,WEB,962,0,Neither,0,0
train,WEB00964.jpg,WEB,964,0,Neither,0,0
train,WEB00967.jpg,WEB,967,0,Neither,0,0
train,WEB00969.jpg,WEB,969,0,Neither,0,0
train,WEB00970.jpg,WEB,970,0,Neither,0,0
train,WEB00971.jpg,WEB,971,0,Neither,0,0
train,WEB00972.jpg,WEB,972,0,Neither,0,0
train,WEB00973.jpg,WEB,973,0,Neither,0,0
train,WEB00975.jpg,WEB,975,0,Neither,0,0
train,WEB00976.jpg,WEB,976,0,Neither,0,0
train,WEB00977.jpg,WEB,977,0,Neither,0,0
train,WEB00978.jpg,WEB,978,0,Neither,0,0
train,WEB00980.jpg,WEB,980,0,Neither,0,0
train,WEB00981.jpg,WEB,981,0,Neither,0,0
train,WEB00983.jpg,WEB,983,0,Neither,0,0
train,WEB00984.jpg,WEB,984,0,Neither,0,0
train,WEB00985.jpg,WEB,985,0,Neither,0,0
train,WEB00988.jpg,WEB,988,0,Neither,0,0
train,WEB00990.jpg,WEB,990,0,Neither,0,0
train,WEB00991.jpg,WEB,991,0,Neither,0,0
train,WEB00993.jpg,WEB,993,0,Neither,0,0
train,WEB00994.jpg,WEB,994,0,Neither,0,0
train,WEB00995.jpg,WEB,995,0,Neither,0,0
train,WEB00997.jpg,WEB,997,0,Neither,0,0
train,WEB00998.jpg,WEB,998,0,Neither,0,0
train,WEB00999.jpg,WEB,999,0,Neither,0,0
train,WEB01000.jpg,WEB,1000,0,Neither,0,0
train,WEB01003.jpg,WEB,1003,0,Neither,0,0
train,WEB01004.jpg,WEB,1004,0,Neither,0,0
train,WEB01005.jpg,WEB,1005,0,Neither,0,0
train,WEB01007.jpg,WEB,1007,0,Neither,0,0
train,WEB01009.jpg,WEB,1009,0,Neither,0,0
train,WEB01010.jpg,WEB,1010,0,Neither,0,0
train,WEB01011.jpg,WEB,1011,0,Neither,0,0
train,WEB01012.jpg,WEB,1012,0,Neither,0,0
train,WEB01013.jpg,WEB,1013,0,Neither,0,0
train,WEB01014.jpg,WEB,1014,0,Neither,0,0
train,WEB01015.jpg,WEB,1015,0,Neither,0,0
train,WEB01016.jpg,WEB,1016,0,Neither,0,0
train,WEB01017.jpg,WEB,1017,0,Neither,0,0
train,WEB01018.jpg,WEB,1018,0,Neither,0,0
train,WEB01020.jpg,WEB,1020,0,Neither,0,0
train,WEB01022.jpg,WEB,1022,0,Neither,0,0
train,WEB01023.jpg,WEB,1023,0,Neither,0,0
train,WEB01025.jpg,WEB,1025,0,Neither,0,0
train,WEB01026.jpg,WEB,1026,0,Neither,0,0
train,WEB01027.jpg,WEB,1027,0,Neither,0,0
train,WEB01028.jpg,WEB,1028,0,Neither,0,0
train,WEB01029.jpg,WEB,1029,0,Neither,0,0
train,WEB01030.jpg,WEB,1030,0,Neither,0,0
train,WEB01031.jpg,WEB,1031,0,Neither,0,0
train,WEB01033.jpg,WEB,1033,0,Neither,0,0
train,WEB01034.jpg,WEB,1034,0,Neither,0,0
train,WEB01037.jpg,WEB,1037,0,Neither,0,0
train,WEB01038.jpg,WEB,1038,0,Neither,0,0
train,WEB01039.jpg,WEB,1039,0,Neither,0,0
train,WEB01040.jpg,WEB,1040,0,Neither,0,0
train,WEB01041.jpg,WEB,1041,0,Neither,0,0
train,WEB01042.jpg,WEB,1042,0,Neither,0,0
train,WEB01043.jpg,WEB,1043,0,Neither,0,0
train,WEB01044.jpg,WEB,1044,0,Neither,0,0
train,WEB01045.jpg,WEB,1045,0,Neither,0,0
train,WEB01046.jpg,WEB,1046,0,Neither,0,0
train,WEB01047.jpg,WEB,1047,0,Neither,0,0
train,WEB01048.jpg,WEB,1048,0,Neither,0,0
train,WEB01050.jpg,WEB,1050,0,Neither,0,0
train,WEB01051.jpg,WEB,1051,0,Neither,0,0
train,WEB01052.jpg,WEB,1052,0,Neither,0,0
train,WEB01053.jpg,WEB,1053,0,Neither,0,0
train,WEB01055.jpg,WEB,1055,0,Neither,0,0
train,WEB01056.jpg,WEB,1056,0,Neither,0,0
train,WEB01057.jpg,WEB,1057,0,Neither,0,0
train,WEB01058.jpg,WEB,1058,0,Neither,0,0
train,WEB01059.jpg,WEB,1059,0,Neither,0,0
train,WEB01060.jpg,WEB,1060,0,Neither,0,0
train,WEB01061.jpg,WEB,1061,0,Neither,0,0
train,WEB01062.jpg,WEB,1062,0,Neither,0,0
train,WEB01063.jpg,WEB,1063,0,Neither,0,0
train,WEB01064.jpg,WEB,1064,0,Neither,0,0
train,WEB01065.jpg,WEB,1065,0,Neither,0,0
train,WEB01066.jpg,WEB,1066,0,Neither,0,0
train,WEB01067.jpg,WEB,1067,0,Neither,0,0
train,WEB01068.jpg,WEB,1068,0,Neither,0,0
train,WEB01069.jpg,WEB,1069,0,Neither,0,0
train,WEB01070.jpg,WEB,1070,0,Neither,0,0
train,WEB01071.jpg,WEB,1071,0,Neither,0,0
train,WEB01072.jpg,WEB,1072,0,Neither,0,0
train,WEB01073.jpg,WEB,1073,0,Neither,0,0
train,WEB01074.jpg,WEB,1074,0,Neither,0,0
train,WEB01075.jpg,WEB,1075,0,Neither,0,0
train,WEB01076.jpg,WEB,1076,0,Neither,0,0
train,WEB01077.jpg,WEB,1077,0,Neither,0,0
train,WEB01078.jpg,WEB,1078,0,Neither,0,0
train,WEB01079.jpg,WEB,1079,0,Neither,0,0
train,WEB01080.jpg,WEB,1080,0,Neither,0,0
train,WEB01081.jpg,WEB,1081,0,Neither,0,0
train,WEB01082.jpg,WEB,1082,0,Neither,0,0
train,WEB01083.jpg,WEB,1083,0,Neither,0,0
train,WEB01084.jpg,WEB,1084,0,Neither,0,0
train,WEB01085.jpg,WEB,1085,0,Neither,0,0
train,WEB01086.jpg,WEB,1086,0,Neither,0,0
train,WEB01087.jpg,WEB,1087,0,Neither,0,0
train,WEB01088.jpg,WEB,1088,0,Neither,0,0
train,WEB01089.jpg,WEB,1089,0,Neither,0,0
train,WEB01090.jpg,WEB,1090,0,Neither,0,0
train,WEB01091.jpg,WEB,1091,0,Neither,0,0
train,WEB01092.jpg,WEB,1092,0,Neither,0,0
train,WEB01093.jpg,WEB,1093,0,Neither,0,0
train,WEB01094.jpg,WEB,1094,0,Neither,0,0
train,WEB01095.jpg,WEB,1095,0,Neither,0,0
train,WEB01096.jpg,WEB,1096,0,Neither,0,0
train,WEB01097.jpg,WEB,1097,0,Neither,0,0
train,WEB01098.jpg,WEB,1098,0,Neither,0,0
train,WEB01100.jpg,WEB,1100,0,Neither,0,0
train,WEB01102.jpg,WEB,1102,0,Neither,0,0
train,WEB01103.jpg,WEB,1103,0,Neither,0,0
train,WEB01105.jpg,WEB,1105,0,Neither,0,0
train,WEB01106.jpg,WEB,1106,0,Neither,0,0
train,WEB01108.jpg,WEB,1108,0,Neither,0,0
train,WEB01111.jpg,WEB,1111,0,Neither,0,0
train,WEB01112.jpg,WEB,1112,0,Neither,0,0
train,WEB01114.jpg,WEB,1114,0,Neither,0,0
train,WEB01115.jpg,WEB,1115,0,Neither,0,0
train,WEB01116.jpg,WEB,1116,0,Neither,0,0
train,WEB01117.jpg,WEB,1117,0,Neither,0,0
train,WEB01118.jpg,WEB,1118,0,Neither,0,0
train,WEB01119.jpg,WEB,1119,0,Neither,0,0
train,WEB01120.jpg,WEB,1120,0,Neither,0,0
train,WEB01121.jpg,WEB,1121,0,Neither,0,0
train,WEB01122.jpg,WEB,1122,0,Neither,0,0
train,WEB01123.jpg,WEB,1123,0,Neither,0,0
train,WEB01124.jpg,WEB,1124,0,Neither,0,0
train,WEB01125.jpg,WEB,1125,0,Neither,0,0
train,WEB01126.jpg,WEB,1126,0,Neither,0,0
train,WEB01127.jpg,WEB,1127,0,Neither,0,0
train,WEB01128.jpg,WEB,1128,0,Neither,0,0
train,WEB01129.jpg,WEB,1129,0,Neither,0,0
train,WEB01130.jpg,WEB,1130,0,Neither,0,0
train,WEB01131.jpg,WEB,1131,0,Neither,0,0
train,WEB01133.jpg,WEB,1133,0,Neither,0,0
train,WEB01134.jpg,WEB,1134,0,Neither,0,0
train,WEB01136.jpg,WEB,1136,0,Neither,0,0
train,WEB01138.jpg,WEB,1138,0,Neither,0,0
train,WEB01139.jpg,WEB,1139,0,Neither,0,0
train,WEB01140.jpg,WEB,1140,0,Neither,0,0
train,WEB01142.jpg,WEB,1142,0,Neither,0,0
train,WEB01143.jpg,WEB,1143,0,Neither,0,0
train,WEB01144.jpg,WEB,1144,0,Neither,0,0
train,WEB01145.jpg,WEB,1145,0,Neither,0,0
train,WEB01146.jpg,WEB,1146,0,Neither,0,0
train,WEB01147.jpg,WEB,1147,0,Neither,0,0
train,WEB01148.jpg,WEB,1148,0,Neither,0,0
train,WEB01149.jpg,WEB,1149,0,Neither,0,0
train,WEB01150.jpg,WEB,1150,0,Neither,0,0
train,WEB01151.jpg,WEB,1151,0,Neither,0,0
train,WEB01153.jpg,WEB,1153,0,Neither,0,0
train,WEB01154.jpg,WEB,1154,0,Neither,0,0
train,WEB01155.jpg,WEB,1155,0,Neither,0,0
train,WEB01156.jpg,WEB,1156,0,Neither,0,0
train,WEB01157.jpg,WEB,1157,0,Neither,0,0
train,WEB01158.jpg,WEB,1158,0,Neither,0,0
train,WEB01161.jpg,WEB,1161,0,Neither,0,0
train,WEB01162.jpg,WEB,1162,0,Neither,0,0
train,WEB01163.jpg,WEB,1163,0,Neither,0,0
train,WEB01164.jpg,WEB,1164,0,Neither,0,0
train,WEB01166.jpg,WEB,1166,0,Neither,0,0
train,WEB01167.jpg,WEB,1167,0,Neither,0,0
train,WEB01168.jpg,WEB,1168,0,Neither,0,0
train,WEB01169.jpg,WEB,1169,0,Neither,0,0
train,WEB01170.jpg,WEB,1170,0,Neither,0,0
train,WEB01171.jpg,WEB,1171,0,Neither,0,0
train,WEB01172.jpg,WEB,1172,0,Neither,0,0
train,WEB01173.jpg,WEB,1173,0,Neither,0,0
train,WEB01175.jpg,WEB,1175,0,Neither,0,0
train,WEB01177.jpg,WEB,1177,0,Neither,0,0
train,WEB01178.jpg,WEB,1178,0,Neither,0,0
train,WEB01180.jpg,WEB,1180,0,Neither,0,0
train,WEB01181.jpg,WEB,1181,0,Neither,0,0
train,WEB01184.jpg,WEB,1184,0,Neither,0,0
train,WEB01185.jpg,WEB,1185,0,Neither,0,0
train,WEB01186.jpg,WEB,1186,0,Neither,0,0
train,WEB01187.jpg,WEB,1187,0,Neither,0,0
train,WEB01188.jpg,WEB,1188,0,Neither,0,0
train,WEB01189.jpg,WEB,1189,0,Neither,0,0
train,WEB01190.jpg,WEB,1190,0,Neither,0,0
train,WEB01191.jpg,WEB,1191,0,Neither,0,0
train,WEB01192.jpg,WEB,1192,0,Neither,0,0
train,WEB01193.jpg,WEB,1193,0,Neither,0,0
train,WEB01194.jpg,WEB,1194,0,Neither,0,0
train,WEB01195.jpg,WEB,1195,0,Neither,0,0
train,WEB01196.jpg,WEB,1196,0,Neither,0,0
train,WEB01197.jpg,WEB,1197,0,Neither,0,0
train,WEB01198.jpg,WEB,1198,0,Neither,0,0
train,WEB01199.jpg,WEB,1199,0,Neither,0,0
train,WEB01200.jpg,WEB,1200,0,Neither,0,0
train,WEB01201.jpg,WEB,1201,0,Neither,0,0
train,WEB01202.jpg,WEB,1202,0,Neither,0,0
train,WEB01203.jpg,WEB,1203,0,Neither,0,0
train,WEB01204.jpg,WEB,1204,0,Neither,0,0
train,WEB01206.jpg,WEB,1206,0,Neither,0,0
train,WEB01208.jpg,WEB,1208,0,Neither,0,0
train,WEB01210.jpg,WEB,1210,0,Neither,0,0
train,WEB01211.jpg,WEB,1211,0,Neither,0,0
train,WEB01212.jpg,WEB,1212,0,Neither,0,0
train,WEB01213.jpg,WEB,1213,0,Neither,0,0
train,WEB01214.jpg,WEB,1214,0,Neither,0,0
train,WEB01215.jpg,WEB,1215,0,Neither,0,0
train,WEB01216.jpg,WEB,1216,0,Neither,0,0
train,WEB01217.jpg,WEB,1217,0,Neither,0,0
train,WEB01218.jpg,WEB,1218,0,Neither,0,0
train,WEB01219.jpg,WEB,1219,0,Neither,0,0
train,WEB01221.jpg,WEB,1221,0,Neither,0,0
train,WEB01222.jpg,WEB,1222,0,Neither,0,0
train,WEB01223.jpg,WEB,1223,0,Neither,0,0
train,WEB01224.jpg,WEB,1224,0,Neither,0,0
train,WEB01225.jpg,WEB,1225,0,Neither,0,0
train,WEB01226.jpg,WEB,1226,0,Neither,0,0
train,WEB01227.jpg,WEB,1227,0,Neither,0,0
train,WEB01228.jpg,WEB,1228,0,Neither,0,0
train,WEB01229.jpg,WEB,1229,0,Neither,0,0
train,WEB01230.jpg,WEB,1230,0,Neither,0,0
train,WEB01231.jpg,WEB,1231,0,Neither,0,0
train,WEB01232.jpg,WEB,1232,0,Neither,0,0
train,WEB01233.jpg,WEB,1233,0,Neither,0,0
train,WEB01234.jpg,WEB,1234,0,Neither,0,0
train,WEB01235.jpg,WEB,1235,0,Neither,0,0
train,WEB01236.jpg,WEB,1236,0,Neither,0,0
train,WEB01237.jpg,WEB,1237,0,Neither,0,0
train,WEB01238.jpg,WEB,1238,0,Neither,0,0
train,WEB01239.jpg,WEB,1239,0,Neither,0,0
train,WEB01240.jpg,WEB,1240,0,Neither,0,0
train,WEB01242.jpg,WEB,1242,0,Neither,0,0
train,WEB01243.jpg,WEB,1243,0,Neither,0,0
train,WEB01245.jpg,WEB,1245,0,Neither,0,0
train,WEB01248.jpg,WEB,1248,0,Neither,0,0
train,WEB01250.jpg,WEB,1250,0,Neither,0,0
train,WEB01251.jpg,WEB,1251,0,Neither,0,0
train,WEB01252.jpg,WEB,1252,0,Neither,0,0
train,WEB01253.jpg,WEB,1253,0,Neither,0,0
train,WEB01254.jpg,WEB,1254,0,Neither,0,0
train,WEB01255.jpg,WEB,1255,0,Neither,0,0
train,WEB01256.jpg,WEB,1256,0,Neither,0,0
train,WEB01257.jpg,WEB,1257,0,Neither,0,0
train,WEB01258.jpg,WEB,1258,0,Neither,0,0
train,WEB01259.jpg,WEB,1259,0,Neither,0,0
train,WEB01260.jpg,WEB,1260,0,Neither,0,0
train,WEB01261.jpg,WEB,1261,0,Neither,0,0
train,WEB01262.jpg,WEB,1262,0,Neither,0,0
train,WEB01263.jpg,WEB,1263,0,Neither,0,0
train,WEB01265.jpg,WEB,1265,0,Neither,0,0
train,WEB01266.jpg,WEB,1266,0,Neither,0,0
train,WEB01267.jpg,WEB,1267,0,Neither,0,0
train,WEB01268.jpg,WEB,1268,0,Neither,0,0
train,WEB01269.jpg,WEB,1269,0,Neither,0,0
train,WEB01270.jpg,WEB,1270,0,Neither,0,0
train,WEB01271.jpg,WEB,1271,0,Neither,0,0
train,WEB01272.jpg,WEB,1272,0,Neither,0,0
train,WEB01273.jpg,WEB,1273,0,Neither,0,0
train,WEB01274.jpg,WEB,1274,0,Neither,0,0
train,WEB01275.jpg,WEB,1275,0,Neither,0,0
train,WEB01276.jpg,WEB,1276,0,Neither,0,0
train,WEB01277.jpg,WEB,1277,0,Neither,0,0
train,WEB01279.jpg,WEB,1279,0,Neither,0,0
train,WEB01281.jpg,WEB,1281,0,Neither,0,0
train,WEB01282.jpg,WEB,1282,0,Neither,0,0
train,WEB01284.jpg,WEB,1284,0,Neither,0,0
train,WEB01285.jpg,WEB,1285,0,Neither,0,0
train,WEB01286.jpg,WEB,1286,0,Neither,0,0
train,WEB01287.jpg,WEB,1287,0,Neither,0,0
train,WEB01289.jpg,WEB,1289,0,Neither,0,0
train,WEB01291.jpg,WEB,1291,0,Neither,0,0
train,WEB01292.jpg,WEB,1292,0,Neither,0,0
train,WEB01293.jpg,WEB,1293,0,Neither,0,0
train,WEB01294.jpg,WEB,1294,0,Neither,0,0
train,WEB01295.jpg,WEB,1295,0,Neither,0,0
train,WEB01297.jpg,WEB,1297,0,Neither,0,0
train,WEB01298.jpg,WEB,1298,0,Neither,0,0
train,WEB01299.jpg,WEB,1299,0,Neither,0,0
train,WEB01300.jpg,WEB,1300,0,Neither,0,0
train,WEB01301.jpg,WEB,1301,0,Neither,0,0
train,WEB01302.jpg,WEB,1302,0,Neither,0,0
train,WEB01303.jpg,WEB,1303,0,Neither,0,0
train,WEB01305.jpg,WEB,1305,0,Neither,0,0
train,WEB01307.jpg,WEB,1307,0,Neither,0,0
train,WEB01308.jpg,WEB,1308,0,Neither,0,0
train,WEB01310.jpg,WEB,1310,0,Neither,0,0
train,WEB01311.jpg,WEB,1311,0,Neither,0,0
train,WEB01312.jpg,WEB,1312,0,Neither,0,0
train,WEB01313.jpg,WEB,1313,0,Neither,0,0
train,WEB01314.jpg,WEB,1314,0,Neither,0,0
train,WEB01315.jpg,WEB,1315,0,Neither,0,0
train,WEB01316.jpg,WEB,1316,0,Neither,0,0
train,WEB01317.jpg,WEB,1317,0,Neither,0,0
train,WEB01318.jpg,WEB,1318,0,Neither,0,0
train,WEB01319.jpg,WEB,1319,0,Neither,0,0
train,WEB01321.jpg,WEB,1321,0,Neither,0,0
train,WEB01322.jpg,WEB,1322,0,Neither,0,0
train,WEB01323.jpg,WEB,1323,0,Neither,0,0
train,WEB01324.jpg,WEB,1324,0,Neither,0,0
train,WEB01325.jpg,WEB,1325,0,Neither,0,0
train,WEB01326.jpg,WEB,1326,0,Neither,0,0
train,WEB01327.jpg,WEB,1327,0,Neither,0,0
train,WEB01328.jpg,WEB,1328,0,Neither,0,0
train,WEB01329.jpg,WEB,1329,0,Neither,0,0
train,WEB01330.jpg,WEB,1330,0,Neither,0,0
train,WEB01331.jpg,WEB,1331,0,Neither,0,0
train,WEB01332.jpg,WEB,1332,0,Neither,0,0
train,WEB01333.jpg,WEB,1333,0,Neither,0,0
train,WEB01334.jpg,WEB,1334,0,Neither,0,0
train,WEB01335.jpg,WEB,1335,0,Neither,0,0
train,WEB01336.jpg,WEB,1336,0,Neither,0,0
train,WEB01338.jpg,WEB,1338,0,Neither,0,0
train,WEB01339.jpg,WEB,1339,0,Neither,0,0
train,WEB01340.jpg,WEB,1340,0,Neither,0,0
train,WEB01341.jpg,WEB,1341,0,Neither,0,0
train,WEB01342.jpg,WEB,1342,0,Neither,0,0
train,WEB01343.jpg,WEB,1343,0,Neither,0,0
train,WEB01344.jpg,WEB,1344,0,Neither,0,0
train,WEB01345.jpg,WEB,1345,0,Neither,0,0
train,WEB01346.jpg,WEB,1346,0,Neither,0,0
train,WEB01347.jpg,WEB,1347,0,Neither,0,0
train,WEB01348.jpg,WEB,1348,0,Neither,0,0
train,WEB01349.jpg,WEB,1349,0,Neither,0,0
train,WEB01350.jpg,WEB,1350,0,Neither,0,0
train,WEB01351.jpg,WEB,1351,0,Neither,0,0
train,WEB01352.jpg,WEB,1352,0,Neither,0,0
train,WEB01353.jpg,WEB,1353,0,Neither,0,0
train,WEB01354.jpg,WEB,1354,0,Neither,0,0
train,WEB01355.jpg,WEB,1355,0,Neither,0,0
train,WEB01356.jpg,WEB,1356,0,Neither,0,0
train,WEB01357.jpg,WEB,1357,0,Neither,0,0
train,WEB01358.jpg,WEB,1358,0,Neither,0,0
train,WEB01359.jpg,WEB,1359,0,Neither,0,0
train,WEB01360.jpg,WEB,1360,0,Neither,0,0
train,WEB01361.jpg,WEB,1361,0,Neither,0,0
train,WEB01363.jpg,WEB,1363,0,Neither,0,0
train,WEB01364.jpg,WEB,1364,0,Neither,0,0
train,WEB01365.jpg,WEB,1365,0,Neither,0,0
train,WEB01366.jpg,WEB,1366,0,Neither,0,0
train,WEB01367.jpg,WEB,1367,0,Neither,0,0
train,WEB01368.jpg,WEB,1368,0,Neither,0,0
train,WEB01369.jpg,WEB,1369,0,Neither,0,0
train,WEB01371.jpg,WEB,1371,0,Neither,0,0
train,WEB01373.jpg,WEB,1373,0,Neither,0,0
train,WEB01374.jpg,WEB,1374,0,Neither,0,0
train,WEB01375.jpg,WEB,1375,0,Neither,0,0
train,WEB01376.jpg,WEB,1376,0,Neither,0,0
train,WEB01377.jpg,WEB,1377,0,Neither,0,0
train,WEB01378.jpg,WEB,1378,0,Neither,0,0
train,WEB01379.jpg,WEB,1379,0,Neither,0,0
train,WEB01380.jpg,WEB,1380,0,Neither,0,0
train,WEB01382.jpg,WEB,1382,0,Neither,0,0
train,WEB01383.jpg,WEB,1383,0,Neither,0,0
train,WEB01384.jpg,WEB,1384,0,Neither,0,0
train,WEB01385.jpg,WEB,1385,0,Neither,0,0
train,WEB01386.jpg,WEB,1386,0,Neither,0,0
train,WEB01387.jpg,WEB,1387,0,Neither,0,0
train,WEB01388.jpg,WEB,1388,0,Neither,0,0
train,WEB01390.jpg,WEB,1390,0,Neither,0,0
train,WEB01393.jpg,WEB,1393,0,Neither,0,0
train,WEB01395.jpg,WEB,1395,0,Neither,0,0
train,WEB01396.jpg,WEB,1396,0,Neither,0,0
train,WEB01397.jpg,WEB,1397,0,Neither,0,0
train,WEB01398.jpg,WEB,1398,0,Neither,0,0
train,WEB01399.jpg,WEB,1399,0,Neither,0,0
train,WEB01400.jpg,WEB,1400,0,Neither,0,0
train,WEB01401.jpg,WEB,1401,0,Neither,0,0
train,WEB01402.jpg,WEB,1402,0,Neither,0,0
train,WEB01403.jpg,WEB,1403,0,Neither,0,0
train,WEB01404.jpg,WEB,1404,0,Neither,0,0
train,WEB01405.jpg,WEB,1405,0,Neither,0,0
train,WEB01407.jpg,WEB,1407,0,Neither,0,0
train,WEB01408.jpg,WEB,1408,0,Neither,0,0
train,WEB01409.jpg,WEB,1409,0,Neither,0,0
train,WEB01410.jpg,WEB,1410,0,Neither,0,0
train,WEB01411.jpg,WEB,1411,0,Neither,0,0
train,WEB01412.jpg,WEB,1412,0,Neither,0,0
train,WEB01413.jpg,WEB,1413,0,Neither,0,0
train,WEB01414.jpg,WEB,1414,0,Neither,0,0
train,WEB01415.jpg,WEB,1415,0,Neither,0,0
train,WEB01416.jpg,WEB,1416,0,Neither,0,0
train,WEB01417.jpg,WEB,1417,0,Neither,0,0
train,WEB01418.jpg,WEB,1418,0,Neither,0,0
train,WEB01419.jpg,WEB,1419,0,Neither,0,0
train,WEB01420.jpg,WEB,1420,0,Neither,0,0
train,WEB01421.jpg,WEB,1421,0,Neither,0,0
train,WEB01422.jpg,WEB,1422,0,Neither,0,0
train,WEB01423.jpg,WEB,1423,0,Neither,0,0
train,WEB01425.jpg,WEB,1425,0,Neither,0,0
train,WEB01426.jpg,WEB,1426,0,Neither,0,0
train,WEB01427.jpg,WEB,1427,0,Neither,0,0
train,WEB01428.jpg,WEB,1428,0,Neither,0,0
train,WEB01429.jpg,WEB,1429,0,Neither,0,0
train,WEB01430.jpg,WEB,1430,0,Neither,0,0
train,WEB01432.jpg,WEB,1432,0,Neither,0,0
train,WEB01433.jpg,WEB,1433,0,Neither,0,0
train,WEB01434.jpg,WEB,1434,0,Neither,0,0
train,WEB01436.jpg,WEB,1436,0,Neither,0,0
train,WEB01437.jpg,WEB,1437,0,Neither,0,0
train,WEB01438.jpg,WEB,1438,0,Neither,0,0
train,WEB01440.jpg,WEB,1440,0,Neither,0,0
train,WEB01441.jpg,WEB,1441,0,Neither,0,0
train,WEB01442.jpg,WEB,1442,0,Neither,0,0
train,WEB01444.jpg,WEB,1444,0,Neither,0,0
train,WEB01445.jpg,WEB,1445,0,Neither,0,0
train,WEB01446.jpg,WEB,1446,0,Neither,0,0
train,WEB01448.jpg,WEB,1448,0,Neither,0,0
train,WEB01449.jpg,WEB,1449,0,Neither,0,0
train,WEB01450.jpg,WEB,1450,0,Neither,0,0
train,WEB01451.jpg,WEB,1451,0,Neither,0,0
train,WEB01452.jpg,WEB,1452,0,Neither,0,0
train,WEB01453.jpg,WEB,1453,0,Neither,0,0
train,WEB01454.jpg,WEB,1454,0,Neither,0,0
train,WEB01455.jpg,WEB,1455,0,Neither,0,0
train,WEB01458.jpg,WEB,1458,0,Neither,0,0
train,WEB01459.jpg,WEB,1459,0,Neither,0,0
train,WEB01460.jpg,WEB,1460,0,Neither,0,0
train,WEB01462.jpg,WEB,1462,0,Neither,0,0
train,WEB01463.jpg,WEB,1463,0,Neither,0,0
train,WEB01464.jpg,WEB,1464,0,Neither,0,0
train,WEB01465.jpg,WEB,1465,0,Neither,0,0
train,WEB01466.jpg,WEB,1466,0,Neither,0,0
train,WEB01467.jpg,WEB,1467,0,Neither,0,0
train,WEB01468.jpg,WEB,1468,0,Neither,0,0
train,WEB01469.jpg,WEB,1469,0,Neither,0,0
train,WEB01470.jpg,WEB,1470,0,Neither,0,0
train,WEB01471.jpg,WEB,1471,0,Neither,0,0
train,WEB01472.jpg,WEB,1472,0,Neither,0,0
train,WEB01473.jpg,WEB,1473,0,Neither,0,0
train,WEB01474.jpg,WEB,1474,0,Neither,0,0
train,WEB01475.jpg,WEB,1475,0,Neither,0,0
train,WEB01476.jpg,WEB,1476,0,Neither,0,0
train,WEB01478.jpg,WEB,1478,0,Neither,0,0
train,WEB01480.jpg,WEB,1480,0,Neither,0,0
train,WEB01481.jpg,WEB,1481,0,Neither,0,0
train,WEB01483.jpg,WEB,1483,0,Neither,0,0
train,WEB01484.jpg,WEB,1484,0,Neither,0,0
train,WEB01485.jpg,WEB,1485,0,Neither,0,0
train,WEB01486.jpg,WEB,1486,0,Neither,0,0
train,WEB01487.jpg,WEB,1487,0,Neither,0,0
train,WEB01488.jpg,WEB,1488,0,Neither,0,0
train,WEB01489.jpg,WEB,1489,0,Neither,0,0
train,WEB01490.jpg,WEB,1490,0,Neither,0,0
train,WEB01491.jpg,WEB,1491,0,Neither,0,0
train,WEB01492.jpg,WEB,1492,0,Neither,0,0
train,WEB01493.jpg,WEB,1493,0,Neither,0,0
train,WEB01495.jpg,WEB,1495,0,Neither,0,0
train,WEB01496.jpg,WEB,1496,0,Neither,0,0
train,WEB01497.jpg,WEB,1497,0,Neither,0,0
train,WEB01498.jpg,WEB,1498,0,Neither,0,0
train,WEB01499.jpg,WEB,1499,0,Neither,0,0
train,WEB01500.jpg,WEB,1500,0,Neither,0,0
train,WEB01501.jpg,WEB,1501,0,Neither,0,0
train,WEB01502.jpg,WEB,1502,0,Neither,0,0
train,WEB01503.jpg,WEB,1503,0,Neither,0,0
train,WEB01505.jpg,WEB,1505,0,Neither,0,0
train,WEB01506.jpg,WEB,1506,0,Neither,0,0
train,WEB01507.jpg,WEB,1507,0,Neither,0,0
train,WEB01508.jpg,WEB,1508,0,Neither,0,0
train,WEB01509.jpg,WEB,1509,0,Neither,0,0
train,WEB01511.jpg,WEB,1511,0,Neither,0,0
train,WEB01512.jpg,WEB,1512,0,Neither,0,0
train,WEB01513.jpg,WEB,1513,0,Neither,0,0
train,WEB01514.jpg,WEB,1514,0,Neither,0,0
train,WEB01515.jpg,WEB,1515,0,Neither,0,0
train,WEB01516.jpg,WEB,1516,0,Neither,0,0
train,WEB01517.jpg,WEB,1517,0,Neither,0,0
train,WEB01518.jpg,WEB,1518,0,Neither,0,0
train,WEB01519.jpg,WEB,1519,0,Neither,0,0
train,WEB01521.jpg,WEB,1521,0,Neither,0,0
train,WEB01522.jpg,WEB,1522,0,Neither,0,0
train,WEB01523.jpg,WEB,1523,0,Neither,0,0
train,WEB01525.jpg,WEB,1525,0,Neither,0,0
train,WEB01526.jpg,WEB,1526,0,Neither,0,0
train,WEB01528.jpg,WEB,1528,0,Neither,0,0
train,WEB01529.jpg,WEB,1529,0,Neither,0,0
train,WEB01530.jpg,WEB,1530,0,Neither,0,0
train,WEB01531.jpg,WEB,1531,0,Neither,0,0
train,WEB01532.jpg,WEB,1532,0,Neither,0,0
train,WEB01533.jpg,WEB,1533,0,Neither,0,0
train,WEB01534.jpg,WEB,1534,0,Neither,0,0
train,WEB01535.jpg,WEB,1535,0,Neither,0,0
train,WEB01537.jpg,WEB,1537,0,Neither,0,0
train,WEB01538.jpg,WEB,1538,0,Neither,0,0
train,WEB01539.jpg,WEB,1539,0,Neither,0,0
train,WEB01541.jpg,WEB,1541,0,Neither,0,0
train,WEB01542.jpg,WEB,1542,0,Neither,0,0
train,WEB01543.jpg,WEB,1543,0,Neither,0,0
train,WEB01544.jpg,WEB,1544,0,Neither,0,0
train,WEB01546.jpg,WEB,1546,0,Neither,0,0
train,WEB01547.jpg,WEB,1547,0,Neither,0,0
train,WEB01548.jpg,WEB,1548,0,Neither,0,0
train,WEB01549.jpg,WEB,1549,0,Neither,0,0
train,WEB01550.jpg,WEB,1550,0,Neither,0,0
train,WEB01551.jpg,WEB,1551,0,Neither,0,0
train,WEB01552.jpg,WEB,1552,0,Neither,0,0
train,WEB01554.jpg,WEB,1554,0,Neither,0,0
train,WEB01555.jpg,WEB,1555,0,Neither,0,0
train,WEB01556.jpg,WEB,1556,0,Neither,0,0
train,WEB01557.jpg,WEB,1557,0,Neither,0,0
train,WEB01558.jpg,WEB,1558,0,Neither,0,0
train,WEB01559.jpg,WEB,1559,0,Neither,0,0
train,WEB01560.jpg,WEB,1560,0,Neither,0,0
train,WEB01561.jpg,WEB,1561,0,Neither,0,0
train,WEB01562.jpg,WEB,1562,0,Neither,0,0
train,WEB01563.jpg,WEB,1563,0,Neither,0,0
train,WEB01564.jpg,WEB,1564,0,Neither,0,0
train,WEB01565.jpg,WEB,1565,0,Neither,0,0
train,WEB01566.jpg,WEB,1566,0,Neither,0,0
train,WEB01567.jpg,WEB,1567,0,Neither,0,0
train,WEB01569.jpg,WEB,1569,0,Neither,0,0
train,WEB01570.jpg,WEB,1570,0,Neither,0,0
train,WEB01571.jpg,WEB,1571,0,Neither,0,0
train,WEB01572.jpg,WEB,1572,0,Neither,0,0
train,WEB01573.jpg,WEB,1573,0,Neither,0,0
train,WEB01574.jpg,WEB,1574,0,Neither,0,0
train,WEB01575.jpg,WEB,1575,0,Neither,0,0
train,WEB01577.jpg,WEB,1577,0,Neither,0,0
train,WEB01578.jpg,WEB,1578,0,Neither,0,0
train,WEB01579.jpg,WEB,1579,0,Neither,0,0
train,WEB01580.jpg,WEB,1580,0,Neither,0,0
train,WEB01581.jpg,WEB,1581,0,Neither,0,0
train,WEB01582.jpg,WEB,1582,0,Neither,0,0
train,WEB01583.jpg,WEB,1583,0,Neither,0,0
train,WEB01584.jpg,WEB,1584,0,Neither,0,0
train,WEB01586.jpg,WEB,1586,0,Neither,0,0
train,WEB01588.jpg,WEB,1588,0,Neither,0,0
train,WEB01589.jpg,WEB,1589,0,Neither,0,0
train,WEB01590.jpg,WEB,1590,0,Neither,0,0
train,WEB01591.jpg,WEB,1591,0,Neither,0,0
train,WEB01592.jpg,WEB,1592,0,Neither,0,0
train,WEB01593.jpg,WEB,1593,0,Neither,0,0
train,WEB01594.jpg,WEB,1594,0,Neither,0,0
train,WEB01597.jpg,WEB,1597,0,Neither,0,0
train,WEB01598.jpg,WEB,1598,0,Neither,0,0
train,WEB01599.jpg,WEB,1599,0,Neither,0,0
train,WEB01600.jpg,WEB,1600,0,Neither,0,0
train,WEB01601.jpg,WEB,1601,0,Neither,0,0
train,WEB01602.jpg,WEB,1602,0,Neither,0,0
train,WEB01603.jpg,WEB,1603,0,Neither,0,0
train,WEB01604.jpg,WEB,1604,0,Neither,0,0
train,WEB01605.jpg,WEB,1605,0,Neither,0,0
train,WEB01606.jpg,WEB,1606,0,Neither,0,0
train,WEB01607.jpg,WEB,1607,0,Neither,0,0
train,WEB01608.jpg,WEB,1608,0,Neither,0,0
train,WEB01609.jpg,WEB,1609,0,Neither,0,0
train,WEB01610.jpg,WEB,1610,0,Neither,0,0
train,WEB01611.jpg,WEB,1611,0,Neither,0,0
train,WEB01612.jpg,WEB,1612,0,Neither,0,0
train,WEB01613.jpg,WEB,1613,0,Neither,0,0
train,WEB01614.jpg,WEB,1614,0,Neither,0,0
train,WEB01615.jpg,WEB,1615,0,Neither,0,0
train,WEB01617.jpg,WEB,1617,0,Neither,0,0
train,WEB01618.jpg,WEB,1618,0,Neither,0,0
train,WEB01621.jpg,WEB,1621,0,Neither,0,0
train,WEB01622.jpg,WEB,1622,0,Neither,0,0
train,WEB01624.jpg,WEB,1624,0,Neither,0,0
train,WEB01625.jpg,WEB,1625,0,Neither,0,0
train,WEB01627.jpg,WEB,1627,0,Neither,0,0
train,WEB01628.jpg,WEB,1628,0,Neither,0,0
train,WEB01629.jpg,WEB,1629,0,Neither,0,0
train,WEB01630.jpg,WEB,1630,0,Neither,0,0
train,WEB01631.jpg,WEB,1631,0,Neither,0,0
train,WEB01632.jpg,WEB,1632,0,Neither,0,0
train,WEB01633.jpg,WEB,1633,0,Neither,0,0
train,WEB01634.jpg,WEB,1634,0,Neither,0,0
train,WEB01635.jpg,WEB,1635,0,Neither,0,0
train,WEB01636.jpg,WEB,1636,0,Neither,0,0
train,WEB01637.jpg,WEB,1637,0,Neither,0,0
train,WEB01638.jpg,WEB,1638,0,Neither,0,0
train,WEB01639.jpg,WEB,1639,0,Neither,0,0
train,WEB01640.jpg,WEB,1640,0,Neither,0,0
train,WEB01641.jpg,WEB,1641,0,Neither,0,0
train,WEB01642.jpg,WEB,1642,0,Neither,0,0
train,WEB01644.jpg,WEB,1644,0,Neither,0,0
train,WEB01645.jpg,WEB,1645,0,Neither,0,0
train,WEB01646.jpg,WEB,1646,0,Neither,0,0
train,WEB01647.jpg,WEB,1647,0,Neither,0,0
train,WEB01648.jpg,WEB,1648,0,Neither,0,0
train,WEB01649.jpg,WEB,1649,0,Neither,0,0
train,WEB01650.jpg,WEB,1650,0,Neither,0,0
train,WEB01651.jpg,WEB,1651,0,Neither,0,0
train,WEB01652.jpg,WEB,1652,0,Neither,0,0
train,WEB01653.jpg,WEB,1653,0,Neither,0,0
train,WEB01654.jpg,WEB,1654,0,Neither,0,0
train,WEB01655.jpg,WEB,1655,0,Neither,0,0
train,WEB01656.jpg,WEB,1656,0,Neither,0,0
train,WEB01657.jpg,WEB,1657,0,Neither,0,0
train,WEB01658.jpg,WEB,1658,0,Neither,0,0
train,WEB01659.jpg,WEB,1659,0,Neither,0,0
train,WEB01660.jpg,WEB,1660,0,Neither,0,0
train,WEB01661.jpg,WEB,1661,0,Neither,0,0
train,WEB01662.jpg,WEB,1662,0,Neither,0,0
train,WEB01663.jpg,WEB,1663,0,Neither,0,0
train,WEB01664.jpg,WEB,1664,0,Neither,0,0
train,WEB01665.jpg,WEB,1665,0,Neither,0,0
train,WEB01666.jpg,WEB,1666,0,Neither,0,0
train,WEB01669.jpg,WEB,1669,0,Neither,0,0
train,WEB01671.jpg,WEB,1671,0,Neither,0,0
train,WEB01672.jpg,WEB,1672,0,Neither,0,0
train,WEB01673.jpg,WEB,1673,0,Neither,0,0
train,WEB01674.jpg,WEB,1674,0,Neither,0,0
train,WEB01675.jpg,WEB,1675,0,Neither,0,0
train,WEB01676.jpg,WEB,1676,0,Neither,0,0
train,WEB01677.jpg,WEB,1677,0,Neither,0,0
train,WEB01678.jpg,WEB,1678,0,Neither,0,0
train,WEB01679.jpg,WEB,1679,0,Neither,0,0
train,WEB01680.jpg,WEB,1680,0,Neither,0,0
train,WEB01681.jpg,WEB,1681,0,Neither,0,0
train,WEB01682.jpg,WEB,1682,0,Neither,0,0
train,WEB01684.jpg,WEB,1684,0,Neither,0,0
train,WEB01686.jpg,WEB,1686,0,Neither,0,0
train,WEB01687.jpg,WEB,1687,0,Neither,0,0
train,WEB01688.jpg,WEB,1688,0,Neither,0,0
train,WEB01689.jpg,WEB,1689,0,Neither,0,0
train,WEB01691.jpg,WEB,1691,0,Neither,0,0
train,WEB01693.jpg,WEB,1693,0,Neither,0,0
train,WEB01694.jpg,WEB,1694,0,Neither,0,0
train,WEB01695.jpg,WEB,1695,0,Neither,0,0
train,WEB01696.jpg,WEB,1696,0,Neither,0,0
train,WEB01697.jpg,WEB,1697,0,Neither,0,0
train,WEB01698.jpg,WEB,1698,0,Neither,0,0
train,WEB01699.jpg,WEB,1699,0,Neither,0,0
train,WEB01700.jpg,WEB,1700,0,Neither,0,0
train,WEB01701.jpg,WEB,1701,0,Neither,0,0
train,WEB01703.jpg,WEB,1703,0,Neither,0,0
train,WEB01704.jpg,WEB,1704,0,Neither,0,0
train,WEB01705.jpg,WEB,1705,0,Neither,0,0
train,WEB01706.jpg,WEB,1706,0,Neither,0,0
train,WEB01707.jpg,WEB,1707,0,Neither,0,0
train,WEB01708.jpg,WEB,1708,0,Neither,0,0
train,WEB01709.jpg,WEB,1709,0,Neither,0,0
train,WEB01713.jpg,WEB,1713,0,Neither,0,0
train,WEB01714.jpg,WEB,1714,0,Neither,0,0
train,WEB01716.jpg,WEB,1716,0,Neither,0,0
train,WEB01717.jpg,WEB,1717,0,Neither,0,0
train,WEB01718.jpg,WEB,1718,0,Neither,0,0
train,WEB01719.jpg,WEB,1719,0,Neither,0,0
train,WEB01720.jpg,WEB,1720,0,Neither,0,0
train,WEB01721.jpg,WEB,1721,0,Neither,0,0
train,WEB01723.jpg,WEB,1723,0,Neither,0,0
train,WEB01724.jpg,WEB,1724,0,Neither,0,0
train,WEB01725.jpg,WEB,1725,0,Neither,0,0
train,WEB01727.jpg,WEB,1727,0,Neither,0,0
train,WEB01728.jpg,WEB,1728,0,Neither,0,0
train,WEB01729.jpg,WEB,1729,0,Neither,0,0
train,WEB01730.jpg,WEB,1730,0,Neither,0,0
train,WEB01731.jpg,WEB,1731,0,Neither,0,0
train,WEB01734.jpg,WEB,1734,0,Neither,0,0
train,WEB01735.jpg,WEB,1735,0,Neither,0,0
train,WEB01736.jpg,WEB,1736,0,Neither,0,0
train,WEB01737.jpg,WEB,1737,0,Neither,0,0
train,WEB01738.jpg,WEB,1738,0,Neither,0,0
train,WEB01739.jpg,WEB,1739,0,Neither,0,0
train,WEB01740.jpg,WEB,1740,0,Neither,0,0
train,WEB01742.jpg,WEB,1742,0,Neither,0,0
train,WEB01743.jpg,WEB,1743,0,Neither,0,0
train,WEB01744.jpg,WEB,1744,0,Neither,0,0
train,WEB01745.jpg,WEB,1745,0,Neither,0,0
train,WEB01746.jpg,WEB,1746,0,Neither,0,0
train,WEB01747.jpg,WEB,1747,0,Neither,0,0
train,WEB01748.jpg,WEB,1748,0,Neither,0,0
train,WEB01749.jpg,WEB,1749,0,Neither,0,0
train,WEB01750.jpg,WEB,1750,0,Neither,0,0
train,WEB01751.jpg,WEB,1751,0,Neither,0,0
train,WEB01753.jpg,WEB,1753,0,Neither,0,0
train,WEB01754.jpg,WEB,1754,0,Neither,0,0
train,WEB01755.jpg,WEB,1755,0,Neither,0,0
train,WEB01757.jpg,WEB,1757,0,Neither,0,0
train,WEB01759.jpg,WEB,1759,0,Neither,0,0
train,WEB01760.jpg,WEB,1760,0,Neither,0,0
train,WEB01761.jpg,WEB,1761,0,Neither,0,0
train,WEB01762.jpg,WEB,1762,0,Neither,0,0
train,WEB01764.jpg,WEB,1764,0,Neither,0,0
train,WEB01765.jpg,WEB,1765,0,Neither,0,0
train,WEB01766.jpg,WEB,1766,0,Neither,0,0
train,WEB01767.jpg,WEB,1767,0,Neither,0,0
train,WEB01768.jpg,WEB,1768,0,Neither,0,0
train,WEB01769.jpg,WEB,1769,0,Neither,0,0
train,WEB01770.jpg,WEB,1770,0,Neither,0,0
train,WEB01771.jpg,WEB,1771,0,Neither,0,0
train,WEB01772.jpg,WEB,1772,0,Neither,0,0
train,WEB01773.jpg,WEB,1773,0,Neither,0,0
train,WEB01774.jpg,WEB,1774,0,Neither,0,0
train,WEB01775.jpg,WEB,1775,0,Neither,0,0
train,WEB01776.jpg,WEB,1776,0,Neither,0,0
train,WEB01777.jpg,WEB,1777,0,Neither,0,0
train,WEB01778.jpg,WEB,1778,0,Neither,0,0
train,WEB01779.jpg,WEB,1779,0,Neither,0,0
train,WEB01781.jpg,WEB,1781,0,Neither,0,0
train,WEB01782.jpg,WEB,1782,0,Neither,0,0
train,WEB01783.jpg,WEB,1783,0,Neither,0,0
train,WEB01785.jpg,WEB,1785,0,Neither,0,0
train,WEB01786.jpg,WEB,1786,0,Neither,0,0
train,WEB01787.jpg,WEB,1787,0,Neither,0,0
train,WEB01788.jpg,WEB,1788,0,Neither,0,0
train,WEB01789.jpg,WEB,1789,0,Neither,0,0
train,WEB01790.jpg,WEB,1790,0,Neither,0,0
train,WEB01791.jpg,WEB,1791,0,Neither,0,0
train,WEB01792.jpg,WEB,1792,0,Neither,0,0
train,WEB01793.jpg,WEB,1793,0,Neither,0,0
train,WEB01794.jpg,WEB,1794,0,Neither,0,0
train,WEB01795.jpg,WEB,1795,0,Neither,0,0
train,WEB01796.jpg,WEB,1796,0,Neither,0,0
train,WEB01797.jpg,WEB,1797,0,Neither,0,0
train,WEB01798.jpg,WEB,1798,0,Neither,0,0
train,WEB01799.jpg,WEB,1799,0,Neither,0,0
train,WEB01800.jpg,WEB,1800,0,Neither,0,0
train,WEB01801.jpg,WEB,1801,0,Neither,0,0
train,WEB01802.jpg,WEB,1802,0,Neither,0,0
train,WEB01803.jpg,WEB,1803,0,Neither,0,0
train,WEB01804.jpg,WEB,1804,0,Neither,0,0
train,WEB01805.jpg,WEB,1805,0,Neither,0,0
train,WEB01806.jpg,WEB,1806,0,Neither,0,0
train,WEB01807.jpg,WEB,1807,0,Neither,0,0
train,WEB01808.jpg,WEB,1808,0,Neither,0,0
train,WEB01809.jpg,WEB,1809,0,Neither,0,0
train,WEB01810.jpg,WEB,1810,0,Neither,0,0
train,WEB01811.jpg,WEB,1811,0,Neither,0,0
train,WEB01812.jpg,WEB,1812,0,Neither,0,0
train,WEB01813.jpg,WEB,1813,0,Neither,0,0
train,WEB01814.jpg,WEB,1814,0,Neither,0,0
train,WEB01815.jpg,WEB,1815,0,Neither,0,0
train,WEB01816.jpg,WEB,1816,0,Neither,0,0
train,WEB01817.jpg,WEB,1817,0,Neither,0,0
train,WEB01818.jpg,WEB,1818,0,Neither,0,0
train,WEB01819.jpg,WEB,1819,0,Neither,0,0
train,WEB01820.jpg,WEB,1820,0,Neither,0,0
train,WEB01822.jpg,WEB,1822,0,Neither,0,0
train,WEB01823.jpg,WEB,1823,0,Neither,0,0
train,WEB01824.jpg,WEB,1824,0,Neither,0,0
train,WEB01825.jpg,WEB,1825,0,Neither,0,0
train,WEB01826.jpg,WEB,1826,0,Neither,0,0
train,WEB01827.jpg,WEB,1827,0,Neither,0,0
train,WEB01828.jpg,WEB,1828,0,Neither,0,0
train,WEB01829.jpg,WEB,1829,0,Neither,0,0
train,WEB01830.jpg,WEB,1830,0,Neither,0,0
train,WEB01831.jpg,WEB,1831,0,Neither,0,0
train,WEB01832.jpg,WEB,1832,0,Neither,0,0
train,WEB01833.jpg,WEB,1833,0,Neither,0,0
train,WEB01834.jpg,WEB,1834,0,Neither,0,0
train,WEB01835.jpg,WEB,1835,0,Neither,0,0
train,WEB01836.jpg,WEB,1836,0,Neither,0,0
train,WEB01837.jpg,WEB,1837,0,Neither,0,0
train,WEB01838.jpg,WEB,1838,0,Neither,0,0
train,WEB01839.jpg,WEB,1839,0,Neither,0,0
train,WEB01840.jpg,WEB,1840,0,Neither,0,0
train,WEB01841.jpg,WEB,1841,0,Neither,0,0
train,WEB01842.jpg,WEB,1842,0,Neither,0,0
train,WEB01843.jpg,WEB,1843,0,Neither,0,0
train,WEB01844.jpg,WEB,1844,0,Neither,0,0
train,WEB01845.jpg,WEB,1845,0,Neither,0,0
train,WEB01846.jpg,WEB,1846,0,Neither,0,0
train,WEB01847.jpg,WEB,1847,0,Neither,0,0
train,WEB01848.jpg,WEB,1848,0,Neither,0,0
train,WEB01849.jpg,WEB,1849,0,Neither,0,0
train,WEB01850.jpg,WEB,1850,0,Neither,0,0
train,WEB01851.jpg,WEB,1851,0,Neither,0,0
train,WEB01852.jpg,WEB,1852,0,Neither,0,0
train,WEB01853.jpg,WEB,1853,0,Neither,0,0
train,WEB01854.jpg,WEB,1854,0,Neither,0,0
train,WEB01855.jpg,WEB,1855,0,Neither,0,0
train,WEB01856.jpg,WEB,1856,0,Neither,0,0
train,WEB01857.jpg,WEB,1857,0,Neither,0,0
train,WEB01858.jpg,WEB,1858,0,Neither,0,0
train,WEB01859.jpg,WEB,1859,0,Neither,0,0
train,WEB01860.jpg,WEB,1860,0,Neither,0,0
train,WEB01862.jpg,WEB,1862,0,Neither,0,0
train,WEB01863.jpg,WEB,1863,0,Neither,0,0
train,WEB01864.jpg,WEB,1864,0,Neither,0,0
train,WEB01865.jpg,WEB,1865,0,Neither,0,0
train,WEB01866.jpg,WEB,1866,0,Neither,0,0
train,WEB01867.jpg,WEB,1867,0,Neither,0,0
train,WEB01868.jpg,WEB,1868,0,Neither,0,0
train,WEB01869.jpg,WEB,1869,0,Neither,0,0
train,WEB01870.jpg,WEB,1870,0,Neither,0,0
train,WEB01871.jpg,WEB,1871,0,Neither,0,0
train,WEB01872.jpg,WEB,1872,0,Neither,0,0
train,WEB01873.jpg,WEB,1873,0,Neither,0,0
train,WEB01874.jpg,WEB,1874,0,Neither,0,0
train,WEB01876.jpg,WEB,1876,0,Neither,0,0
train,WEB01877.jpg,WEB,1877,0,Neither,0,0
train,WEB01879.jpg,WEB,1879,0,Neither,0,0
train,WEB01880.jpg,WEB,1880,0,Neither,0,0
train,WEB01881.jpg,WEB,1881,0,Neither,0,0
train,WEB01882.jpg,WEB,1882,0,Neither,0,0
train,WEB01883.jpg,WEB,1883,0,Neither,0,0
train,WEB01884.jpg,WEB,1884,0,Neither,0,0
train,WEB01886.jpg,WEB,1886,0,Neither,0,0
train,WEB01887.jpg,WEB,1887,0,Neither,0,0
train,WEB01888.jpg,WEB,1888,0,Neither,0,0
train,WEB01891.jpg,WEB,1891,0,Neither,0,0
train,WEB01892.jpg,WEB,1892,0,Neither,0,0
train,WEB01893.jpg,WEB,1893,0,Neither,0,0
train,WEB01894.jpg,WEB,1894,0,Neither,0,0
train,WEB01895.jpg,WEB,1895,0,Neither,0,0
train,WEB01896.jpg,WEB,1896,0,Neither,0,0
train,WEB01897.jpg,WEB,1897,0,Neither,0,0
train,WEB01900.jpg,WEB,1900,0,Neither,0,0
train,WEB01903.jpg,WEB,1903,0,Neither,0,0
train,WEB01904.jpg,WEB,1904,0,Neither,0,0
train,WEB01905.jpg,WEB,1905,0,Neither,0,0
train,WEB01906.jpg,WEB,1906,0,Neither,0,0
train,WEB01907.jpg,WEB,1907,0,Neither,0,0
train,WEB01908.jpg,WEB,1908,0,Neither,0,0
train,WEB01909.jpg,WEB,1909,0,Neither,0,0
train,WEB01910.jpg,WEB,1910,0,Neither,0,0
train,WEB01912.jpg,WEB,1912,0,Neither,0,0
train,WEB01914.jpg,WEB,1914,0,Neither,0,0
train,WEB01915.jpg,WEB,1915,0,Neither,0,0
train,WEB01916.jpg,WEB,1916,0,Neither,0,0
train,WEB01917.jpg,WEB,1917,0,Neither,0,0
train,WEB01918.jpg,WEB,1918,0,Neither,0,0
train,WEB01919.jpg,WEB,1919,0,Neither,0,0
train,WEB01920.jpg,WEB,1920,0,Neither,0,0
train,WEB01921.jpg,WEB,1921,0,Neither,0,0
train,WEB01922.jpg,WEB,1922,0,Neither,0,0
train,WEB01923.jpg,WEB,1923,0,Neither,0,0
train,WEB01924.jpg,WEB,1924,0,Neither,0,0
train,WEB01925.jpg,WEB,1925,0,Neither,0,0
train,WEB01926.jpg,WEB,1926,0,Neither,0,0
train,WEB01927.jpg,WEB,1927,0,Neither,0,0
train,WEB01928.jpg,WEB,1928,0,Neither,0,0
train,WEB01929.jpg,WEB,1929,0,Neither,0,0
train,WEB01930.jpg,WEB,1930,0,Neither,0,0
train,WEB01931.jpg,WEB,1931,0,Neither,0,0
train,WEB01932.jpg,WEB,1932,0,Neither,0,0
train,WEB01934.jpg,WEB,1934,0,Neither,0,0
train,WEB01935.jpg,WEB,1935,0,Neither,0,0
train,WEB01936.jpg,WEB,1936,0,Neither,0,0
train,WEB01937.jpg,WEB,1937,0,Neither,0,0
train,WEB01938.jpg,WEB,1938,0,Neither,0,0
train,WEB01939.jpg,WEB,1939,0,Neither,0,0
train,WEB01940.jpg,WEB,1940,0,Neither,0,0
train,WEB01942.jpg,WEB,1942,0,Neither,0,0
train,WEB01944.jpg,WEB,1944,0,Neither,0,0
train,WEB01945.jpg,WEB,1945,3,Both,1,2
train,WEB01947.jpg,WEB,1947,0,Neither,0,0
train,WEB01948.jpg,WEB,1948,0,Neither,0,0
train,WEB01949.jpg,WEB,1949,0,Neither,0,0
train,WEB01950.jpg,WEB,1950,0,Neither,0,0
train,WEB01951.jpg,WEB,1951,0,Neither,0,0
train,WEB01952.jpg,WEB,1952,0,Neither,0,0
train,WEB01953.jpg,WEB,1953,0,Neither,0,0
train,WEB01954.jpg,WEB,1954,0,Neither,0,0
train,WEB01955.jpg,WEB,1955,0,Neither,0,0
train,WEB01956.jpg,WEB,1956,0,Neither,0,0
train,WEB01957.jpg,WEB,1957,0,Neither,0,0
train,WEB01959.jpg,WEB,1959,0,Neither,0,0
train,WEB01960.jpg,WEB,1960,0,Neither,0,0
train,WEB01961.jpg,WEB,1961,0,Neither,0,0
train,WEB01962.jpg,WEB,1962,0,Neither,0,0
train,WEB01963.jpg,WEB,1963,0,Neither,0,0
train,WEB01964.jpg,WEB,1964,0,Neither,0,0
train,WEB01966.jpg,WEB,1966,0,Neither,0,0
train,WEB01967.jpg,WEB,1967,0,Neither,0,0
train,WEB01968.jpg,WEB,1968,0,Neither,0,0
train,WEB01969.jpg,WEB,1969,0,Neither,0,0
train,WEB01970.jpg,WEB,1970,0,Neither,0,0
train,WEB01971.jpg,WEB,1971,0,Neither,0,0
train,WEB01972.jpg,WEB,1972,0,Neither,0,0
train,WEB01973.jpg,WEB,1973,0,Neither,0,0
train,WEB01974.jpg,WEB,1974,0,Neither,0,0
train,WEB01975.jpg,WEB,1975,0,Neither,0,0
train,WEB01976.jpg,WEB,1976,0,Neither,0,0
train,WEB01977.jpg,WEB,1977,0,Neither,0,0
train,WEB01979.jpg,WEB,1979,0,Neither,0,0
train,WEB01980.jpg,WEB,1980,0,Neither,0,0
train,WEB01981.jpg,WEB,1981,0,Neither,0,0
train,WEB01983.jpg,WEB,1983,0,Neither,0,0
train,WEB01984.jpg,WEB,1984,0,Neither,0,0
train,WEB01985.jpg,WEB,1985,0,Neither,0,0
train,WEB01986.jpg,WEB,1986,0,Neither,0,0
train,WEB01987.jpg,WEB,1987,0,Neither,0,0
train,WEB01989.jpg,WEB,1989,0,Neither,0,0
train,WEB01990.jpg,WEB,1990,0,Neither,0,0
train,WEB01991.jpg,WEB,1991,0,Neither,0,0
train,WEB01992.jpg,WEB,1992,0,Neither,0,0
train,WEB01993.jpg,WEB,1993,0,Neither,0,0
train,WEB01995.jpg,WEB,1995,0,Neither,0,0
train,WEB01997.jpg,WEB,1997,0,Neither,0,0
train,WEB02000.jpg,WEB,2000,0,Neither,0,0
train,WEB02001.jpg,WEB,2001,0,Neither,0,0
train,WEB02002.jpg,WEB,2002,0,Neither,0,0
train,WEB02003.jpg,WEB,2003,0,Neither,0,0
train,WEB02005.jpg,WEB,2005,0,Neither,0,0
train,WEB02006.jpg,WEB,2006,0,Neither,0,0
train,WEB02007.jpg,WEB,2007,0,Neither,0,0
train,WEB02008.jpg,WEB,2008,0,Neither,0,0
train,WEB02009.jpg,WEB,2009,0,Neither,0,0
train,WEB02010.jpg,WEB,2010,0,Neither,0,0
train,WEB02011.jpg,WEB,2011,0,Neither,0,0
train,WEB02012.jpg,WEB,2012,0,Neither,0,0
train,WEB02013.jpg,WEB,2013,0,Neither,0,0
train,WEB02014.jpg,WEB,2014,0,Neither,0,0
train,WEB02015.jpg,WEB,2015,0,Neither,0,0
train,WEB02016.jpg,WEB,2016,0,Neither,0,0
train,WEB02017.jpg,WEB,2017,0,Neither,0,0
train,WEB02018.jpg,WEB,2018,0,Neither,0,0
train,WEB02020.jpg,WEB,2020,0,Neither,0,0
train,WEB02021.jpg,WEB,2021,0,Neither,0,0
train,WEB02022.jpg,WEB,2022,0,Neither,0,0
train,WEB02023.jpg,WEB,2023,0,Neither,0,0
train,WEB02024.jpg,WEB,2024,0,Neither,0,0
train,WEB02025.jpg,WEB,2025,0,Neither,0,0
train,WEB02027.jpg,WEB,2027,0,Neither,0,0
train,WEB02028.jpg,WEB,2028,0,Neither,0,0
train,WEB02029.jpg,WEB,2029,0,Neither,0,0
train,WEB02030.jpg,WEB,2030,0,Neither,0,0
train,WEB02031.jpg,WEB,2031,0,Neither,0,0
train,WEB02032.jpg,WEB,2032,0,Neither,0,0
train,WEB02033.jpg,WEB,2033,0,Neither,0,0
train,WEB02034.jpg,WEB,2034,0,Neither,0,0
train,WEB02035.jpg,WEB,2035,0,Neither,0,0
train,WEB02036.jpg,WEB,2036,0,Neither,0,0
train,WEB02037.jpg,WEB,2037,0,Neither,0,0
train,WEB02039.jpg,WEB,2039,0,Neither,0,0
train,WEB02040.jpg,WEB,2040,0,Neither,0,0
train,WEB02041.jpg,WEB,2041,0,Neither,0,0
train,WEB02042.jpg,WEB,2042,0,Neither,0,0
train,WEB02043.jpg,WEB,2043,0,Neither,0,0
train,WEB02044.jpg,WEB,2044,0,Neither,0,0
train,WEB02045.jpg,WEB,2045,0,Neither,0,0
train,WEB02048.jpg,WEB,2048,0,Neither,0,0
train,WEB02049.jpg,WEB,2049,0,Neither,0,0
train,WEB02050.jpg,WEB,2050,0,Neither,0,0
train,WEB02051.jpg,WEB,2051,0,Neither,0,0
train,WEB02056.jpg,WEB,2056,0,Neither,0,0
train,WEB02058.jpg,WEB,2058,0,Neither,0,0
train,WEB02059.jpg,WEB,2059,0,Neither,0,0
train,WEB02060.jpg,WEB,2060,0,Neither,0,0
train,WEB02062.jpg,WEB,2062,0,Neither,0,0
train,WEB02063.jpg,WEB,2063,0,Neither,0,0
train,WEB02065.jpg,WEB,2065,0,Neither,0,0
train,WEB02067.jpg,WEB,2067,0,Neither,0,0
train,WEB02068.jpg,WEB,2068,0,Neither,0,0
train,WEB02069.jpg,WEB,2069,0,Neither,0,0
train,WEB02070.jpg,WEB,2070,0,Neither,0,0
train,WEB02071.jpg,WEB,2071,0,Neither,0,0
train,WEB02072.jpg,WEB,2072,0,Neither,0,0
train,WEB02073.jpg,WEB,2073,0,Neither,0,0
train,WEB02074.jpg,WEB,2074,0,Neither,0,0
train,WEB02075.jpg,WEB,2075,0,Neither,0,0
train,WEB02076.jpg,WEB,2076,0,Neither,0,0
train,WEB02077.jpg,WEB,2077,0,Neither,0,0
train,WEB02078.jpg,WEB,2078,0,Neither,0,0
train,WEB02079.jpg,WEB,2079,0,Neither,0,0
train,WEB02080.jpg,WEB,2080,0,Neither,0,0
train,WEB02081.jpg,WEB,2081,0,Neither,0,0
train,WEB02082.jpg,WEB,2082,0,Neither,0,0
train,WEB02083.jpg,WEB,2083,0,Neither,0,0
train,WEB02084.jpg,WEB,2084,0,Neither,0,0
train,WEB02085.jpg,WEB,2085,0,Neither,0,0
train,WEB02086.jpg,WEB,2086,0,Neither,0,0
train,WEB02087.jpg,WEB,2087,0,Neither,0,0
train,WEB02088.jpg,WEB,2088,0,Neither,0,0
train,WEB02089.jpg,WEB,2089,0,Neither,0,0
train,WEB02090.jpg,WEB,2090,0,Neither,0,0
train,WEB02091.jpg,WEB,2091,0,Neither,0,0
train,WEB02093.jpg,WEB,2093,0,Neither,0,0
train,WEB02095.jpg,WEB,2095,0,Neither,0,0
train,WEB02097.jpg,WEB,2097,0,Neither,0,0
train,WEB02098.jpg,WEB,2098,0,Neither,0,0
train,WEB02099.jpg,WEB,2099,0,Neither,0,0
train,WEB02100.jpg,WEB,2100,0,Neither,0,0
train,WEB02101.jpg,WEB,2101,0,Neither,0,0
train,WEB02102.jpg,WEB,2102,0,Neither,0,0
train,WEB02103.jpg,WEB,2103,0,Neither,0,0
train,WEB02104.jpg,WEB,2104,0,Neither,0,0
train,WEB02105.jpg,WEB,2105,0,Neither,0,0
train,WEB02106.jpg,WEB,2106,0,Neither,0,0
train,WEB02107.jpg,WEB,2107,0,Neither,0,0
train,WEB02108.jpg,WEB,2108,0,Neither,0,0
train,WEB02110.jpg,WEB,2110,0,Neither,0,0
train,WEB02111.jpg,WEB,2111,0,Neither,0,0
train,WEB02112.jpg,WEB,2112,0,Neither,0,0
train,WEB02113.jpg,WEB,2113,0,Neither,0,0
train,WEB02114.jpg,WEB,2114,0,Neither,0,0
train,WEB02117.jpg,WEB,2117,0,Neither,0,0
train,WEB02118.jpg,WEB,2118,0,Neither,0,0
train,WEB02119.jpg,WEB,2119,0,Neither,0,0
train,WEB02120.jpg,WEB,2120,0,Neither,0,0
train,WEB02121.jpg,WEB,2121,0,Neither,0,0
train,WEB02123.jpg,WEB,2123,0,Neither,0,0
train,WEB02124.jpg,WEB,2124,0,Neither,0,0
train,WEB02126.jpg,WEB,2126,0,Neither,0,0
train,WEB02127.jpg,WEB,2127,0,Neither,0,0
train,WEB02128.jpg,WEB,2128,0,Neither,0,0
train,WEB02129.jpg,WEB,2129,0,Neither,0,0
train,WEB02130.jpg,WEB,2130,0,Neither,0,0
train,WEB02131.jpg,WEB,2131,0,Neither,0,0
train,WEB02132.jpg,WEB,2132,0,Neither,0,0
train,WEB02134.jpg,WEB,2134,0,Neither,0,0
train,WEB02135.jpg,WEB,2135,0,Neither,0,0
train,WEB02136.jpg,WEB,2136,0,Neither,0,0
train,WEB02137.jpg,WEB,2137,0,Neither,0,0
train,WEB02138.jpg,WEB,2138,0,Neither,0,0
train,WEB02139.jpg,WEB,2139,0,Neither,0,0
train,WEB02140.jpg,WEB,2140,0,Neither,0,0
train,WEB02142.jpg,WEB,2142,0,Neither,0,0
train,WEB02143.jpg,WEB,2143,0,Neither,0,0
train,WEB02144.jpg,WEB,2144,0,Neither,0,0
train,WEB02145.jpg,WEB,2145,0,Neither,0,0
train,WEB02146.jpg,WEB,2146,0,Neither,0,0
train,WEB02147.jpg,WEB,2147,0,Neither,0,0
train,WEB02148.jpg,WEB,2148,0,Neither,0,0
train,WEB02149.jpg,WEB,2149,0,Neither,0,0
train,WEB02150.jpg,WEB,2150,0,Neither,0,0
train,WEB02151.jpg,WEB,2151,0,Neither,0,0
train,WEB02152.jpg,WEB,2152,0,Neither,0,0
train,WEB02154.jpg,WEB,2154,0,Neither,0,0
train,WEB02155.jpg,WEB,2155,0,Neither,0,0
train,WEB02156.jpg,WEB,2156,0,Neither,0,0
train,WEB02158.jpg,WEB,2158,0,Neither,0,0
train,WEB02159.jpg,WEB,2159,0,Neither,0,0
train,WEB02160.jpg,WEB,2160,0,Neither,0,0
train,WEB02161.jpg,WEB,2161,0,Neither,0,0
train,WEB02162.jpg,WEB,2162,0,Neither,0,0
train,WEB02163.jpg,WEB,2163,0,Neither,0,0
train,WEB02164.jpg,WEB,2164,0,Neither,0,0
train,WEB02166.jpg,WEB,2166,0,Neither,0,0
train,WEB02168.jpg,WEB,2168,0,Neither,0,0
train,WEB02170.jpg,WEB,2170,0,Neither,0,0
train,WEB02171.jpg,WEB,2171,0,Neither,0,0
train,WEB02172.jpg,WEB,2172,0,Neither,0,0
train,WEB02173.jpg,WEB,2173,1,Only_Fire,0,1
train,WEB02174.jpg,WEB,2174,1,Only_Fire,0,1
train,WEB02175.jpg,WEB,2175,0,Neither,0,0
train,WEB02176.jpg,WEB,2176,1,Only_Fire,0,1
train,WEB02177.jpg,WEB,2177,1,Only_Fire,0,1
train,WEB02178.jpg,WEB,2178,1,Only_Fire,0,1
train,WEB02180.jpg,WEB,2180,1,Only_Fire,0,1
train,WEB02181.jpg,WEB,2181,0,Neither,0,0
train,WEB02182.jpg,WEB,2182,0,Neither,0,0
train,WEB02183.jpg,WEB,2183,0,Neither,0,0
train,WEB02184.jpg,WEB,2184,0,Neither,0,0
train,WEB02185.jpg,WEB,2185,0,Neither,0,0
train,WEB02186.jpg,WEB,2186,0,Neither,0,0
train,WEB02187.jpg,WEB,2187,0,Neither,0,0
train,WEB02188.jpg,WEB,2188,0,Neither,0,0
train,WEB02190.jpg,WEB,2190,0,Neither,0,0
train,WEB02191.jpg,WEB,2191,0,Neither,0,0
train,WEB02192.jpg,WEB,2192,0,Neither,0,0
train,WEB02193.jpg,WEB,2193,0,Neither,0,0
train,WEB02195.jpg,WEB,2195,0,Neither,0,0
train,WEB02196.jpg,WEB,2196,0,Neither,0,0
train,WEB02197.jpg,WEB,2197,0,Neither,0,0
train,WEB02199.jpg,WEB,2199,0,Neither,0,0
train,WEB02200.jpg,WEB,2200,0,Neither,0,0
train,WEB02201.jpg,WEB,2201,0,Neither,0,0
train,WEB02202.jpg,WEB,2202,0,Neither,0,0
train,WEB02203.jpg,WEB,2203,0,Neither,0,0
train,WEB02205.jpg,WEB,2205,0,Neither,0,0
train,WEB02207.jpg,WEB,2207,0,Neither,0,0
train,WEB02208.jpg,WEB,2208,0,Neither,0,0
train,WEB02210.jpg,WEB,2210,0,Neither,0,0
train,WEB02212.jpg,WEB,2212,0,Neither,0,0
train,WEB02213.jpg,WEB,2213,0,Neither,0,0
train,WEB02214.jpg,WEB,2214,0,Neither,0,0
train,WEB02215.jpg,WEB,2215,0,Neither,0,0
train,WEB02216.jpg,WEB,2216,0,Neither,0,0
train,WEB02217.jpg,WEB,2217,0,Neither,0,0
train,WEB02218.jpg,WEB,2218,0,Neither,0,0
train,WEB02219.jpg,WEB,2219,0,Neither,0,0
train,WEB02223.jpg,WEB,2223,0,Neither,0,0
train,WEB02224.jpg,WEB,2224,0,Neither,0,0
train,WEB02225.jpg,WEB,2225,0,Neither,0,0
train,WEB02226.jpg,WEB,2226,0,Neither,0,0
train,WEB02228.jpg,WEB,2228,0,Neither,0,0
train,WEB02230.jpg,WEB,2230,0,Neither,0,0
train,WEB02231.jpg,WEB,2231,0,Neither,0,0
train,WEB02232.jpg,WEB,2232,0,Neither,0,0
train,WEB02233.jpg,WEB,2233,0,Neither,0,0
train,WEB02235.jpg,WEB,2235,0,Neither,0,0
train,WEB02236.jpg,WEB,2236,0,Neither,0,0
train,WEB02237.jpg,WEB,2237,0,Neither,0,0
train,WEB02238.jpg,WEB,2238,0,Neither,0,0
train,WEB02239.jpg,WEB,2239,0,Neither,0,0
train,WEB02240.jpg,WEB,2240,0,Neither,0,0
train,WEB02242.jpg,WEB,2242,0,Neither,0,0
train,WEB02243.jpg,WEB,2243,0,Neither,0,0
train,WEB02244.jpg,WEB,2244,0,Neither,0,0
train,WEB02245.jpg,WEB,2245,0,Neither,0,0
train,WEB02246.jpg,WEB,2246,0,Neither,0,0
train,WEB02247.jpg,WEB,2247,0,Neither,0,0
train,WEB02249.jpg,WEB,2249,0,Neither,0,0
train,WEB02250.jpg,WEB,2250,0,Neither,0,0
train,WEB02251.jpg,WEB,2251,0,Neither,0,0
train,WEB02253.jpg,WEB,2253,0,Neither,0,0
train,WEB02254.jpg,WEB,2254,0,Neither,0,0
train,WEB02255.jpg,WEB,2255,0,Neither,0,0
train,WEB02256.jpg,WEB,2256,0,Neither,0,0
train,WEB02257.jpg,WEB,2257,0,Neither,0,0
train,WEB02258.jpg,WEB,2258,0,Neither,0,0
train,WEB02259.jpg,WEB,2259,0,Neither,0,0
train,WEB02260.jpg,WEB,2260,0,Neither,0,0
train,WEB02262.jpg,WEB,2262,0,Neither,0,0
train,WEB02263.jpg,WEB,2263,0,Neither,0,0
train,WEB02265.jpg,WEB,2265,0,Neither,0,0
train,WEB02266.jpg,WEB,2266,0,Neither,0,0
train,WEB02267.jpg,WEB,2267,0,Neither,0,0
train,WEB02269.jpg,WEB,2269,0,Neither,0,0
train,WEB02270.jpg,WEB,2270,0,Neither,0,0
train,WEB02271.jpg,WEB,2271,0,Neither,0,0
train,WEB02272.jpg,WEB,2272,0,Neither,0,0
train,WEB02273.jpg,WEB,2273,0,Neither,0,0
train,WEB02275.jpg,WEB,2275,0,Neither,0,0
train,WEB02276.jpg,WEB,2276,0,Neither,0,0
train,WEB02277.jpg,WEB,2277,0,Neither,0,0
train,WEB02278.jpg,WEB,2278,0,Neither,0,0
train,WEB02279.jpg,WEB,2279,0,Neither,0,0
train,WEB02280.jpg,WEB,2280,0,Neither,0,0
train,WEB02282.jpg,WEB,2282,0,Neither,0,0
train,WEB02283.jpg,WEB,2283,0,Neither,0,0
train,WEB02285.jpg,WEB,2285,0,Neither,0,0
train,WEB02286.jpg,WEB,2286,0,Neither,0,0
train,WEB02287.jpg,WEB,2287,0,Neither,0,0
train,WEB02288.jpg,WEB,2288,0,Neither,0,0
train,WEB02289.jpg,WEB,2289,0,Neither,0,0
train,WEB02290.jpg,WEB,2290,0,Neither,0,0
train,WEB02292.jpg,WEB,2292,0,Neither,0,0
train,WEB02293.jpg,WEB,2293,0,Neither,0,0
train,WEB02294.jpg,WEB,2294,0,Neither,0,0
train,WEB02295.jpg,WEB,2295,0,Neither,0,0
train,WEB02296.jpg,WEB,2296,0,Neither,0,0
train,WEB02297.jpg,WEB,2297,0,Neither,0,0
train,WEB02299.jpg,WEB,2299,0,Neither,0,0
train,WEB02300.jpg,WEB,2300,0,Neither,0,0
train,WEB02301.jpg,WEB,2301,0,Neither,0,0
train,WEB02302.jpg,WEB,2302,0,Neither,0,0
train,WEB02303.jpg,WEB,2303,0,Neither,0,0
train,WEB02304.jpg,WEB,2304,0,Neither,0,0
train,WEB02305.jpg,WEB,2305,0,Neither,0,0
train,WEB02306.jpg,WEB,2306,0,Neither,0,0
train,WEB02307.jpg,WEB,2307,0,Neither,0,0
train,WEB02308.jpg,WEB,2308,0,Neither,0,0
train,WEB02309.jpg,WEB,2309,0,Neither,0,0
train,WEB02310.jpg,WEB,2310,0,Neither,0,0
train,WEB02311.jpg,WEB,2311,0,Neither,0,0
train,WEB02312.jpg,WEB,2312,0,Neither,0,0
train,WEB02313.jpg,WEB,2313,0,Neither,0,0
train,WEB02314.jpg,WEB,2314,0,Neither,0,0
train,WEB02315.jpg,WEB,2315,0,Neither,0,0
train,WEB02316.jpg,WEB,2316,0,Neither,0,0
train,WEB02318.jpg,WEB,2318,0,Neither,0,0
train,WEB02319.jpg,WEB,2319,0,Neither,0,0
train,WEB02321.jpg,WEB,2321,0,Neither,0,0
train,WEB02323.jpg,WEB,2323,0,Neither,0,0
train,WEB02324.jpg,WEB,2324,0,Neither,0,0
train,WEB02325.jpg,WEB,2325,0,Neither,0,0
train,WEB02326.jpg,WEB,2326,0,Neither,0,0
train,WEB02327.jpg,WEB,2327,0,Neither,0,0
train,WEB02329.jpg,WEB,2329,0,Neither,0,0
train,WEB02330.jpg,WEB,2330,0,Neither,0,0
train,WEB02331.jpg,WEB,2331,0,Neither,0,0
train,WEB02332.jpg,WEB,2332,0,Neither,0,0
train,WEB02333.jpg,WEB,2333,0,Neither,0,0
train,WEB02334.jpg,WEB,2334,0,Neither,0,0
train,WEB02335.jpg,WEB,2335,0,Neither,0,0
train,WEB02336.jpg,WEB,2336,0,Neither,0,0
train,WEB02337.jpg,WEB,2337,0,Neither,0,0
train,WEB02338.jpg,WEB,2338,0,Neither,0,0
train,WEB02340.jpg,WEB,2340,0,Neither,0,0
train,WEB02342.jpg,WEB,2342,0,Neither,0,0
train,WEB02343.jpg,WEB,2343,0,Neither,0,0
train,WEB02344.jpg,WEB,2344,0,Neither,0,0
train,WEB02345.jpg,WEB,2345,0,Neither,0,0
train,WEB02346.jpg,WEB,2346,0,Neither,0,0
train,WEB02347.jpg,WEB,2347,0,Neither,0,0
train,WEB02348.jpg,WEB,2348,0,Neither,0,0
train,WEB02349.jpg,WEB,2349,0,Neither,0,0
train,WEB02352.jpg,WEB,2352,0,Neither,0,0
train,WEB02353.jpg,WEB,2353,0,Neither,0,0
train,WEB02354.jpg,WEB,2354,0,Neither,0,0
train,WEB02355.jpg,WEB,2355,0,Neither,0,0
train,WEB02357.jpg,WEB,2357,0,Neither,0,0
train,WEB02358.jpg,WEB,2358,0,Neither,0,0
train,WEB02360.jpg,WEB,2360,0,Neither,0,0
train,WEB02361.jpg,WEB,2361,0,Neither,0,0
train,WEB02363.jpg,WEB,2363,0,Neither,0,0
train,WEB02364.jpg,WEB,2364,0,Neither,0,0
train,WEB02366.jpg,WEB,2366,0,Neither,0,0
train,WEB02367.jpg,WEB,2367,0,Neither,0,0
train,WEB02368.jpg,WEB,2368,0,Neither,0,0
train,WEB02369.jpg,WEB,2369,0,Neither,0,0
train,WEB02370.jpg,WEB,2370,0,Neither,0,0
train,WEB02371.jpg,WEB,2371,0,Neither,0,0
train,WEB02372.jpg,WEB,2372,0,Neither,0,0
train,WEB02374.jpg,WEB,2374,0,Neither,0,0
train,WEB02375.jpg,WEB,2375,0,Neither,0,0
train,WEB02376.jpg,WEB,2376,0,Neither,0,0
train,WEB02377.jpg,WEB,2377,0,Neither,0,0
train,WEB02378.jpg,WEB,2378,0,Neither,0,0
train,WEB02379.jpg,WEB,2379,0,Neither,0,0
train,WEB02380.jpg,WEB,2380,0,Neither,0,0
train,WEB02381.jpg,WEB,2381,0,Neither,0,0
train,WEB02383.jpg,WEB,2383,0,Neither,0,0
train,WEB02384.jpg,WEB,2384,0,Neither,0,0
train,WEB02385.jpg,WEB,2385,0,Neither,0,0
train,WEB02387.jpg,WEB,2387,0,Neither,0,0
train,WEB02388.jpg,WEB,2388,0,Neither,0,0
train,WEB02389.jpg,WEB,2389,0,Neither,0,0
train,WEB02390.jpg,WEB,2390,0,Neither,0,0
train,WEB02391.jpg,WEB,2391,0,Neither,0,0
train,WEB02392.jpg,WEB,2392,0,Neither,0,0
train,WEB02393.jpg,WEB,2393,0,Neither,0,0
train,WEB02394.jpg,WEB,2394,0,Neither,0,0
train,WEB02395.jpg,WEB,2395,0,Neither,0,0
train,WEB02398.jpg,WEB,2398,0,Neither,0,0
train,WEB02399.jpg,WEB,2399,0,Neither,0,0
train,WEB02400.jpg,WEB,2400,0,Neither,0,0
train,WEB02401.jpg,WEB,2401,0,Neither,0,0
train,WEB02403.jpg,WEB,2403,0,Neither,0,0
train,WEB02406.jpg,WEB,2406,0,Neither,0,0
train,WEB02407.jpg,WEB,2407,0,Neither,0,0
train,WEB02408.jpg,WEB,2408,0,Neither,0,0
train,WEB02410.jpg,WEB,2410,0,Neither,0,0
train,WEB02411.jpg,WEB,2411,0,Neither,0,0
train,WEB02412.jpg,WEB,2412,0,Neither,0,0
train,WEB02413.jpg,WEB,2413,0,Neither,0,0
train,WEB02414.jpg,WEB,2414,0,Neither,0,0
train,WEB02416.jpg,WEB,2416,0,Neither,0,0
train,WEB02417.jpg,WEB,2417,0,Neither,0,0
train,WEB02418.jpg,WEB,2418,0,Neither,0,0
train,WEB02419.jpg,WEB,2419,0,Neither,0,0
train,WEB02420.jpg,WEB,2420,0,Neither,0,0
train,WEB02421.jpg,WEB,2421,0,Neither,0,0
train,WEB02422.jpg,WEB,2422,0,Neither,0,0
train,WEB02423.jpg,WEB,2423,0,Neither,0,0
train,WEB02424.jpg,WEB,2424,0,Neither,0,0
train,WEB02425.jpg,WEB,2425,0,Neither,0,0
train,WEB02426.jpg,WEB,2426,0,Neither,0,0
train,WEB02427.jpg,WEB,2427,0,Neither,0,0
train,WEB02428.jpg,WEB,2428,0,Neither,0,0
train,WEB02429.jpg,WEB,2429,0,Neither,0,0
train,WEB02430.jpg,WEB,2430,0,Neither,0,0
train,WEB02432.jpg,WEB,2432,0,Neither,0,0
train,WEB02433.jpg,WEB,2433,0,Neither,0,0
train,WEB02434.jpg,WEB,2434,0,Neither,0,0
train,WEB02435.jpg,WEB,2435,0,Neither,0,0
train,WEB02436.jpg,WEB,2436,0,Neither,0,0
train,WEB02437.jpg,WEB,2437,0,Neither,0,0
train,WEB02438.jpg,WEB,2438,0,Neither,0,0
train,WEB02439.jpg,WEB,2439,0,Neither,0,0
train,WEB02440.jpg,WEB,2440,0,Neither,0,0
train,WEB02441.jpg,WEB,2441,0,Neither,0,0
train,WEB02443.jpg,WEB,2443,0,Neither,0,0
train,WEB02444.jpg,WEB,2444,0,Neither,0,0
train,WEB02445.jpg,WEB,2445,0,Neither,0,0
train,WEB02446.jpg,WEB,2446,0,Neither,0,0
train,WEB02448.jpg,WEB,2448,0,Neither,0,0
train,WEB02449.jpg,WEB,2449,0,Neither,0,0
train,WEB02450.jpg,WEB,2450,0,Neither,0,0
train,WEB02451.jpg,WEB,2451,0,Neither,0,0
train,WEB02452.jpg,WEB,2452,0,Neither,0,0
train,WEB02453.jpg,WEB,2453,0,Neither,0,0
train,WEB02454.jpg,WEB,2454,0,Neither,0,0
train,WEB02455.jpg,WEB,2455,0,Neither,0,0
train,WEB02456.jpg,WEB,2456,0,Neither,0,0
train,WEB02457.jpg,WEB,2457,0,Neither,0,0
train,WEB02458.jpg,WEB,2458,0,Neither,0,0
train,WEB02459.jpg,WEB,2459,0,Neither,0,0
train,WEB02460.jpg,WEB,2460,0,Neither,0,0
train,WEB02462.jpg,WEB,2462,0,Neither,0,0
train,WEB02463.jpg,WEB,2463,0,Neither,0,0
train,WEB02464.jpg,WEB,2464,0,Neither,0,0
train,WEB02465.jpg,WEB,2465,0,Neither,0,0
train,WEB02466.jpg,WEB,2466,0,Neither,0,0
train,WEB02467.jpg,WEB,2467,0,Neither,0,0
train,WEB02468.jpg,WEB,2468,0,Neither,0,0
train,WEB02469.jpg,WEB,2469,0,Neither,0,0
train,WEB02470.jpg,WEB,2470,0,Neither,0,0
train,WEB02471.jpg,WEB,2471,0,Neither,0,0
train,WEB02472.jpg,WEB,2472,0,Neither,0,0
train,WEB02473.jpg,WEB,2473,0,Neither,0,0
train,WEB02474.jpg,WEB,2474,0,Neither,0,0
train,WEB02475.jpg,WEB,2475,0,Neither,0,0
train,WEB02478.jpg,WEB,2478,0,Neither,0,0
train,WEB02479.jpg,WEB,2479,0,Neither,0,0
train,WEB02480.jpg,WEB,2480,0,Neither,0,0
train,WEB02481.jpg,WEB,2481,0,Neither,0,0
train,WEB02482.jpg,WEB,2482,0,Neither,0,0
train,WEB02483.jpg,WEB,2483,0,Neither,0,0
train,WEB02484.jpg,WEB,2484,0,Neither,0,0
train,WEB02485.jpg,WEB,2485,0,Neither,0,0
train,WEB02486.jpg,WEB,2486,0,Neither,0,0
train,WEB02487.jpg,WEB,2487,0,Neither,0,0
train,WEB02489.jpg,WEB,2489,0,Neither,0,0
train,WEB02490.jpg,WEB,2490,0,Neither,0,0
train,WEB02491.jpg,WEB,2491,0,Neither,0,0
train,WEB02493.jpg,WEB,2493,0,Neither,0,0
train,WEB02494.jpg,WEB,2494,0,Neither,0,0
train,WEB02495.jpg,WEB,2495,0,Neither,0,0
train,WEB02497.jpg,WEB,2497,0,Neither,0,0
train,WEB02498.jpg,WEB,2498,0,Neither,0,0
train,WEB02499.jpg,WEB,2499,0,Neither,0,0
train,WEB02501.jpg,WEB,2501,0,Neither,0,0
train,WEB02502.jpg,WEB,2502,0,Neither,0,0
train,WEB02504.jpg,WEB,2504,0,Neither,0,0
train,WEB02505.jpg,WEB,2505,0,Neither,0,0
train,WEB02506.jpg,WEB,2506,0,Neither,0,0
train,WEB02507.jpg,WEB,2507,0,Neither,0,0
train,WEB02508.jpg,WEB,2508,0,Neither,0,0
train,WEB02509.jpg,WEB,2509,0,Neither,0,0
train,WEB02511.jpg,WEB,2511,0,Neither,0,0
train,WEB02512.jpg,WEB,2512,0,Neither,0,0
train,WEB02513.jpg,WEB,2513,0,Neither,0,0
train,WEB02514.jpg,WEB,2514,0,Neither,0,0
train,WEB02515.jpg,WEB,2515,0,Neither,0,0
train,WEB02516.jpg,WEB,2516,0,Neither,0,0
train,WEB02517.jpg,WEB,2517,0,Neither,0,0
train,WEB02519.jpg,WEB,2519,0,Neither,0,0
train,WEB02520.jpg,WEB,2520,0,Neither,0,0
train,WEB02521.jpg,WEB,2521,0,Neither,0,0
train,WEB02522.jpg,WEB,2522,0,Neither,0,0
train,WEB02524.jpg,WEB,2524,0,Neither,0,0
train,WEB02525.jpg,WEB,2525,0,Neither,0,0
train,WEB02526.jpg,WEB,2526,0,Neither,0,0
train,WEB02527.jpg,WEB,2527,0,Neither,0,0
train,WEB02528.jpg,WEB,2528,0,Neither,0,0
train,WEB02529.jpg,WEB,2529,0,Neither,0,0
train,WEB02530.jpg,WEB,2530,0,Neither,0,0
train,WEB02531.jpg,WEB,2531,0,Neither,0,0
train,WEB02532.jpg,WEB,2532,0,Neither,0,0
train,WEB02533.jpg,WEB,2533,0,Neither,0,0
train,WEB02534.jpg,WEB,2534,0,Neither,0,0
train,WEB02535.jpg,WEB,2535,1,Only_Fire,0,1
train,WEB02536.jpg,WEB,2536,0,Neither,0,0
train,WEB02537.jpg,WEB,2537,0,Neither,0,0
train,WEB02538.jpg,WEB,2538,0,Neither,0,0
train,WEB02539.jpg,WEB,2539,0,Neither,0,0
train,WEB02540.jpg,WEB,2540,0,Neither,0,0
train,WEB02541.jpg,WEB,2541,0,Neither,0,0
train,WEB02542.jpg,WEB,2542,0,Neither,0,0
train,WEB02543.jpg,WEB,2543,0,Neither,0,0
train,WEB02545.jpg,WEB,2545,0,Neither,0,0
train,WEB02547.jpg,WEB,2547,0,Neither,0,0
train,WEB02548.jpg,WEB,2548,0,Neither,0,0
train,WEB02549.jpg,WEB,2549,0,Neither,0,0
train,WEB02551.jpg,WEB,2551,0,Neither,0,0
train,WEB02553.jpg,WEB,2553,0,Neither,0,0
train,WEB02554.jpg,WEB,2554,0,Neither,0,0
train,WEB02555.jpg,WEB,2555,0,Neither,0,0
train,WEB02556.jpg,WEB,2556,0,Neither,0,0
train,WEB02557.jpg,WEB,2557,0,Neither,0,0
train,WEB02559.jpg,WEB,2559,0,Neither,0,0
train,WEB02560.jpg,WEB,2560,0,Neither,0,0
train,WEB02561.jpg,WEB,2561,0,Neither,0,0
train,WEB02565.jpg,WEB,2565,0,Neither,0,0
train,WEB02566.jpg,WEB,2566,0,Neither,0,0
train,WEB02567.jpg,WEB,2567,0,Neither,0,0
train,WEB02569.jpg,WEB,2569,0,Neither,0,0
train,WEB02570.jpg,WEB,2570,0,Neither,0,0
train,WEB02571.jpg,WEB,2571,0,Neither,0,0
train,WEB02572.jpg,WEB,2572,0,Neither,0,0
train,WEB02574.jpg,WEB,2574,0,Neither,0,0
train,WEB02575.jpg,WEB,2575,0,Neither,0,0
train,WEB02576.jpg,WEB,2576,0,Neither,0,0
train,WEB02577.jpg,WEB,2577,0,Neither,0,0
train,WEB02578.jpg,WEB,2578,0,Neither,0,0
train,WEB02579.jpg,WEB,2579,0,Neither,0,0
train,WEB02580.jpg,WEB,2580,0,Neither,0,0
train,WEB02581.jpg,WEB,2581,0,Neither,0,0
train,WEB02582.jpg,WEB,2582,0,Neither,0,0
train,WEB02583.jpg,WEB,2583,0,Neither,0,0
train,WEB02584.jpg,WEB,2584,0,Neither,0,0
train,WEB02586.jpg,WEB,2586,0,Neither,0,0
train,WEB02587.jpg,WEB,2587,0,Neither,0,0
train,WEB02588.jpg,WEB,2588,0,Neither,0,0
train,WEB02589.jpg,WEB,2589,0,Neither,0,0
train,WEB02590.jpg,WEB,2590,0,Neither,0,0
train,WEB02592.jpg,WEB,2592,0,Neither,0,0
train,WEB02593.jpg,WEB,2593,0,Neither,0,0
train,WEB02594.jpg,WEB,2594,0,Neither,0,0
train,WEB02596.jpg,WEB,2596,0,Neither,0,0
train,WEB02597.jpg,WEB,2597,0,Neither,0,0
train,WEB02599.jpg,WEB,2599,0,Neither,0,0
train,WEB02600.jpg,WEB,2600,0,Neither,0,0
train,WEB02601.jpg,WEB,2601,0,Neither,0,0
train,WEB02602.jpg,WEB,2602,0,Neither,0,0
train,WEB02603.jpg,WEB,2603,0,Neither,0,0
train,WEB02604.jpg,WEB,2604,0,Neither,0,0
train,WEB02608.jpg,WEB,2608,0,Neither,0,0
train,WEB02609.jpg,WEB,2609,0,Neither,0,0
train,WEB02610.jpg,WEB,2610,0,Neither,0,0
train,WEB02611.jpg,WEB,2611,0,Neither,0,0
train,WEB02612.jpg,WEB,2612,0,Neither,0,0
train,WEB02613.jpg,WEB,2613,0,Neither,0,0
train,WEB02615.jpg,WEB,2615,0,Neither,0,0
train,WEB02616.jpg,WEB,2616,0,Neither,0,0
train,WEB02617.jpg,WEB,2617,0,Neither,0,0
train,WEB02618.jpg,WEB,2618,0,Neither,0,0
train,WEB02619.jpg,WEB,2619,0,Neither,0,0
train,WEB02620.jpg,WEB,2620,0,Neither,0,0
train,WEB02621.jpg,WEB,2621,0,Neither,0,0
train,WEB02623.jpg,WEB,2623,0,Neither,0,0
train,WEB02624.jpg,WEB,2624,0,Neither,0,0
train,WEB02625.jpg,WEB,2625,0,Neither,0,0
train,WEB02626.jpg,WEB,2626,0,Neither,0,0
train,WEB02627.jpg,WEB,2627,0,Neither,0,0
train,WEB02628.jpg,WEB,2628,0,Neither,0,0
train,WEB02630.jpg,WEB,2630,0,Neither,0,0
train,WEB02631.jpg,WEB,2631,0,Neither,0,0
train,WEB02632.jpg,WEB,2632,0,Neither,0,0
train,WEB02633.jpg,WEB,2633,0,Neither,0,0
train,WEB02634.jpg,WEB,2634,0,Neither,0,0
train,WEB02636.jpg,WEB,2636,0,Neither,0,0
train,WEB02637.jpg,WEB,2637,0,Neither,0,0
train,WEB02638.jpg,WEB,2638,0,Neither,0,0
train,WEB02639.jpg,WEB,2639,0,Neither,0,0
train,WEB02640.jpg,WEB,2640,0,Neither,0,0
train,WEB02641.jpg,WEB,2641,0,Neither,0,0
train,WEB02642.jpg,WEB,2642,0,Neither,0,0
train,WEB02643.jpg,WEB,2643,0,Neither,0,0
train,WEB02644.jpg,WEB,2644,0,Neither,0,0
train,WEB02645.jpg,WEB,2645,0,Neither,0,0
train,WEB02646.jpg,WEB,2646,0,Neither,0,0
train,WEB02647.jpg,WEB,2647,0,Neither,0,0
train,WEB02648.jpg,WEB,2648,0,Neither,0,0
train,WEB02649.jpg,WEB,2649,0,Neither,0,0
train,WEB02651.jpg,WEB,2651,0,Neither,0,0
train,WEB02652.jpg,WEB,2652,0,Neither,0,0
train,WEB02653.jpg,WEB,2653,0,Neither,0,0
train,WEB02654.jpg,WEB,2654,0,Neither,0,0
train,WEB02656.jpg,WEB,2656,0,Neither,0,0
train,WEB02657.jpg,WEB,2657,0,Neither,0,0
train,WEB02658.jpg,WEB,2658,0,Neither,0,0
train,WEB02659.jpg,WEB,2659,0,Neither,0,0
train,WEB02660.jpg,WEB,2660,0,Neither,0,0
train,WEB02661.jpg,WEB,2661,0,Neither,0,0
train,WEB02662.jpg,WEB,2662,0,Neither,0,0
train,WEB02663.jpg,WEB,2663,0,Neither,0,0
train,WEB02664.jpg,WEB,2664,0,Neither,0,0
train,WEB02665.jpg,WEB,2665,0,Neither,0,0
train,WEB02666.jpg,WEB,2666,0,Neither,0,0
train,WEB02667.jpg,WEB,2667,0,Neither,0,0
train,WEB02668.jpg,WEB,2668,0,Neither,0,0
train,WEB02669.jpg,WEB,2669,0,Neither,0,0
train,WEB02670.jpg,WEB,2670,0,Neither,0,0
train,WEB02671.jpg,WEB,2671,0,Neither,0,0
train,WEB02672.jpg,WEB,2672,0,Neither,0,0
train,WEB02673.jpg,WEB,2673,0,Neither,0,0
train,WEB02674.jpg,WEB,2674,0,Neither,0,0
train,WEB02675.jpg,WEB,2675,0,Neither,0,0
train,WEB02676.jpg,WEB,2676,0,Neither,0,0
train,WEB02677.jpg,WEB,2677,0,Neither,0,0
train,WEB02678.jpg,WEB,2678,0,Neither,0,0
train,WEB02680.jpg,WEB,2680,0,Neither,0,0
train,WEB02681.jpg,WEB,2681,0,Neither,0,0
train,WEB02682.jpg,WEB,2682,0,Neither,0,0
train,WEB02683.jpg,WEB,2683,0,Neither,0,0
train,WEB02684.jpg,WEB,2684,0,Neither,0,0
train,WEB02686.jpg,WEB,2686,0,Neither,0,0
train,WEB02687.jpg,WEB,2687,0,Neither,0,0
train,WEB02688.jpg,WEB,2688,0,Neither,0,0
train,WEB02689.jpg,WEB,2689,0,Neither,0,0
train,WEB02691.jpg,WEB,2691,0,Neither,0,0
train,WEB02692.jpg,WEB,2692,0,Neither,0,0
train,WEB02693.jpg,WEB,2693,0,Neither,0,0
train,WEB02694.jpg,WEB,2694,0,Neither,0,0
train,WEB02695.jpg,WEB,2695,0,Neither,0,0
train,WEB02697.jpg,WEB,2697,0,Neither,0,0
train,WEB02698.jpg,WEB,2698,0,Neither,0,0
train,WEB02699.jpg,WEB,2699,0,Neither,0,0
train,WEB02702.jpg,WEB,2702,0,Neither,0,0
train,WEB02703.jpg,WEB,2703,0,Neither,0,0
train,WEB02704.jpg,WEB,2704,0,Neither,0,0
train,WEB02705.jpg,WEB,2705,0,Neither,0,0
train,WEB02706.jpg,WEB,2706,0,Neither,0,0
train,WEB02707.jpg,WEB,2707,0,Neither,0,0
train,WEB02708.jpg,WEB,2708,0,Neither,0,0
train,WEB02709.jpg,WEB,2709,0,Neither,0,0
train,WEB02710.jpg,WEB,2710,0,Neither,0,0
train,WEB02711.jpg,WEB,2711,0,Neither,0,0
train,WEB02712.jpg,WEB,2712,0,Neither,0,0
train,WEB02713.jpg,WEB,2713,0,Neither,0,0
train,WEB02714.jpg,WEB,2714,0,Neither,0,0
train,WEB02715.jpg,WEB,2715,0,Neither,0,0
train,WEB02716.jpg,WEB,2716,0,Neither,0,0
train,WEB02717.jpg,WEB,2717,0,Neither,0,0
train,WEB02718.jpg,WEB,2718,0,Neither,0,0
train,WEB02719.jpg,WEB,2719,0,Neither,0,0
train,WEB02720.jpg,WEB,2720,0,Neither,0,0
train,WEB02721.jpg,WEB,2721,0,Neither,0,0
train,WEB02722.jpg,WEB,2722,0,Neither,0,0
train,WEB02723.jpg,WEB,2723,0,Neither,0,0
train,WEB02724.jpg,WEB,2724,0,Neither,0,0
train,WEB02725.jpg,WEB,2725,0,Neither,0,0
train,WEB02726.jpg,WEB,2726,0,Neither,0,0
train,WEB02727.jpg,WEB,2727,0,Neither,0,0
train,WEB02728.jpg,WEB,2728,0,Neither,0,0
train,WEB02729.jpg,WEB,2729,0,Neither,0,0
train,WEB02730.jpg,WEB,2730,0,Neither,0,0
train,WEB02731.jpg,WEB,2731,0,Neither,0,0
train,WEB02732.jpg,WEB,2732,0,Neither,0,0
train,WEB02733.jpg,WEB,2733,0,Neither,0,0
train,WEB02737.jpg,WEB,2737,0,Neither,0,0
train,WEB02739.jpg,WEB,2739,0,Neither,0,0
train,WEB02740.jpg,WEB,2740,0,Neither,0,0
train,WEB02741.jpg,WEB,2741,0,Neither,0,0
train,WEB02742.jpg,WEB,2742,0,Neither,0,0
train,WEB02743.jpg,WEB,2743,0,Neither,0,0
train,WEB02744.jpg,WEB,2744,0,Neither,0,0
train,WEB02745.jpg,WEB,2745,0,Neither,0,0
train,WEB02746.jpg,WEB,2746,0,Neither,0,0
train,WEB02747.jpg,WEB,2747,0,Neither,0,0
train,WEB02749.jpg,WEB,2749,0,Neither,0,0
train,WEB02750.jpg,WEB,2750,0,Neither,0,0
train,WEB02752.jpg,WEB,2752,0,Neither,0,0
train,WEB02754.jpg,WEB,2754,0,Neither,0,0
train,WEB02755.jpg,WEB,2755,0,Neither,0,0
train,WEB02757.jpg,WEB,2757,0,Neither,0,0
train,WEB02759.jpg,WEB,2759,0,Neither,0,0
train,WEB02762.jpg,WEB,2762,0,Neither,0,0
train,WEB02763.jpg,WEB,2763,0,Neither,0,0
train,WEB02765.jpg,WEB,2765,0,Neither,0,0
train,WEB02766.jpg,WEB,2766,0,Neither,0,0
train,WEB02767.jpg,WEB,2767,0,Neither,0,0
train,WEB02768.jpg,WEB,2768,0,Neither,0,0
train,WEB02769.jpg,WEB,2769,0,Neither,0,0
train,WEB02770.jpg,WEB,2770,0,Neither,0,0
train,WEB02771.jpg,WEB,2771,0,Neither,0,0
train,WEB02773.jpg,WEB,2773,0,Neither,0,0
train,WEB02774.jpg,WEB,2774,0,Neither,0,0
train,WEB02775.jpg,WEB,2775,0,Neither,0,0
train,WEB02776.jpg,WEB,2776,0,Neither,0,0
train,WEB02779.jpg,WEB,2779,0,Neither,0,0
train,WEB02780.jpg,WEB,2780,0,Neither,0,0
train,WEB02781.jpg,WEB,2781,0,Neither,0,0
train,WEB02782.jpg,WEB,2782,0,Neither,0,0
train,WEB02783.jpg,WEB,2783,0,Neither,0,0
train,WEB02784.jpg,WEB,2784,0,Neither,0,0
train,WEB02785.jpg,WEB,2785,0,Neither,0,0
train,WEB02786.jpg,WEB,2786,0,Neither,0,0
train,WEB02787.jpg,WEB,2787,0,Neither,0,0
train,WEB02788.jpg,WEB,2788,0,Neither,0,0
train,WEB02789.jpg,WEB,2789,0,Neither,0,0
train,WEB02790.jpg,WEB,2790,0,Neither,0,0
train,WEB02791.jpg,WEB,2791,0,Neither,0,0
train,WEB02792.jpg,WEB,2792,0,Neither,0,0
train,WEB02793.jpg,WEB,2793,0,Neither,0,0
train,WEB02794.jpg,WEB,2794,0,Neither,0,0
train,WEB02795.jpg,WEB,2795,0,Neither,0,0
train,WEB02796.jpg,WEB,2796,0,Neither,0,0
train,WEB02797.jpg,WEB,2797,0,Neither,0,0
train,WEB02798.jpg,WEB,2798,0,Neither,0,0
train,WEB02799.jpg,WEB,2799,0,Neither,0,0
train,WEB02800.jpg,WEB,2800,0,Neither,0,0
train,WEB02801.jpg,WEB,2801,0,Neither,0,0
train,WEB02802.jpg,WEB,2802,0,Neither,0,0
train,WEB02803.jpg,WEB,2803,0,Neither,0,0
train,WEB02804.jpg,WEB,2804,0,Neither,0,0
train,WEB02805.jpg,WEB,2805,0,Neither,0,0
train,WEB02806.jpg,WEB,2806,0,Neither,0,0
train,WEB02808.jpg,WEB,2808,0,Neither,0,0
train,WEB02809.jpg,WEB,2809,0,Neither,0,0
train,WEB02810.jpg,WEB,2810,0,Neither,0,0
train,WEB02811.jpg,WEB,2811,0,Neither,0,0
train,WEB02814.jpg,WEB,2814,0,Neither,0,0
train,WEB02816.jpg,WEB,2816,0,Neither,0,0
train,WEB02818.jpg,WEB,2818,0,Neither,0,0
train,WEB02819.jpg,WEB,2819,0,Neither,0,0
train,WEB02820.jpg,WEB,2820,0,Neither,0,0
train,WEB02821.jpg,WEB,2821,0,Neither,0,0
train,WEB02822.jpg,WEB,2822,0,Neither,0,0
train,WEB02823.jpg,WEB,2823,0,Neither,0,0
train,WEB02825.jpg,WEB,2825,0,Neither,0,0
train,WEB02827.jpg,WEB,2827,0,Neither,0,0
train,WEB02829.jpg,WEB,2829,0,Neither,0,0
train,WEB02830.jpg,WEB,2830,0,Neither,0,0
train,WEB02831.jpg,WEB,2831,0,Neither,0,0
train,WEB02832.jpg,WEB,2832,0,Neither,0,0
train,WEB02834.jpg,WEB,2834,0,Neither,0,0
train,WEB02835.jpg,WEB,2835,0,Neither,0,0
train,WEB02836.jpg,WEB,2836,0,Neither,0,0
train,WEB02837.jpg,WEB,2837,0,Neither,0,0
train,WEB02838.jpg,WEB,2838,0,Neither,0,0
train,WEB02839.jpg,WEB,2839,0,Neither,0,0
train,WEB02840.jpg,WEB,2840,0,Neither,0,0
train,WEB02841.jpg,WEB,2841,0,Neither,0,0
train,WEB02842.jpg,WEB,2842,0,Neither,0,0
train,WEB02843.jpg,WEB,2843,0,Neither,0,0
train,WEB02844.jpg,WEB,2844,0,Neither,0,0
train,WEB02845.jpg,WEB,2845,0,Neither,0,0
train,WEB02846.jpg,WEB,2846,0,Neither,0,0
train,WEB02847.jpg,WEB,2847,0,Neither,0,0
train,WEB02848.jpg,WEB,2848,0,Neither,0,0
train,WEB02850.jpg,WEB,2850,0,Neither,0,0
train,WEB02852.jpg,WEB,2852,0,Neither,0,0
train,WEB02853.jpg,WEB,2853,0,Neither,0,0
train,WEB02855.jpg,WEB,2855,0,Neither,0,0
train,WEB02856.jpg,WEB,2856,0,Neither,0,0
train,WEB02857.jpg,WEB,2857,0,Neither,0,0
train,WEB02858.jpg,WEB,2858,0,Neither,0,0
train,WEB02859.jpg,WEB,2859,0,Neither,0,0
train,WEB02860.jpg,WEB,2860,0,Neither,0,0
train,WEB02861.jpg,WEB,2861,0,Neither,0,0
train,WEB02862.jpg,WEB,2862,0,Neither,0,0
train,WEB02863.jpg,WEB,2863,0,Neither,0,0
train,WEB02864.jpg,WEB,2864,0,Neither,0,0
train,WEB02865.jpg,WEB,2865,0,Neither,0,0
train,WEB02867.jpg,WEB,2867,0,Neither,0,0
train,WEB02868.jpg,WEB,2868,0,Neither,0,0
train,WEB02869.jpg,WEB,2869,0,Neither,0,0
train,WEB02870.jpg,WEB,2870,0,Neither,0,0
train,WEB02872.jpg,WEB,2872,0,Neither,0,0
train,WEB02873.jpg,WEB,2873,0,Neither,0,0
train,WEB02874.jpg,WEB,2874,0,Neither,0,0
train,WEB02875.jpg,WEB,2875,0,Neither,0,0
train,WEB02876.jpg,WEB,2876,0,Neither,0,0
train,WEB02877.jpg,WEB,2877,0,Neither,0,0
train,WEB02878.jpg,WEB,2878,0,Neither,0,0
train,WEB02879.jpg,WEB,2879,0,Neither,0,0
train,WEB02880.jpg,WEB,2880,0,Neither,0,0
train,WEB02882.jpg,WEB,2882,0,Neither,0,0
train,WEB02883.jpg,WEB,2883,0,Neither,0,0
train,WEB02884.jpg,WEB,2884,0,Neither,0,0
train,WEB02885.jpg,WEB,2885,0,Neither,0,0
train,WEB02887.jpg,WEB,2887,0,Neither,0,0
train,WEB02889.jpg,WEB,2889,0,Neither,0,0
train,WEB02890.jpg,WEB,2890,0,Neither,0,0
train,WEB02891.jpg,WEB,2891,0,Neither,0,0
train,WEB02892.jpg,WEB,2892,0,Neither,0,0
train,WEB02893.jpg,WEB,2893,0,Neither,0,0
train,WEB02894.jpg,WEB,2894,0,Neither,0,0
train,WEB02895.jpg,WEB,2895,0,Neither,0,0
train,WEB02897.jpg,WEB,2897,0,Neither,0,0
train,WEB02898.jpg,WEB,2898,0,Neither,0,0
train,WEB02899.jpg,WEB,2899,0,Neither,0,0
train,WEB02901.jpg,WEB,2901,0,Neither,0,0
train,WEB02902.jpg,WEB,2902,0,Neither,0,0
train,WEB02903.jpg,WEB,2903,0,Neither,0,0
train,WEB02906.jpg,WEB,2906,0,Neither,0,0
train,WEB02907.jpg,WEB,2907,0,Neither,0,0
train,WEB02909.jpg,WEB,2909,0,Neither,0,0
train,WEB02910.jpg,WEB,2910,0,Neither,0,0
train,WEB02911.jpg,WEB,2911,0,Neither,0,0
train,WEB02912.jpg,WEB,2912,0,Neither,0,0
train,WEB02914.jpg,WEB,2914,0,Neither,0,0
train,WEB02915.jpg,WEB,2915,0,Neither,0,0
train,WEB02916.jpg,WEB,2916,0,Neither,0,0
train,WEB02917.jpg,WEB,2917,0,Neither,0,0
train,WEB02918.jpg,WEB,2918,0,Neither,0,0
train,WEB02919.jpg,WEB,2919,0,Neither,0,0
train,WEB02920.jpg,WEB,2920,0,Neither,0,0
train,WEB02921.jpg,WEB,2921,0,Neither,0,0
train,WEB02922.jpg,WEB,2922,0,Neither,0,0
train,WEB02923.jpg,WEB,2923,0,Neither,0,0
train,WEB02924.jpg,WEB,2924,0,Neither,0,0
train,WEB02925.jpg,WEB,2925,0,Neither,0,0
train,WEB02926.jpg,WEB,2926,0,Neither,0,0
train,WEB02927.jpg,WEB,2927,0,Neither,0,0
train,WEB02928.jpg,WEB,2928,0,Neither,0,0
train,WEB02929.jpg,WEB,2929,0,Neither,0,0
train,WEB02930.jpg,WEB,2930,0,Neither,0,0
train,WEB02931.jpg,WEB,2931,0,Neither,0,0
train,WEB02932.jpg,WEB,2932,0,Neither,0,0
train,WEB02934.jpg,WEB,2934,0,Neither,0,0
train,WEB02935.jpg,WEB,2935,0,Neither,0,0
train,WEB02936.jpg,WEB,2936,0,Neither,0,0
train,WEB02937.jpg,WEB,2937,0,Neither,0,0
train,WEB02938.jpg,WEB,2938,0,Neither,0,0
train,WEB02939.jpg,WEB,2939,0,Neither,0,0
train,WEB02941.jpg,WEB,2941,0,Neither,0,0
train,WEB02943.jpg,WEB,2943,0,Neither,0,0
train,WEB02946.jpg,WEB,2946,0,Neither,0,0
train,WEB02947.jpg,WEB,2947,0,Neither,0,0
train,WEB02948.jpg,WEB,2948,0,Neither,0,0
train,WEB02949.jpg,WEB,2949,0,Neither,0,0
train,WEB02950.jpg,WEB,2950,0,Neither,0,0
train,WEB02951.jpg,WEB,2951,0,Neither,0,0
train,WEB02953.jpg,WEB,2953,0,Neither,0,0
train,WEB02954.jpg,WEB,2954,0,Neither,0,0
train,WEB02955.jpg,WEB,2955,0,Neither,0,0
train,WEB02956.jpg,WEB,2956,0,Neither,0,0
train,WEB02958.jpg,WEB,2958,0,Neither,0,0
train,WEB02959.jpg,WEB,2959,0,Neither,0,0
train,WEB02960.jpg,WEB,2960,0,Neither,0,0
train,WEB02961.jpg,WEB,2961,0,Neither,0,0
train,WEB02962.jpg,WEB,2962,0,Neither,0,0
train,WEB02963.jpg,WEB,2963,0,Neither,0,0
train,WEB02964.jpg,WEB,2964,0,Neither,0,0
train,WEB02965.jpg,WEB,2965,0,Neither,0,0
train,WEB02966.jpg,WEB,2966,0,Neither,0,0
train,WEB02967.jpg,WEB,2967,0,Neither,0,0
train,WEB02968.jpg,WEB,2968,0,Neither,0,0
train,WEB02969.jpg,WEB,2969,0,Neither,0,0
train,WEB02970.jpg,WEB,2970,0,Neither,0,0
train,WEB02971.jpg,WEB,2971,0,Neither,0,0
train,WEB02972.jpg,WEB,2972,0,Neither,0,0
train,WEB02973.jpg,WEB,2973,0,Neither,0,0
train,WEB02974.jpg,WEB,2974,0,Neither,0,0
train,WEB02975.jpg,WEB,2975,0,Neither,0,0
train,WEB02977.jpg,WEB,2977,0,Neither,0,0
train,WEB02978.jpg,WEB,2978,0,Neither,0,0
train,WEB02979.jpg,WEB,2979,0,Neither,0,0
train,WEB02980.jpg,WEB,2980,0,Neither,0,0
train,WEB02981.jpg,WEB,2981,0,Neither,0,0
train,WEB02982.jpg,WEB,2982,0,Neither,0,0
train,WEB02983.jpg,WEB,2983,0,Neither,0,0
train,WEB02984.jpg,WEB,2984,0,Neither,0,0
train,WEB02985.jpg,WEB,2985,0,Neither,0,0
train,WEB02986.jpg,WEB,2986,0,Neither,0,0
train,WEB02987.jpg,WEB,2987,0,Neither,0,0
train,WEB02988.jpg,WEB,2988,0,Neither,0,0
train,WEB02989.jpg,WEB,2989,0,Neither,0,0
train,WEB02991.jpg,WEB,2991,0,Neither,0,0
train,WEB02992.jpg,WEB,2992,0,Neither,0,0
train,WEB02993.jpg,WEB,2993,0,Neither,0,0
train,WEB02995.jpg,WEB,2995,0,Neither,0,0
train,WEB02996.jpg,WEB,2996,0,Neither,0,0
train,WEB02997.jpg,WEB,2997,0,Neither,0,0
train,WEB02998.jpg,WEB,2998,0,Neither,0,0
train,WEB02999.jpg,WEB,2999,0,Neither,0,0
train,WEB03000.jpg,WEB,3000,0,Neither,0,0
train,WEB03001.jpg,WEB,3001,0,Neither,0,0
train,WEB03002.jpg,WEB,3002,0,Neither,0,0
train,WEB03003.jpg,WEB,3003,0,Neither,0,0
train,WEB03004.jpg,WEB,3004,0,Neither,0,0
train,WEB03005.jpg,WEB,3005,0,Neither,0,0
train,WEB03007.jpg,WEB,3007,0,Neither,0,0
train,WEB03008.jpg,WEB,3008,0,Neither,0,0
train,WEB03009.jpg,WEB,3009,0,Neither,0,0
train,WEB03010.jpg,WEB,3010,0,Neither,0,0
train,WEB03011.jpg,WEB,3011,0,Neither,0,0
train,WEB03012.jpg,WEB,3012,0,Neither,0,0
train,WEB03013.jpg,WEB,3013,0,Neither,0,0
train,WEB03014.jpg,WEB,3014,0,Neither,0,0
train,WEB03016.jpg,WEB,3016,0,Neither,0,0
train,WEB03017.jpg,WEB,3017,0,Neither,0,0
train,WEB03018.jpg,WEB,3018,0,Neither,0,0
train,WEB03020.jpg,WEB,3020,0,Neither,0,0
train,WEB03021.jpg,WEB,3021,0,Neither,0,0
train,WEB03022.jpg,WEB,3022,0,Neither,0,0
train,WEB03023.jpg,WEB,3023,0,Neither,0,0
train,WEB03024.jpg,WEB,3024,0,Neither,0,0
train,WEB03025.jpg,WEB,3025,0,Neither,0,0
train,WEB03026.jpg,WEB,3026,0,Neither,0,0
train,WEB03027.jpg,WEB,3027,0,Neither,0,0
train,WEB03028.jpg,WEB,3028,0,Neither,0,0
train,WEB03029.jpg,WEB,3029,0,Neither,0,0
train,WEB03030.jpg,WEB,3030,0,Neither,0,0
train,WEB03031.jpg,WEB,3031,0,Neither,0,0
train,WEB03032.jpg,WEB,3032,0,Neither,0,0
train,WEB03033.jpg,WEB,3033,0,Neither,0,0
train,WEB03034.jpg,WEB,3034,0,Neither,0,0
train,WEB03035.jpg,WEB,3035,0,Neither,0,0
train,WEB03036.jpg,WEB,3036,0,Neither,0,0
train,WEB03037.jpg,WEB,3037,0,Neither,0,0
train,WEB03038.jpg,WEB,3038,0,Neither,0,0
train,WEB03039.jpg,WEB,3039,0,Neither,0,0
train,WEB03042.jpg,WEB,3042,0,Neither,0,0
train,WEB03043.jpg,WEB,3043,0,Neither,0,0
train,WEB03044.jpg,WEB,3044,0,Neither,0,0
train,WEB03045.jpg,WEB,3045,0,Neither,0,0
train,WEB03049.jpg,WEB,3049,0,Neither,0,0
train,WEB03050.jpg,WEB,3050,0,Neither,0,0
train,WEB03051.jpg,WEB,3051,0,Neither,0,0
train,WEB03052.jpg,WEB,3052,0,Neither,0,0
train,WEB03053.jpg,WEB,3053,0,Neither,0,0
train,WEB03054.jpg,WEB,3054,0,Neither,0,0
train,WEB03055.jpg,WEB,3055,0,Neither,0,0
train,WEB03056.jpg,WEB,3056,0,Neither,0,0
train,WEB03057.jpg,WEB,3057,0,Neither,0,0
train,WEB03058.jpg,WEB,3058,0,Neither,0,0
train,WEB03059.jpg,WEB,3059,0,Neither,0,0
train,WEB03060.jpg,WEB,3060,0,Neither,0,0
train,WEB03061.jpg,WEB,3061,0,Neither,0,0
train,WEB03062.jpg,WEB,3062,0,Neither,0,0
train,WEB03064.jpg,WEB,3064,0,Neither,0,0
train,WEB03065.jpg,WEB,3065,0,Neither,0,0
train,WEB03066.jpg,WEB,3066,0,Neither,0,0
train,WEB03067.jpg,WEB,3067,0,Neither,0,0
train,WEB03068.jpg,WEB,3068,0,Neither,0,0
train,WEB03069.jpg,WEB,3069,0,Neither,0,0
train,WEB03070.jpg,WEB,3070,0,Neither,0,0
train,WEB03072.jpg,WEB,3072,0,Neither,0,0
train,WEB03073.jpg,WEB,3073,0,Neither,0,0
train,WEB03074.jpg,WEB,3074,0,Neither,0,0
train,WEB03075.jpg,WEB,3075,0,Neither,0,0
train,WEB03076.jpg,WEB,3076,0,Neither,0,0
train,WEB03077.jpg,WEB,3077,0,Neither,0,0
train,WEB03078.jpg,WEB,3078,0,Neither,0,0
train,WEB03080.jpg,WEB,3080,0,Neither,0,0
train,WEB03081.jpg,WEB,3081,0,Neither,0,0
train,WEB03082.jpg,WEB,3082,0,Neither,0,0
train,WEB03083.jpg,WEB,3083,0,Neither,0,0
train,WEB03084.jpg,WEB,3084,0,Neither,0,0
train,WEB03085.jpg,WEB,3085,0,Neither,0,0
train,WEB03087.jpg,WEB,3087,0,Neither,0,0
train,WEB03089.jpg,WEB,3089,0,Neither,0,0
train,WEB03090.jpg,WEB,3090,0,Neither,0,0
train,WEB03091.jpg,WEB,3091,0,Neither,0,0
train,WEB03092.jpg,WEB,3092,0,Neither,0,0
train,WEB03093.jpg,WEB,3093,0,Neither,0,0
train,WEB03094.jpg,WEB,3094,0,Neither,0,0
train,WEB03095.jpg,WEB,3095,0,Neither,0,0
train,WEB03096.jpg,WEB,3096,0,Neither,0,0
train,WEB03098.jpg,WEB,3098,0,Neither,0,0
train,WEB03099.jpg,WEB,3099,0,Neither,0,0
train,WEB03100.jpg,WEB,3100,0,Neither,0,0
train,WEB03102.jpg,WEB,3102,0,Neither,0,0
train,WEB03103.jpg,WEB,3103,0,Neither,0,0
train,WEB03104.jpg,WEB,3104,0,Neither,0,0
train,WEB03105.jpg,WEB,3105,0,Neither,0,0
train,WEB03106.jpg,WEB,3106,0,Neither,0,0
train,WEB03107.jpg,WEB,3107,0,Neither,0,0
train,WEB03108.jpg,WEB,3108,0,Neither,0,0
train,WEB03112.jpg,WEB,3112,0,Neither,0,0
train,WEB03114.jpg,WEB,3114,0,Neither,0,0
train,WEB03115.jpg,WEB,3115,0,Neither,0,0
train,WEB03117.jpg,WEB,3117,0,Neither,0,0
train,WEB03118.jpg,WEB,3118,0,Neither,0,0
train,WEB03120.jpg,WEB,3120,0,Neither,0,0
train,WEB03121.jpg,WEB,3121,0,Neither,0,0
train,WEB03122.jpg,WEB,3122,0,Neither,0,0
train,WEB03123.jpg,WEB,3123,0,Neither,0,0
train,WEB03124.jpg,WEB,3124,0,Neither,0,0
train,WEB03125.jpg,WEB,3125,0,Neither,0,0
train,WEB03126.jpg,WEB,3126,0,Neither,0,0
train,WEB03127.jpg,WEB,3127,0,Neither,0,0
train,WEB03128.jpg,WEB,3128,0,Neither,0,0
train,WEB03131.jpg,WEB,3131,0,Neither,0,0
train,WEB03132.jpg,WEB,3132,0,Neither,0,0
train,WEB03133.jpg,WEB,3133,0,Neither,0,0
train,WEB03134.jpg,WEB,3134,0,Neither,0,0
train,WEB03136.jpg,WEB,3136,0,Neither,0,0
train,WEB03138.jpg,WEB,3138,0,Neither,0,0
train,WEB03139.jpg,WEB,3139,0,Neither,0,0
train,WEB03140.jpg,WEB,3140,0,Neither,0,0
train,WEB03141.jpg,WEB,3141,0,Neither,0,0
train,WEB03142.jpg,WEB,3142,0,Neither,0,0
train,WEB03144.jpg,WEB,3144,0,Neither,0,0
train,WEB03146.jpg,WEB,3146,0,Neither,0,0
train,WEB03147.jpg,WEB,3147,0,Neither,0,0
train,WEB03148.jpg,WEB,3148,0,Neither,0,0
train,WEB03149.jpg,WEB,3149,0,Neither,0,0
train,WEB03150.jpg,WEB,3150,0,Neither,0,0
train,WEB03151.jpg,WEB,3151,0,Neither,0,0
train,WEB03152.jpg,WEB,3152,0,Neither,0,0
train,WEB03153.jpg,WEB,3153,0,Neither,0,0
train,WEB03154.jpg,WEB,3154,0,Neither,0,0
train,WEB03155.jpg,WEB,3155,0,Neither,0,0
train,WEB03156.jpg,WEB,3156,0,Neither,0,0
train,WEB03157.jpg,WEB,3157,0,Neither,0,0
train,WEB03158.jpg,WEB,3158,0,Neither,0,0
train,WEB03159.jpg,WEB,3159,0,Neither,0,0
train,WEB03160.jpg,WEB,3160,0,Neither,0,0
train,WEB03161.jpg,WEB,3161,0,Neither,0,0
train,WEB03162.jpg,WEB,3162,0,Neither,0,0
train,WEB03163.jpg,WEB,3163,0,Neither,0,0
train,WEB03165.jpg,WEB,3165,0,Neither,0,0
train,WEB03166.jpg,WEB,3166,0,Neither,0,0
train,WEB03167.jpg,WEB,3167,0,Neither,0,0
train,WEB03168.jpg,WEB,3168,0,Neither,0,0
train,WEB03169.jpg,WEB,3169,0,Neither,0,0
train,WEB03172.jpg,WEB,3172,0,Neither,0,0
train,WEB03173.jpg,WEB,3173,0,Neither,0,0
train,WEB03174.jpg,WEB,3174,0,Neither,0,0
train,WEB03175.jpg,WEB,3175,0,Neither,0,0
train,WEB03176.jpg,WEB,3176,0,Neither,0,0
train,WEB03178.jpg,WEB,3178,0,Neither,0,0
train,WEB03179.jpg,WEB,3179,0,Neither,0,0
train,WEB03180.jpg,WEB,3180,0,Neither,0,0
train,WEB03181.jpg,WEB,3181,0,Neither,0,0
train,WEB03182.jpg,WEB,3182,0,Neither,0,0
train,WEB03183.jpg,WEB,3183,0,Neither,0,0
train,WEB03184.jpg,WEB,3184,0,Neither,0,0
train,WEB03185.jpg,WEB,3185,0,Neither,0,0
train,WEB03186.jpg,WEB,3186,0,Neither,0,0
train,WEB03188.jpg,WEB,3188,0,Neither,0,0
train,WEB03189.jpg,WEB,3189,0,Neither,0,0
train,WEB03190.jpg,WEB,3190,0,Neither,0,0
train,WEB03191.jpg,WEB,3191,0,Neither,0,0
train,WEB03192.jpg,WEB,3192,0,Neither,0,0
train,WEB03193.jpg,WEB,3193,0,Neither,0,0
train,WEB03194.jpg,WEB,3194,0,Neither,0,0
train,WEB03195.jpg,WEB,3195,0,Neither,0,0
train,WEB03197.jpg,WEB,3197,0,Neither,0,0
train,WEB03199.jpg,WEB,3199,0,Neither,0,0
train,WEB03200.jpg,WEB,3200,0,Neither,0,0
train,WEB03201.jpg,WEB,3201,0,Neither,0,0
train,WEB03203.jpg,WEB,3203,0,Neither,0,0
train,WEB03204.jpg,WEB,3204,0,Neither,0,0
train,WEB03205.jpg,WEB,3205,0,Neither,0,0
train,WEB03206.jpg,WEB,3206,0,Neither,0,0
train,WEB03207.jpg,WEB,3207,0,Neither,0,0
train,WEB03208.jpg,WEB,3208,0,Neither,0,0
train,WEB03209.jpg,WEB,3209,0,Neither,0,0
train,WEB03210.jpg,WEB,3210,0,Neither,0,0
train,WEB03211.jpg,WEB,3211,0,Neither,0,0
train,WEB03212.jpg,WEB,3212,0,Neither,0,0
train,WEB03213.jpg,WEB,3213,0,Neither,0,0
train,WEB03216.jpg,WEB,3216,0,Neither,0,0
train,WEB03217.jpg,WEB,3217,0,Neither,0,0
train,WEB03219.jpg,WEB,3219,0,Neither,0,0
train,WEB03220.jpg,WEB,3220,0,Neither,0,0
train,WEB03221.jpg,WEB,3221,0,Neither,0,0
train,WEB03222.jpg,WEB,3222,0,Neither,0,0
train,WEB03223.jpg,WEB,3223,0,Neither,0,0
train,WEB03224.jpg,WEB,3224,0,Neither,0,0
train,WEB03225.jpg,WEB,3225,0,Neither,0,0
train,WEB03226.jpg,WEB,3226,0,Neither,0,0
train,WEB03227.jpg,WEB,3227,0,Neither,0,0
train,WEB03228.jpg,WEB,3228,0,Neither,0,0
train,WEB03230.jpg,WEB,3230,0,Neither,0,0
train,WEB03231.jpg,WEB,3231,0,Neither,0,0
train,WEB03232.jpg,WEB,3232,0,Neither,0,0
train,WEB03233.jpg,WEB,3233,0,Neither,0,0
train,WEB03234.jpg,WEB,3234,0,Neither,0,0
train,WEB03235.jpg,WEB,3235,0,Neither,0,0
train,WEB03237.jpg,WEB,3237,0,Neither,0,0
train,WEB03238.jpg,WEB,3238,0,Neither,0,0
train,WEB03239.jpg,WEB,3239,0,Neither,0,0
train,WEB03240.jpg,WEB,3240,0,Neither,0,0
train,WEB03242.jpg,WEB,3242,0,Neither,0,0
train,WEB03243.jpg,WEB,3243,0,Neither,0,0
train,WEB03244.jpg,WEB,3244,0,Neither,0,0
train,WEB03246.jpg,WEB,3246,0,Neither,0,0
train,WEB03248.jpg,WEB,3248,0,Neither,0,0
train,WEB03249.jpg,WEB,3249,0,Neither,0,0
train,WEB03250.jpg,WEB,3250,0,Neither,0,0
train,WEB03251.jpg,WEB,3251,0,Neither,0,0
train,WEB03252.jpg,WEB,3252,0,Neither,0,0
train,WEB03254.jpg,WEB,3254,0,Neither,0,0
train,WEB03255.jpg,WEB,3255,0,Neither,0,0
train,WEB03256.jpg,WEB,3256,0,Neither,0,0
train,WEB03257.jpg,WEB,3257,0,Neither,0,0
train,WEB03258.jpg,WEB,3258,0,Neither,0,0
train,WEB03259.jpg,WEB,3259,0,Neither,0,0
train,WEB03260.jpg,WEB,3260,0,Neither,0,0
train,WEB03261.jpg,WEB,3261,0,Neither,0,0
train,WEB03262.jpg,WEB,3262,0,Neither,0,0
train,WEB03263.jpg,WEB,3263,0,Neither,0,0
train,WEB03264.jpg,WEB,3264,0,Neither,0,0
train,WEB03266.jpg,WEB,3266,0,Neither,0,0
train,WEB03267.jpg,WEB,3267,0,Neither,0,0
train,WEB03268.jpg,WEB,3268,0,Neither,0,0
train,WEB03269.jpg,WEB,3269,0,Neither,0,0
train,WEB03270.jpg,WEB,3270,0,Neither,0,0
train,WEB03271.jpg,WEB,3271,0,Neither,0,0
train,WEB03272.jpg,WEB,3272,0,Neither,0,0
train,WEB03273.jpg,WEB,3273,0,Neither,0,0
train,WEB03274.jpg,WEB,3274,0,Neither,0,0
train,WEB03276.jpg,WEB,3276,0,Neither,0,0
train,WEB03277.jpg,WEB,3277,0,Neither,0,0
train,WEB03278.jpg,WEB,3278,0,Neither,0,0
train,WEB03279.jpg,WEB,3279,0,Neither,0,0
train,WEB03280.jpg,WEB,3280,0,Neither,0,0
train,WEB03281.jpg,WEB,3281,0,Neither,0,0
train,WEB03282.jpg,WEB,3282,0,Neither,0,0
train,WEB03283.jpg,WEB,3283,0,Neither,0,0
train,WEB03285.jpg,WEB,3285,0,Neither,0,0
train,WEB03287.jpg,WEB,3287,0,Neither,0,0
train,WEB03288.jpg,WEB,3288,0,Neither,0,0
train,WEB03289.jpg,WEB,3289,0,Neither,0,0
train,WEB03290.jpg,WEB,3290,0,Neither,0,0
train,WEB03291.jpg,WEB,3291,0,Neither,0,0
train,WEB03292.jpg,WEB,3292,0,Neither,0,0
train,WEB03293.jpg,WEB,3293,0,Neither,0,0
train,WEB03294.jpg,WEB,3294,0,Neither,0,0
train,WEB03296.jpg,WEB,3296,0,Neither,0,0
train,WEB03297.jpg,WEB,3297,0,Neither,0,0
train,WEB03298.jpg,WEB,3298,0,Neither,0,0
train,WEB03300.jpg,WEB,3300,0,Neither,0,0
train,WEB03302.jpg,WEB,3302,0,Neither,0,0
train,WEB03303.jpg,WEB,3303,0,Neither,0,0
train,WEB03304.jpg,WEB,3304,0,Neither,0,0
train,WEB03305.jpg,WEB,3305,0,Neither,0,0
train,WEB03306.jpg,WEB,3306,0,Neither,0,0
train,WEB03307.jpg,WEB,3307,0,Neither,0,0
train,WEB03308.jpg,WEB,3308,0,Neither,0,0
train,WEB03309.jpg,WEB,3309,0,Neither,0,0
train,WEB03312.jpg,WEB,3312,0,Neither,0,0
train,WEB03314.jpg,WEB,3314,0,Neither,0,0
train,WEB03315.jpg,WEB,3315,0,Neither,0,0
train,WEB03316.jpg,WEB,3316,0,Neither,0,0
train,WEB03317.jpg,WEB,3317,0,Neither,0,0
train,WEB03318.jpg,WEB,3318,0,Neither,0,0
train,WEB03320.jpg,WEB,3320,0,Neither,0,0
train,WEB03322.jpg,WEB,3322,0,Neither,0,0
train,WEB03323.jpg,WEB,3323,0,Neither,0,0
train,WEB03324.jpg,WEB,3324,0,Neither,0,0
train,WEB03325.jpg,WEB,3325,0,Neither,0,0
train,WEB03326.jpg,WEB,3326,0,Neither,0,0
train,WEB03328.jpg,WEB,3328,0,Neither,0,0
train,WEB03329.jpg,WEB,3329,0,Neither,0,0
train,WEB03331.jpg,WEB,3331,0,Neither,0,0
train,WEB03333.jpg,WEB,3333,0,Neither,0,0
train,WEB03335.jpg,WEB,3335,0,Neither,0,0
train,WEB03336.jpg,WEB,3336,0,Neither,0,0
train,WEB03337.jpg,WEB,3337,0,Neither,0,0
train,WEB03338.jpg,WEB,3338,0,Neither,0,0
train,WEB03341.jpg,WEB,3341,0,Neither,0,0
train,WEB03343.jpg,WEB,3343,0,Neither,0,0
train,WEB03344.jpg,WEB,3344,0,Neither,0,0
train,WEB03345.jpg,WEB,3345,0,Neither,0,0
train,WEB03346.jpg,WEB,3346,0,Neither,0,0
train,WEB03347.jpg,WEB,3347,0,Neither,0,0
train,WEB03348.jpg,WEB,3348,0,Neither,0,0
train,WEB03349.jpg,WEB,3349,0,Neither,0,0
train,WEB03350.jpg,WEB,3350,0,Neither,0,0
train,WEB03351.jpg,WEB,3351,0,Neither,0,0
train,WEB03354.jpg,WEB,3354,0,Neither,0,0
train,WEB03355.jpg,WEB,3355,0,Neither,0,0
train,WEB03356.jpg,WEB,3356,0,Neither,0,0
train,WEB03357.jpg,WEB,3357,0,Neither,0,0
train,WEB03359.jpg,WEB,3359,0,Neither,0,0
train,WEB03360.jpg,WEB,3360,0,Neither,0,0
train,WEB03362.jpg,WEB,3362,0,Neither,0,0
train,WEB03363.jpg,WEB,3363,0,Neither,0,0
train,WEB03364.jpg,WEB,3364,0,Neither,0,0
train,WEB03365.jpg,WEB,3365,0,Neither,0,0
train,WEB03366.jpg,WEB,3366,0,Neither,0,0
train,WEB03367.jpg,WEB,3367,0,Neither,0,0
train,WEB03368.jpg,WEB,3368,0,Neither,0,0
train,WEB03369.jpg,WEB,3369,0,Neither,0,0
train,WEB03370.jpg,WEB,3370,0,Neither,0,0
train,WEB03371.jpg,WEB,3371,0,Neither,0,0
train,WEB03372.jpg,WEB,3372,0,Neither,0,0
train,WEB03373.jpg,WEB,3373,0,Neither,0,0
train,WEB03374.jpg,WEB,3374,0,Neither,0,0
train,WEB03375.jpg,WEB,3375,0,Neither,0,0
train,WEB03376.jpg,WEB,3376,0,Neither,0,0
train,WEB03377.jpg,WEB,3377,0,Neither,0,0
train,WEB03379.jpg,WEB,3379,0,Neither,0,0
train,WEB03380.jpg,WEB,3380,0,Neither,0,0
train,WEB03382.jpg,WEB,3382,0,Neither,0,0
train,WEB03383.jpg,WEB,3383,0,Neither,0,0
train,WEB03384.jpg,WEB,3384,0,Neither,0,0
train,WEB03385.jpg,WEB,3385,0,Neither,0,0
train,WEB03386.jpg,WEB,3386,0,Neither,0,0
train,WEB03387.jpg,WEB,3387,0,Neither,0,0
train,WEB03388.jpg,WEB,3388,0,Neither,0,0
train,WEB03390.jpg,WEB,3390,0,Neither,0,0
train,WEB03391.jpg,WEB,3391,0,Neither,0,0
train,WEB03392.jpg,WEB,3392,0,Neither,0,0
train,WEB03393.jpg,WEB,3393,0,Neither,0,0
train,WEB03394.jpg,WEB,3394,0,Neither,0,0
train,WEB03395.jpg,WEB,3395,0,Neither,0,0
train,WEB03396.jpg,WEB,3396,0,Neither,0,0
train,WEB03398.jpg,WEB,3398,0,Neither,0,0
train,WEB03399.jpg,WEB,3399,0,Neither,0,0
train,WEB03400.jpg,WEB,3400,0,Neither,0,0
train,WEB03401.jpg,WEB,3401,0,Neither,0,0
train,WEB03402.jpg,WEB,3402,0,Neither,0,0
train,WEB03403.jpg,WEB,3403,0,Neither,0,0
train,WEB03404.jpg,WEB,3404,0,Neither,0,0
train,WEB03405.jpg,WEB,3405,0,Neither,0,0
train,WEB03407.jpg,WEB,3407,0,Neither,0,0
train,WEB03408.jpg,WEB,3408,0,Neither,0,0
train,WEB03409.jpg,WEB,3409,0,Neither,0,0
train,WEB03410.jpg,WEB,3410,0,Neither,0,0
train,WEB03411.jpg,WEB,3411,0,Neither,0,0
train,WEB03413.jpg,WEB,3413,0,Neither,0,0
train,WEB03414.jpg,WEB,3414,0,Neither,0,0
train,WEB03415.jpg,WEB,3415,0,Neither,0,0
train,WEB03416.jpg,WEB,3416,0,Neither,0,0
train,WEB03417.jpg,WEB,3417,0,Neither,0,0
train,WEB03418.jpg,WEB,3418,0,Neither,0,0
train,WEB03419.jpg,WEB,3419,0,Neither,0,0
train,WEB03420.jpg,WEB,3420,0,Neither,0,0
train,WEB03421.jpg,WEB,3421,0,Neither,0,0
train,WEB03422.jpg,WEB,3422,0,Neither,0,0
train,WEB03423.jpg,WEB,3423,0,Neither,0,0
train,WEB03425.jpg,WEB,3425,0,Neither,0,0
train,WEB03426.jpg,WEB,3426,0,Neither,0,0
train,WEB03427.jpg,WEB,3427,0,Neither,0,0
train,WEB03429.jpg,WEB,3429,0,Neither,0,0
train,WEB03430.jpg,WEB,3430,0,Neither,0,0
train,WEB03433.jpg,WEB,3433,0,Neither,0,0
train,WEB03434.jpg,WEB,3434,0,Neither,0,0
train,WEB03435.jpg,WEB,3435,0,Neither,0,0
train,WEB03437.jpg,WEB,3437,0,Neither,0,0
train,WEB03438.jpg,WEB,3438,0,Neither,0,0
train,WEB03439.jpg,WEB,3439,0,Neither,0,0
train,WEB03440.jpg,WEB,3440,0,Neither,0,0
train,WEB03441.jpg,WEB,3441,0,Neither,0,0
train,WEB03443.jpg,WEB,3443,0,Neither,0,0
train,WEB03445.jpg,WEB,3445,0,Neither,0,0
train,WEB03446.jpg,WEB,3446,0,Neither,0,0
train,WEB03447.jpg,WEB,3447,0,Neither,0,0
train,WEB03448.jpg,WEB,3448,0,Neither,0,0
train,WEB03449.jpg,WEB,3449,0,Neither,0,0
train,WEB03450.jpg,WEB,3450,0,Neither,0,0
train,WEB03451.jpg,WEB,3451,0,Neither,0,0
train,WEB03452.jpg,WEB,3452,0,Neither,0,0
train,WEB03454.jpg,WEB,3454,0,Neither,0,0
train,WEB03456.jpg,WEB,3456,0,Neither,0,0
train,WEB03457.jpg,WEB,3457,0,Neither,0,0
train,WEB03458.jpg,WEB,3458,0,Neither,0,0
train,WEB03459.jpg,WEB,3459,0,Neither,0,0
train,WEB03460.jpg,WEB,3460,0,Neither,0,0
train,WEB03462.jpg,WEB,3462,0,Neither,0,0
train,WEB03463.jpg,WEB,3463,0,Neither,0,0
train,WEB03464.jpg,WEB,3464,0,Neither,0,0
train,WEB03465.jpg,WEB,3465,0,Neither,0,0
train,WEB03466.jpg,WEB,3466,0,Neither,0,0
train,WEB03467.jpg,WEB,3467,0,Neither,0,0
train,WEB03468.jpg,WEB,3468,0,Neither,0,0
train,WEB03469.jpg,WEB,3469,0,Neither,0,0
train,WEB03470.jpg,WEB,3470,0,Neither,0,0
train,WEB03471.jpg,WEB,3471,0,Neither,0,0
train,WEB03472.jpg,WEB,3472,0,Neither,0,0
train,WEB03474.jpg,WEB,3474,0,Neither,0,0
train,WEB03476.jpg,WEB,3476,0,Neither,0,0
train,WEB03477.jpg,WEB,3477,0,Neither,0,0
train,WEB03478.jpg,WEB,3478,0,Neither,0,0
train,WEB03480.jpg,WEB,3480,0,Neither,0,0
train,WEB03481.jpg,WEB,3481,0,Neither,0,0
train,WEB03482.jpg,WEB,3482,0,Neither,0,0
train,WEB03483.jpg,WEB,3483,0,Neither,0,0
train,WEB03485.jpg,WEB,3485,0,Neither,0,0
train,WEB03486.jpg,WEB,3486,0,Neither,0,0
train,WEB03487.jpg,WEB,3487,0,Neither,0,0
train,WEB03488.jpg,WEB,3488,0,Neither,0,0
train,WEB03490.jpg,WEB,3490,0,Neither,0,0
train,WEB03491.jpg,WEB,3491,0,Neither,0,0
train,WEB03492.jpg,WEB,3492,0,Neither,0,0
train,WEB03493.jpg,WEB,3493,0,Neither,0,0
train,WEB03494.jpg,WEB,3494,0,Neither,0,0
train,WEB03496.jpg,WEB,3496,0,Neither,0,0
train,WEB03497.jpg,WEB,3497,0,Neither,0,0
train,WEB03498.jpg,WEB,3498,0,Neither,0,0
train,WEB03499.jpg,WEB,3499,0,Neither,0,0
train,WEB03500.jpg,WEB,3500,0,Neither,0,0
train,WEB03501.jpg,WEB,3501,0,Neither,0,0
train,WEB03502.jpg,WEB,3502,0,Neither,0,0
train,WEB03504.jpg,WEB,3504,0,Neither,0,0
train,WEB03505.jpg,WEB,3505,0,Neither,0,0
train,WEB03506.jpg,WEB,3506,0,Neither,0,0
train,WEB03507.jpg,WEB,3507,0,Neither,0,0
train,WEB03509.jpg,WEB,3509,0,Neither,0,0
train,WEB03510.jpg,WEB,3510,0,Neither,0,0
train,WEB03511.jpg,WEB,3511,0,Neither,0,0
train,WEB03512.jpg,WEB,3512,0,Neither,0,0
train,WEB03513.jpg,WEB,3513,0,Neither,0,0
train,WEB03514.jpg,WEB,3514,0,Neither,0,0
train,WEB03515.jpg,WEB,3515,0,Neither,0,0
train,WEB03516.jpg,WEB,3516,0,Neither,0,0
train,WEB03517.jpg,WEB,3517,0,Neither,0,0
train,WEB03518.jpg,WEB,3518,0,Neither,0,0
train,WEB03519.jpg,WEB,3519,0,Neither,0,0
train,WEB03520.jpg,WEB,3520,0,Neither,0,0
train,WEB03521.jpg,WEB,3521,0,Neither,0,0
train,WEB03522.jpg,WEB,3522,0,Neither,0,0
train,WEB03523.jpg,WEB,3523,0,Neither,0,0
train,WEB03524.jpg,WEB,3524,0,Neither,0,0
train,WEB03525.jpg,WEB,3525,0,Neither,0,0
train,WEB03526.jpg,WEB,3526,0,Neither,0,0
train,WEB03527.jpg,WEB,3527,0,Neither,0,0
train,WEB03528.jpg,WEB,3528,0,Neither,0,0
train,WEB03529.jpg,WEB,3529,0,Neither,0,0
train,WEB03530.jpg,WEB,3530,0,Neither,0,0
train,WEB03531.jpg,WEB,3531,0,Neither,0,0
train,WEB03532.jpg,WEB,3532,0,Neither,0,0
train,WEB03533.jpg,WEB,3533,0,Neither,0,0
train,WEB03534.jpg,WEB,3534,0,Neither,0,0
train,WEB03535.jpg,WEB,3535,0,Neither,0,0
train,WEB03536.jpg,WEB,3536,0,Neither,0,0
train,WEB03537.jpg,WEB,3537,0,Neither,0,0
train,WEB03538.jpg,WEB,3538,0,Neither,0,0
train,WEB03539.jpg,WEB,3539,0,Neither,0,0
train,WEB03540.jpg,WEB,3540,0,Neither,0,0
train,WEB03542.jpg,WEB,3542,0,Neither,0,0
train,WEB03543.jpg,WEB,3543,0,Neither,0,0
train,WEB03544.jpg,WEB,3544,0,Neither,0,0
train,WEB03545.jpg,WEB,3545,0,Neither,0,0
train,WEB03546.jpg,WEB,3546,0,Neither,0,0
train,WEB03547.jpg,WEB,3547,0,Neither,0,0
train,WEB03548.jpg,WEB,3548,0,Neither,0,0
train,WEB03549.jpg,WEB,3549,0,Neither,0,0
train,WEB03550.jpg,WEB,3550,0,Neither,0,0
train,WEB03551.jpg,WEB,3551,0,Neither,0,0
train,WEB03552.jpg,WEB,3552,0,Neither,0,0
train,WEB03554.jpg,WEB,3554,0,Neither,0,0
train,WEB03555.jpg,WEB,3555,0,Neither,0,0
train,WEB03556.jpg,WEB,3556,0,Neither,0,0
train,WEB03557.jpg,WEB,3557,0,Neither,0,0
train,WEB03558.jpg,WEB,3558,0,Neither,0,0
train,WEB03560.jpg,WEB,3560,0,Neither,0,0
train,WEB03561.jpg,WEB,3561,0,Neither,0,0
train,WEB03563.jpg,WEB,3563,0,Neither,0,0
train,WEB03564.jpg,WEB,3564,0,Neither,0,0
train,WEB03565.jpg,WEB,3565,0,Neither,0,0
train,WEB03568.jpg,WEB,3568,0,Neither,0,0
train,WEB03571.jpg,WEB,3571,0,Neither,0,0
train,WEB03574.jpg,WEB,3574,0,Neither,0,0
train,WEB03575.jpg,WEB,3575,0,Neither,0,0
train,WEB03576.jpg,WEB,3576,0,Neither,0,0
train,WEB03577.jpg,WEB,3577,0,Neither,0,0
train,WEB03578.jpg,WEB,3578,0,Neither,0,0
train,WEB03580.jpg,WEB,3580,0,Neither,0,0
train,WEB03581.jpg,WEB,3581,0,Neither,0,0
train,WEB03582.jpg,WEB,3582,0,Neither,0,0
train,WEB03583.jpg,WEB,3583,0,Neither,0,0
train,WEB03584.jpg,WEB,3584,0,Neither,0,0
train,WEB03586.jpg,WEB,3586,0,Neither,0,0
train,WEB03587.jpg,WEB,3587,0,Neither,0,0
train,WEB03588.jpg,WEB,3588,0,Neither,0,0
train,WEB03589.jpg,WEB,3589,0,Neither,0,0
train,WEB03590.jpg,WEB,3590,0,Neither,0,0
train,WEB03591.jpg,WEB,3591,0,Neither,0,0
train,WEB03593.jpg,WEB,3593,0,Neither,0,0
train,WEB03594.jpg,WEB,3594,0,Neither,0,0
train,WEB03595.jpg,WEB,3595,0,Neither,0,0
train,WEB03596.jpg,WEB,3596,0,Neither,0,0
train,WEB03597.jpg,WEB,3597,0,Neither,0,0
train,WEB03599.jpg,WEB,3599,0,Neither,0,0
train,WEB03603.jpg,WEB,3603,0,Neither,0,0
train,WEB03604.jpg,WEB,3604,0,Neither,0,0
train,WEB03605.jpg,WEB,3605,0,Neither,0,0
train,WEB03606.jpg,WEB,3606,0,Neither,0,0
train,WEB03607.jpg,WEB,3607,0,Neither,0,0
train,WEB03611.jpg,WEB,3611,0,Neither,0,0
train,WEB03612.jpg,WEB,3612,0,Neither,0,0
train,WEB03613.jpg,WEB,3613,0,Neither,0,0
train,WEB03614.jpg,WEB,3614,0,Neither,0,0
train,WEB03615.jpg,WEB,3615,0,Neither,0,0
train,WEB03616.jpg,WEB,3616,0,Neither,0,0
train,WEB03617.jpg,WEB,3617,0,Neither,0,0
train,WEB03618.jpg,WEB,3618,0,Neither,0,0
train,WEB03619.jpg,WEB,3619,0,Neither,0,0
train,WEB03620.jpg,WEB,3620,0,Neither,0,0
train,WEB03621.jpg,WEB,3621,0,Neither,0,0
train,WEB03622.jpg,WEB,3622,0,Neither,0,0
train,WEB03623.jpg,WEB,3623,0,Neither,0,0
train,WEB03624.jpg,WEB,3624,0,Neither,0,0
train,WEB03625.jpg,WEB,3625,0,Neither,0,0
train,WEB03626.jpg,WEB,3626,0,Neither,0,0
train,WEB03628.jpg,WEB,3628,0,Neither,0,0
train,WEB03629.jpg,WEB,3629,0,Neither,0,0
train,WEB03631.jpg,WEB,3631,0,Neither,0,0
train,WEB03633.jpg,WEB,3633,0,Neither,0,0
train,WEB03634.jpg,WEB,3634,0,Neither,0,0
train,WEB03635.jpg,WEB,3635,0,Neither,0,0
train,WEB03636.jpg,WEB,3636,0,Neither,0,0
train,WEB03637.jpg,WEB,3637,0,Neither,0,0
train,WEB03638.jpg,WEB,3638,0,Neither,0,0
train,WEB03639.jpg,WEB,3639,0,Neither,0,0
train,WEB03640.jpg,WEB,3640,0,Neither,0,0
train,WEB03641.jpg,WEB,3641,0,Neither,0,0
train,WEB03644.jpg,WEB,3644,0,Neither,0,0
train,WEB03645.jpg,WEB,3645,0,Neither,0,0
train,WEB03646.jpg,WEB,3646,0,Neither,0,0
train,WEB03647.jpg,WEB,3647,0,Neither,0,0
train,WEB03648.jpg,WEB,3648,0,Neither,0,0
train,WEB03649.jpg,WEB,3649,0,Neither,0,0
train,WEB03650.jpg,WEB,3650,0,Neither,0,0
train,WEB03651.jpg,WEB,3651,0,Neither,0,0
train,WEB03653.jpg,WEB,3653,0,Neither,0,0
train,WEB03654.jpg,WEB,3654,0,Neither,0,0
train,WEB03655.jpg,WEB,3655,0,Neither,0,0
train,WEB03656.jpg,WEB,3656,0,Neither,0,0
train,WEB03657.jpg,WEB,3657,0,Neither,0,0
train,WEB03658.jpg,WEB,3658,0,Neither,0,0
train,WEB03659.jpg,WEB,3659,0,Neither,0,0
train,WEB03661.jpg,WEB,3661,0,Neither,0,0
train,WEB03662.jpg,WEB,3662,0,Neither,0,0
train,WEB03664.jpg,WEB,3664,0,Neither,0,0
train,WEB03665.jpg,WEB,3665,0,Neither,0,0
train,WEB03667.jpg,WEB,3667,0,Neither,0,0
train,WEB03668.jpg,WEB,3668,0,Neither,0,0
train,WEB03671.jpg,WEB,3671,0,Neither,0,0
train,WEB03672.jpg,WEB,3672,0,Neither,0,0
train,WEB03673.jpg,WEB,3673,0,Neither,0,0
train,WEB03675.jpg,WEB,3675,0,Neither,0,0
train,WEB03676.jpg,WEB,3676,0,Neither,0,0
train,WEB03678.jpg,WEB,3678,0,Neither,0,0
train,WEB03679.jpg,WEB,3679,0,Neither,0,0
train,WEB03681.jpg,WEB,3681,0,Neither,0,0
train,WEB03682.jpg,WEB,3682,0,Neither,0,0
train,WEB03683.jpg,WEB,3683,0,Neither,0,0
train,WEB03684.jpg,WEB,3684,0,Neither,0,0
train,WEB03685.jpg,WEB,3685,0,Neither,0,0
train,WEB03686.jpg,WEB,3686,1,Only_Fire,0,1
train,WEB03687.jpg,WEB,3687,3,Both,2,2
train,WEB03688.jpg,WEB,3688,3,Both,1,3
train,WEB03689.jpg,WEB,3689,1,Only_Fire,0,3
train,WEB03690.jpg,WEB,3690,3,Both,3,1
train,WEB03691.jpg,WEB,3691,3,Both,1,4
train,WEB03692.jpg,WEB,3692,3,Both,1,1
train,WEB03693.jpg,WEB,3693,2,Only_Smoke,1,0
train,WEB03695.jpg,WEB,3695,3,Both,1,4
train,WEB03696.jpg,WEB,3696,1,Only_Fire,0,10
train,WEB03697.jpg,WEB,3697,1,Only_Fire,0,11
train,WEB03698.jpg,WEB,3698,1,Only_Fire,0,22
train,WEB03699.jpg,WEB,3699,3,Both,1,1
train,WEB03700.jpg,WEB,3700,3,Both,1,1
train,WEB03701.jpg,WEB,3701,1,Only_Fire,0,1
train,WEB03702.jpg,WEB,3702,3,Both,1,1
train,WEB03703.jpg,WEB,3703,3,Both,1,3
train,WEB03705.jpg,WEB,3705,3,Both,1,1
train,WEB03708.jpg,WEB,3708,3,Both,1,2
train,WEB03709.jpg,WEB,3709,3,Both,1,2
train,WEB03711.jpg,WEB,3711,3,Both,1,5
train,WEB03712.jpg,WEB,3712,3,Both,1,2
train,WEB03713.jpg,WEB,3713,3,Both,1,2
train,WEB03714.jpg,WEB,3714,3,Both,2,3
train,WEB03715.jpg,WEB,3715,3,Both,1,1
train,WEB03717.jpg,WEB,3717,3,Both,1,1
train,WEB03718.jpg,WEB,3718,1,Only_Fire,0,1
train,WEB03719.jpg,WEB,3719,3,Both,2,1
train,WEB03720.jpg,WEB,3720,3,Both,1,1
train,WEB03721.jpg,WEB,3721,3,Both,1,1
train,WEB03722.jpg,WEB,3722,3,Both,1,2
train,WEB03723.jpg,WEB,3723,3,Both,1,1
train,WEB03725.jpg,WEB,3725,3,Both,1,1
train,WEB03726.jpg,WEB,3726,1,Only_Fire,0,1
train,WEB03727.jpg,WEB,3727,3,Both,1,1
train,WEB03728.jpg,WEB,3728,3,Both,2,2
train,WEB03729.jpg,WEB,3729,3,Both,1,1
train,WEB03730.jpg,WEB,3730,1,Only_Fire,0,3
train,WEB03731.jpg,WEB,3731,3,Both,1,1
train,WEB03732.jpg,WEB,3732,3,Both,1,2
train,WEB03734.jpg,WEB,3734,3,Both,2,1
train,WEB03735.jpg,WEB,3735,3,Both,1,2
train,WEB03737.jpg,WEB,3737,3,Both,1,1
train,WEB03740.jpg,WEB,3740,3,Both,1,1
train,WEB03742.jpg,WEB,3742,1,Only_Fire,0,2
train,WEB03743.jpg,WEB,3743,3,Both,2,2
train,WEB03744.jpg,WEB,3744,3,Both,1,2
train,WEB03745.jpg,WEB,3745,3,Both,2,2
train,WEB03746.jpg,WEB,3746,3,Both,1,5
train,WEB03747.jpg,WEB,3747,3,Both,1,1
train,WEB03748.jpg,WEB,3748,3,Both,1,1
train,WEB03749.jpg,WEB,3749,1,Only_Fire,0,3
train,WEB03750.jpg,WEB,3750,3,Both,1,5
train,WEB03751.jpg,WEB,3751,1,Only_Fire,0,2
train,WEB03752.jpg,WEB,3752,1,Only_Fire,0,2
train,WEB03753.jpg,WEB,3753,1,Only_Fire,0,1
train,WEB03755.jpg,WEB,3755,3,Both,1,4
train,WEB03757.jpg,WEB,3757,3,Both,1,2
train,WEB03758.jpg,WEB,3758,3,Both,1,3
train,WEB03759.jpg,WEB,3759,3,Both,1,1
train,WEB03760.jpg,WEB,3760,1,Only_Fire,0,1
train,WEB03761.jpg,WEB,3761,3,Both,1,6
train,WEB03764.jpg,WEB,3764,3,Both,1,3
train,WEB03766.jpg,WEB,3766,3,Both,1,5
train,WEB03768.jpg,WEB,3768,3,Both,1,11
train,WEB03770.jpg,WEB,3770,1,Only_Fire,0,6
train,WEB03771.jpg,WEB,3771,3,Both,1,2
train,WEB03773.jpg,WEB,3773,3,Both,1,3
train,WEB03774.jpg,WEB,3774,3,Both,1,2
train,WEB03775.jpg,WEB,3775,3,Both,1,1
train,WEB03778.jpg,WEB,3778,3,Both,1,2
train,WEB03779.jpg,WEB,3779,3,Both,1,3
train,WEB03780.jpg,WEB,3780,3,Both,1,1
train,WEB03781.jpg,WEB,3781,1,Only_Fire,0,1
train,WEB03782.jpg,WEB,3782,3,Both,1,1
train,WEB03783.jpg,WEB,3783,1,Only_Fire,0,1
train,WEB03784.jpg,WEB,3784,3,Both,1,2
train,WEB03785.jpg,WEB,3785,3,Both,1,2
train,WEB03786.jpg,WEB,3786,3,Both,1,2
train,WEB03788.jpg,WEB,3788,1,Only_Fire,0,1
train,WEB03789.jpg,WEB,3789,1,Only_Fire,0,1
train,WEB03790.jpg,WEB,3790,1,Only_Fire,0,2
train,WEB03792.jpg,WEB,3792,1,Only_Fire,0,3
train,WEB03793.jpg,WEB,3793,3,Both,1,3
train,WEB03794.jpg,WEB,3794,3,Both,1,1
train,WEB03796.jpg,WEB,3796,3,Both,1,4
train,WEB03797.jpg,WEB,3797,3,Both,2,2
train,WEB03799.jpg,WEB,3799,2,Only_Smoke,1,0
train,WEB03800.jpg,WEB,3800,2,Only_Smoke,1,0
train,WEB03801.jpg,WEB,3801,1,Only_Fire,0,3
train,WEB03802.jpg,WEB,3802,1,Only_Fire,0,1
train,WEB03803.jpg,WEB,3803,2,Only_Smoke,1,0
train,WEB03804.jpg,WEB,3804,2,Only_Smoke,1,0
train,WEB03805.jpg,WEB,3805,3,Both,1,1
train,WEB03807.jpg,WEB,3807,3,Both,1,1
train,WEB03808.jpg,WEB,3808,1,Only_Fire,0,3
train,WEB03810.jpg,WEB,3810,1,Only_Fire,0,2
train,WEB03811.jpg,WEB,3811,3,Both,1,2
train,WEB03813.jpg,WEB,3813,3,Both,1,1
train,WEB03814.jpg,WEB,3814,3,Both,1,2
train,WEB03815.jpg,WEB,3815,3,Both,2,3
train,WEB03816.jpg,WEB,3816,1,Only_Fire,0,4
train,WEB03817.jpg,WEB,3817,3,Both,1,9
train,WEB03819.jpg,WEB,3819,1,Only_Fire,0,2
train,WEB03820.jpg,WEB,3820,3,Both,1,1
train,WEB03821.jpg,WEB,3821,3,Both,1,2
train,WEB03822.jpg,WEB,3822,3,Both,1,2
train,WEB03823.jpg,WEB,3823,3,Both,1,1
train,WEB03824.jpg,WEB,3824,3,Both,1,3
train,WEB03826.jpg,WEB,3826,3,Both,1,3
train,WEB03828.jpg,WEB,3828,3,Both,1,4
train,WEB03829.jpg,WEB,3829,3,Both,1,3
train,WEB03830.jpg,WEB,3830,3,Both,3,1
train,WEB03831.jpg,WEB,3831,3,Both,1,2
train,WEB03832.jpg,WEB,3832,3,Both,1,7
train,WEB03833.jpg,WEB,3833,3,Both,1,2
train,WEB03836.jpg,WEB,3836,1,Only_Fire,0,1
train,WEB03837.jpg,WEB,3837,1,Only_Fire,0,3
train,WEB03838.jpg,WEB,3838,3,Both,1,2
train,WEB03839.jpg,WEB,3839,3,Both,2,3
train,WEB03841.jpg,WEB,3841,3,Both,1,2
train,WEB03842.jpg,WEB,3842,3,Both,1,4
train,WEB03843.jpg,WEB,3843,3,Both,1,4
train,WEB03844.jpg,WEB,3844,3,Both,2,6
train,WEB03846.jpg,WEB,3846,1,Only_Fire,0,1
train,WEB03847.jpg,WEB,3847,3,Both,1,3
train,WEB03848.jpg,WEB,3848,3,Both,1,2
train,WEB03850.jpg,WEB,3850,1,Only_Fire,0,3
train,WEB03853.jpg,WEB,3853,3,Both,1,8
train,WEB03854.jpg,WEB,3854,3,Both,1,7
train,WEB03855.jpg,WEB,3855,3,Both,1,5
train,WEB03857.jpg,WEB,3857,1,Only_Fire,0,7
train,WEB03858.jpg,WEB,3858,1,Only_Fire,0,5
train,WEB03859.jpg,WEB,3859,3,Both,1,3
train,WEB03861.jpg,WEB,3861,3,Both,1,4
train,WEB03862.jpg,WEB,3862,1,Only_Fire,0,8
train,WEB03863.jpg,WEB,3863,3,Both,1,1
train,WEB03864.jpg,WEB,3864,3,Both,1,8
train,WEB03867.jpg,WEB,3867,1,Only_Fire,0,4
train,WEB03868.jpg,WEB,3868,3,Both,1,3
train,WEB03869.jpg,WEB,3869,3,Both,1,3
train,WEB03871.jpg,WEB,3871,3,Both,1,3
train,WEB03873.jpg,WEB,3873,3,Both,1,4
train,WEB03874.jpg,WEB,3874,3,Both,1,2
train,WEB03875.jpg,WEB,3875,1,Only_Fire,0,1
train,WEB03876.jpg,WEB,3876,3,Both,1,3
train,WEB03877.jpg,WEB,3877,3,Both,1,2
train,WEB03878.jpg,WEB,3878,3,Both,1,2
train,WEB03879.jpg,WEB,3879,3,Both,2,1
train,WEB03881.jpg,WEB,3881,1,Only_Fire,0,1
train,WEB03882.jpg,WEB,3882,3,Both,1,2
train,WEB03883.jpg,WEB,3883,1,Only_Fire,0,1
train,WEB03884.jpg,WEB,3884,3,Both,1,1
train,WEB03885.jpg,WEB,3885,3,Both,1,1
train,WEB03888.jpg,WEB,3888,3,Both,1,2
train,WEB03889.jpg,WEB,3889,1,Only_Fire,0,1
train,WEB03890.jpg,WEB,3890,1,Only_Fire,0,1
train,WEB03891.jpg,WEB,3891,3,Both,2,1
train,WEB03892.jpg,WEB,3892,3,Both,1,4
train,WEB03893.jpg,WEB,3893,1,Only_Fire,0,8
train,WEB03894.jpg,WEB,3894,1,Only_Fire,0,10
train,WEB03895.jpg,WEB,3895,3,Both,1,2
train,WEB03896.jpg,WEB,3896,3,Both,1,1
train,WEB03898.jpg,WEB,3898,3,Both,1,2
train,WEB03899.jpg,WEB,3899,3,Both,1,1
train,WEB03900.jpg,WEB,3900,3,Both,1,1
train,WEB03901.jpg,WEB,3901,1,Only_Fire,0,1
train,WEB03904.jpg,WEB,3904,3,Both,1,1
train,WEB03905.jpg,WEB,3905,3,Both,1,1
train,WEB03906.jpg,WEB,3906,3,Both,1,1
train,WEB03907.jpg,WEB,3907,3,Both,1,1
train,WEB03908.jpg,WEB,3908,1,Only_Fire,0,1
train,WEB03909.jpg,WEB,3909,3,Both,1,1
train,WEB03910.jpg,WEB,3910,3,Both,1,1
train,WEB03911.jpg,WEB,3911,3,Both,1,1
train,WEB03912.jpg,WEB,3912,3,Both,1,2
train,WEB03913.jpg,WEB,3913,3,Both,1,1
train,WEB03914.jpg,WEB,3914,3,Both,1,2
train,WEB03915.jpg,WEB,3915,3,Both,1,1
train,WEB03916.jpg,WEB,3916,3,Both,1,1
train,WEB03918.jpg,WEB,3918,3,Both,1,2
train,WEB03919.jpg,WEB,3919,3,Both,1,1
train,WEB03920.jpg,WEB,3920,3,Both,1,3
train,WEB03921.jpg,WEB,3921,3,Both,1,1
train,WEB03922.jpg,WEB,3922,3,Both,1,1
train,WEB03923.jpg,WEB,3923,3,Both,1,2
train,WEB03925.jpg,WEB,3925,3,Both,1,1
train,WEB03926.jpg,WEB,3926,3,Both,1,2
train,WEB03927.jpg,WEB,3927,1,Only_Fire,0,1
train,WEB03928.jpg,WEB,3928,3,Both,1,1
train,WEB03929.jpg,WEB,3929,3,Both,1,1
train,WEB03930.jpg,WEB,3930,1,Only_Fire,0,2
train,WEB03931.jpg,WEB,3931,3,Both,1,1
train,WEB03932.jpg,WEB,3932,3,Both,1,1
train,WEB03933.jpg,WEB,3933,3,Both,1,1
train,WEB03934.jpg,WEB,3934,3,Both,1,1
train,WEB03935.jpg,WEB,3935,3,Both,1,4
train,WEB03936.jpg,WEB,3936,3,Both,1,1
train,WEB03937.jpg,WEB,3937,3,Both,1,2
train,WEB03939.jpg,WEB,3939,3,Both,1,1
train,WEB03945.jpg,WEB,3945,3,Both,1,1
train,WEB03946.jpg,WEB,3946,3,Both,1,2
train,WEB03947.jpg,WEB,3947,3,Both,1,1
train,WEB03948.jpg,WEB,3948,3,Both,1,2
train,WEB03949.jpg,WEB,3949,3,Both,1,1
train,WEB03950.jpg,WEB,3950,3,Both,1,1
train,WEB03954.jpg,WEB,3954,1,Only_Fire,0,2
train,WEB03955.jpg,WEB,3955,1,Only_Fire,0,4
train,WEB03956.jpg,WEB,3956,3,Both,2,2
train,WEB03957.jpg,WEB,3957,3,Both,2,1
train,WEB03958.jpg,WEB,3958,3,Both,1,5
train,WEB03959.jpg,WEB,3959,3,Both,1,1
train,WEB03960.jpg,WEB,3960,1,Only_Fire,0,1
train,WEB03962.jpg,WEB,3962,3,Both,1,8
train,WEB03964.jpg,WEB,3964,3,Both,1,8
train,WEB03965.jpg,WEB,3965,3,Both,1,4
train,WEB03966.jpg,WEB,3966,3,Both,1,4
train,WEB03967.jpg,WEB,3967,1,Only_Fire,0,1
train,WEB03968.jpg,WEB,3968,3,Both,1,4
train,WEB03969.jpg,WEB,3969,1,Only_Fire,0,10
train,WEB03970.jpg,WEB,3970,3,Both,1,4
train,WEB03971.jpg,WEB,3971,3,Both,1,2
train,WEB03972.jpg,WEB,3972,3,Both,1,5
train,WEB03973.jpg,WEB,3973,3,Both,1,6
train,WEB03974.jpg,WEB,3974,1,Only_Fire,0,8
train,WEB03976.jpg,WEB,3976,1,Only_Fire,0,3
train,WEB03977.jpg,WEB,3977,3,Both,1,7
train,WEB03978.jpg,WEB,3978,3,Both,1,4
train,WEB03979.jpg,WEB,3979,3,Both,1,1
train,WEB03981.jpg,WEB,3981,1,Only_Fire,0,1
train,WEB03982.jpg,WEB,3982,3,Both,2,1
train,WEB03983.jpg,WEB,3983,3,Both,1,4
train,WEB03984.jpg,WEB,3984,1,Only_Fire,0,5
train,WEB03985.jpg,WEB,3985,3,Both,1,2
train,WEB03987.jpg,WEB,3987,1,Only_Fire,0,2
train,WEB03988.jpg,WEB,3988,3,Both,1,1
train,WEB03989.jpg,WEB,3989,3,Both,2,4
train,WEB03990.jpg,WEB,3990,3,Both,1,2
train,WEB03991.jpg,WEB,3991,3,Both,1,3
train,WEB03992.jpg,WEB,3992,3,Both,1,3
train,WEB03993.jpg,WEB,3993,3,Both,1,2
train,WEB03994.jpg,WEB,3994,1,Only_Fire,0,5
train,WEB03995.jpg,WEB,3995,1,Only_Fire,0,2
train,WEB03996.jpg,WEB,3996,3,Both,1,1
train,WEB03997.jpg,WEB,3997,3,Both,1,1
train,WEB03998.jpg,WEB,3998,3,Both,1,2
train,WEB04000.jpg,WEB,4000,3,Both,1,1
train,WEB04001.jpg,WEB,4001,1,Only_Fire,0,1
train,WEB04002.jpg,WEB,4002,3,Both,1,3
train,WEB04003.jpg,WEB,4003,3,Both,1,2
train,WEB04004.jpg,WEB,4004,3,Both,2,4
train,WEB04005.jpg,WEB,4005,1,Only_Fire,0,5
train,WEB04006.jpg,WEB,4006,3,Both,1,3
train,WEB04007.jpg,WEB,4007,3,Both,2,4
train,WEB04008.jpg,WEB,4008,3,Both,2,6
train,WEB04009.jpg,WEB,4009,3,Both,1,6
train,WEB04010.jpg,WEB,4010,3,Both,1,4
train,WEB04011.jpg,WEB,4011,3,Both,1,14
train,WEB04012.jpg,WEB,4012,3,Both,1,1
train,WEB04013.jpg,WEB,4013,1,Only_Fire,0,1
train,WEB04014.jpg,WEB,4014,3,Both,1,2
train,WEB04015.jpg,WEB,4015,3,Both,1,5
train,WEB04016.jpg,WEB,4016,3,Both,1,5
train,WEB04017.jpg,WEB,4017,1,Only_Fire,0,1
train,WEB04018.jpg,WEB,4018,3,Both,1,3
train,WEB04019.jpg,WEB,4019,3,Both,1,2
train,WEB04020.jpg,WEB,4020,3,Both,2,1
train,WEB04021.jpg,WEB,4021,3,Both,1,1
train,WEB04022.jpg,WEB,4022,3,Both,1,1
train,WEB04023.jpg,WEB,4023,3,Both,2,1
train,WEB04024.jpg,WEB,4024,3,Both,1,1
train,WEB04026.jpg,WEB,4026,3,Both,1,3
train,WEB04027.jpg,WEB,4027,3,Both,1,4
train,WEB04028.jpg,WEB,4028,3,Both,1,5
train,WEB04030.jpg,WEB,4030,1,Only_Fire,0,1
train,WEB04031.jpg,WEB,4031,3,Both,2,2
train,WEB04032.jpg,WEB,4032,3,Both,1,2
train,WEB04033.jpg,WEB,4033,3,Both,1,2
train,WEB04034.jpg,WEB,4034,1,Only_Fire,0,3
train,WEB04035.jpg,WEB,4035,3,Both,2,2
train,WEB04036.jpg,WEB,4036,3,Both,1,3
train,WEB04037.jpg,WEB,4037,3,Both,2,2
train,WEB04038.jpg,WEB,4038,3,Both,1,2
train,WEB04039.jpg,WEB,4039,3,Both,2,2
train,WEB04040.jpg,WEB,4040,3,Both,1,3
train,WEB04041.jpg,WEB,4041,3,Both,1,1
train,WEB04043.jpg,WEB,4043,3,Both,1,2
train,WEB04044.jpg,WEB,4044,2,Only_Smoke,1,0
train,WEB04045.jpg,WEB,4045,2,Only_Smoke,1,0
train,WEB04046.jpg,WEB,4046,3,Both,1,2
train,WEB04048.jpg,WEB,4048,3,Both,1,3
train,WEB04049.jpg,WEB,4049,3,Both,1,6
train,WEB04050.jpg,WEB,4050,3,Both,1,4
train,WEB04052.jpg,WEB,4052,3,Both,1,2
train,WEB04053.jpg,WEB,4053,3,Both,1,2
train,WEB04055.jpg,WEB,4055,3,Both,1,1
train,WEB04056.jpg,WEB,4056,3,Both,1,3
train,WEB04057.jpg,WEB,4057,3,Both,2,2
train,WEB04058.jpg,WEB,4058,1,Only_Fire,0,4
train,WEB04060.jpg,WEB,4060,3,Both,1,4
train,WEB04061.jpg,WEB,4061,3,Both,2,1
train,WEB04062.jpg,WEB,4062,3,Both,1,2
train,WEB04064.jpg,WEB,4064,3,Both,1,3
train,WEB04065.jpg,WEB,4065,3,Both,1,1
train,WEB04066.jpg,WEB,4066,1,Only_Fire,0,1
train,WEB04067.jpg,WEB,4067,3,Both,1,2
train,WEB04068.jpg,WEB,4068,3,Both,2,2
train,WEB04069.jpg,WEB,4069,1,Only_Fire,0,2
train,WEB04070.jpg,WEB,4070,3,Both,1,3
train,WEB04071.jpg,WEB,4071,1,Only_Fire,0,2
train,WEB04072.jpg,WEB,4072,3,Both,1,4
train,WEB04073.jpg,WEB,4073,3,Both,1,1
train,WEB04075.jpg,WEB,4075,1,Only_Fire,0,3
train,WEB04076.jpg,WEB,4076,3,Both,1,2
train,WEB04077.jpg,WEB,4077,3,Both,2,5
train,WEB04078.jpg,WEB,4078,1,Only_Fire,0,1
train,WEB04079.jpg,WEB,4079,3,Both,1,2
train,WEB04080.jpg,WEB,4080,3,Both,1,3
train,WEB04083.jpg,WEB,4083,1,Only_Fire,0,2
train,WEB04084.jpg,WEB,4084,3,Both,1,2
train,WEB04085.jpg,WEB,4085,3,Both,1,1
train,WEB04086.jpg,WEB,4086,1,Only_Fire,0,1
train,WEB04087.jpg,WEB,4087,3,Both,1,3
train,WEB04088.jpg,WEB,4088,3,Both,1,1
train,WEB04089.jpg,WEB,4089,3,Both,1,1
train,WEB04090.jpg,WEB,4090,3,Both,1,2
train,WEB04091.jpg,WEB,4091,3,Both,1,1
train,WEB04092.jpg,WEB,4092,3,Both,1,1
train,WEB04093.jpg,WEB,4093,3,Both,1,1
train,WEB04095.jpg,WEB,4095,3,Both,2,4
train,WEB04096.jpg,WEB,4096,3,Both,2,1
train,WEB04097.jpg,WEB,4097,3,Both,1,2
train,WEB04098.jpg,WEB,4098,3,Both,2,2
train,WEB04099.jpg,WEB,4099,3,Both,1,1
train,WEB04100.jpg,WEB,4100,3,Both,1,1
train,WEB04101.jpg,WEB,4101,3,Both,1,4
train,WEB04102.jpg,WEB,4102,3,Both,1,4
train,WEB04104.jpg,WEB,4104,3,Both,1,3
train,WEB04105.jpg,WEB,4105,3,Both,1,3
train,WEB04106.jpg,WEB,4106,3,Both,1,3
train,WEB04107.jpg,WEB,4107,1,Only_Fire,0,1
train,WEB04108.jpg,WEB,4108,1,Only_Fire,0,1
train,WEB04109.jpg,WEB,4109,3,Both,1,1
train,WEB04110.jpg,WEB,4110,1,Only_Fire,0,1
train,WEB04111.jpg,WEB,4111,3,Both,1,2
train,WEB04112.jpg,WEB,4112,3,Both,1,2
train,WEB04113.jpg,WEB,4113,3,Both,1,4
train,WEB04114.jpg,WEB,4114,1,Only_Fire,0,3
train,WEB04115.jpg,WEB,4115,1,Only_Fire,0,3
train,WEB04116.jpg,WEB,4116,1,Only_Fire,0,3
train,WEB04119.jpg,WEB,4119,1,Only_Fire,0,3
train,WEB04120.jpg,WEB,4120,3,Both,1,2
train,WEB04121.jpg,WEB,4121,3,Both,1,4
train,WEB04122.jpg,WEB,4122,3,Both,1,3
train,WEB04123.jpg,WEB,4123,3,Both,1,3
train,WEB04124.jpg,WEB,4124,3,Both,2,1
train,WEB04128.jpg,WEB,4128,3,Both,1,3
train,WEB04129.jpg,WEB,4129,2,Only_Smoke,3,0
train,WEB04130.jpg,WEB,4130,3,Both,1,3
train,WEB04131.jpg,WEB,4131,3,Both,1,3
train,WEB04132.jpg,WEB,4132,3,Both,1,3
train,WEB04133.jpg,WEB,4133,3,Both,1,1
train,WEB04134.jpg,WEB,4134,1,Only_Fire,0,2
train,WEB04135.jpg,WEB,4135,3,Both,1,11
train,WEB04137.jpg,WEB,4137,3,Both,1,1
train,WEB04138.jpg,WEB,4138,3,Both,1,3
train,WEB04139.jpg,WEB,4139,1,Only_Fire,0,7
train,WEB04141.jpg,WEB,4141,1,Only_Fire,0,3
train,WEB04143.jpg,WEB,4143,1,Only_Fire,0,3
train,WEB04144.jpg,WEB,4144,1,Only_Fire,0,3
train,WEB04145.jpg,WEB,4145,1,Only_Fire,0,3
train,WEB04147.jpg,WEB,4147,3,Both,1,6
train,WEB04148.jpg,WEB,4148,1,Only_Fire,0,1
train,WEB04149.jpg,WEB,4149,1,Only_Fire,0,5
train,WEB04150.jpg,WEB,4150,1,Only_Fire,0,1
train,WEB04152.jpg,WEB,4152,1,Only_Fire,0,2
train,WEB04153.jpg,WEB,4153,1,Only_Fire,0,2
train,WEB04154.jpg,WEB,4154,1,Only_Fire,0,2
train,WEB04155.jpg,WEB,4155,1,Only_Fire,0,2
train,WEB04156.jpg,WEB,4156,1,Only_Fire,0,1
train,WEB04157.jpg,WEB,4157,3,Both,1,3
train,WEB04158.jpg,WEB,4158,3,Both,1,1
train,WEB04160.jpg,WEB,4160,1,Only_Fire,0,1
train,WEB04161.jpg,WEB,4161,1,Only_Fire,0,1
train,WEB04162.jpg,WEB,4162,1,Only_Fire,0,1
train,WEB04164.jpg,WEB,4164,1,Only_Fire,0,1
train,WEB04165.jpg,WEB,4165,3,Both,1,4
train,WEB04166.jpg,WEB,4166,3,Both,2,4
train,WEB04169.jpg,WEB,4169,2,Only_Smoke,1,0
train,WEB04170.jpg,WEB,4170,1,Only_Fire,0,2
train,WEB04171.jpg,WEB,4171,1,Only_Fire,0,5
train,WEB04172.jpg,WEB,4172,3,Both,2,1
train,WEB04173.jpg,WEB,4173,3,Both,1,3
train,WEB04174.jpg,WEB,4174,3,Both,1,6
train,WEB04175.jpg,WEB,4175,3,Both,2,3
train,WEB04176.jpg,WEB,4176,3,Both,1,4
train,WEB04177.jpg,WEB,4177,1,Only_Fire,0,4
train,WEB04178.jpg,WEB,4178,1,Only_Fire,0,6
train,WEB04179.jpg,WEB,4179,3,Both,1,4
train,WEB04180.jpg,WEB,4180,1,Only_Fire,0,6
train,WEB04181.jpg,WEB,4181,3,Both,1,3
train,WEB04182.jpg,WEB,4182,3,Both,1,2
train,WEB04183.jpg,WEB,4183,3,Both,1,1
train,WEB04184.jpg,WEB,4184,3,Both,4,2
train,WEB04185.jpg,WEB,4185,3,Both,2,2
train,WEB04186.jpg,WEB,4186,1,Only_Fire,0,9
train,WEB04187.jpg,WEB,4187,3,Both,1,3
train,WEB04188.jpg,WEB,4188,3,Both,1,2
train,WEB04189.jpg,WEB,4189,2,Only_Smoke,2,0
train,WEB04190.jpg,WEB,4190,3,Both,1,1
train,WEB04191.jpg,WEB,4191,3,Both,1,2
train,WEB04192.jpg,WEB,4192,1,Only_Fire,0,1
train,WEB04193.jpg,WEB,4193,1,Only_Fire,0,5
train,WEB04194.jpg,WEB,4194,3,Both,1,4
train,WEB04195.jpg,WEB,4195,3,Both,1,2
train,WEB04196.jpg,WEB,4196,3,Both,1,5
train,WEB04198.jpg,WEB,4198,3,Both,1,2
train,WEB04200.jpg,WEB,4200,3,Both,1,4
train,WEB04201.jpg,WEB,4201,3,Both,1,3
train,WEB04202.jpg,WEB,4202,3,Both,1,1
train,WEB04203.jpg,WEB,4203,1,Only_Fire,0,4
train,WEB04204.jpg,WEB,4204,3,Both,1,4
train,WEB04205.jpg,WEB,4205,1,Only_Fire,0,4
train,WEB04206.jpg,WEB,4206,3,Both,1,8
train,WEB04209.jpg,WEB,4209,3,Both,1,4
train,WEB04211.jpg,WEB,4211,3,Both,1,5
train,WEB04212.jpg,WEB,4212,3,Both,1,2
train,WEB04213.jpg,WEB,4213,3,Both,1,2
train,WEB04214.jpg,WEB,4214,1,Only_Fire,0,5
train,WEB04215.jpg,WEB,4215,1,Only_Fire,0,5
train,WEB04218.jpg,WEB,4218,3,Both,1,3
train,WEB04219.jpg,WEB,4219,2,Only_Smoke,2,0
train,WEB04220.jpg,WEB,4220,3,Both,2,3
train,WEB04222.jpg,WEB,4222,3,Both,1,3
train,WEB04223.jpg,WEB,4223,3,Both,2,1
train,WEB04224.jpg,WEB,4224,3,Both,2,1
train,WEB04225.jpg,WEB,4225,3,Both,1,1
train,WEB04226.jpg,WEB,4226,3,Both,1,2
train,WEB04227.jpg,WEB,4227,1,Only_Fire,0,4
train,WEB04228.jpg,WEB,4228,3,Both,1,2
train,WEB04229.jpg,WEB,4229,3,Both,1,4
train,WEB04231.jpg,WEB,4231,3,Both,1,2
train,WEB04234.jpg,WEB,4234,3,Both,1,1
train,WEB04235.jpg,WEB,4235,3,Both,2,5
train,WEB04237.jpg,WEB,4237,3,Both,1,2
train,WEB04238.jpg,WEB,4238,3,Both,1,2
train,WEB04239.jpg,WEB,4239,3,Both,1,2
train,WEB04240.jpg,WEB,4240,3,Both,1,2
train,WEB04241.jpg,WEB,4241,3,Both,1,10
train,WEB04242.jpg,WEB,4242,1,Only_Fire,0,1
train,WEB04243.jpg,WEB,4243,3,Both,1,6
train,WEB04244.jpg,WEB,4244,3,Both,1,2
train,WEB04245.jpg,WEB,4245,3,Both,2,2
train,WEB04246.jpg,WEB,4246,3,Both,2,2
train,WEB04247.jpg,WEB,4247,3,Both,1,2
train,WEB04249.jpg,WEB,4249,3,Both,1,1
train,WEB04250.jpg,WEB,4250,3,Both,1,1
train,WEB04251.jpg,WEB,4251,3,Both,1,3
train,WEB04252.jpg,WEB,4252,3,Both,1,1
train,WEB04253.jpg,WEB,4253,3,Both,1,4
train,WEB04255.jpg,WEB,4255,3,Both,1,2
train,WEB04256.jpg,WEB,4256,3,Both,2,2
train,WEB04257.jpg,WEB,4257,3,Both,1,2
train,WEB04258.jpg,WEB,4258,3,Both,1,2
train,WEB04259.jpg,WEB,4259,3,Both,2,2
train,WEB04261.jpg,WEB,4261,3,Both,1,1
train,WEB04262.jpg,WEB,4262,3,Both,2,16
train,WEB04263.jpg,WEB,4263,3,Both,1,3
train,WEB04264.jpg,WEB,4264,3,Both,1,2
train,WEB04265.jpg,WEB,4265,3,Both,1,1
train,WEB04266.jpg,WEB,4266,3,Both,1,4
train,WEB04267.jpg,WEB,4267,3,Both,1,1
train,WEB04268.jpg,WEB,4268,3,Both,2,3
train,WEB04269.jpg,WEB,4269,3,Both,1,1
train,WEB04270.jpg,WEB,4270,3,Both,1,1
train,WEB04271.jpg,WEB,4271,3,Both,2,4
train,WEB04272.jpg,WEB,4272,3,Both,1,1
train,WEB04273.jpg,WEB,4273,3,Both,1,2
train,WEB04274.jpg,WEB,4274,3,Both,1,2
train,WEB04277.jpg,WEB,4277,3,Both,1,2
train,WEB04278.jpg,WEB,4278,3,Both,1,5
train,WEB04279.jpg,WEB,4279,3,Both,1,2
train,WEB04280.jpg,WEB,4280,1,Only_Fire,0,4
train,WEB04281.jpg,WEB,4281,3,Both,1,4
train,WEB04282.jpg,WEB,4282,3,Both,1,1
train,WEB04284.jpg,WEB,4284,1,Only_Fire,0,3
train,WEB04285.jpg,WEB,4285,3,Both,1,2
train,WEB04288.jpg,WEB,4288,3,Both,1,5
train,WEB04290.jpg,WEB,4290,1,Only_Fire,0,1
train,WEB04291.jpg,WEB,4291,3,Both,1,2
train,WEB04292.jpg,WEB,4292,3,Both,2,2
train,WEB04294.jpg,WEB,4294,1,Only_Fire,0,1
train,WEB04295.jpg,WEB,4295,3,Both,1,4
train,WEB04296.jpg,WEB,4296,3,Both,1,2
train,WEB04297.jpg,WEB,4297,3,Both,1,4
train,WEB04299.jpg,WEB,4299,3,Both,1,1
train,WEB04300.jpg,WEB,4300,3,Both,1,1
train,WEB04301.jpg,WEB,4301,3,Both,1,2
train,WEB04302.jpg,WEB,4302,3,Both,1,5
train,WEB04303.jpg,WEB,4303,3,Both,1,1
train,WEB04304.jpg,WEB,4304,1,Only_Fire,0,2
train,WEB04306.jpg,WEB,4306,1,Only_Fire,0,4
train,WEB04307.jpg,WEB,4307,3,Both,1,1
train,WEB04309.jpg,WEB,4309,3,Both,1,2
train,WEB04310.jpg,WEB,4310,3,Both,2,1
train,WEB04311.jpg,WEB,4311,1,Only_Fire,0,2
train,WEB04313.jpg,WEB,4313,3,Both,1,2
train,WEB04315.jpg,WEB,4315,3,Both,2,4
train,WEB04316.jpg,WEB,4316,3,Both,1,1
train,WEB04317.jpg,WEB,4317,3,Both,2,2
train,WEB04318.jpg,WEB,4318,3,Both,1,3
train,WEB04319.jpg,WEB,4319,1,Only_Fire,0,1
train,WEB04321.jpg,WEB,4321,3,Both,1,1
train,WEB04322.jpg,WEB,4322,3,Both,1,1
train,WEB04325.jpg,WEB,4325,3,Both,1,6
train,WEB04326.jpg,WEB,4326,3,Both,1,1
train,WEB04327.jpg,WEB,4327,1,Only_Fire,0,4
train,WEB04328.jpg,WEB,4328,1,Only_Fire,0,1
train,WEB04329.jpg,WEB,4329,3,Both,3,5
train,WEB04331.jpg,WEB,4331,3,Both,2,3
train,WEB04332.jpg,WEB,4332,3,Both,2,4
train,WEB04333.jpg,WEB,4333,3,Both,1,1
train,WEB04334.jpg,WEB,4334,3,Both,1,5
train,WEB04335.jpg,WEB,4335,3,Both,2,2
train,WEB04336.jpg,WEB,4336,3,Both,2,2
train,WEB04337.jpg,WEB,4337,3,Both,1,8
train,WEB04338.jpg,WEB,4338,3,Both,1,1
train,WEB04339.jpg,WEB,4339,3,Both,1,2
train,WEB04340.jpg,WEB,4340,3,Both,1,4
train,WEB04341.jpg,WEB,4341,1,Only_Fire,0,4
train,WEB04342.jpg,WEB,4342,3,Both,1,4
train,WEB04344.jpg,WEB,4344,1,Only_Fire,0,1
train,WEB04345.jpg,WEB,4345,3,Both,1,1
train,WEB04347.jpg,WEB,4347,3,Both,1,4
train,WEB04349.jpg,WEB,4349,3,Both,2,3
train,WEB04350.jpg,WEB,4350,3,Both,1,4
train,WEB04351.jpg,WEB,4351,3,Both,1,2
train,WEB04352.jpg,WEB,4352,1,Only_Fire,0,4
train,WEB04353.jpg,WEB,4353,1,Only_Fire,0,3
train,WEB04354.jpg,WEB,4354,3,Both,1,5
train,WEB04355.jpg,WEB,4355,3,Both,1,4
train,WEB04356.jpg,WEB,4356,3,Both,1,3
train,WEB04357.jpg,WEB,4357,3,Both,1,1
train,WEB04358.jpg,WEB,4358,1,Only_Fire,0,2
train,WEB04359.jpg,WEB,4359,3,Both,1,2
train,WEB04361.jpg,WEB,4361,3,Both,1,2
train,WEB04363.jpg,WEB,4363,1,Only_Fire,0,4
train,WEB04364.jpg,WEB,4364,1,Only_Fire,0,2
train,WEB04365.jpg,WEB,4365,3,Both,1,1
train,WEB04366.jpg,WEB,4366,3,Both,1,2
train,WEB04367.jpg,WEB,4367,1,Only_Fire,0,1
train,WEB04368.jpg,WEB,4368,3,Both,1,3
train,WEB04370.jpg,WEB,4370,3,Both,1,4
train,WEB04371.jpg,WEB,4371,3,Both,2,6
train,WEB04372.jpg,WEB,4372,3,Both,1,5
train,WEB04373.jpg,WEB,4373,3,Both,1,3
train,WEB04374.jpg,WEB,4374,3,Both,2,3
train,WEB04377.jpg,WEB,4377,3,Both,2,2
train,WEB04378.jpg,WEB,4378,3,Both,2,3
train,WEB04380.jpg,WEB,4380,3,Both,1,2
train,WEB04382.jpg,WEB,4382,3,Both,2,3
train,WEB04383.jpg,WEB,4383,3,Both,1,4
train,WEB04385.jpg,WEB,4385,3,Both,1,1
train,WEB04386.jpg,WEB,4386,3,Both,2,4
train,WEB04387.jpg,WEB,4387,3,Both,1,1
train,WEB04388.jpg,WEB,4388,3,Both,1,4
train,WEB04389.jpg,WEB,4389,3,Both,1,3
train,WEB04390.jpg,WEB,4390,1,Only_Fire,0,2
train,WEB04391.jpg,WEB,4391,3,Both,1,1
train,WEB04394.jpg,WEB,4394,3,Both,1,2
train,WEB04395.jpg,WEB,4395,3,Both,1,3
train,WEB04396.jpg,WEB,4396,3,Both,1,2
train,WEB04397.jpg,WEB,4397,3,Both,1,3
train,WEB04398.jpg,WEB,4398,3,Both,1,3
train,WEB04399.jpg,WEB,4399,3,Both,1,1
train,WEB04401.jpg,WEB,4401,3,Both,1,4
train,WEB04402.jpg,WEB,4402,3,Both,1,5
train,WEB04403.jpg,WEB,4403,3,Both,2,1
train,WEB04405.jpg,WEB,4405,3,Both,2,2
train,WEB04406.jpg,WEB,4406,3,Both,1,1
train,WEB04407.jpg,WEB,4407,3,Both,1,1
train,WEB04408.jpg,WEB,4408,3,Both,1,1
train,WEB04409.jpg,WEB,4409,3,Both,1,2
train,WEB04410.jpg,WEB,4410,3,Both,1,6
train,WEB04411.jpg,WEB,4411,3,Both,1,3
train,WEB04412.jpg,WEB,4412,3,Both,1,4
train,WEB04413.jpg,WEB,4413,3,Both,2,3
train,WEB04417.jpg,WEB,4417,3,Both,1,8
train,WEB04418.jpg,WEB,4418,3,Both,1,4
train,WEB04419.jpg,WEB,4419,3,Both,1,3
train,WEB04420.jpg,WEB,4420,3,Both,1,2
train,WEB04421.jpg,WEB,4421,3,Both,3,5
train,WEB04422.jpg,WEB,4422,3,Both,1,3
train,WEB04423.jpg,WEB,4423,3,Both,1,2
train,WEB04424.jpg,WEB,4424,3,Both,1,4
train,WEB04425.jpg,WEB,4425,3,Both,1,1
train,WEB04426.jpg,WEB,4426,3,Both,1,2
train,WEB04427.jpg,WEB,4427,3,Both,1,5
train,WEB04428.jpg,WEB,4428,3,Both,2,7
train,WEB04429.jpg,WEB,4429,3,Both,1,5
train,WEB04430.jpg,WEB,4430,3,Both,1,1
train,WEB04431.jpg,WEB,4431,3,Both,1,3
train,WEB04432.jpg,WEB,4432,3,Both,1,4
train,WEB04434.jpg,WEB,4434,3,Both,1,2
train,WEB04435.jpg,WEB,4435,3,Both,1,3
train,WEB04437.jpg,WEB,4437,3,Both,1,2
train,WEB04438.jpg,WEB,4438,1,Only_Fire,0,2
train,WEB04439.jpg,WEB,4439,3,Both,1,3
train,WEB04440.jpg,WEB,4440,3,Both,1,3
train,WEB04441.jpg,WEB,4441,3,Both,1,1
train,WEB04442.jpg,WEB,4442,1,Only_Fire,0,2
train,WEB04443.jpg,WEB,4443,1,Only_Fire,0,2
train,WEB04444.jpg,WEB,4444,1,Only_Fire,0,1
train,WEB04445.jpg,WEB,4445,1,Only_Fire,0,2
train,WEB04450.jpg,WEB,4450,1,Only_Fire,0,1
train,WEB04451.jpg,WEB,4451,1,Only_Fire,0,1
train,WEB04452.jpg,WEB,4452,1,Only_Fire,0,1
train,WEB04454.jpg,WEB,4454,3,Both,1,2
train,WEB04455.jpg,WEB,4455,3,Both,2,11
train,WEB04457.jpg,WEB,4457,3,Both,1,10
train,WEB04459.jpg,WEB,4459,3,Both,1,1
train,WEB04460.jpg,WEB,4460,3,Both,2,8
train,WEB04461.jpg,WEB,4461,3,Both,2,5
train,WEB04462.jpg,WEB,4462,3,Both,1,7
train,WEB04463.jpg,WEB,4463,3,Both,2,8
train,WEB04464.jpg,WEB,4464,3,Both,1,6
train,WEB04465.jpg,WEB,4465,3,Both,1,2
train,WEB04466.jpg,WEB,4466,3,Both,1,1
train,WEB04467.jpg,WEB,4467,2,Only_Smoke,1,0
train,WEB04468.jpg,WEB,4468,3,Both,1,3
train,WEB04469.jpg,WEB,4469,3,Both,1,1
train,WEB04472.jpg,WEB,4472,3,Both,2,1
train,WEB04473.jpg,WEB,4473,3,Both,1,2
train,WEB04474.jpg,WEB,4474,3,Both,1,1
train,WEB04475.jpg,WEB,4475,1,Only_Fire,0,1
train,WEB04476.jpg,WEB,4476,1,Only_Fire,0,1
train,WEB04477.jpg,WEB,4477,3,Both,1,2
train,WEB04478.jpg,WEB,4478,3,Both,2,9
train,WEB04479.jpg,WEB,4479,3,Both,3,5
train,WEB04480.jpg,WEB,4480,3,Both,1,3
train,WEB04481.jpg,WEB,4481,3,Both,2,4
train,WEB04482.jpg,WEB,4482,3,Both,1,2
train,WEB04483.jpg,WEB,4483,3,Both,1,1
train,WEB04484.jpg,WEB,4484,3,Both,1,4
train,WEB04485.jpg,WEB,4485,3,Both,1,1
train,WEB04486.jpg,WEB,4486,3,Both,1,3
train,WEB04487.jpg,WEB,4487,1,Only_Fire,0,3
train,WEB04490.jpg,WEB,4490,1,Only_Fire,0,3
train,WEB04491.jpg,WEB,4491,1,Only_Fire,0,3
train,WEB04492.jpg,WEB,4492,1,Only_Fire,0,1
train,WEB04493.jpg,WEB,4493,3,Both,1,2
train,WEB04495.jpg,WEB,4495,1,Only_Fire,0,4
train,WEB04496.jpg,WEB,4496,3,Both,1,1
train,WEB04497.jpg,WEB,4497,3,Both,1,1
train,WEB04498.jpg,WEB,4498,3,Both,1,2
train,WEB04499.jpg,WEB,4499,3,Both,1,4
train,WEB04500.jpg,WEB,4500,1,Only_Fire,0,1
train,WEB04501.jpg,WEB,4501,3,Both,1,7
train,WEB04502.jpg,WEB,4502,3,Both,1,3
train,WEB04504.jpg,WEB,4504,3,Both,1,3
train,WEB04505.jpg,WEB,4505,3,Both,1,1
train,WEB04506.jpg,WEB,4506,1,Only_Fire,0,2
train,WEB04507.jpg,WEB,4507,3,Both,1,1
train,WEB04508.jpg,WEB,4508,1,Only_Fire,0,1
train,WEB04509.jpg,WEB,4509,3,Both,1,4
train,WEB04510.jpg,WEB,4510,3,Both,1,3
train,WEB04511.jpg,WEB,4511,3,Both,1,2
train,WEB04512.jpg,WEB,4512,3,Both,1,2
train,WEB04513.jpg,WEB,4513,3,Both,1,2
train,WEB04515.jpg,WEB,4515,3,Both,1,5
train,WEB04516.jpg,WEB,4516,3,Both,1,4
train,WEB04518.jpg,WEB,4518,3,Both,1,1
train,WEB04519.jpg,WEB,4519,3,Both,1,3
train,WEB04520.jpg,WEB,4520,3,Both,1,4
train,WEB04522.jpg,WEB,4522,3,Both,2,4
train,WEB04523.jpg,WEB,4523,3,Both,1,2
train,WEB04524.jpg,WEB,4524,3,Both,1,2
train,WEB04525.jpg,WEB,4525,3,Both,1,2
train,WEB04526.jpg,WEB,4526,3,Both,1,1
train,WEB04527.jpg,WEB,4527,3,Both,2,6
train,WEB04528.jpg,WEB,4528,3,Both,1,3
train,WEB04530.jpg,WEB,4530,3,Both,2,1
train,WEB04531.jpg,WEB,4531,3,Both,1,2
train,WEB04532.jpg,WEB,4532,3,Both,1,8
train,WEB04534.jpg,WEB,4534,1,Only_Fire,0,2
train,WEB04535.jpg,WEB,4535,3,Both,1,2
train,WEB04536.jpg,WEB,4536,3,Both,1,3
train,WEB04537.jpg,WEB,4537,3,Both,2,3
train,WEB04538.jpg,WEB,4538,3,Both,1,3
train,WEB04539.jpg,WEB,4539,1,Only_Fire,0,1
train,WEB04540.jpg,WEB,4540,3,Both,1,5
train,WEB04542.jpg,WEB,4542,3,Both,1,1
train,WEB04546.jpg,WEB,4546,1,Only_Fire,0,5
train,WEB04547.jpg,WEB,4547,3,Both,1,2
train,WEB04548.jpg,WEB,4548,3,Both,1,3
train,WEB04549.jpg,WEB,4549,3,Both,1,8
train,WEB04550.jpg,WEB,4550,3,Both,1,5
train,WEB04551.jpg,WEB,4551,3,Both,1,7
train,WEB04552.jpg,WEB,4552,3,Both,1,2
train,WEB04553.jpg,WEB,4553,3,Both,2,2
train,WEB04554.jpg,WEB,4554,3,Both,1,5
train,WEB04555.jpg,WEB,4555,3,Both,1,1
train,WEB04558.jpg,WEB,4558,3,Both,1,1
train,WEB04560.jpg,WEB,4560,3,Both,5,9
train,WEB04561.jpg,WEB,4561,1,Only_Fire,0,6
train,WEB04562.jpg,WEB,4562,3,Both,1,1
train,WEB04563.jpg,WEB,4563,3,Both,2,2
train,WEB04564.jpg,WEB,4564,3,Both,2,4
train,WEB04566.jpg,WEB,4566,1,Only_Fire,0,4
train,WEB04567.jpg,WEB,4567,3,Both,2,2
train,WEB04568.jpg,WEB,4568,1,Only_Fire,0,2
train,WEB04570.jpg,WEB,4570,3,Both,1,2
train,WEB04572.jpg,WEB,4572,3,Both,1,1
train,WEB04573.jpg,WEB,4573,3,Both,1,2
train,WEB04575.jpg,WEB,4575,3,Both,1,2
train,WEB04576.jpg,WEB,4576,3,Both,1,4
train,WEB04577.jpg,WEB,4577,3,Both,1,4
train,WEB04578.jpg,WEB,4578,1,Only_Fire,0,1
train,WEB04580.jpg,WEB,4580,3,Both,1,1
train,WEB04581.jpg,WEB,4581,3,Both,2,2
train,WEB04583.jpg,WEB,4583,1,Only_Fire,0,2
train,WEB04584.jpg,WEB,4584,1,Only_Fire,0,2
train,WEB04585.jpg,WEB,4585,3,Both,1,2
train,WEB04586.jpg,WEB,4586,3,Both,2,2
train,WEB04588.jpg,WEB,4588,3,Both,2,2
train,WEB04590.jpg,WEB,4590,3,Both,1,1
train,WEB04591.jpg,WEB,4591,3,Both,1,2
train,WEB04592.jpg,WEB,4592,3,Both,1,6
train,WEB04594.jpg,WEB,4594,3,Both,1,1
train,WEB04595.jpg,WEB,4595,3,Both,1,1
train,WEB04596.jpg,WEB,4596,3,Both,2,2
train,WEB04597.jpg,WEB,4597,3,Both,1,1
train,WEB04598.jpg,WEB,4598,3,Both,1,1
train,WEB04599.jpg,WEB,4599,3,Both,1,1
train,WEB04600.jpg,WEB,4600,3,Both,1,1
train,WEB04601.jpg,WEB,4601,3,Both,1,1
train,WEB04603.jpg,WEB,4603,2,Only_Smoke,1,0
train,WEB04604.jpg,WEB,4604,2,Only_Smoke,1,0
train,WEB04605.jpg,WEB,4605,3,Both,1,1
train,WEB04606.jpg,WEB,4606,3,Both,2,1
train,WEB04607.jpg,WEB,4607,3,Both,1,1
train,WEB04608.jpg,WEB,4608,3,Both,1,1
train,WEB04609.jpg,WEB,4609,3,Both,1,1
train,WEB04611.jpg,WEB,4611,3,Both,1,3
train,WEB04613.jpg,WEB,4613,3,Both,2,3
train,WEB04614.jpg,WEB,4614,3,Both,1,6
train,WEB04615.jpg,WEB,4615,3,Both,1,9
train,WEB04616.jpg,WEB,4616,3,Both,1,4
train,WEB04618.jpg,WEB,4618,3,Both,1,3
train,WEB04619.jpg,WEB,4619,3,Both,1,5
train,WEB04620.jpg,WEB,4620,3,Both,1,4
train,WEB04621.jpg,WEB,4621,3,Both,1,3
train,WEB04622.jpg,WEB,4622,3,Both,1,3
train,WEB04623.jpg,WEB,4623,3,Both,1,3
train,WEB04624.jpg,WEB,4624,3,Both,1,4
train,WEB04625.jpg,WEB,4625,3,Both,1,4
train,WEB04626.jpg,WEB,4626,3,Both,1,1
train,WEB04627.jpg,WEB,4627,1,Only_Fire,0,5
train,WEB04628.jpg,WEB,4628,3,Both,2,2
train,WEB04629.jpg,WEB,4629,3,Both,1,6
train,WEB04631.jpg,WEB,4631,3,Both,1,3
train,WEB04632.jpg,WEB,4632,3,Both,1,7
train,WEB04633.jpg,WEB,4633,3,Both,1,1
train,WEB04634.jpg,WEB,4634,3,Both,1,2
train,WEB04638.jpg,WEB,4638,3,Both,1,1
train,WEB04639.jpg,WEB,4639,3,Both,1,1
train,WEB04640.jpg,WEB,4640,3,Both,1,3
train,WEB04641.jpg,WEB,4641,3,Both,1,2
train,WEB04643.jpg,WEB,4643,3,Both,1,1
train,WEB04644.jpg,WEB,4644,3,Both,1,4
train,WEB04645.jpg,WEB,4645,3,Both,1,3
train,WEB04647.jpg,WEB,4647,3,Both,2,1
train,WEB04648.jpg,WEB,4648,3,Both,1,4
train,WEB04649.jpg,WEB,4649,3,Both,2,4
train,WEB04650.jpg,WEB,4650,3,Both,6,10
train,WEB04653.jpg,WEB,4653,3,Both,2,2
train,WEB04654.jpg,WEB,4654,3,Both,1,1
train,WEB04655.jpg,WEB,4655,3,Both,1,3
train,WEB04656.jpg,WEB,4656,2,Only_Smoke,4,0
train,WEB04657.jpg,WEB,4657,3,Both,2,3
train,WEB04658.jpg,WEB,4658,3,Both,1,3
train,WEB04659.jpg,WEB,4659,3,Both,1,4
train,WEB04662.jpg,WEB,4662,3,Both,1,4
train,WEB04663.jpg,WEB,4663,3,Both,1,2
train,WEB04664.jpg,WEB,4664,3,Both,1,4
train,WEB04665.jpg,WEB,4665,3,Both,1,3
train,WEB04666.jpg,WEB,4666,3,Both,1,3
train,WEB04667.jpg,WEB,4667,3,Both,2,5
train,WEB04668.jpg,WEB,4668,3,Both,2,4
train,WEB04669.jpg,WEB,4669,3,Both,2,6
train,WEB04672.jpg,WEB,4672,3,Both,1,6
train,WEB04673.jpg,WEB,4673,3,Both,1,6
train,WEB04675.jpg,WEB,4675,3,Both,1,1
train,WEB04676.jpg,WEB,4676,3,Both,1,1
train,WEB04679.jpg,WEB,4679,3,Both,1,3
train,WEB04680.jpg,WEB,4680,3,Both,1,2
train,WEB04681.jpg,WEB,4681,3,Both,1,2
train,WEB04682.jpg,WEB,4682,3,Both,1,2
train,WEB04683.jpg,WEB,4683,3,Both,1,2
train,WEB04684.jpg,WEB,4684,3,Both,1,3
train,WEB04685.jpg,WEB,4685,3,Both,1,1
train,WEB04686.jpg,WEB,4686,1,Only_Fire,0,3
train,WEB04687.jpg,WEB,4687,1,Only_Fire,0,1
train,WEB04688.jpg,WEB,4688,1,Only_Fire,0,1
train,WEB04689.jpg,WEB,4689,1,Only_Fire,0,1
train,WEB04690.jpg,WEB,4690,3,Both,1,3
train,WEB04692.jpg,WEB,4692,3,Both,1,3
train,WEB04693.jpg,WEB,4693,3,Both,1,1
train,WEB04695.jpg,WEB,4695,1,Only_Fire,0,5
train,WEB04696.jpg,WEB,4696,3,Both,1,3
train,WEB04697.jpg,WEB,4697,3,Both,1,2
train,WEB04698.jpg,WEB,4698,3,Both,1,3
train,WEB04699.jpg,WEB,4699,3,Both,1,6
train,WEB04701.jpg,WEB,4701,3,Both,1,4
train,WEB04702.jpg,WEB,4702,3,Both,1,6
train,WEB04703.jpg,WEB,4703,3,Both,1,6
train,WEB04704.jpg,WEB,4704,3,Both,1,2
train,WEB04705.jpg,WEB,4705,3,Both,1,6
train,WEB04706.jpg,WEB,4706,1,Only_Fire,0,2
train,WEB04707.jpg,WEB,4707,1,Only_Fire,0,1
train,WEB04708.jpg,WEB,4708,1,Only_Fire,0,1
train,WEB04710.jpg,WEB,4710,3,Both,1,1
train,WEB04712.jpg,WEB,4712,3,Both,1,1
train,WEB04714.jpg,WEB,4714,3,Both,1,4
train,WEB04715.jpg,WEB,4715,3,Both,1,6
train,WEB04716.jpg,WEB,4716,3,Both,1,1
train,WEB04717.jpg,WEB,4717,3,Both,1,1
train,WEB04720.jpg,WEB,4720,3,Both,1,2
train,WEB04721.jpg,WEB,4721,3,Both,1,1
train,WEB04723.jpg,WEB,4723,1,Only_Fire,0,1
train,WEB04724.jpg,WEB,4724,1,Only_Fire,0,1
train,WEB04725.jpg,WEB,4725,3,Both,1,5
train,WEB04726.jpg,WEB,4726,3,Both,1,3
train,WEB04728.jpg,WEB,4728,1,Only_Fire,0,1
train,WEB04729.jpg,WEB,4729,3,Both,1,1
train,WEB04731.jpg,WEB,4731,3,Both,1,1
train,WEB04732.jpg,WEB,4732,1,Only_Fire,0,1
train,WEB04734.jpg,WEB,4734,1,Only_Fire,0,1
train,WEB04736.jpg,WEB,4736,3,Both,1,6
train,WEB04737.jpg,WEB,4737,3,Both,1,3
train,WEB04738.jpg,WEB,4738,3,Both,1,2
train,WEB04739.jpg,WEB,4739,3,Both,2,7
train,WEB04740.jpg,WEB,4740,3,Both,1,11
train,WEB04741.jpg,WEB,4741,3,Both,2,7
train,WEB04742.jpg,WEB,4742,3,Both,2,6
train,WEB04743.jpg,WEB,4743,3,Both,1,8
train,WEB04744.jpg,WEB,4744,3,Both,1,4
train,WEB04746.jpg,WEB,4746,3,Both,2,7
train,WEB04747.jpg,WEB,4747,3,Both,2,5
train,WEB04748.jpg,WEB,4748,3,Both,1,4
train,WEB04750.jpg,WEB,4750,3,Both,1,3
train,WEB04752.jpg,WEB,4752,3,Both,1,6
train,WEB04754.jpg,WEB,4754,3,Both,1,4
train,WEB04755.jpg,WEB,4755,3,Both,1,3
train,WEB04756.jpg,WEB,4756,3,Both,1,4
train,WEB04757.jpg,WEB,4757,3,Both,1,4
train,WEB04758.jpg,WEB,4758,3,Both,2,2
train,WEB04759.jpg,WEB,4759,3,Both,1,2
train,WEB04760.jpg,WEB,4760,3,Both,1,3
train,WEB04761.jpg,WEB,4761,3,Both,2,4
train,WEB04762.jpg,WEB,4762,3,Both,1,4
train,WEB04763.jpg,WEB,4763,3,Both,1,4
train,WEB04764.jpg,WEB,4764,3,Both,1,4
train,WEB04765.jpg,WEB,4765,3,Both,2,4
train,WEB04766.jpg,WEB,4766,3,Both,1,1
train,WEB04767.jpg,WEB,4767,1,Only_Fire,0,1
train,WEB04768.jpg,WEB,4768,3,Both,1,1
train,WEB04769.jpg,WEB,4769,3,Both,1,1
train,WEB04770.jpg,WEB,4770,3,Both,1,1
train,WEB04772.jpg,WEB,4772,3,Both,2,1
train,WEB04774.jpg,WEB,4774,3,Both,1,2
train,WEB04775.jpg,WEB,4775,3,Both,1,2
train,WEB04777.jpg,WEB,4777,3,Both,1,2
train,WEB04778.jpg,WEB,4778,3,Both,1,3
train,WEB04779.jpg,WEB,4779,3,Both,1,3
train,WEB04780.jpg,WEB,4780,3,Both,1,4
train,WEB04781.jpg,WEB,4781,3,Both,1,1
train,WEB04782.jpg,WEB,4782,3,Both,1,2
train,WEB04784.jpg,WEB,4784,3,Both,2,2
train,WEB04785.jpg,WEB,4785,3,Both,1,2
train,WEB04786.jpg,WEB,4786,3,Both,1,1
train,WEB04787.jpg,WEB,4787,3,Both,1,2
train,WEB04789.jpg,WEB,4789,3,Both,1,4
train,WEB04790.jpg,WEB,4790,3,Both,1,1
train,WEB04792.jpg,WEB,4792,3,Both,2,3
train,WEB04793.jpg,WEB,4793,3,Both,1,5
train,WEB04796.jpg,WEB,4796,3,Both,1,8
train,WEB04797.jpg,WEB,4797,3,Both,1,1
train,WEB04798.jpg,WEB,4798,3,Both,2,15
train,WEB04799.jpg,WEB,4799,3,Both,1,8
train,WEB04801.jpg,WEB,4801,3,Both,1,5
train,WEB04802.jpg,WEB,4802,3,Both,1,4
train,WEB04803.jpg,WEB,4803,3,Both,1,4
train,WEB04804.jpg,WEB,4804,3,Both,1,1
train,WEB04805.jpg,WEB,4805,2,Only_Smoke,2,0
train,WEB04806.jpg,WEB,4806,3,Both,2,1
train,WEB04807.jpg,WEB,4807,3,Both,1,2
train,WEB04810.jpg,WEB,4810,3,Both,1,4
train,WEB04811.jpg,WEB,4811,3,Both,3,7
train,WEB04812.jpg,WEB,4812,3,Both,1,5
train,WEB04813.jpg,WEB,4813,3,Both,1,1
train,WEB04814.jpg,WEB,4814,3,Both,1,4
train,WEB04815.jpg,WEB,4815,3,Both,1,3
train,WEB04816.jpg,WEB,4816,3,Both,1,1
train,WEB04818.jpg,WEB,4818,3,Both,1,2
train,WEB04819.jpg,WEB,4819,3,Both,1,3
train,WEB04820.jpg,WEB,4820,1,Only_Fire,0,5
train,WEB04821.jpg,WEB,4821,3,Both,1,6
train,WEB04822.jpg,WEB,4822,3,Both,1,3
train,WEB04823.jpg,WEB,4823,3,Both,1,2
train,WEB04824.jpg,WEB,4824,3,Both,1,2
train,WEB04826.jpg,WEB,4826,3,Both,1,1
train,WEB04827.jpg,WEB,4827,3,Both,1,6
train,WEB04828.jpg,WEB,4828,3,Both,1,4
train,WEB04830.jpg,WEB,4830,3,Both,1,6
train,WEB04831.jpg,WEB,4831,3,Both,1,5
train,WEB04832.jpg,WEB,4832,3,Both,1,4
train,WEB04834.jpg,WEB,4834,3,Both,1,5
train,WEB04835.jpg,WEB,4835,3,Both,2,4
train,WEB04836.jpg,WEB,4836,3,Both,1,5
train,WEB04837.jpg,WEB,4837,3,Both,1,5
train,WEB04838.jpg,WEB,4838,3,Both,1,3
train,WEB04839.jpg,WEB,4839,3,Both,1,5
train,WEB04840.jpg,WEB,4840,3,Both,1,4
train,WEB04841.jpg,WEB,4841,3,Both,1,5
train,WEB04844.jpg,WEB,4844,3,Both,1,4
train,WEB04845.jpg,WEB,4845,3,Both,1,5
train,WEB04846.jpg,WEB,4846,3,Both,1,5
train,WEB04847.jpg,WEB,4847,3,Both,1,6
train,WEB04848.jpg,WEB,4848,3,Both,1,4
train,WEB04849.jpg,WEB,4849,3,Both,2,8
train,WEB04851.jpg,WEB,4851,1,Only_Fire,0,1
train,WEB04852.jpg,WEB,4852,1,Only_Fire,0,1
train,WEB04854.jpg,WEB,4854,3,Both,1,3
train,WEB04855.jpg,WEB,4855,3,Both,1,10
train,WEB04856.jpg,WEB,4856,3,Both,2,3
train,WEB04857.jpg,WEB,4857,3,Both,1,3
train,WEB04858.jpg,WEB,4858,3,Both,1,2
train,WEB04859.jpg,WEB,4859,3,Both,1,3
train,WEB04860.jpg,WEB,4860,3,Both,1,2
train,WEB04861.jpg,WEB,4861,3,Both,1,2
train,WEB04862.jpg,WEB,4862,3,Both,1,8
train,WEB04863.jpg,WEB,4863,3,Both,1,2
train,WEB04864.jpg,WEB,4864,3,Both,1,1
train,WEB04865.jpg,WEB,4865,3,Both,1,1
train,WEB04866.jpg,WEB,4866,3,Both,1,1
train,WEB04867.jpg,WEB,4867,3,Both,1,2
train,WEB04869.jpg,WEB,4869,3,Both,1,1
train,WEB04870.jpg,WEB,4870,3,Both,1,8
train,WEB04871.jpg,WEB,4871,3,Both,1,1
train,WEB04873.jpg,WEB,4873,3,Both,1,1
train,WEB04874.jpg,WEB,4874,3,Both,1,2
train,WEB04875.jpg,WEB,4875,1,Only_Fire,0,2
train,WEB04876.jpg,WEB,4876,3,Both,3,2
train,WEB04878.jpg,WEB,4878,3,Both,1,3
train,WEB04879.jpg,WEB,4879,3,Both,2,6
train,WEB04880.jpg,WEB,4880,3,Both,2,5
train,WEB04881.jpg,WEB,4881,3,Both,2,4
train,WEB04885.jpg,WEB,4885,3,Both,1,3
train,WEB04886.jpg,WEB,4886,3,Both,1,3
train,WEB04887.jpg,WEB,4887,3,Both,1,4
train,WEB04888.jpg,WEB,4888,3,Both,1,8
train,WEB04890.jpg,WEB,4890,1,Only_Fire,0,3
train,WEB04891.jpg,WEB,4891,1,Only_Fire,0,2
train,WEB04892.jpg,WEB,4892,1,Only_Fire,0,1
train,WEB04895.jpg,WEB,4895,2,Only_Smoke,1,0
train,WEB04896.jpg,WEB,4896,3,Both,1,7
train,WEB04897.jpg,WEB,4897,2,Only_Smoke,1,0
train,WEB04898.jpg,WEB,4898,2,Only_Smoke,1,0
train,WEB04899.jpg,WEB,4899,2,Only_Smoke,1,0
train,WEB04900.jpg,WEB,4900,2,Only_Smoke,1,0
train,WEB04901.jpg,WEB,4901,1,Only_Fire,0,3
train,WEB04902.jpg,WEB,4902,3,Both,1,1
train,WEB04903.jpg,WEB,4903,3,Both,1,1
train,WEB04905.jpg,WEB,4905,3,Both,1,3
train,WEB04906.jpg,WEB,4906,3,Both,1,7
train,WEB04908.jpg,WEB,4908,3,Both,1,2
train,WEB04909.jpg,WEB,4909,3,Both,1,2
train,WEB04911.jpg,WEB,4911,3,Both,1,4
train,WEB04912.jpg,WEB,4912,3,Both,1,3
train,WEB04913.jpg,WEB,4913,3,Both,1,3
train,WEB04914.jpg,WEB,4914,3,Both,1,1
train,WEB04915.jpg,WEB,4915,3,Both,1,2
train,WEB04916.jpg,WEB,4916,1,Only_Fire,0,2
train,WEB04917.jpg,WEB,4917,3,Both,1,1
train,WEB04919.jpg,WEB,4919,3,Both,1,1
train,WEB04920.jpg,WEB,4920,3,Both,1,1
train,WEB04921.jpg,WEB,4921,2,Only_Smoke,4,0
train,WEB04922.jpg,WEB,4922,3,Both,1,1
train,WEB04923.jpg,WEB,4923,3,Both,1,1
train,WEB04924.jpg,WEB,4924,3,Both,1,1
train,WEB04926.jpg,WEB,4926,3,Both,1,6
train,WEB04927.jpg,WEB,4927,3,Both,1,1
train,WEB04928.jpg,WEB,4928,3,Both,1,1
train,WEB04929.jpg,WEB,4929,3,Both,2,1
train,WEB04930.jpg,WEB,4930,3,Both,1,1
train,WEB04931.jpg,WEB,4931,3,Both,1,1
train,WEB04932.jpg,WEB,4932,3,Both,1,1
train,WEB04933.jpg,WEB,4933,3,Both,1,5
train,WEB04934.jpg,WEB,4934,3,Both,1,3
train,WEB04935.jpg,WEB,4935,3,Both,1,1
train,WEB04936.jpg,WEB,4936,3,Both,1,1
train,WEB04937.jpg,WEB,4937,3,Both,1,2
train,WEB04938.jpg,WEB,4938,3,Both,1,3
train,WEB04939.jpg,WEB,4939,3,Both,1,1
train,WEB04941.jpg,WEB,4941,3,Both,1,1
train,WEB04942.jpg,WEB,4942,3,Both,1,1
train,WEB04943.jpg,WEB,4943,3,Both,1,1
train,WEB04945.jpg,WEB,4945,3,Both,1,3
train,WEB04946.jpg,WEB,4946,1,Only_Fire,0,5
train,WEB04947.jpg,WEB,4947,1,Only_Fire,0,4
train,WEB04948.jpg,WEB,4948,3,Both,1,2
train,WEB04949.jpg,WEB,4949,3,Both,1,1
train,WEB04950.jpg,WEB,4950,3,Both,1,1
train,WEB04951.jpg,WEB,4951,3,Both,1,2
train,WEB04953.jpg,WEB,4953,3,Both,1,3
train,WEB04954.jpg,WEB,4954,3,Both,2,4
train,WEB04955.jpg,WEB,4955,3,Both,2,4
train,WEB04957.jpg,WEB,4957,3,Both,1,2
train,WEB04958.jpg,WEB,4958,3,Both,1,1
train,WEB04959.jpg,WEB,4959,3,Both,1,2
train,WEB04960.jpg,WEB,4960,3,Both,1,2
train,WEB04961.jpg,WEB,4961,3,Both,1,4
train,WEB04964.jpg,WEB,4964,3,Both,1,4
train,WEB04965.jpg,WEB,4965,3,Both,1,4
train,WEB04967.jpg,WEB,4967,3,Both,1,5
train,WEB04968.jpg,WEB,4968,3,Both,1,3
train,WEB04969.jpg,WEB,4969,3,Both,1,2
train,WEB04970.jpg,WEB,4970,3,Both,1,14
train,WEB04972.jpg,WEB,4972,3,Both,1,2
train,WEB04973.jpg,WEB,4973,1,Only_Fire,0,1
train,WEB04974.jpg,WEB,4974,3,Both,2,4
train,WEB04977.jpg,WEB,4977,3,Both,1,3
train,WEB04978.jpg,WEB,4978,3,Both,2,8
train,WEB04979.jpg,WEB,4979,3,Both,1,3
train,WEB04981.jpg,WEB,4981,3,Both,2,6
train,WEB04982.jpg,WEB,4982,3,Both,2,4
train,WEB04983.jpg,WEB,4983,3,Both,3,7
train,WEB04984.jpg,WEB,4984,3,Both,1,5
train,WEB04985.jpg,WEB,4985,3,Both,1,5
train,WEB04986.jpg,WEB,4986,3,Both,1,4
train,WEB04987.jpg,WEB,4987,3,Both,1,5
train,WEB04988.jpg,WEB,4988,3,Both,1,7
train,WEB04989.jpg,WEB,4989,3,Both,1,4
train,WEB04990.jpg,WEB,4990,3,Both,1,5
train,WEB04991.jpg,WEB,4991,3,Both,2,4
train,WEB04992.jpg,WEB,4992,3,Both,1,6
train,WEB04993.jpg,WEB,4993,3,Both,1,4
train,WEB04994.jpg,WEB,4994,3,Both,1,5
train,WEB04995.jpg,WEB,4995,3,Both,1,6
train,WEB04997.jpg,WEB,4997,3,Both,1,4
train,WEB04999.jpg,WEB,4999,3,Both,1,4
train,WEB05000.jpg,WEB,5000,3,Both,1,4
train,WEB05001.jpg,WEB,5001,3,Both,1,4
train,WEB05003.jpg,WEB,5003,3,Both,3,4
train,WEB05004.jpg,WEB,5004,3,Both,3,3
train,WEB05006.jpg,WEB,5006,3,Both,2,3
train,WEB05007.jpg,WEB,5007,3,Both,2,3
train,WEB05008.jpg,WEB,5008,3,Both,1,2
train,WEB05009.jpg,WEB,5009,3,Both,2,4
train,WEB05010.jpg,WEB,5010,3,Both,2,4
train,WEB05011.jpg,WEB,5011,3,Both,2,4
train,WEB05012.jpg,WEB,5012,3,Both,2,5
train,WEB05013.jpg,WEB,5013,3,Both,2,3
train,WEB05014.jpg,WEB,5014,3,Both,2,3
train,WEB05015.jpg,WEB,5015,3,Both,2,5
train,WEB05016.jpg,WEB,5016,3,Both,2,2
train,WEB05017.jpg,WEB,5017,3,Both,2,6
train,WEB05018.jpg,WEB,5018,3,Both,1,3
train,WEB05019.jpg,WEB,5019,3,Both,2,5
train,WEB05020.jpg,WEB,5020,3,Both,2,4
train,WEB05021.jpg,WEB,5021,3,Both,2,4
train,WEB05022.jpg,WEB,5022,3,Both,2,5
train,WEB05023.jpg,WEB,5023,3,Both,2,3
train,WEB05024.jpg,WEB,5024,3,Both,2,1
train,WEB05025.jpg,WEB,5025,3,Both,2,3
train,WEB05026.jpg,WEB,5026,3,Both,2,2
train,WEB05027.jpg,WEB,5027,3,Both,1,3
train,WEB05028.jpg,WEB,5028,3,Both,1,2
train,WEB05029.jpg,WEB,5029,3,Both,2,5
train,WEB05030.jpg,WEB,5030,3,Both,1,3
train,WEB05031.jpg,WEB,5031,3,Both,2,4
train,WEB05033.jpg,WEB,5033,3,Both,1,2
train,WEB05034.jpg,WEB,5034,3,Both,2,5
train,WEB05035.jpg,WEB,5035,3,Both,2,4
train,WEB05036.jpg,WEB,5036,3,Both,2,4
train,WEB05038.jpg,WEB,5038,3,Both,1,1
train,WEB05039.jpg,WEB,5039,3,Both,1,2
train,WEB05041.jpg,WEB,5041,3,Both,1,3
train,WEB05045.jpg,WEB,5045,3,Both,1,1
train,WEB05046.jpg,WEB,5046,3,Both,1,5
train,WEB05047.jpg,WEB,5047,3,Both,1,2
train,WEB05049.jpg,WEB,5049,3,Both,1,2
train,WEB05050.jpg,WEB,5050,3,Both,1,3
train,WEB05052.jpg,WEB,5052,3,Both,1,2
train,WEB05053.jpg,WEB,5053,3,Both,1,4
train,WEB05054.jpg,WEB,5054,3,Both,1,1
train,WEB05055.jpg,WEB,5055,3,Both,1,4
train,WEB05056.jpg,WEB,5056,3,Both,1,3
train,WEB05057.jpg,WEB,5057,3,Both,1,3
train,WEB05059.jpg,WEB,5059,3,Both,1,3
train,WEB05060.jpg,WEB,5060,3,Both,1,3
train,WEB05061.jpg,WEB,5061,3,Both,1,2
train,WEB05062.jpg,WEB,5062,3,Both,1,2
train,WEB05064.jpg,WEB,5064,3,Both,1,2
train,WEB05066.jpg,WEB,5066,3,Both,1,2
train,WEB05067.jpg,WEB,5067,3,Both,1,1
train,WEB05068.jpg,WEB,5068,3,Both,1,1
train,WEB05069.jpg,WEB,5069,3,Both,1,1
train,WEB05070.jpg,WEB,5070,3,Both,1,3
train,WEB05071.jpg,WEB,5071,3,Both,1,3
train,WEB05072.jpg,WEB,5072,3,Both,1,4
train,WEB05073.jpg,WEB,5073,3,Both,1,3
train,WEB05074.jpg,WEB,5074,3,Both,1,2
train,WEB05075.jpg,WEB,5075,3,Both,1,4
train,WEB05076.jpg,WEB,5076,3,Both,1,1
train,WEB05078.jpg,WEB,5078,3,Both,1,3
train,WEB05080.jpg,WEB,5080,3,Both,1,2
train,WEB05081.jpg,WEB,5081,3,Both,1,4
train,WEB05082.jpg,WEB,5082,3,Both,1,3
train,WEB05083.jpg,WEB,5083,3,Both,1,3
train,WEB05084.jpg,WEB,5084,3,Both,1,3
train,WEB05085.jpg,WEB,5085,3,Both,1,3
train,WEB05086.jpg,WEB,5086,3,Both,1,2
train,WEB05087.jpg,WEB,5087,3,Both,1,3
train,WEB05088.jpg,WEB,5088,3,Both,1,11
train,WEB05092.jpg,WEB,5092,3,Both,1,1
train,WEB05093.jpg,WEB,5093,3,Both,1,2
train,WEB05094.jpg,WEB,5094,3,Both,1,4
train,WEB05095.jpg,WEB,5095,3,Both,1,2
train,WEB05096.jpg,WEB,5096,3,Both,1,2
train,WEB05098.jpg,WEB,5098,3,Both,1,7
train,WEB05100.jpg,WEB,5100,3,Both,1,4
train,WEB05103.jpg,WEB,5103,3,Both,1,2
train,WEB05106.jpg,WEB,5106,3,Both,1,3
train,WEB05107.jpg,WEB,5107,3,Both,1,2
train,WEB05108.jpg,WEB,5108,3,Both,1,3
train,WEB05109.jpg,WEB,5109,3,Both,1,4
train,WEB05110.jpg,WEB,5110,3,Both,1,5
train,WEB05111.jpg,WEB,5111,3,Both,1,4
train,WEB05112.jpg,WEB,5112,2,Only_Smoke,1,0
train,WEB05113.jpg,WEB,5113,3,Both,1,3
train,WEB05114.jpg,WEB,5114,3,Both,1,2
train,WEB05115.jpg,WEB,5115,3,Both,1,3
train,WEB05117.jpg,WEB,5117,3,Both,1,4
train,WEB05118.jpg,WEB,5118,3,Both,1,2
train,WEB05119.jpg,WEB,5119,3,Both,1,2
train,WEB05121.jpg,WEB,5121,3,Both,1,2
train,WEB05124.jpg,WEB,5124,3,Both,1,1
train,WEB05125.jpg,WEB,5125,3,Both,2,1
train,WEB05126.jpg,WEB,5126,3,Both,1,2
train,WEB05127.jpg,WEB,5127,3,Both,1,2
train,WEB05128.jpg,WEB,5128,3,Both,1,7
train,WEB05129.jpg,WEB,5129,3,Both,1,5
train,WEB05130.jpg,WEB,5130,3,Both,1,4
train,WEB05131.jpg,WEB,5131,3,Both,1,3
train,WEB05132.jpg,WEB,5132,3,Both,2,3
train,WEB05133.jpg,WEB,5133,1,Only_Fire,0,1
train,WEB05134.jpg,WEB,5134,1,Only_Fire,0,2
train,WEB05136.jpg,WEB,5136,1,Only_Fire,0,1
train,WEB05137.jpg,WEB,5137,1,Only_Fire,0,1
train,WEB05138.jpg,WEB,5138,1,Only_Fire,0,1
train,WEB05139.jpg,WEB,5139,3,Both,1,2
train,WEB05140.jpg,WEB,5140,3,Both,1,2
train,WEB05142.jpg,WEB,5142,3,Both,1,2
train,WEB05143.jpg,WEB,5143,1,Only_Fire,0,2
train,WEB05145.jpg,WEB,5145,3,Both,1,3
train,WEB05146.jpg,WEB,5146,3,Both,1,2
train,WEB05147.jpg,WEB,5147,3,Both,1,3
train,WEB05148.jpg,WEB,5148,1,Only_Fire,0,1
train,WEB05149.jpg,WEB,5149,1,Only_Fire,0,1
train,WEB05151.jpg,WEB,5151,3,Both,1,2
train,WEB05152.jpg,WEB,5152,3,Both,1,2
train,WEB05154.jpg,WEB,5154,3,Both,1,1
train,WEB05155.jpg,WEB,5155,3,Both,1,4
train,WEB05156.jpg,WEB,5156,3,Both,1,4
train,WEB05157.jpg,WEB,5157,3,Both,2,7
train,WEB05158.jpg,WEB,5158,3,Both,4,6
train,WEB05159.jpg,WEB,5159,3,Both,1,2
train,WEB05160.jpg,WEB,5160,3,Both,1,5
train,WEB05161.jpg,WEB,5161,3,Both,1,6
train,WEB05162.jpg,WEB,5162,3,Both,2,6
train,WEB05164.jpg,WEB,5164,3,Both,1,4
train,WEB05165.jpg,WEB,5165,3,Both,1,5
train,WEB05166.jpg,WEB,5166,3,Both,1,2
train,WEB05167.jpg,WEB,5167,3,Both,3,7
train,WEB05168.jpg,WEB,5168,3,Both,1,5
train,WEB05169.jpg,WEB,5169,3,Both,1,4
train,WEB05170.jpg,WEB,5170,3,Both,1,5
train,WEB05171.jpg,WEB,5171,3,Both,1,4
train,WEB05172.jpg,WEB,5172,3,Both,1,3
train,WEB05173.jpg,WEB,5173,3,Both,1,3
train,WEB05174.jpg,WEB,5174,3,Both,1,6
train,WEB05175.jpg,WEB,5175,3,Both,1,8
train,WEB05176.jpg,WEB,5176,3,Both,1,4
train,WEB05177.jpg,WEB,5177,3,Both,1,5
train,WEB05178.jpg,WEB,5178,3,Both,1,5
train,WEB05179.jpg,WEB,5179,3,Both,1,6
train,WEB05180.jpg,WEB,5180,3,Both,1,3
train,WEB05181.jpg,WEB,5181,3,Both,1,5
train,WEB05182.jpg,WEB,5182,3,Both,1,4
train,WEB05183.jpg,WEB,5183,3,Both,1,5
train,WEB05184.jpg,WEB,5184,3,Both,1,7
train,WEB05185.jpg,WEB,5185,3,Both,1,4
train,WEB05186.jpg,WEB,5186,3,Both,1,3
train,WEB05187.jpg,WEB,5187,3,Both,1,6
train,WEB05188.jpg,WEB,5188,3,Both,1,8
train,WEB05189.jpg,WEB,5189,3,Both,1,5
train,WEB05191.jpg,WEB,5191,3,Both,1,5
train,WEB05192.jpg,WEB,5192,3,Both,1,7
train,WEB05193.jpg,WEB,5193,3,Both,1,4
train,WEB05195.jpg,WEB,5195,3,Both,1,1
train,WEB05196.jpg,WEB,5196,3,Both,1,4
train,WEB05198.jpg,WEB,5198,3,Both,1,4
train,WEB05200.jpg,WEB,5200,1,Only_Fire,0,1
train,WEB05201.jpg,WEB,5201,3,Both,1,5
train,WEB05202.jpg,WEB,5202,3,Both,1,6
train,WEB05203.jpg,WEB,5203,3,Both,1,5
train,WEB05204.jpg,WEB,5204,3,Both,1,6
train,WEB05206.jpg,WEB,5206,3,Both,1,3
train,WEB05207.jpg,WEB,5207,3,Both,1,3
train,WEB05208.jpg,WEB,5208,3,Both,1,3
train,WEB05209.jpg,WEB,5209,3,Both,1,4
train,WEB05210.jpg,WEB,5210,3,Both,1,4
train,WEB05212.jpg,WEB,5212,3,Both,1,3
train,WEB05213.jpg,WEB,5213,3,Both,1,6
train,WEB05215.jpg,WEB,5215,3,Both,2,5
train,WEB05216.jpg,WEB,5216,3,Both,1,2
train,WEB05217.jpg,WEB,5217,3,Both,3,3
train,WEB05219.jpg,WEB,5219,3,Both,3,4
train,WEB05220.jpg,WEB,5220,3,Both,2,3
train,WEB05221.jpg,WEB,5221,3,Both,2,3
train,WEB05223.jpg,WEB,5223,3,Both,2,3
train,WEB05224.jpg,WEB,5224,3,Both,2,3
train,WEB05226.jpg,WEB,5226,3,Both,1,2
train,WEB05227.jpg,WEB,5227,3,Both,1,3
train,WEB05228.jpg,WEB,5228,3,Both,3,2
train,WEB05229.jpg,WEB,5229,3,Both,2,2
train,WEB05231.jpg,WEB,5231,3,Both,2,2
train,WEB05232.jpg,WEB,5232,3,Both,2,3
train,WEB05233.jpg,WEB,5233,3,Both,2,2
train,WEB05234.jpg,WEB,5234,3,Both,2,4
train,WEB05236.jpg,WEB,5236,3,Both,2,4
train,WEB05237.jpg,WEB,5237,3,Both,2,5
train,WEB05238.jpg,WEB,5238,3,Both,2,4
train,WEB05240.jpg,WEB,5240,3,Both,2,3
train,WEB05241.jpg,WEB,5241,3,Both,2,3
train,WEB05242.jpg,WEB,5242,3,Both,2,2
train,WEB05243.jpg,WEB,5243,3,Both,2,5
train,WEB05244.jpg,WEB,5244,3,Both,1,4
train,WEB05245.jpg,WEB,5245,3,Both,3,3
train,WEB05246.jpg,WEB,5246,3,Both,2,4
train,WEB05247.jpg,WEB,5247,3,Both,2,6
train,WEB05248.jpg,WEB,5248,3,Both,2,5
train,WEB05249.jpg,WEB,5249,3,Both,2,6
train,WEB05250.jpg,WEB,5250,3,Both,2,4
train,WEB05252.jpg,WEB,5252,3,Both,2,5
train,WEB05253.jpg,WEB,5253,3,Both,2,4
train,WEB05254.jpg,WEB,5254,3,Both,1,2
train,WEB05255.jpg,WEB,5255,3,Both,2,3
train,WEB05256.jpg,WEB,5256,3,Both,2,5
train,WEB05257.jpg,WEB,5257,3,Both,2,3
train,WEB05258.jpg,WEB,5258,3,Both,2,5
train,WEB05259.jpg,WEB,5259,3,Both,2,3
train,WEB05261.jpg,WEB,5261,3,Both,2,5
train,WEB05262.jpg,WEB,5262,3,Both,2,4
train,WEB05263.jpg,WEB,5263,3,Both,2,5
train,WEB05264.jpg,WEB,5264,3,Both,1,2
train,WEB05265.jpg,WEB,5265,3,Both,2,4
train,WEB05266.jpg,WEB,5266,3,Both,2,3
train,WEB05267.jpg,WEB,5267,3,Both,1,5
train,WEB05271.jpg,WEB,5271,3,Both,2,1
train,WEB05274.jpg,WEB,5274,3,Both,1,3
train,WEB05276.jpg,WEB,5276,3,Both,1,5
train,WEB05278.jpg,WEB,5278,3,Both,2,5
train,WEB05279.jpg,WEB,5279,3,Both,1,3
train,WEB05280.jpg,WEB,5280,3,Both,1,3
train,WEB05281.jpg,WEB,5281,1,Only_Fire,0,7
train,WEB05283.jpg,WEB,5283,3,Both,2,2
train,WEB05284.jpg,WEB,5284,3,Both,1,2
train,WEB05285.jpg,WEB,5285,3,Both,1,4
train,WEB05287.jpg,WEB,5287,3,Both,2,4
train,WEB05289.jpg,WEB,5289,3,Both,1,4
train,WEB05293.jpg,WEB,5293,3,Both,2,5
train,WEB05294.jpg,WEB,5294,3,Both,1,4
train,WEB05295.jpg,WEB,5295,3,Both,1,4
train,WEB05296.jpg,WEB,5296,3,Both,1,7
train,WEB05297.jpg,WEB,5297,3,Both,1,5
train,WEB05299.jpg,WEB,5299,3,Both,1,2
train,WEB05300.jpg,WEB,5300,3,Both,1,2
train,WEB05302.jpg,WEB,5302,1,Only_Fire,0,8
train,WEB05303.jpg,WEB,5303,3,Both,1,2
train,WEB05304.jpg,WEB,5304,3,Both,1,1
train,WEB05305.jpg,WEB,5305,3,Both,1,1
train,WEB05306.jpg,WEB,5306,3,Both,1,2
train,WEB05307.jpg,WEB,5307,3,Both,1,1
train,WEB05308.jpg,WEB,5308,3,Both,1,1
train,WEB05311.jpg,WEB,5311,3,Both,1,1
train,WEB05312.jpg,WEB,5312,3,Both,1,3
train,WEB05313.jpg,WEB,5313,3,Both,1,1
train,WEB05314.jpg,WEB,5314,3,Both,1,1
train,WEB05315.jpg,WEB,5315,3,Both,1,5
train,WEB05316.jpg,WEB,5316,3,Both,1,4
train,WEB05317.jpg,WEB,5317,3,Both,1,2
train,WEB05318.jpg,WEB,5318,3,Both,1,3
train,WEB05319.jpg,WEB,5319,3,Both,1,2
train,WEB05320.jpg,WEB,5320,3,Both,1,4
train,WEB05322.jpg,WEB,5322,3,Both,1,4
train,WEB05324.jpg,WEB,5324,3,Both,1,1
train,WEB05325.jpg,WEB,5325,3,Both,1,2
train,WEB05326.jpg,WEB,5326,3,Both,1,4
train,WEB05328.jpg,WEB,5328,3,Both,1,3
train,WEB05330.jpg,WEB,5330,3,Both,1,1
train,WEB05331.jpg,WEB,5331,3,Both,1,3
train,WEB05333.jpg,WEB,5333,3,Both,1,4
train,WEB05334.jpg,WEB,5334,3,Both,1,2
train,WEB05336.jpg,WEB,5336,3,Both,1,2
train,WEB05337.jpg,WEB,5337,3,Both,1,4
train,WEB05338.jpg,WEB,5338,3,Both,1,2
train,WEB05340.jpg,WEB,5340,3,Both,1,2
train,WEB05341.jpg,WEB,5341,3,Both,1,1
train,WEB05342.jpg,WEB,5342,3,Both,1,3
train,WEB05343.jpg,WEB,5343,3,Both,1,3
train,WEB05344.jpg,WEB,5344,3,Both,1,4
train,WEB05345.jpg,WEB,5345,3,Both,1,3
train,WEB05348.jpg,WEB,5348,3,Both,1,2
train,WEB05350.jpg,WEB,5350,1,Only_Fire,0,1
train,WEB05351.jpg,WEB,5351,1,Only_Fire,0,1
train,WEB05352.jpg,WEB,5352,1,Only_Fire,0,1
train,WEB05353.jpg,WEB,5353,1,Only_Fire,0,1
train,WEB05354.jpg,WEB,5354,1,Only_Fire,0,1
train,WEB05355.jpg,WEB,5355,1,Only_Fire,0,1
train,WEB05356.jpg,WEB,5356,1,Only_Fire,0,1
train,WEB05357.jpg,WEB,5357,3,Both,1,1
train,WEB05358.jpg,WEB,5358,1,Only_Fire,0,1
train,WEB05359.jpg,WEB,5359,1,Only_Fire,0,1
train,WEB05360.jpg,WEB,5360,1,Only_Fire,0,1
train,WEB05361.jpg,WEB,5361,3,Both,1,4
train,WEB05362.jpg,WEB,5362,3,Both,1,1
train,WEB05363.jpg,WEB,5363,3,Both,1,1
train,WEB05364.jpg,WEB,5364,3,Both,1,2
train,WEB05366.jpg,WEB,5366,3,Both,1,10
train,WEB05367.jpg,WEB,5367,3,Both,1,3
train,WEB05368.jpg,WEB,5368,3,Both,3,5
train,WEB05369.jpg,WEB,5369,3,Both,2,4
train,WEB05370.jpg,WEB,5370,3,Both,1,5
train,WEB05371.jpg,WEB,5371,3,Both,1,3
train,WEB05372.jpg,WEB,5372,3,Both,1,3
train,WEB05373.jpg,WEB,5373,3,Both,1,5
train,WEB05375.jpg,WEB,5375,1,Only_Fire,0,1
train,WEB05376.jpg,WEB,5376,1,Only_Fire,0,1
train,WEB05377.jpg,WEB,5377,1,Only_Fire,0,1
train,WEB05378.jpg,WEB,5378,1,Only_Fire,0,1
train,WEB05379.jpg,WEB,5379,1,Only_Fire,0,3
train,WEB05380.jpg,WEB,5380,3,Both,1,5
train,WEB05381.jpg,WEB,5381,1,Only_Fire,0,6
train,WEB05382.jpg,WEB,5382,1,Only_Fire,0,2
train,WEB05383.jpg,WEB,5383,1,Only_Fire,0,4
train,WEB05384.jpg,WEB,5384,1,Only_Fire,0,2
train,WEB05386.jpg,WEB,5386,1,Only_Fire,0,5
train,WEB05387.jpg,WEB,5387,1,Only_Fire,0,4
train,WEB05388.jpg,WEB,5388,1,Only_Fire,0,4
train,WEB05389.jpg,WEB,5389,1,Only_Fire,0,2
train,WEB05390.jpg,WEB,5390,3,Both,1,5
train,WEB05391.jpg,WEB,5391,1,Only_Fire,0,2
train,WEB05392.jpg,WEB,5392,1,Only_Fire,0,3
train,WEB05393.jpg,WEB,5393,1,Only_Fire,0,2
train,WEB05394.jpg,WEB,5394,1,Only_Fire,0,3
train,WEB05395.jpg,WEB,5395,1,Only_Fire,0,1
train,WEB05396.jpg,WEB,5396,1,Only_Fire,0,1
train,WEB05397.jpg,WEB,5397,1,Only_Fire,0,2
train,WEB05399.jpg,WEB,5399,1,Only_Fire,0,3
train,WEB05400.jpg,WEB,5400,1,Only_Fire,0,2
train,WEB05401.jpg,WEB,5401,1,Only_Fire,0,1
train,WEB05404.jpg,WEB,5404,1,Only_Fire,0,2
train,WEB05405.jpg,WEB,5405,1,Only_Fire,0,3
train,WEB05406.jpg,WEB,5406,1,Only_Fire,0,2
train,WEB05408.jpg,WEB,5408,3,Both,1,1
train,WEB05409.jpg,WEB,5409,3,Both,2,4
train,WEB05410.jpg,WEB,5410,3,Both,1,1
train,WEB05411.jpg,WEB,5411,3,Both,1,1
train,WEB05412.jpg,WEB,5412,3,Both,1,1
train,WEB05414.jpg,WEB,5414,1,Only_Fire,0,2
train,WEB05415.jpg,WEB,5415,3,Both,1,2
train,WEB05417.jpg,WEB,5417,3,Both,1,3
train,WEB05418.jpg,WEB,5418,3,Both,1,1
train,WEB05420.jpg,WEB,5420,3,Both,1,1
train,WEB05421.jpg,WEB,5421,3,Both,1,1
train,WEB05422.jpg,WEB,5422,3,Both,1,2
train,WEB05423.jpg,WEB,5423,3,Both,1,1
train,WEB05425.jpg,WEB,5425,3,Both,1,3
train,WEB05426.jpg,WEB,5426,3,Both,1,4
train,WEB05427.jpg,WEB,5427,3,Both,1,3
train,WEB05428.jpg,WEB,5428,3,Both,1,3
train,WEB05429.jpg,WEB,5429,3,Both,1,3
train,WEB05430.jpg,WEB,5430,3,Both,1,2
train,WEB05431.jpg,WEB,5431,3,Both,1,2
train,WEB05432.jpg,WEB,5432,3,Both,1,1
train,WEB05433.jpg,WEB,5433,3,Both,1,2
train,WEB05434.jpg,WEB,5434,3,Both,1,2
train,WEB05435.jpg,WEB,5435,3,Both,1,3
train,WEB05437.jpg,WEB,5437,3,Both,1,2
train,WEB05438.jpg,WEB,5438,3,Both,1,2
train,WEB05439.jpg,WEB,5439,3,Both,1,2
train,WEB05440.jpg,WEB,5440,1,Only_Fire,0,2
train,WEB05441.jpg,WEB,5441,1,Only_Fire,0,2
train,WEB05442.jpg,WEB,5442,1,Only_Fire,0,1
train,WEB05443.jpg,WEB,5443,1,Only_Fire,0,2
train,WEB05444.jpg,WEB,5444,1,Only_Fire,0,2
train,WEB05445.jpg,WEB,5445,3,Both,1,2
train,WEB05446.jpg,WEB,5446,3,Both,1,4
train,WEB05447.jpg,WEB,5447,3,Both,1,1
train,WEB05449.jpg,WEB,5449,3,Both,1,2
train,WEB05450.jpg,WEB,5450,3,Both,1,1
train,WEB05451.jpg,WEB,5451,3,Both,1,7
train,WEB05452.jpg,WEB,5452,3,Both,1,1
train,WEB05453.jpg,WEB,5453,3,Both,1,1
train,WEB05454.jpg,WEB,5454,3,Both,1,2
train,WEB05455.jpg,WEB,5455,3,Both,1,3
train,WEB05456.jpg,WEB,5456,3,Both,1,2
train,WEB05457.jpg,WEB,5457,3,Both,2,10
train,WEB05458.jpg,WEB,5458,3,Both,1,1
train,WEB05459.jpg,WEB,5459,3,Both,1,7
train,WEB05460.jpg,WEB,5460,1,Only_Fire,0,1
train,WEB05461.jpg,WEB,5461,3,Both,1,7
train,WEB05462.jpg,WEB,5462,3,Both,1,2
train,WEB05463.jpg,WEB,5463,3,Both,1,5
train,WEB05464.jpg,WEB,5464,3,Both,1,2
train,WEB05465.jpg,WEB,5465,3,Both,1,2
train,WEB05467.jpg,WEB,5467,3,Both,1,6
train,WEB05468.jpg,WEB,5468,3,Both,1,5
train,WEB05469.jpg,WEB,5469,3,Both,1,4
train,WEB05470.jpg,WEB,5470,3,Both,1,5
train,WEB05473.jpg,WEB,5473,3,Both,1,2
train,WEB05475.jpg,WEB,5475,3,Both,1,2
train,WEB05476.jpg,WEB,5476,1,Only_Fire,0,6
train,WEB05477.jpg,WEB,5477,1,Only_Fire,0,7
train,WEB05478.jpg,WEB,5478,3,Both,1,6
train,WEB05479.jpg,WEB,5479,3,Both,1,2
train,WEB05480.jpg,WEB,5480,3,Both,1,3
train,WEB05483.jpg,WEB,5483,1,Only_Fire,0,2
train,WEB05484.jpg,WEB,5484,1,Only_Fire,0,2
train,WEB05485.jpg,WEB,5485,1,Only_Fire,0,1
train,WEB05486.jpg,WEB,5486,1,Only_Fire,0,1
train,WEB05487.jpg,WEB,5487,1,Only_Fire,0,1
train,WEB05491.jpg,WEB,5491,0,Neither,0,0
train,WEB05492.jpg,WEB,5492,3,Both,1,4
train,WEB05493.jpg,WEB,5493,3,Both,1,4
train,WEB05494.jpg,WEB,5494,3,Both,1,4
train,WEB05495.jpg,WEB,5495,3,Both,1,2
train,WEB05496.jpg,WEB,5496,3,Both,1,3
train,WEB05497.jpg,WEB,5497,3,Both,1,3
train,WEB05498.jpg,WEB,5498,3,Both,1,3
train,WEB05501.jpg,WEB,5501,3,Both,1,3
train,WEB05502.jpg,WEB,5502,3,Both,1,2
train,WEB05504.jpg,WEB,5504,3,Both,1,4
train,WEB05506.jpg,WEB,5506,3,Both,1,4
train,WEB05507.jpg,WEB,5507,3,Both,1,4
train,WEB05508.jpg,WEB,5508,3,Both,1,4
train,WEB05510.jpg,WEB,5510,3,Both,1,3
train,WEB05511.jpg,WEB,5511,3,Both,1,4
train,WEB05512.jpg,WEB,5512,3,Both,1,4
train,WEB05514.jpg,WEB,5514,3,Both,1,4
train,WEB05515.jpg,WEB,5515,3,Both,1,4
train,WEB05516.jpg,WEB,5516,1,Only_Fire,0,2
train,WEB05517.jpg,WEB,5517,3,Both,1,3
train,WEB05518.jpg,WEB,5518,3,Both,1,7
train,WEB05520.jpg,WEB,5520,1,Only_Fire,0,5
train,WEB05521.jpg,WEB,5521,1,Only_Fire,0,5
train,WEB05522.jpg,WEB,5522,3,Both,1,9
train,WEB05523.jpg,WEB,5523,3,Both,1,6
train,WEB05524.jpg,WEB,5524,1,Only_Fire,0,2
train,WEB05525.jpg,WEB,5525,3,Both,2,9
train,WEB05526.jpg,WEB,5526,3,Both,2,3
train,WEB05527.jpg,WEB,5527,3,Both,1,1
train,WEB05528.jpg,WEB,5528,3,Both,1,2
train,WEB05530.jpg,WEB,5530,3,Both,1,1
train,WEB05531.jpg,WEB,5531,3,Both,1,3
train,WEB05533.jpg,WEB,5533,3,Both,1,4
train,WEB05534.jpg,WEB,5534,3,Both,1,2
train,WEB05535.jpg,WEB,5535,3,Both,1,3
train,WEB05536.jpg,WEB,5536,3,Both,1,4
train,WEB05537.jpg,WEB,5537,3,Both,1,3
train,WEB05539.jpg,WEB,5539,3,Both,1,4
train,WEB05540.jpg,WEB,5540,3,Both,1,5
train,WEB05541.jpg,WEB,5541,3,Both,1,4
train,WEB05542.jpg,WEB,5542,3,Both,1,2
train,WEB05543.jpg,WEB,5543,3,Both,1,2
train,WEB05544.jpg,WEB,5544,3,Both,1,4
train,WEB05545.jpg,WEB,5545,3,Both,1,3
train,WEB05547.jpg,WEB,5547,3,Both,1,4
train,WEB05549.jpg,WEB,5549,3,Both,1,5
train,WEB05550.jpg,WEB,5550,3,Both,1,5
train,WEB05551.jpg,WEB,5551,3,Both,1,5
train,WEB05552.jpg,WEB,5552,3,Both,1,3
train,WEB05554.jpg,WEB,5554,3,Both,1,2
train,WEB05555.jpg,WEB,5555,3,Both,1,1
train,WEB05556.jpg,WEB,5556,3,Both,1,1
train,WEB05557.jpg,WEB,5557,3,Both,1,1
train,WEB05558.jpg,WEB,5558,3,Both,1,8
train,WEB05560.jpg,WEB,5560,3,Both,1,1
train,WEB05561.jpg,WEB,5561,3,Both,1,1
train,WEB05562.jpg,WEB,5562,3,Both,1,1
train,WEB05563.jpg,WEB,5563,3,Both,1,1
train,WEB05565.jpg,WEB,5565,3,Both,1,1
train,WEB05567.jpg,WEB,5567,3,Both,1,4
train,WEB05568.jpg,WEB,5568,3,Both,2,3
train,WEB05569.jpg,WEB,5569,3,Both,1,3
train,WEB05570.jpg,WEB,5570,3,Both,3,5
train,WEB05571.jpg,WEB,5571,3,Both,1,1
train,WEB05572.jpg,WEB,5572,3,Both,2,4
train,WEB05573.jpg,WEB,5573,3,Both,1,2
train,WEB05574.jpg,WEB,5574,1,Only_Fire,0,4
train,WEB05575.jpg,WEB,5575,3,Both,2,2
train,WEB05576.jpg,WEB,5576,3,Both,2,5
train,WEB05577.jpg,WEB,5577,3,Both,1,4
train,WEB05579.jpg,WEB,5579,3,Both,4,2
train,WEB05580.jpg,WEB,5580,3,Both,3,3
train,WEB05581.jpg,WEB,5581,3,Both,1,4
train,WEB05582.jpg,WEB,5582,3,Both,2,3
train,WEB05583.jpg,WEB,5583,3,Both,2,3
train,WEB05584.jpg,WEB,5584,3,Both,2,5
train,WEB05586.jpg,WEB,5586,3,Both,2,6
train,WEB05587.jpg,WEB,5587,3,Both,3,8
train,WEB05588.jpg,WEB,5588,3,Both,4,6
train,WEB05589.jpg,WEB,5589,3,Both,1,2
train,WEB05591.jpg,WEB,5591,3,Both,4,6
train,WEB05592.jpg,WEB,5592,3,Both,1,6
train,WEB05594.jpg,WEB,5594,3,Both,1,6
train,WEB05595.jpg,WEB,5595,3,Both,1,7
train,WEB05596.jpg,WEB,5596,3,Both,1,6
train,WEB05597.jpg,WEB,5597,3,Both,1,6
train,WEB05598.jpg,WEB,5598,3,Both,1,6
train,WEB05599.jpg,WEB,5599,3,Both,2,1
train,WEB05600.jpg,WEB,5600,3,Both,1,3
train,WEB05601.jpg,WEB,5601,3,Both,2,3
train,WEB05602.jpg,WEB,5602,3,Both,1,2
train,WEB05604.jpg,WEB,5604,3,Both,1,3
train,WEB05605.jpg,WEB,5605,3,Both,1,4
train,WEB05606.jpg,WEB,5606,3,Both,1,5
train,WEB05607.jpg,WEB,5607,3,Both,1,4
train,WEB05608.jpg,WEB,5608,3,Both,1,1
train,WEB05609.jpg,WEB,5609,3,Both,1,4
train,WEB05611.jpg,WEB,5611,3,Both,1,3
train,WEB05612.jpg,WEB,5612,3,Both,1,4
train,WEB05613.jpg,WEB,5613,3,Both,1,4
train,WEB05615.jpg,WEB,5615,3,Both,1,3
train,WEB05616.jpg,WEB,5616,3,Both,1,3
train,WEB05618.jpg,WEB,5618,3,Both,2,2
train,WEB05619.jpg,WEB,5619,3,Both,1,2
train,WEB05620.jpg,WEB,5620,3,Both,1,5
train,WEB05621.jpg,WEB,5621,3,Both,1,9
train,WEB05622.jpg,WEB,5622,3,Both,1,1
train,WEB05623.jpg,WEB,5623,3,Both,1,12
train,WEB05624.jpg,WEB,5624,3,Both,1,5
train,WEB05625.jpg,WEB,5625,3,Both,1,5
train,WEB05626.jpg,WEB,5626,3,Both,1,4
train,WEB05627.jpg,WEB,5627,3,Both,1,5
train,WEB05628.jpg,WEB,5628,3,Both,1,6
train,WEB05630.jpg,WEB,5630,3,Both,1,4
train,WEB05631.jpg,WEB,5631,3,Both,1,5
train,WEB05632.jpg,WEB,5632,3,Both,1,4
train,WEB05633.jpg,WEB,5633,3,Both,1,5
train,WEB05634.jpg,WEB,5634,3,Both,1,6
train,WEB05635.jpg,WEB,5635,3,Both,4,16
train,WEB05636.jpg,WEB,5636,3,Both,2,17
train,WEB05637.jpg,WEB,5637,3,Both,2,19
train,WEB05638.jpg,WEB,5638,3,Both,1,13
train,WEB05639.jpg,WEB,5639,3,Both,1,1
train,WEB05640.jpg,WEB,5640,3,Both,1,4
train,WEB05641.jpg,WEB,5641,3,Both,1,4
train,WEB05643.jpg,WEB,5643,3,Both,1,3
train,WEB05645.jpg,WEB,5645,3,Both,1,4
train,WEB05647.jpg,WEB,5647,3,Both,1,3
train,WEB05648.jpg,WEB,5648,3,Both,1,2
train,WEB05649.jpg,WEB,5649,3,Both,1,2
train,WEB05650.jpg,WEB,5650,3,Both,1,5
train,WEB05651.jpg,WEB,5651,3,Both,1,5
train,WEB05652.jpg,WEB,5652,3,Both,1,5
train,WEB05653.jpg,WEB,5653,3,Both,1,5
train,WEB05654.jpg,WEB,5654,3,Both,1,6
train,WEB05655.jpg,WEB,5655,3,Both,1,6
train,WEB05656.jpg,WEB,5656,3,Both,1,7
train,WEB05657.jpg,WEB,5657,3,Both,1,2
train,WEB05658.jpg,WEB,5658,3,Both,1,1
train,WEB05659.jpg,WEB,5659,3,Both,1,1
train,WEB05660.jpg,WEB,5660,3,Both,1,1
train,WEB05661.jpg,WEB,5661,3,Both,1,1
train,WEB05663.jpg,WEB,5663,3,Both,1,2
train,WEB05664.jpg,WEB,5664,3,Both,1,4
train,WEB05665.jpg,WEB,5665,3,Both,1,2
train,WEB05666.jpg,WEB,5666,3,Both,1,1
train,WEB05667.jpg,WEB,5667,1,Only_Fire,0,1
train,WEB05669.jpg,WEB,5669,3,Both,1,3
train,WEB05670.jpg,WEB,5670,3,Both,1,3
train,WEB05671.jpg,WEB,5671,3,Both,1,1
train,WEB05672.jpg,WEB,5672,3,Both,1,3
train,WEB05673.jpg,WEB,5673,3,Both,2,1
train,WEB05674.jpg,WEB,5674,3,Both,1,3
train,WEB05675.jpg,WEB,5675,3,Both,1,3
train,WEB05677.jpg,WEB,5677,3,Both,1,3
train,WEB05679.jpg,WEB,5679,3,Both,2,3
train,WEB05680.jpg,WEB,5680,3,Both,1,2
train,WEB05681.jpg,WEB,5681,3,Both,1,3
train,WEB05682.jpg,WEB,5682,3,Both,2,3
train,WEB05683.jpg,WEB,5683,1,Only_Fire,0,5
train,WEB05684.jpg,WEB,5684,1,Only_Fire,0,4
train,WEB05685.jpg,WEB,5685,1,Only_Fire,0,3
train,WEB05688.jpg,WEB,5688,1,Only_Fire,0,1
train,WEB05690.jpg,WEB,5690,1,Only_Fire,0,4
train,WEB05691.jpg,WEB,5691,1,Only_Fire,0,3
train,WEB05692.jpg,WEB,5692,1,Only_Fire,0,4
train,WEB05693.jpg,WEB,5693,1,Only_Fire,0,4
train,WEB05694.jpg,WEB,5694,1,Only_Fire,0,4
train,WEB05695.jpg,WEB,5695,1,Only_Fire,0,3
train,WEB05696.jpg,WEB,5696,1,Only_Fire,0,3
train,WEB05698.jpg,WEB,5698,1,Only_Fire,0,4
train,WEB05699.jpg,WEB,5699,3,Both,1,5
train,WEB05700.jpg,WEB,5700,1,Only_Fire,0,1
train,WEB05701.jpg,WEB,5701,1,Only_Fire,0,1
train,WEB05702.jpg,WEB,5702,3,Both,2,2
train,WEB05703.jpg,WEB,5703,3,Both,1,3
train,WEB05704.jpg,WEB,5704,3,Both,2,3
train,WEB05705.jpg,WEB,5705,3,Both,1,2
train,WEB05708.jpg,WEB,5708,3,Both,2,6
train,WEB05710.jpg,WEB,5710,3,Both,2,4
train,WEB05711.jpg,WEB,5711,3,Both,2,5
train,WEB05712.jpg,WEB,5712,3,Both,2,4
train,WEB05715.jpg,WEB,5715,3,Both,1,3
train,WEB05716.jpg,WEB,5716,3,Both,1,2
train,WEB05717.jpg,WEB,5717,3,Both,1,5
train,WEB05719.jpg,WEB,5719,3,Both,1,2
train,WEB05720.jpg,WEB,5720,3,Both,1,1
train,WEB05721.jpg,WEB,5721,3,Both,1,1
train,WEB05722.jpg,WEB,5722,3,Both,1,1
train,WEB05723.jpg,WEB,5723,3,Both,1,1
train,WEB05724.jpg,WEB,5724,3,Both,1,5
train,WEB05726.jpg,WEB,5726,1,Only_Fire,0,2
train,WEB05727.jpg,WEB,5727,3,Both,1,7
train,WEB05728.jpg,WEB,5728,3,Both,1,1
train,WEB05729.jpg,WEB,5729,3,Both,1,1
train,WEB05730.jpg,WEB,5730,3,Both,1,1
train,WEB05732.jpg,WEB,5732,1,Only_Fire,0,3
train,WEB05733.jpg,WEB,5733,3,Both,1,3
train,WEB05734.jpg,WEB,5734,3,Both,1,12
train,WEB05735.jpg,WEB,5735,3,Both,1,8
train,WEB05736.jpg,WEB,5736,1,Only_Fire,0,13
train,WEB05739.jpg,WEB,5739,3,Both,1,6
train,WEB05740.jpg,WEB,5740,3,Both,1,6
train,WEB05741.jpg,WEB,5741,3,Both,1,1
train,WEB05742.jpg,WEB,5742,3,Both,2,6
train,WEB05743.jpg,WEB,5743,3,Both,1,9
train,WEB05744.jpg,WEB,5744,3,Both,2,11
train,WEB05745.jpg,WEB,5745,1,Only_Fire,0,12
train,WEB05747.jpg,WEB,5747,3,Both,2,5
train,WEB05748.jpg,WEB,5748,3,Both,2,5
train,WEB05749.jpg,WEB,5749,3,Both,2,6
train,WEB05750.jpg,WEB,5750,3,Both,2,7
train,WEB05751.jpg,WEB,5751,3,Both,1,5
train,WEB05752.jpg,WEB,5752,3,Both,1,9
train,WEB05753.jpg,WEB,5753,3,Both,1,1
train,WEB05754.jpg,WEB,5754,3,Both,1,1
train,WEB05756.jpg,WEB,5756,1,Only_Fire,0,3
train,WEB05757.jpg,WEB,5757,3,Both,1,5
train,WEB05759.jpg,WEB,5759,3,Both,1,1
train,WEB05760.jpg,WEB,5760,3,Both,2,1
train,WEB05761.jpg,WEB,5761,1,Only_Fire,0,2
train,WEB05762.jpg,WEB,5762,1,Only_Fire,0,1
train,WEB05763.jpg,WEB,5763,1,Only_Fire,0,2
train,WEB05764.jpg,WEB,5764,1,Only_Fire,0,4
train,WEB05766.jpg,WEB,5766,1,Only_Fire,0,4
train,WEB05768.jpg,WEB,5768,1,Only_Fire,0,4
train,WEB05769.jpg,WEB,5769,1,Only_Fire,0,3
train,WEB05770.jpg,WEB,5770,3,Both,1,2
train,WEB05771.jpg,WEB,5771,1,Only_Fire,0,2
train,WEB05772.jpg,WEB,5772,1,Only_Fire,0,1
train,WEB05773.jpg,WEB,5773,1,Only_Fire,0,1
train,WEB05774.jpg,WEB,5774,3,Both,1,2
train,WEB05775.jpg,WEB,5775,3,Both,1,1
train,WEB05776.jpg,WEB,5776,3,Both,1,2
train,WEB05777.jpg,WEB,5777,3,Both,1,2
train,WEB05778.jpg,WEB,5778,3,Both,1,1
train,WEB05779.jpg,WEB,5779,3,Both,1,3
train,WEB05780.jpg,WEB,5780,3,Both,2,4
train,WEB05781.jpg,WEB,5781,3,Both,1,5
train,WEB05782.jpg,WEB,5782,3,Both,1,6
train,WEB05783.jpg,WEB,5783,3,Both,1,6
train,WEB05784.jpg,WEB,5784,1,Only_Fire,0,4
train,WEB05785.jpg,WEB,5785,1,Only_Fire,0,4
train,WEB05787.jpg,WEB,5787,3,Both,1,6
train,WEB05789.jpg,WEB,5789,3,Both,1,6
train,WEB05790.jpg,WEB,5790,3,Both,1,6
train,WEB05791.jpg,WEB,5791,3,Both,1,6
train,WEB05794.jpg,WEB,5794,3,Both,1,1
train,WEB05795.jpg,WEB,5795,3,Both,2,2
train,WEB05798.jpg,WEB,5798,3,Both,1,2
train,WEB05799.jpg,WEB,5799,3,Both,1,5
train,WEB05800.jpg,WEB,5800,3,Both,1,4
train,WEB05801.jpg,WEB,5801,3,Both,1,2
train,WEB05802.jpg,WEB,5802,3,Both,1,3
train,WEB05803.jpg,WEB,5803,3,Both,1,2
train,WEB05804.jpg,WEB,5804,3,Both,1,3
train,WEB05809.jpg,WEB,5809,3,Both,1,3
train,WEB05811.jpg,WEB,5811,3,Both,2,5
train,WEB05812.jpg,WEB,5812,3,Both,2,5
train,WEB05813.jpg,WEB,5813,3,Both,2,4
train,WEB05814.jpg,WEB,5814,3,Both,2,4
train,WEB05815.jpg,WEB,5815,3,Both,1,7
train,WEB05816.jpg,WEB,5816,3,Both,1,5
train,WEB05817.jpg,WEB,5817,3,Both,1,4
train,WEB05818.jpg,WEB,5818,3,Both,1,5
train,WEB05820.jpg,WEB,5820,3,Both,1,5
train,WEB05821.jpg,WEB,5821,3,Both,2,5
train,WEB05822.jpg,WEB,5822,3,Both,1,3
train,WEB05823.jpg,WEB,5823,3,Both,1,3
train,WEB05824.jpg,WEB,5824,3,Both,1,2
train,WEB05825.jpg,WEB,5825,3,Both,1,3
train,WEB05826.jpg,WEB,5826,3,Both,2,2
train,WEB05827.jpg,WEB,5827,3,Both,2,2
train,WEB05828.jpg,WEB,5828,3,Both,2,3
train,WEB05829.jpg,WEB,5829,3,Both,2,3
train,WEB05832.jpg,WEB,5832,3,Both,1,8
train,WEB05833.jpg,WEB,5833,3,Both,1,1
train,WEB05834.jpg,WEB,5834,1,Only_Fire,0,7
train,WEB05835.jpg,WEB,5835,3,Both,1,1
train,WEB05836.jpg,WEB,5836,3,Both,1,5
train,WEB05838.jpg,WEB,5838,3,Both,1,6
train,WEB05839.jpg,WEB,5839,3,Both,1,4
train,WEB05840.jpg,WEB,5840,3,Both,1,8
train,WEB05841.jpg,WEB,5841,3,Both,1,9
train,WEB05842.jpg,WEB,5842,3,Both,1,9
train,WEB05843.jpg,WEB,5843,3,Both,1,8
train,WEB05844.jpg,WEB,5844,3,Both,1,9
train,WEB05845.jpg,WEB,5845,3,Both,1,8
train,WEB05846.jpg,WEB,5846,3,Both,1,9
train,WEB05847.jpg,WEB,5847,3,Both,1,8
train,WEB05849.jpg,WEB,5849,3,Both,1,8
train,WEB05850.jpg,WEB,5850,3,Both,1,7
train,WEB05851.jpg,WEB,5851,3,Both,1,7
train,WEB05852.jpg,WEB,5852,3,Both,1,5
train,WEB05853.jpg,WEB,5853,3,Both,2,7
train,WEB05855.jpg,WEB,5855,3,Both,1,6
train,WEB05856.jpg,WEB,5856,3,Both,1,2
train,WEB05857.jpg,WEB,5857,3,Both,1,6
train,WEB05859.jpg,WEB,5859,1,Only_Fire,0,4
train,WEB05860.jpg,WEB,5860,1,Only_Fire,0,3
train,WEB05861.jpg,WEB,5861,2,Only_Smoke,4,0
train,WEB05862.jpg,WEB,5862,3,Both,1,4
train,WEB05864.jpg,WEB,5864,3,Both,1,4
train,WEB05866.jpg,WEB,5866,3,Both,1,2
train,WEB05867.jpg,WEB,5867,3,Both,1,3
train,WEB05868.jpg,WEB,5868,3,Both,1,3
train,WEB05869.jpg,WEB,5869,3,Both,1,3
train,WEB05870.jpg,WEB,5870,3,Both,1,3
train,WEB05871.jpg,WEB,5871,3,Both,1,4
train,WEB05873.jpg,WEB,5873,3,Both,1,10
train,WEB05874.jpg,WEB,5874,3,Both,1,10
train,WEB05876.jpg,WEB,5876,3,Both,1,10
train,WEB05877.jpg,WEB,5877,3,Both,1,10
train,WEB05879.jpg,WEB,5879,3,Both,1,10
train,WEB05880.jpg,WEB,5880,3,Both,1,9
train,WEB05881.jpg,WEB,5881,3,Both,1,10
train,WEB05882.jpg,WEB,5882,3,Both,1,10
train,WEB05883.jpg,WEB,5883,3,Both,1,7
train,WEB05884.jpg,WEB,5884,2,Only_Smoke,2,0
train,WEB05885.jpg,WEB,5885,3,Both,1,2
train,WEB05886.jpg,WEB,5886,3,Both,1,2
train,WEB05887.jpg,WEB,5887,3,Both,1,3
train,WEB05888.jpg,WEB,5888,3,Both,1,2
train,WEB05889.jpg,WEB,5889,3,Both,1,2
train,WEB05890.jpg,WEB,5890,3,Both,1,2
train,WEB05891.jpg,WEB,5891,3,Both,1,3
train,WEB05892.jpg,WEB,5892,3,Both,1,3
train,WEB05893.jpg,WEB,5893,3,Both,1,2
train,WEB05894.jpg,WEB,5894,3,Both,1,2
train,WEB05895.jpg,WEB,5895,3,Both,2,2
train,WEB05896.jpg,WEB,5896,1,Only_Fire,0,4
train,WEB05897.jpg,WEB,5897,3,Both,2,2
train,WEB05898.jpg,WEB,5898,3,Both,1,6
train,WEB05899.jpg,WEB,5899,3,Both,1,6
train,WEB05900.jpg,WEB,5900,3,Both,1,6
train,WEB05902.jpg,WEB,5902,3,Both,1,2
train,WEB05903.jpg,WEB,5903,3,Both,1,6
train,WEB05904.jpg,WEB,5904,3,Both,1,6
train,WEB05905.jpg,WEB,5905,3,Both,1,6
train,WEB05906.jpg,WEB,5906,3,Both,1,3
train,WEB05907.jpg,WEB,5907,3,Both,1,3
train,WEB05908.jpg,WEB,5908,3,Both,2,4
train,WEB05909.jpg,WEB,5909,3,Both,1,4
train,WEB05910.jpg,WEB,5910,3,Both,1,3
train,WEB05911.jpg,WEB,5911,3,Both,1,3
train,WEB05913.jpg,WEB,5913,3,Both,1,4
train,WEB05914.jpg,WEB,5914,3,Both,1,4
train,WEB05915.jpg,WEB,5915,3,Both,1,6
train,WEB05916.jpg,WEB,5916,3,Both,1,7
train,WEB05917.jpg,WEB,5917,3,Both,1,7
train,WEB05918.jpg,WEB,5918,3,Both,2,5
train,WEB05920.jpg,WEB,5920,3,Both,1,4
train,WEB05921.jpg,WEB,5921,3,Both,1,5
train,WEB05922.jpg,WEB,5922,3,Both,1,1
train,WEB05923.jpg,WEB,5923,3,Both,1,1
train,WEB05924.jpg,WEB,5924,3,Both,1,5
train,WEB05925.jpg,WEB,5925,3,Both,1,3
train,WEB05926.jpg,WEB,5926,3,Both,1,2
train,WEB05927.jpg,WEB,5927,3,Both,2,3
train,WEB05928.jpg,WEB,5928,3,Both,1,1
train,WEB05930.jpg,WEB,5930,3,Both,2,6
train,WEB05931.jpg,WEB,5931,1,Only_Fire,0,1
train,WEB05932.jpg,WEB,5932,1,Only_Fire,0,1
train,WEB05934.jpg,WEB,5934,1,Only_Fire,0,1
train,WEB05935.jpg,WEB,5935,1,Only_Fire,0,1
train,WEB05936.jpg,WEB,5936,1,Only_Fire,0,1
train,WEB05937.jpg,WEB,5937,1,Only_Fire,0,1
train,WEB05938.jpg,WEB,5938,1,Only_Fire,0,5
train,WEB05939.jpg,WEB,5939,3,Both,1,5
train,WEB05940.jpg,WEB,5940,3,Both,1,4
train,WEB05941.jpg,WEB,5941,1,Only_Fire,0,1
train,WEB05942.jpg,WEB,5942,1,Only_Fire,0,1
train,WEB05943.jpg,WEB,5943,3,Both,1,2
train,WEB05944.jpg,WEB,5944,1,Only_Fire,0,2
train,WEB05946.jpg,WEB,5946,3,Both,2,3
train,WEB05947.jpg,WEB,5947,3,Both,2,2
train,WEB05948.jpg,WEB,5948,3,Both,1,1
train,WEB05949.jpg,WEB,5949,3,Both,2,3
train,WEB05950.jpg,WEB,5950,1,Only_Fire,0,5
train,WEB05951.jpg,WEB,5951,3,Both,2,1
train,WEB05952.jpg,WEB,5952,1,Only_Fire,0,3
train,WEB05953.jpg,WEB,5953,3,Both,2,1
train,WEB05954.jpg,WEB,5954,3,Both,2,2
train,WEB05955.jpg,WEB,5955,1,Only_Fire,0,1
train,WEB05956.jpg,WEB,5956,3,Both,1,3
train,WEB05958.jpg,WEB,5958,3,Both,1,7
train,WEB05961.jpg,WEB,5961,3,Both,1,4
train,WEB05962.jpg,WEB,5962,3,Both,1,4
train,WEB05963.jpg,WEB,5963,3,Both,1,3
train,WEB05964.jpg,WEB,5964,3,Both,1,3
train,WEB05965.jpg,WEB,5965,3,Both,1,4
train,WEB05966.jpg,WEB,5966,3,Both,1,2
train,WEB05967.jpg,WEB,5967,3,Both,1,3
train,WEB05968.jpg,WEB,5968,1,Only_Fire,0,1
train,WEB05969.jpg,WEB,5969,1,Only_Fire,0,1
train,WEB05970.jpg,WEB,5970,1,Only_Fire,0,1
train,WEB05971.jpg,WEB,5971,1,Only_Fire,0,2
train,WEB05972.jpg,WEB,5972,1,Only_Fire,0,2
train,WEB05973.jpg,WEB,5973,1,Only_Fire,0,2
train,WEB05974.jpg,WEB,5974,3,Both,1,3
train,WEB05975.jpg,WEB,5975,3,Both,1,6
train,WEB05976.jpg,WEB,5976,3,Both,1,1
train,WEB05978.jpg,WEB,5978,3,Both,1,1
train,WEB05980.jpg,WEB,5980,3,Both,1,5
train,WEB05981.jpg,WEB,5981,3,Both,1,5
train,WEB05982.jpg,WEB,5982,3,Both,1,5
train,WEB05983.jpg,WEB,5983,3,Both,1,4
train,WEB05985.jpg,WEB,5985,3,Both,1,4
train,WEB05986.jpg,WEB,5986,3,Both,1,5
train,WEB05987.jpg,WEB,5987,3,Both,1,4
train,WEB05988.jpg,WEB,5988,1,Only_Fire,0,7
train,WEB05989.jpg,WEB,5989,1,Only_Fire,0,6
train,WEB05990.jpg,WEB,5990,1,Only_Fire,0,6
train,WEB05991.jpg,WEB,5991,1,Only_Fire,0,4
train,WEB05992.jpg,WEB,5992,1,Only_Fire,0,3
train,WEB05993.jpg,WEB,5993,1,Only_Fire,0,1
train,WEB05994.jpg,WEB,5994,1,Only_Fire,0,2
train,WEB05995.jpg,WEB,5995,1,Only_Fire,0,4
train,WEB05996.jpg,WEB,5996,3,Both,1,5
train,WEB05998.jpg,WEB,5998,3,Both,1,5
train,WEB05999.jpg,WEB,5999,1,Only_Fire,0,5
train,WEB06000.jpg,WEB,6000,1,Only_Fire,0,1
train,WEB06001.jpg,WEB,6001,3,Both,1,1
train,WEB06002.jpg,WEB,6002,2,Only_Smoke,1,0
train,WEB06003.jpg,WEB,6003,3,Both,1,1
train,WEB06004.jpg,WEB,6004,2,Only_Smoke,1,0
train,WEB06005.jpg,WEB,6005,3,Both,1,1
train,WEB06006.jpg,WEB,6006,2,Only_Smoke,1,0
train,WEB06007.jpg,WEB,6007,2,Only_Smoke,1,0
train,WEB06008.jpg,WEB,6008,2,Only_Smoke,1,0
train,WEB06009.jpg,WEB,6009,2,Only_Smoke,1,0
train,WEB06010.jpg,WEB,6010,2,Only_Smoke,1,0
train,WEB06011.jpg,WEB,6011,2,Only_Smoke,1,0
train,WEB06012.jpg,WEB,6012,2,Only_Smoke,1,0
train,WEB06013.jpg,WEB,6013,3,Both,1,2
train,WEB06014.jpg,WEB,6014,2,Only_Smoke,1,0
train,WEB06015.jpg,WEB,6015,2,Only_Smoke,1,0
train,WEB06016.jpg,WEB,6016,2,Only_Smoke,1,0
train,WEB06017.jpg,WEB,6017,2,Only_Smoke,1,0
train,WEB06018.jpg,WEB,6018,2,Only_Smoke,1,0
train,WEB06020.jpg,WEB,6020,3,Both,2,1
train,WEB06022.jpg,WEB,6022,2,Only_Smoke,1,0
train,WEB06023.jpg,WEB,6023,3,Both,1,1
train,WEB06024.jpg,WEB,6024,2,Only_Smoke,1,0
train,WEB06025.jpg,WEB,6025,2,Only_Smoke,1,0
train,WEB06026.jpg,WEB,6026,2,Only_Smoke,1,0
train,WEB06028.jpg,WEB,6028,3,Both,1,3
train,WEB06029.jpg,WEB,6029,3,Both,1,1
train,WEB06031.jpg,WEB,6031,2,Only_Smoke,1,0
train,WEB06032.jpg,WEB,6032,3,Both,1,2
train,WEB06033.jpg,WEB,6033,2,Only_Smoke,1,0
train,WEB06034.jpg,WEB,6034,3,Both,1,1
train,WEB06036.jpg,WEB,6036,2,Only_Smoke,1,0
train,WEB06037.jpg,WEB,6037,2,Only_Smoke,1,0
train,WEB06038.jpg,WEB,6038,3,Both,1,1
train,WEB06039.jpg,WEB,6039,2,Only_Smoke,1,0
train,WEB06040.jpg,WEB,6040,2,Only_Smoke,1,0
train,WEB06041.jpg,WEB,6041,2,Only_Smoke,1,0
train,WEB06042.jpg,WEB,6042,2,Only_Smoke,1,0
train,WEB06043.jpg,WEB,6043,2,Only_Smoke,1,0
train,WEB06044.jpg,WEB,6044,2,Only_Smoke,1,0
train,WEB06045.jpg,WEB,6045,2,Only_Smoke,1,0
train,WEB06046.jpg,WEB,6046,2,Only_Smoke,1,0
train,WEB06047.jpg,WEB,6047,3,Both,1,1
train,WEB06048.jpg,WEB,6048,2,Only_Smoke,1,0
train,WEB06049.jpg,WEB,6049,2,Only_Smoke,1,0
train,WEB06050.jpg,WEB,6050,2,Only_Smoke,1,0
train,WEB06051.jpg,WEB,6051,2,Only_Smoke,1,0
train,WEB06052.jpg,WEB,6052,2,Only_Smoke,1,0
train,WEB06053.jpg,WEB,6053,2,Only_Smoke,1,0
train,WEB06054.jpg,WEB,6054,2,Only_Smoke,1,0
train,WEB06055.jpg,WEB,6055,2,Only_Smoke,1,0
train,WEB06056.jpg,WEB,6056,2,Only_Smoke,1,0
train,WEB06057.jpg,WEB,6057,1,Only_Fire,0,2
train,WEB06058.jpg,WEB,6058,3,Both,1,1
train,WEB06061.jpg,WEB,6061,3,Both,1,4
train,WEB06062.jpg,WEB,6062,2,Only_Smoke,1,0
train,WEB06063.jpg,WEB,6063,2,Only_Smoke,1,0
train,WEB06065.jpg,WEB,6065,2,Only_Smoke,3,0
train,WEB06066.jpg,WEB,6066,2,Only_Smoke,1,0
train,WEB06067.jpg,WEB,6067,2,Only_Smoke,1,0
train,WEB06068.jpg,WEB,6068,2,Only_Smoke,1,0
train,WEB06069.jpg,WEB,6069,3,Both,1,1
train,WEB06070.jpg,WEB,6070,2,Only_Smoke,2,0
train,WEB06071.jpg,WEB,6071,2,Only_Smoke,1,0
train,WEB06072.jpg,WEB,6072,2,Only_Smoke,1,0
train,WEB06074.jpg,WEB,6074,2,Only_Smoke,1,0
train,WEB06075.jpg,WEB,6075,3,Both,1,1
train,WEB06076.jpg,WEB,6076,3,Both,2,3
train,WEB06077.jpg,WEB,6077,2,Only_Smoke,1,0
train,WEB06079.jpg,WEB,6079,2,Only_Smoke,1,0
train,WEB06081.jpg,WEB,6081,3,Both,1,2
train,WEB06082.jpg,WEB,6082,2,Only_Smoke,1,0
train,WEB06083.jpg,WEB,6083,3,Both,1,1
train,WEB06084.jpg,WEB,6084,3,Both,1,1
train,WEB06086.jpg,WEB,6086,3,Both,1,5
train,WEB06087.jpg,WEB,6087,3,Both,1,2
train,WEB06088.jpg,WEB,6088,3,Both,1,1
train,WEB06089.jpg,WEB,6089,2,Only_Smoke,1,0
train,WEB06090.jpg,WEB,6090,3,Both,1,1
train,WEB06091.jpg,WEB,6091,2,Only_Smoke,1,0
train,WEB06092.jpg,WEB,6092,2,Only_Smoke,1,0
train,WEB06093.jpg,WEB,6093,2,Only_Smoke,1,0
train,WEB06094.jpg,WEB,6094,2,Only_Smoke,2,0
train,WEB06096.jpg,WEB,6096,2,Only_Smoke,1,0
train,WEB06097.jpg,WEB,6097,2,Only_Smoke,1,0
train,WEB06098.jpg,WEB,6098,3,Both,1,1
train,WEB06099.jpg,WEB,6099,2,Only_Smoke,1,0
train,WEB06100.jpg,WEB,6100,2,Only_Smoke,1,0
train,WEB06101.jpg,WEB,6101,3,Both,1,2
train,WEB06102.jpg,WEB,6102,3,Both,1,1
train,WEB06103.jpg,WEB,6103,3,Both,1,5
train,WEB06104.jpg,WEB,6104,3,Both,1,1
train,WEB06105.jpg,WEB,6105,2,Only_Smoke,1,0
train,WEB06106.jpg,WEB,6106,3,Both,1,3
train,WEB06107.jpg,WEB,6107,3,Both,1,2
train,WEB06110.jpg,WEB,6110,2,Only_Smoke,1,0
train,WEB06112.jpg,WEB,6112,3,Both,2,1
train,WEB06113.jpg,WEB,6113,2,Only_Smoke,1,0
train,WEB06114.jpg,WEB,6114,3,Both,1,1
train,WEB06115.jpg,WEB,6115,2,Only_Smoke,1,0
train,WEB06116.jpg,WEB,6116,2,Only_Smoke,1,0
train,WEB06117.jpg,WEB,6117,2,Only_Smoke,1,0
train,WEB06119.jpg,WEB,6119,3,Both,1,2
train,WEB06122.jpg,WEB,6122,2,Only_Smoke,1,0
train,WEB06123.jpg,WEB,6123,2,Only_Smoke,1,0
train,WEB06124.jpg,WEB,6124,3,Both,1,1
train,WEB06125.jpg,WEB,6125,3,Both,1,1
train,WEB06126.jpg,WEB,6126,3,Both,1,2
train,WEB06127.jpg,WEB,6127,3,Both,3,4
train,WEB06128.jpg,WEB,6128,2,Only_Smoke,1,0
train,WEB06129.jpg,WEB,6129,2,Only_Smoke,1,0
train,WEB06130.jpg,WEB,6130,3,Both,1,1
train,WEB06131.jpg,WEB,6131,3,Both,1,1
train,WEB06132.jpg,WEB,6132,2,Only_Smoke,1,0
train,WEB06133.jpg,WEB,6133,2,Only_Smoke,3,0
train,WEB06134.jpg,WEB,6134,3,Both,1,2
train,WEB06135.jpg,WEB,6135,2,Only_Smoke,1,0
train,WEB06137.jpg,WEB,6137,3,Both,1,2
train,WEB06138.jpg,WEB,6138,2,Only_Smoke,1,0
train,WEB06139.jpg,WEB,6139,2,Only_Smoke,1,0
train,WEB06140.jpg,WEB,6140,3,Both,2,1
train,WEB06141.jpg,WEB,6141,2,Only_Smoke,1,0
train,WEB06142.jpg,WEB,6142,2,Only_Smoke,1,0
train,WEB06143.jpg,WEB,6143,3,Both,1,1
train,WEB06144.jpg,WEB,6144,2,Only_Smoke,1,0
train,WEB06145.jpg,WEB,6145,2,Only_Smoke,1,0
train,WEB06146.jpg,WEB,6146,3,Both,1,1
train,WEB06148.jpg,WEB,6148,3,Both,1,4
train,WEB06149.jpg,WEB,6149,3,Both,1,7
train,WEB06151.jpg,WEB,6151,2,Only_Smoke,1,0
train,WEB06154.jpg,WEB,6154,3,Both,4,1
train,WEB06155.jpg,WEB,6155,2,Only_Smoke,1,0
train,WEB06157.jpg,WEB,6157,2,Only_Smoke,1,0
train,WEB06158.jpg,WEB,6158,2,Only_Smoke,1,0
train,WEB06159.jpg,WEB,6159,2,Only_Smoke,1,0
train,WEB06160.jpg,WEB,6160,2,Only_Smoke,1,0
train,WEB06161.jpg,WEB,6161,2,Only_Smoke,1,0
train,WEB06162.jpg,WEB,6162,2,Only_Smoke,1,0
train,WEB06163.jpg,WEB,6163,3,Both,1,2
train,WEB06164.jpg,WEB,6164,2,Only_Smoke,1,0
train,WEB06165.jpg,WEB,6165,2,Only_Smoke,1,0
train,WEB06166.jpg,WEB,6166,2,Only_Smoke,1,0
train,WEB06167.jpg,WEB,6167,2,Only_Smoke,1,0
train,WEB06168.jpg,WEB,6168,2,Only_Smoke,1,0
train,WEB06169.jpg,WEB,6169,2,Only_Smoke,1,0
train,WEB06170.jpg,WEB,6170,2,Only_Smoke,1,0
train,WEB06172.jpg,WEB,6172,3,Both,1,3
train,WEB06173.jpg,WEB,6173,3,Both,1,2
train,WEB06174.jpg,WEB,6174,3,Both,1,2
train,WEB06175.jpg,WEB,6175,3,Both,1,2
train,WEB06176.jpg,WEB,6176,2,Only_Smoke,1,0
train,WEB06177.jpg,WEB,6177,3,Both,1,1
train,WEB06178.jpg,WEB,6178,2,Only_Smoke,1,0
train,WEB06179.jpg,WEB,6179,2,Only_Smoke,1,0
train,WEB06181.jpg,WEB,6181,2,Only_Smoke,1,0
train,WEB06182.jpg,WEB,6182,2,Only_Smoke,1,0
train,WEB06183.jpg,WEB,6183,2,Only_Smoke,1,0
train,WEB06184.jpg,WEB,6184,2,Only_Smoke,1,0
train,WEB06185.jpg,WEB,6185,2,Only_Smoke,2,0
train,WEB06186.jpg,WEB,6186,3,Both,1,1
train,WEB06188.jpg,WEB,6188,2,Only_Smoke,1,0
train,WEB06189.jpg,WEB,6189,2,Only_Smoke,1,0
train,WEB06190.jpg,WEB,6190,2,Only_Smoke,1,0
train,WEB06192.jpg,WEB,6192,2,Only_Smoke,1,0
train,WEB06194.jpg,WEB,6194,2,Only_Smoke,1,0
train,WEB06196.jpg,WEB,6196,2,Only_Smoke,1,0
train,WEB06197.jpg,WEB,6197,2,Only_Smoke,1,0
train,WEB06199.jpg,WEB,6199,2,Only_Smoke,1,0
train,WEB06201.jpg,WEB,6201,3,Both,1,1
train,WEB06202.jpg,WEB,6202,2,Only_Smoke,1,0
train,WEB06204.jpg,WEB,6204,2,Only_Smoke,1,0
train,WEB06205.jpg,WEB,6205,3,Both,1,1
train,WEB06206.jpg,WEB,6206,3,Both,1,1
train,WEB06208.jpg,WEB,6208,2,Only_Smoke,1,0
train,WEB06209.jpg,WEB,6209,3,Both,1,1
train,WEB06211.jpg,WEB,6211,3,Both,1,1
train,WEB06212.jpg,WEB,6212,2,Only_Smoke,1,0
train,WEB06213.jpg,WEB,6213,2,Only_Smoke,1,0
train,WEB06214.jpg,WEB,6214,2,Only_Smoke,1,0
train,WEB06215.jpg,WEB,6215,2,Only_Smoke,1,0
train,WEB06217.jpg,WEB,6217,2,Only_Smoke,1,0
train,WEB06218.jpg,WEB,6218,2,Only_Smoke,1,0
train,WEB06219.jpg,WEB,6219,2,Only_Smoke,1,0
train,WEB06221.jpg,WEB,6221,2,Only_Smoke,1,0
train,WEB06222.jpg,WEB,6222,2,Only_Smoke,1,0
train,WEB06225.jpg,WEB,6225,2,Only_Smoke,1,0
train,WEB06226.jpg,WEB,6226,2,Only_Smoke,1,0
train,WEB06227.jpg,WEB,6227,2,Only_Smoke,1,0
train,WEB06228.jpg,WEB,6228,2,Only_Smoke,1,0
train,WEB06229.jpg,WEB,6229,2,Only_Smoke,1,0
train,WEB06230.jpg,WEB,6230,2,Only_Smoke,1,0
train,WEB06231.jpg,WEB,6231,2,Only_Smoke,1,0
train,WEB06232.jpg,WEB,6232,2,Only_Smoke,1,0
train,WEB06233.jpg,WEB,6233,2,Only_Smoke,1,0
train,WEB06234.jpg,WEB,6234,2,Only_Smoke,1,0
train,WEB06236.jpg,WEB,6236,2,Only_Smoke,1,0
train,WEB06237.jpg,WEB,6237,2,Only_Smoke,1,0
train,WEB06239.jpg,WEB,6239,2,Only_Smoke,1,0
train,WEB06240.jpg,WEB,6240,2,Only_Smoke,1,0
train,WEB06241.jpg,WEB,6241,2,Only_Smoke,1,0
train,WEB06242.jpg,WEB,6242,2,Only_Smoke,1,0
train,WEB06243.jpg,WEB,6243,2,Only_Smoke,1,0
train,WEB06244.jpg,WEB,6244,2,Only_Smoke,1,0
train,WEB06245.jpg,WEB,6245,2,Only_Smoke,1,0
train,WEB06246.jpg,WEB,6246,2,Only_Smoke,1,0
train,WEB06247.jpg,WEB,6247,2,Only_Smoke,1,0
train,WEB06248.jpg,WEB,6248,2,Only_Smoke,1,0
train,WEB06249.jpg,WEB,6249,2,Only_Smoke,1,0
train,WEB06250.jpg,WEB,6250,3,Both,1,1
train,WEB06251.jpg,WEB,6251,2,Only_Smoke,1,0
train,WEB06252.jpg,WEB,6252,2,Only_Smoke,1,0
train,WEB06253.jpg,WEB,6253,2,Only_Smoke,1,0
train,WEB06254.jpg,WEB,6254,2,Only_Smoke,1,0
train,WEB06255.jpg,WEB,6255,2,Only_Smoke,1,0
train,WEB06256.jpg,WEB,6256,2,Only_Smoke,1,0
train,WEB06257.jpg,WEB,6257,3,Both,1,4
train,WEB06258.jpg,WEB,6258,3,Both,2,5
train,WEB06259.jpg,WEB,6259,3,Both,1,1
train,WEB06260.jpg,WEB,6260,3,Both,1,1
train,WEB06261.jpg,WEB,6261,2,Only_Smoke,1,0
train,WEB06262.jpg,WEB,6262,3,Both,2,1
train,WEB06263.jpg,WEB,6263,2,Only_Smoke,1,0
train,WEB06264.jpg,WEB,6264,3,Both,1,1
train,WEB06265.jpg,WEB,6265,2,Only_Smoke,1,0
train,WEB06266.jpg,WEB,6266,2,Only_Smoke,1,0
train,WEB06267.jpg,WEB,6267,2,Only_Smoke,1,0
train,WEB06268.jpg,WEB,6268,3,Both,1,5
train,WEB06269.jpg,WEB,6269,2,Only_Smoke,1,0
train,WEB06270.jpg,WEB,6270,3,Both,1,4
train,WEB06271.jpg,WEB,6271,2,Only_Smoke,1,0
train,WEB06272.jpg,WEB,6272,2,Only_Smoke,1,0
train,WEB06273.jpg,WEB,6273,3,Both,1,2
train,WEB06274.jpg,WEB,6274,2,Only_Smoke,1,0
train,WEB06275.jpg,WEB,6275,3,Both,1,3
train,WEB06276.jpg,WEB,6276,2,Only_Smoke,2,0
train,WEB06277.jpg,WEB,6277,3,Both,1,3
train,WEB06280.jpg,WEB,6280,2,Only_Smoke,1,0
train,WEB06281.jpg,WEB,6281,2,Only_Smoke,1,0
train,WEB06282.jpg,WEB,6282,2,Only_Smoke,1,0
train,WEB06284.jpg,WEB,6284,2,Only_Smoke,1,0
train,WEB06285.jpg,WEB,6285,2,Only_Smoke,1,0
train,WEB06286.jpg,WEB,6286,3,Both,1,2
train,WEB06287.jpg,WEB,6287,3,Both,1,1
train,WEB06288.jpg,WEB,6288,3,Both,1,1
train,WEB06289.jpg,WEB,6289,3,Both,1,1
train,WEB06290.jpg,WEB,6290,3,Both,1,1
train,WEB06291.jpg,WEB,6291,2,Only_Smoke,1,0
train,WEB06292.jpg,WEB,6292,2,Only_Smoke,1,0
train,WEB06293.jpg,WEB,6293,3,Both,2,1
train,WEB06294.jpg,WEB,6294,3,Both,1,1
train,WEB06295.jpg,WEB,6295,2,Only_Smoke,1,0
train,WEB06296.jpg,WEB,6296,3,Both,1,1
train,WEB06297.jpg,WEB,6297,2,Only_Smoke,2,0
train,WEB06298.jpg,WEB,6298,3,Both,2,1
train,WEB06299.jpg,WEB,6299,2,Only_Smoke,2,0
train,WEB06300.jpg,WEB,6300,3,Both,1,1
train,WEB06301.jpg,WEB,6301,3,Both,1,1
train,WEB06302.jpg,WEB,6302,2,Only_Smoke,1,0
train,WEB06304.jpg,WEB,6304,2,Only_Smoke,1,0
train,WEB06307.jpg,WEB,6307,2,Only_Smoke,1,0
train,WEB06308.jpg,WEB,6308,3,Both,1,1
train,WEB06309.jpg,WEB,6309,2,Only_Smoke,1,0
train,WEB06310.jpg,WEB,6310,2,Only_Smoke,1,0
train,WEB06311.jpg,WEB,6311,2,Only_Smoke,1,0
train,WEB06312.jpg,WEB,6312,2,Only_Smoke,1,0
train,WEB06313.jpg,WEB,6313,2,Only_Smoke,2,0
train,WEB06314.jpg,WEB,6314,2,Only_Smoke,1,0
train,WEB06315.jpg,WEB,6315,2,Only_Smoke,1,0
train,WEB06316.jpg,WEB,6316,2,Only_Smoke,1,0
train,WEB06317.jpg,WEB,6317,2,Only_Smoke,1,0
train,WEB06318.jpg,WEB,6318,2,Only_Smoke,1,0
train,WEB06319.jpg,WEB,6319,2,Only_Smoke,1,0
train,WEB06320.jpg,WEB,6320,2,Only_Smoke,1,0
train,WEB06322.jpg,WEB,6322,2,Only_Smoke,1,0
train,WEB06323.jpg,WEB,6323,2,Only_Smoke,1,0
train,WEB06324.jpg,WEB,6324,2,Only_Smoke,1,0
train,WEB06325.jpg,WEB,6325,2,Only_Smoke,1,0
train,WEB06326.jpg,WEB,6326,2,Only_Smoke,1,0
train,WEB06327.jpg,WEB,6327,2,Only_Smoke,1,0
train,WEB06328.jpg,WEB,6328,2,Only_Smoke,1,0
train,WEB06329.jpg,WEB,6329,3,Both,1,3
train,WEB06330.jpg,WEB,6330,2,Only_Smoke,1,0
train,WEB06331.jpg,WEB,6331,3,Both,1,2
train,WEB06332.jpg,WEB,6332,2,Only_Smoke,1,0
train,WEB06333.jpg,WEB,6333,2,Only_Smoke,1,0
train,WEB06334.jpg,WEB,6334,1,Only_Fire,0,2
train,WEB06335.jpg,WEB,6335,3,Both,1,4
train,WEB06336.jpg,WEB,6336,3,Both,1,1
train,WEB06338.jpg,WEB,6338,3,Both,1,1
train,WEB06340.jpg,WEB,6340,2,Only_Smoke,1,0
train,WEB06341.jpg,WEB,6341,3,Both,1,2
train,WEB06342.jpg,WEB,6342,3,Both,1,3
train,WEB06343.jpg,WEB,6343,3,Both,1,18
train,WEB06344.jpg,WEB,6344,2,Only_Smoke,1,0
train,WEB06345.jpg,WEB,6345,3,Both,1,13
train,WEB06347.jpg,WEB,6347,3,Both,1,10
train,WEB06348.jpg,WEB,6348,3,Both,1,1
train,WEB06349.jpg,WEB,6349,2,Only_Smoke,1,0
train,WEB06351.jpg,WEB,6351,2,Only_Smoke,1,0
train,WEB06353.jpg,WEB,6353,2,Only_Smoke,1,0
train,WEB06354.jpg,WEB,6354,3,Both,1,3
train,WEB06355.jpg,WEB,6355,3,Both,2,9
train,WEB06356.jpg,WEB,6356,3,Both,1,1
train,WEB06357.jpg,WEB,6357,2,Only_Smoke,1,0
train,WEB06358.jpg,WEB,6358,2,Only_Smoke,1,0
train,WEB06359.jpg,WEB,6359,3,Both,1,2
train,WEB06360.jpg,WEB,6360,3,Both,1,4
train,WEB06362.jpg,WEB,6362,2,Only_Smoke,1,0
train,WEB06363.jpg,WEB,6363,2,Only_Smoke,2,0
train,WEB06364.jpg,WEB,6364,2,Only_Smoke,1,0
train,WEB06366.jpg,WEB,6366,3,Both,1,3
train,WEB06367.jpg,WEB,6367,1,Only_Fire,0,4
train,WEB06368.jpg,WEB,6368,1,Only_Fire,0,1
train,WEB06369.jpg,WEB,6369,3,Both,1,1
train,WEB06370.jpg,WEB,6370,2,Only_Smoke,1,0
train,WEB06373.jpg,WEB,6373,2,Only_Smoke,1,0
train,WEB06376.jpg,WEB,6376,3,Both,1,1
train,WEB06377.jpg,WEB,6377,3,Both,1,15
train,WEB06378.jpg,WEB,6378,2,Only_Smoke,1,0
train,WEB06379.jpg,WEB,6379,2,Only_Smoke,1,0
train,WEB06380.jpg,WEB,6380,2,Only_Smoke,2,0
train,WEB06381.jpg,WEB,6381,2,Only_Smoke,1,0
train,WEB06382.jpg,WEB,6382,3,Both,1,1
train,WEB06383.jpg,WEB,6383,3,Both,1,2
train,WEB06384.jpg,WEB,6384,2,Only_Smoke,1,0
train,WEB06385.jpg,WEB,6385,2,Only_Smoke,1,0
train,WEB06386.jpg,WEB,6386,3,Both,1,3
train,WEB06389.jpg,WEB,6389,2,Only_Smoke,1,0
train,WEB06390.jpg,WEB,6390,3,Both,1,4
train,WEB06391.jpg,WEB,6391,3,Both,1,1
train,WEB06392.jpg,WEB,6392,2,Only_Smoke,1,0
train,WEB06393.jpg,WEB,6393,3,Both,1,3
train,WEB06394.jpg,WEB,6394,2,Only_Smoke,1,0
train,WEB06396.jpg,WEB,6396,2,Only_Smoke,1,0
train,WEB06398.jpg,WEB,6398,2,Only_Smoke,1,0
train,WEB06399.jpg,WEB,6399,3,Both,1,5
train,WEB06400.jpg,WEB,6400,2,Only_Smoke,1,0
train,WEB06401.jpg,WEB,6401,3,Both,1,2
train,WEB06402.jpg,WEB,6402,2,Only_Smoke,1,0
train,WEB06403.jpg,WEB,6403,3,Both,2,1
train,WEB06404.jpg,WEB,6404,2,Only_Smoke,1,0
train,WEB06405.jpg,WEB,6405,2,Only_Smoke,1,0
train,WEB06407.jpg,WEB,6407,2,Only_Smoke,1,0
train,WEB06408.jpg,WEB,6408,2,Only_Smoke,1,0
train,WEB06409.jpg,WEB,6409,2,Only_Smoke,1,0
train,WEB06410.jpg,WEB,6410,2,Only_Smoke,1,0
train,WEB06411.jpg,WEB,6411,2,Only_Smoke,1,0
train,WEB06412.jpg,WEB,6412,2,Only_Smoke,1,0
train,WEB06413.jpg,WEB,6413,2,Only_Smoke,1,0
train,WEB06414.jpg,WEB,6414,2,Only_Smoke,1,0
train,WEB06415.jpg,WEB,6415,2,Only_Smoke,1,0
train,WEB06416.jpg,WEB,6416,2,Only_Smoke,1,0
train,WEB06417.jpg,WEB,6417,2,Only_Smoke,3,0
train,WEB06419.jpg,WEB,6419,2,Only_Smoke,1,0
train,WEB06420.jpg,WEB,6420,2,Only_Smoke,1,0
train,WEB06422.jpg,WEB,6422,2,Only_Smoke,1,0
train,WEB06423.jpg,WEB,6423,2,Only_Smoke,1,0
train,WEB06424.jpg,WEB,6424,2,Only_Smoke,1,0
train,WEB06426.jpg,WEB,6426,2,Only_Smoke,1,0
train,WEB06428.jpg,WEB,6428,2,Only_Smoke,1,0
train,WEB06429.jpg,WEB,6429,2,Only_Smoke,1,0
train,WEB06431.jpg,WEB,6431,3,Both,1,1
train,WEB06432.jpg,WEB,6432,2,Only_Smoke,1,0
train,WEB06433.jpg,WEB,6433,2,Only_Smoke,1,0
train,WEB06435.jpg,WEB,6435,3,Both,1,2
train,WEB06436.jpg,WEB,6436,2,Only_Smoke,1,0
train,WEB06437.jpg,WEB,6437,2,Only_Smoke,1,0
train,WEB06438.jpg,WEB,6438,2,Only_Smoke,1,0
train,WEB06439.jpg,WEB,6439,2,Only_Smoke,1,0
train,WEB06440.jpg,WEB,6440,2,Only_Smoke,1,0
train,WEB06441.jpg,WEB,6441,2,Only_Smoke,1,0
train,WEB06442.jpg,WEB,6442,2,Only_Smoke,1,0
train,WEB06443.jpg,WEB,6443,2,Only_Smoke,1,0
train,WEB06446.jpg,WEB,6446,2,Only_Smoke,1,0
train,WEB06447.jpg,WEB,6447,2,Only_Smoke,1,0
train,WEB06448.jpg,WEB,6448,2,Only_Smoke,1,0
train,WEB06449.jpg,WEB,6449,2,Only_Smoke,1,0
train,WEB06450.jpg,WEB,6450,2,Only_Smoke,1,0
train,WEB06452.jpg,WEB,6452,2,Only_Smoke,1,0
train,WEB06453.jpg,WEB,6453,2,Only_Smoke,1,0
train,WEB06454.jpg,WEB,6454,2,Only_Smoke,1,0
train,WEB06455.jpg,WEB,6455,2,Only_Smoke,1,0
train,WEB06456.jpg,WEB,6456,2,Only_Smoke,1,0
train,WEB06457.jpg,WEB,6457,2,Only_Smoke,1,0
train,WEB06458.jpg,WEB,6458,2,Only_Smoke,1,0
train,WEB06459.jpg,WEB,6459,2,Only_Smoke,1,0
train,WEB06460.jpg,WEB,6460,2,Only_Smoke,1,0
train,WEB06461.jpg,WEB,6461,2,Only_Smoke,1,0
train,WEB06462.jpg,WEB,6462,2,Only_Smoke,1,0
train,WEB06463.jpg,WEB,6463,2,Only_Smoke,1,0
train,WEB06464.jpg,WEB,6464,2,Only_Smoke,1,0
train,WEB06465.jpg,WEB,6465,2,Only_Smoke,1,0
train,WEB06466.jpg,WEB,6466,2,Only_Smoke,1,0
train,WEB06468.jpg,WEB,6468,2,Only_Smoke,1,0
train,WEB06469.jpg,WEB,6469,2,Only_Smoke,1,0
train,WEB06470.jpg,WEB,6470,2,Only_Smoke,1,0
train,WEB06471.jpg,WEB,6471,2,Only_Smoke,1,0
train,WEB06472.jpg,WEB,6472,2,Only_Smoke,1,0
train,WEB06473.jpg,WEB,6473,2,Only_Smoke,1,0
train,WEB06474.jpg,WEB,6474,2,Only_Smoke,1,0
train,WEB06476.jpg,WEB,6476,2,Only_Smoke,1,0
train,WEB06477.jpg,WEB,6477,2,Only_Smoke,1,0
train,WEB06478.jpg,WEB,6478,2,Only_Smoke,1,0
train,WEB06479.jpg,WEB,6479,2,Only_Smoke,1,0
train,WEB06480.jpg,WEB,6480,2,Only_Smoke,1,0
train,WEB06481.jpg,WEB,6481,2,Only_Smoke,1,0
train,WEB06482.jpg,WEB,6482,2,Only_Smoke,1,0
train,WEB06484.jpg,WEB,6484,2,Only_Smoke,1,0
train,WEB06485.jpg,WEB,6485,2,Only_Smoke,1,0
train,WEB06487.jpg,WEB,6487,2,Only_Smoke,1,0
train,WEB06488.jpg,WEB,6488,2,Only_Smoke,1,0
train,WEB06489.jpg,WEB,6489,2,Only_Smoke,1,0
train,WEB06490.jpg,WEB,6490,2,Only_Smoke,1,0
train,WEB06491.jpg,WEB,6491,2,Only_Smoke,1,0
train,WEB06492.jpg,WEB,6492,2,Only_Smoke,1,0
train,WEB06493.jpg,WEB,6493,2,Only_Smoke,1,0
train,WEB06494.jpg,WEB,6494,2,Only_Smoke,1,0
train,WEB06495.jpg,WEB,6495,2,Only_Smoke,1,0
train,WEB06499.jpg,WEB,6499,2,Only_Smoke,1,0
train,WEB06500.jpg,WEB,6500,2,Only_Smoke,1,0
train,WEB06501.jpg,WEB,6501,2,Only_Smoke,1,0
train,WEB06502.jpg,WEB,6502,2,Only_Smoke,1,0
train,WEB06503.jpg,WEB,6503,2,Only_Smoke,1,0
train,WEB06504.jpg,WEB,6504,2,Only_Smoke,1,0
train,WEB06506.jpg,WEB,6506,2,Only_Smoke,1,0
train,WEB06507.jpg,WEB,6507,2,Only_Smoke,1,0
train,WEB06508.jpg,WEB,6508,2,Only_Smoke,1,0
train,WEB06509.jpg,WEB,6509,2,Only_Smoke,1,0
train,WEB06510.jpg,WEB,6510,2,Only_Smoke,1,0
train,WEB06511.jpg,WEB,6511,2,Only_Smoke,1,0
train,WEB06512.jpg,WEB,6512,2,Only_Smoke,1,0
train,WEB06513.jpg,WEB,6513,3,Both,1,2
train,WEB06514.jpg,WEB,6514,2,Only_Smoke,1,0
train,WEB06515.jpg,WEB,6515,2,Only_Smoke,1,0
train,WEB06517.jpg,WEB,6517,2,Only_Smoke,1,0
train,WEB06519.jpg,WEB,6519,2,Only_Smoke,1,0
train,WEB06520.jpg,WEB,6520,2,Only_Smoke,1,0
train,WEB06521.jpg,WEB,6521,2,Only_Smoke,1,0
train,WEB06523.jpg,WEB,6523,2,Only_Smoke,1,0
train,WEB06525.jpg,WEB,6525,2,Only_Smoke,1,0
train,WEB06527.jpg,WEB,6527,2,Only_Smoke,1,0
train,WEB06528.jpg,WEB,6528,2,Only_Smoke,1,0
train,WEB06529.jpg,WEB,6529,2,Only_Smoke,1,0
train,WEB06530.jpg,WEB,6530,2,Only_Smoke,1,0
train,WEB06531.jpg,WEB,6531,2,Only_Smoke,1,0
train,WEB06532.jpg,WEB,6532,2,Only_Smoke,1,0
train,WEB06533.jpg,WEB,6533,2,Only_Smoke,1,0
train,WEB06535.jpg,WEB,6535,2,Only_Smoke,1,0
train,WEB06536.jpg,WEB,6536,2,Only_Smoke,1,0
train,WEB06537.jpg,WEB,6537,2,Only_Smoke,1,0
train,WEB06539.jpg,WEB,6539,2,Only_Smoke,1,0
train,WEB06540.jpg,WEB,6540,2,Only_Smoke,1,0
train,WEB06542.jpg,WEB,6542,2,Only_Smoke,1,0
train,WEB06543.jpg,WEB,6543,2,Only_Smoke,1,0
train,WEB06544.jpg,WEB,6544,2,Only_Smoke,1,0
train,WEB06545.jpg,WEB,6545,2,Only_Smoke,1,0
train,WEB06546.jpg,WEB,6546,2,Only_Smoke,1,0
train,WEB06548.jpg,WEB,6548,2,Only_Smoke,1,0
train,WEB06549.jpg,WEB,6549,2,Only_Smoke,1,0
train,WEB06551.jpg,WEB,6551,2,Only_Smoke,1,0
train,WEB06552.jpg,WEB,6552,2,Only_Smoke,1,0
train,WEB06554.jpg,WEB,6554,2,Only_Smoke,1,0
train,WEB06555.jpg,WEB,6555,3,Both,1,1
train,WEB06556.jpg,WEB,6556,3,Both,1,2
train,WEB06557.jpg,WEB,6557,3,Both,1,2
train,WEB06558.jpg,WEB,6558,3,Both,1,1
train,WEB06560.jpg,WEB,6560,1,Only_Fire,0,1
train,WEB06561.jpg,WEB,6561,3,Both,1,1
train,WEB06562.jpg,WEB,6562,3,Both,1,1
train,WEB06563.jpg,WEB,6563,2,Only_Smoke,1,0
train,WEB06564.jpg,WEB,6564,3,Both,1,1
train,WEB06565.jpg,WEB,6565,2,Only_Smoke,1,0
train,WEB06566.jpg,WEB,6566,2,Only_Smoke,1,0
train,WEB06569.jpg,WEB,6569,2,Only_Smoke,1,0
train,WEB06570.jpg,WEB,6570,2,Only_Smoke,1,0
train,WEB06571.jpg,WEB,6571,2,Only_Smoke,1,0
train,WEB06572.jpg,WEB,6572,2,Only_Smoke,1,0
train,WEB06573.jpg,WEB,6573,2,Only_Smoke,1,0
train,WEB06574.jpg,WEB,6574,2,Only_Smoke,1,0
train,WEB06575.jpg,WEB,6575,2,Only_Smoke,1,0
train,WEB06576.jpg,WEB,6576,1,Only_Fire,0,1
train,WEB06577.jpg,WEB,6577,3,Both,1,2
train,WEB06578.jpg,WEB,6578,3,Both,1,2
train,WEB06580.jpg,WEB,6580,2,Only_Smoke,1,0
train,WEB06581.jpg,WEB,6581,2,Only_Smoke,1,0
train,WEB06582.jpg,WEB,6582,2,Only_Smoke,1,0
train,WEB06584.jpg,WEB,6584,3,Both,1,1
train,WEB06585.jpg,WEB,6585,2,Only_Smoke,1,0
train,WEB06586.jpg,WEB,6586,2,Only_Smoke,3,0
train,WEB06588.jpg,WEB,6588,2,Only_Smoke,1,0
train,WEB06589.jpg,WEB,6589,2,Only_Smoke,1,0
train,WEB06590.jpg,WEB,6590,2,Only_Smoke,1,0
train,WEB06591.jpg,WEB,6591,2,Only_Smoke,1,0
train,WEB06594.jpg,WEB,6594,2,Only_Smoke,1,0
train,WEB06595.jpg,WEB,6595,2,Only_Smoke,1,0
train,WEB06596.jpg,WEB,6596,2,Only_Smoke,1,0
train,WEB06597.jpg,WEB,6597,2,Only_Smoke,1,0
train,WEB06598.jpg,WEB,6598,2,Only_Smoke,1,0
train,WEB06600.jpg,WEB,6600,2,Only_Smoke,1,0
train,WEB06601.jpg,WEB,6601,2,Only_Smoke,1,0
train,WEB06603.jpg,WEB,6603,2,Only_Smoke,1,0
train,WEB06605.jpg,WEB,6605,3,Both,1,2
train,WEB06606.jpg,WEB,6606,3,Both,1,1
train,WEB06607.jpg,WEB,6607,2,Only_Smoke,1,0
train,WEB06608.jpg,WEB,6608,2,Only_Smoke,1,0
train,WEB06609.jpg,WEB,6609,2,Only_Smoke,1,0
train,WEB06610.jpg,WEB,6610,2,Only_Smoke,1,0
train,WEB06611.jpg,WEB,6611,3,Both,2,1
train,WEB06612.jpg,WEB,6612,3,Both,2,1
train,WEB06613.jpg,WEB,6613,2,Only_Smoke,1,0
train,WEB06614.jpg,WEB,6614,2,Only_Smoke,1,0
train,WEB06615.jpg,WEB,6615,2,Only_Smoke,1,0
train,WEB06616.jpg,WEB,6616,2,Only_Smoke,1,0
train,WEB06617.jpg,WEB,6617,3,Both,1,5
train,WEB06618.jpg,WEB,6618,3,Both,1,3
train,WEB06619.jpg,WEB,6619,3,Both,1,3
train,WEB06620.jpg,WEB,6620,3,Both,1,5
train,WEB06621.jpg,WEB,6621,3,Both,1,3
train,WEB06623.jpg,WEB,6623,3,Both,1,4
train,WEB06624.jpg,WEB,6624,3,Both,1,4
train,WEB06625.jpg,WEB,6625,2,Only_Smoke,1,0
train,WEB06626.jpg,WEB,6626,2,Only_Smoke,1,0
train,WEB06627.jpg,WEB,6627,2,Only_Smoke,1,0
train,WEB06628.jpg,WEB,6628,2,Only_Smoke,2,0
train,WEB06629.jpg,WEB,6629,2,Only_Smoke,2,0
train,WEB06630.jpg,WEB,6630,2,Only_Smoke,2,0
train,WEB06631.jpg,WEB,6631,2,Only_Smoke,2,0
train,WEB06632.jpg,WEB,6632,2,Only_Smoke,1,0
train,WEB06633.jpg,WEB,6633,2,Only_Smoke,1,0
train,WEB06635.jpg,WEB,6635,2,Only_Smoke,1,0
train,WEB06636.jpg,WEB,6636,2,Only_Smoke,1,0
train,WEB06638.jpg,WEB,6638,2,Only_Smoke,1,0
train,WEB06639.jpg,WEB,6639,2,Only_Smoke,2,0
train,WEB06641.jpg,WEB,6641,2,Only_Smoke,1,0
train,WEB06643.jpg,WEB,6643,2,Only_Smoke,1,0
train,WEB06644.jpg,WEB,6644,2,Only_Smoke,1,0
train,WEB06646.jpg,WEB,6646,2,Only_Smoke,1,0
train,WEB06649.jpg,WEB,6649,2,Only_Smoke,1,0
train,WEB06650.jpg,WEB,6650,2,Only_Smoke,1,0
train,WEB06651.jpg,WEB,6651,2,Only_Smoke,1,0
train,WEB06652.jpg,WEB,6652,2,Only_Smoke,1,0
train,WEB06654.jpg,WEB,6654,2,Only_Smoke,1,0
train,WEB06656.jpg,WEB,6656,2,Only_Smoke,1,0
train,WEB06657.jpg,WEB,6657,2,Only_Smoke,1,0
train,WEB06658.jpg,WEB,6658,2,Only_Smoke,1,0
train,WEB06659.jpg,WEB,6659,2,Only_Smoke,1,0
train,WEB06660.jpg,WEB,6660,2,Only_Smoke,1,0
train,WEB06661.jpg,WEB,6661,2,Only_Smoke,1,0
train,WEB06662.jpg,WEB,6662,2,Only_Smoke,1,0
train,WEB06663.jpg,WEB,6663,2,Only_Smoke,1,0
train,WEB06664.jpg,WEB,6664,2,Only_Smoke,1,0
train,WEB06665.jpg,WEB,6665,2,Only_Smoke,1,0
train,WEB06666.jpg,WEB,6666,2,Only_Smoke,1,0
train,WEB06668.jpg,WEB,6668,2,Only_Smoke,1,0
train,WEB06669.jpg,WEB,6669,2,Only_Smoke,1,0
train,WEB06670.jpg,WEB,6670,2,Only_Smoke,2,0
train,WEB06671.jpg,WEB,6671,2,Only_Smoke,1,0
train,WEB06672.jpg,WEB,6672,2,Only_Smoke,1,0
train,WEB06673.jpg,WEB,6673,2,Only_Smoke,1,0
train,WEB06674.jpg,WEB,6674,2,Only_Smoke,1,0
train,WEB06676.jpg,WEB,6676,2,Only_Smoke,2,0
train,WEB06677.jpg,WEB,6677,2,Only_Smoke,2,0
train,WEB06678.jpg,WEB,6678,2,Only_Smoke,2,0
train,WEB06679.jpg,WEB,6679,2,Only_Smoke,2,0
train,WEB06681.jpg,WEB,6681,2,Only_Smoke,2,0
train,WEB06682.jpg,WEB,6682,2,Only_Smoke,2,0
train,WEB06683.jpg,WEB,6683,2,Only_Smoke,1,0
train,WEB06684.jpg,WEB,6684,2,Only_Smoke,1,0
train,WEB06685.jpg,WEB,6685,2,Only_Smoke,2,0
train,WEB06687.jpg,WEB,6687,3,Both,1,3
train,WEB06688.jpg,WEB,6688,2,Only_Smoke,1,0
train,WEB06689.jpg,WEB,6689,3,Both,1,2
train,WEB06690.jpg,WEB,6690,3,Both,1,1
train,WEB06694.jpg,WEB,6694,2,Only_Smoke,1,0
train,WEB06695.jpg,WEB,6695,2,Only_Smoke,2,0
train,WEB06696.jpg,WEB,6696,2,Only_Smoke,1,0
train,WEB06697.jpg,WEB,6697,2,Only_Smoke,1,0
train,WEB06698.jpg,WEB,6698,2,Only_Smoke,2,0
train,WEB06699.jpg,WEB,6699,2,Only_Smoke,1,0
train,WEB06700.jpg,WEB,6700,2,Only_Smoke,1,0
train,WEB06701.jpg,WEB,6701,2,Only_Smoke,1,0
train,WEB06704.jpg,WEB,6704,2,Only_Smoke,1,0
train,WEB06705.jpg,WEB,6705,2,Only_Smoke,1,0
train,WEB06706.jpg,WEB,6706,2,Only_Smoke,2,0
train,WEB06707.jpg,WEB,6707,2,Only_Smoke,1,0
train,WEB06708.jpg,WEB,6708,2,Only_Smoke,2,0
train,WEB06709.jpg,WEB,6709,3,Both,1,1
train,WEB06710.jpg,WEB,6710,2,Only_Smoke,2,0
train,WEB06713.jpg,WEB,6713,3,Both,1,4
train,WEB06714.jpg,WEB,6714,2,Only_Smoke,2,0
train,WEB06715.jpg,WEB,6715,2,Only_Smoke,1,0
train,WEB06718.jpg,WEB,6718,2,Only_Smoke,5,0
train,WEB06719.jpg,WEB,6719,2,Only_Smoke,1,0
train,WEB06720.jpg,WEB,6720,2,Only_Smoke,1,0
train,WEB06721.jpg,WEB,6721,3,Both,1,2
train,WEB06722.jpg,WEB,6722,2,Only_Smoke,1,0
train,WEB06723.jpg,WEB,6723,2,Only_Smoke,1,0
train,WEB06725.jpg,WEB,6725,3,Both,1,2
train,WEB06726.jpg,WEB,6726,2,Only_Smoke,2,0
train,WEB06728.jpg,WEB,6728,2,Only_Smoke,1,0
train,WEB06731.jpg,WEB,6731,3,Both,1,2
train,WEB06732.jpg,WEB,6732,2,Only_Smoke,1,0
train,WEB06733.jpg,WEB,6733,3,Both,1,2
train,WEB06734.jpg,WEB,6734,2,Only_Smoke,1,0
train,WEB06738.jpg,WEB,6738,3,Both,2,3
train,WEB06739.jpg,WEB,6739,3,Both,2,6
train,WEB06741.jpg,WEB,6741,2,Only_Smoke,1,0
train,WEB06743.jpg,WEB,6743,3,Both,4,3
train,WEB06744.jpg,WEB,6744,3,Both,2,4
train,WEB06745.jpg,WEB,6745,3,Both,2,6
train,WEB06746.jpg,WEB,6746,3,Both,3,6
train,WEB06747.jpg,WEB,6747,3,Both,2,3
train,WEB06748.jpg,WEB,6748,2,Only_Smoke,3,0
train,WEB06750.jpg,WEB,6750,3,Both,3,2
train,WEB06753.jpg,WEB,6753,3,Both,2,1
train,WEB06754.jpg,WEB,6754,3,Both,2,2
train,WEB06755.jpg,WEB,6755,2,Only_Smoke,2,0
train,WEB06756.jpg,WEB,6756,2,Only_Smoke,2,0
train,WEB06757.jpg,WEB,6757,3,Both,1,2
train,WEB06758.jpg,WEB,6758,2,Only_Smoke,3,0
train,WEB06759.jpg,WEB,6759,3,Both,1,2
train,WEB06760.jpg,WEB,6760,3,Both,1,2
train,WEB06761.jpg,WEB,6761,3,Both,1,2
train,WEB06762.jpg,WEB,6762,3,Both,1,2
train,WEB06763.jpg,WEB,6763,3,Both,1,3
train,WEB06764.jpg,WEB,6764,2,Only_Smoke,2,0
train,WEB06766.jpg,WEB,6766,3,Both,1,1
train,WEB06767.jpg,WEB,6767,3,Both,1,3
train,WEB06768.jpg,WEB,6768,3,Both,1,3
train,WEB06769.jpg,WEB,6769,2,Only_Smoke,3,0
train,WEB06770.jpg,WEB,6770,3,Both,1,5
train,WEB06771.jpg,WEB,6771,3,Both,1,2
train,WEB06772.jpg,WEB,6772,3,Both,1,1
train,WEB06774.jpg,WEB,6774,3,Both,1,3
train,WEB06776.jpg,WEB,6776,3,Both,1,4
train,WEB06778.jpg,WEB,6778,3,Both,1,1
train,WEB06779.jpg,WEB,6779,2,Only_Smoke,3,0
train,WEB06780.jpg,WEB,6780,3,Both,1,1
train,WEB06781.jpg,WEB,6781,2,Only_Smoke,1,0
train,WEB06783.jpg,WEB,6783,2,Only_Smoke,1,0
train,WEB06784.jpg,WEB,6784,2,Only_Smoke,1,0
train,WEB06786.jpg,WEB,6786,2,Only_Smoke,1,0
train,WEB06787.jpg,WEB,6787,2,Only_Smoke,1,0
train,WEB06788.jpg,WEB,6788,2,Only_Smoke,3,0
train,WEB06789.jpg,WEB,6789,3,Both,1,3
train,WEB06790.jpg,WEB,6790,3,Both,1,1
train,WEB06791.jpg,WEB,6791,3,Both,1,5
train,WEB06793.jpg,WEB,6793,3,Both,1,4
train,WEB06794.jpg,WEB,6794,2,Only_Smoke,1,0
train,WEB06795.jpg,WEB,6795,2,Only_Smoke,3,0
train,WEB06797.jpg,WEB,6797,3,Both,1,1
train,WEB06798.jpg,WEB,6798,3,Both,1,2
train,WEB06799.jpg,WEB,6799,3,Both,1,2
train,WEB06800.jpg,WEB,6800,3,Both,1,1
train,WEB06801.jpg,WEB,6801,3,Both,1,3
train,WEB06803.jpg,WEB,6803,2,Only_Smoke,1,0
train,WEB06806.jpg,WEB,6806,3,Both,1,2
train,WEB06808.jpg,WEB,6808,2,Only_Smoke,1,0
train,WEB06809.jpg,WEB,6809,2,Only_Smoke,1,0
train,WEB06810.jpg,WEB,6810,2,Only_Smoke,1,0
train,WEB06812.jpg,WEB,6812,2,Only_Smoke,1,0
train,WEB06813.jpg,WEB,6813,2,Only_Smoke,1,0
train,WEB06814.jpg,WEB,6814,2,Only_Smoke,3,0
train,WEB06815.jpg,WEB,6815,3,Both,1,3
train,WEB06816.jpg,WEB,6816,2,Only_Smoke,1,0
train,WEB06817.jpg,WEB,6817,2,Only_Smoke,1,0
train,WEB06818.jpg,WEB,6818,2,Only_Smoke,1,0
train,WEB06819.jpg,WEB,6819,2,Only_Smoke,1,0
train,WEB06820.jpg,WEB,6820,2,Only_Smoke,1,0
train,WEB06822.jpg,WEB,6822,2,Only_Smoke,1,0
train,WEB06823.jpg,WEB,6823,2,Only_Smoke,1,0
train,WEB06824.jpg,WEB,6824,2,Only_Smoke,3,0
train,WEB06825.jpg,WEB,6825,2,Only_Smoke,1,0
train,WEB06826.jpg,WEB,6826,3,Both,3,2
train,WEB06827.jpg,WEB,6827,3,Both,1,1
train,WEB06828.jpg,WEB,6828,3,Both,1,3
train,WEB06829.jpg,WEB,6829,2,Only_Smoke,1,0
train,WEB06830.jpg,WEB,6830,3,Both,1,1
train,WEB06831.jpg,WEB,6831,2,Only_Smoke,2,0
train,WEB06833.jpg,WEB,6833,2,Only_Smoke,3,0
train,WEB06834.jpg,WEB,6834,2,Only_Smoke,1,0
train,WEB06835.jpg,WEB,6835,2,Only_Smoke,1,0
train,WEB06836.jpg,WEB,6836,2,Only_Smoke,1,0
train,WEB06837.jpg,WEB,6837,3,Both,1,2
train,WEB06838.jpg,WEB,6838,3,Both,1,2
train,WEB06839.jpg,WEB,6839,3,Both,1,1
train,WEB06840.jpg,WEB,6840,3,Both,1,2
train,WEB06841.jpg,WEB,6841,2,Only_Smoke,3,0
train,WEB06842.jpg,WEB,6842,3,Both,1,4
train,WEB06843.jpg,WEB,6843,3,Both,1,1
train,WEB06844.jpg,WEB,6844,3,Both,1,1
train,WEB06845.jpg,WEB,6845,3,Both,2,2
train,WEB06846.jpg,WEB,6846,1,Only_Fire,0,1
train,WEB06848.jpg,WEB,6848,3,Both,1,1
train,WEB06849.jpg,WEB,6849,3,Both,1,3
train,WEB06850.jpg,WEB,6850,3,Both,1,3
train,WEB06852.jpg,WEB,6852,3,Both,1,3
train,WEB06853.jpg,WEB,6853,3,Both,1,2
train,WEB06854.jpg,WEB,6854,3,Both,1,2
train,WEB06856.jpg,WEB,6856,2,Only_Smoke,2,0
train,WEB06857.jpg,WEB,6857,3,Both,2,1
train,WEB06858.jpg,WEB,6858,3,Both,2,2
train,WEB06859.jpg,WEB,6859,3,Both,2,3
train,WEB06861.jpg,WEB,6861,3,Both,1,1
train,WEB06862.jpg,WEB,6862,3,Both,1,1
train,WEB06863.jpg,WEB,6863,3,Both,1,1
train,WEB06864.jpg,WEB,6864,3,Both,1,1
train,WEB06865.jpg,WEB,6865,3,Both,1,1
train,WEB06866.jpg,WEB,6866,3,Both,1,1
train,WEB06867.jpg,WEB,6867,3,Both,1,2
train,WEB06868.jpg,WEB,6868,3,Both,1,1
train,WEB06869.jpg,WEB,6869,3,Both,1,1
train,WEB06870.jpg,WEB,6870,2,Only_Smoke,3,0
train,WEB06871.jpg,WEB,6871,3,Both,1,1
train,WEB06872.jpg,WEB,6872,3,Both,1,3
train,WEB06875.jpg,WEB,6875,1,Only_Fire,0,1
train,WEB06877.jpg,WEB,6877,3,Both,1,1
train,WEB06878.jpg,WEB,6878,3,Both,1,3
train,WEB06879.jpg,WEB,6879,2,Only_Smoke,3,0
train,WEB06880.jpg,WEB,6880,2,Only_Smoke,1,0
train,WEB06882.jpg,WEB,6882,2,Only_Smoke,1,0
train,WEB06883.jpg,WEB,6883,2,Only_Smoke,1,0
train,WEB06884.jpg,WEB,6884,2,Only_Smoke,1,0
train,WEB06885.jpg,WEB,6885,2,Only_Smoke,3,0
train,WEB06886.jpg,WEB,6886,2,Only_Smoke,3,0
train,WEB06888.jpg,WEB,6888,2,Only_Smoke,3,0
train,WEB06889.jpg,WEB,6889,3,Both,1,1
train,WEB06890.jpg,WEB,6890,3,Both,2,1
train,WEB06891.jpg,WEB,6891,2,Only_Smoke,1,0
train,WEB06894.jpg,WEB,6894,2,Only_Smoke,3,0
train,WEB06895.jpg,WEB,6895,3,Both,1,4
train,WEB06896.jpg,WEB,6896,3,Both,1,6
train,WEB06897.jpg,WEB,6897,2,Only_Smoke,1,0
train,WEB06898.jpg,WEB,6898,3,Both,1,4
train,WEB06899.jpg,WEB,6899,2,Only_Smoke,3,0
train,WEB06900.jpg,WEB,6900,3,Both,1,10
train,WEB06901.jpg,WEB,6901,3,Both,1,8
train,WEB06902.jpg,WEB,6902,3,Both,1,10
train,WEB06903.jpg,WEB,6903,3,Both,1,5
train,WEB06904.jpg,WEB,6904,3,Both,1,6
train,WEB06905.jpg,WEB,6905,3,Both,1,6
train,WEB06906.jpg,WEB,6906,3,Both,1,8
train,WEB06908.jpg,WEB,6908,3,Both,1,5
train,WEB06909.jpg,WEB,6909,2,Only_Smoke,3,0
train,WEB06910.jpg,WEB,6910,3,Both,1,8
train,WEB06911.jpg,WEB,6911,3,Both,1,9
train,WEB06912.jpg,WEB,6912,3,Both,1,8
train,WEB06913.jpg,WEB,6913,3,Both,1,11
train,WEB06914.jpg,WEB,6914,3,Both,1,8
train,WEB06915.jpg,WEB,6915,2,Only_Smoke,1,0
train,WEB06916.jpg,WEB,6916,2,Only_Smoke,3,0
train,WEB06917.jpg,WEB,6917,3,Both,1,11
train,WEB06919.jpg,WEB,6919,3,Both,1,1
train,WEB06920.jpg,WEB,6920,2,Only_Smoke,1,0
train,WEB06921.jpg,WEB,6921,2,Only_Smoke,1,0
train,WEB06923.jpg,WEB,6923,2,Only_Smoke,1,0
train,WEB06924.jpg,WEB,6924,2,Only_Smoke,1,0
train,WEB06925.jpg,WEB,6925,2,Only_Smoke,1,0
train,WEB06926.jpg,WEB,6926,2,Only_Smoke,3,0
train,WEB06927.jpg,WEB,6927,2,Only_Smoke,1,0
train,WEB06928.jpg,WEB,6928,2,Only_Smoke,1,0
train,WEB06929.jpg,WEB,6929,2,Only_Smoke,1,0
train,WEB06930.jpg,WEB,6930,2,Only_Smoke,1,0
train,WEB06931.jpg,WEB,6931,2,Only_Smoke,1,0
train,WEB06932.jpg,WEB,6932,2,Only_Smoke,1,0
train,WEB06933.jpg,WEB,6933,2,Only_Smoke,1,0
train,WEB06934.jpg,WEB,6934,2,Only_Smoke,3,0
train,WEB06935.jpg,WEB,6935,2,Only_Smoke,1,0
train,WEB06936.jpg,WEB,6936,2,Only_Smoke,1,0
train,WEB06937.jpg,WEB,6937,2,Only_Smoke,1,0
train,WEB06938.jpg,WEB,6938,2,Only_Smoke,1,0
train,WEB06939.jpg,WEB,6939,2,Only_Smoke,1,0
train,WEB06940.jpg,WEB,6940,2,Only_Smoke,1,0
train,WEB06942.jpg,WEB,6942,2,Only_Smoke,1,0
train,WEB06944.jpg,WEB,6944,2,Only_Smoke,1,0
train,WEB06945.jpg,WEB,6945,3,Both,1,4
train,WEB06947.jpg,WEB,6947,3,Both,1,4
train,WEB06948.jpg,WEB,6948,3,Both,1,7
train,WEB06949.jpg,WEB,6949,3,Both,1,1
train,WEB06950.jpg,WEB,6950,3,Both,1,1
train,WEB06951.jpg,WEB,6951,3,Both,1,3
train,WEB06952.jpg,WEB,6952,2,Only_Smoke,3,0
train,WEB06953.jpg,WEB,6953,3,Both,1,3
train,WEB06954.jpg,WEB,6954,3,Both,1,2
train,WEB06955.jpg,WEB,6955,2,Only_Smoke,1,0
train,WEB06956.jpg,WEB,6956,1,Only_Fire,0,5
train,WEB06957.jpg,WEB,6957,1,Only_Fire,0,5
train,WEB06958.jpg,WEB,6958,3,Both,1,1
train,WEB06959.jpg,WEB,6959,3,Both,1,1
train,WEB06960.jpg,WEB,6960,3,Both,1,1
train,WEB06961.jpg,WEB,6961,3,Both,1,2
train,WEB06962.jpg,WEB,6962,3,Both,1,3
train,WEB06964.jpg,WEB,6964,3,Both,1,1
train,WEB06965.jpg,WEB,6965,3,Both,1,2
train,WEB06967.jpg,WEB,6967,3,Both,1,3
train,WEB06968.jpg,WEB,6968,3,Both,1,4
train,WEB06969.jpg,WEB,6969,3,Both,1,6
train,WEB06970.jpg,WEB,6970,3,Both,1,7
train,WEB06971.jpg,WEB,6971,3,Both,1,6
train,WEB06972.jpg,WEB,6972,3,Both,1,6
train,WEB06973.jpg,WEB,6973,3,Both,1,6
train,WEB06974.jpg,WEB,6974,3,Both,1,3
train,WEB06976.jpg,WEB,6976,3,Both,1,5
train,WEB06977.jpg,WEB,6977,3,Both,1,6
train,WEB06978.jpg,WEB,6978,3,Both,1,7
train,WEB06979.jpg,WEB,6979,3,Both,1,2
train,WEB06980.jpg,WEB,6980,3,Both,1,2
train,WEB06981.jpg,WEB,6981,3,Both,2,2
train,WEB06982.jpg,WEB,6982,3,Both,2,1
train,WEB06983.jpg,WEB,6983,3,Both,1,4
train,WEB06984.jpg,WEB,6984,3,Both,1,6
train,WEB06985.jpg,WEB,6985,2,Only_Smoke,1,0
train,WEB06987.jpg,WEB,6987,2,Only_Smoke,2,0
train,WEB06988.jpg,WEB,6988,2,Only_Smoke,3,0
train,WEB06989.jpg,WEB,6989,2,Only_Smoke,3,0
train,WEB06990.jpg,WEB,6990,2,Only_Smoke,1,0
train,WEB06991.jpg,WEB,6991,2,Only_Smoke,1,0
train,WEB06992.jpg,WEB,6992,2,Only_Smoke,1,0
train,WEB06993.jpg,WEB,6993,2,Only_Smoke,1,0
train,WEB06994.jpg,WEB,6994,3,Both,1,1
train,WEB06995.jpg,WEB,6995,2,Only_Smoke,2,0
train,WEB06996.jpg,WEB,6996,2,Only_Smoke,2,0
train,WEB06998.jpg,WEB,6998,2,Only_Smoke,2,0
train,WEB06999.jpg,WEB,6999,2,Only_Smoke,1,0
train,WEB07000.jpg,WEB,7000,2,Only_Smoke,1,0
train,WEB07001.jpg,WEB,7001,3,Both,1,2
train,WEB07002.jpg,WEB,7002,2,Only_Smoke,1,0
train,WEB07004.jpg,WEB,7004,3,Both,1,4
train,WEB07005.jpg,WEB,7005,3,Both,1,3
train,WEB07006.jpg,WEB,7006,3,Both,1,4
train,WEB07007.jpg,WEB,7007,3,Both,1,6
train,WEB07008.jpg,WEB,7008,3,Both,1,8
train,WEB07009.jpg,WEB,7009,3,Both,1,1
train,WEB07011.jpg,WEB,7011,3,Both,1,4
train,WEB07012.jpg,WEB,7012,3,Both,1,4
train,WEB07013.jpg,WEB,7013,3,Both,2,2
train,WEB07014.jpg,WEB,7014,3,Both,1,5
train,WEB07015.jpg,WEB,7015,3,Both,1,5
train,WEB07016.jpg,WEB,7016,2,Only_Smoke,1,0
train,WEB07017.jpg,WEB,7017,2,Only_Smoke,4,0
train,WEB07019.jpg,WEB,7019,2,Only_Smoke,1,0
train,WEB07020.jpg,WEB,7020,2,Only_Smoke,1,0
train,WEB07021.jpg,WEB,7021,2,Only_Smoke,1,0
train,WEB07022.jpg,WEB,7022,2,Only_Smoke,1,0
train,WEB07023.jpg,WEB,7023,2,Only_Smoke,1,0
train,WEB07024.jpg,WEB,7024,2,Only_Smoke,1,0
train,WEB07025.jpg,WEB,7025,2,Only_Smoke,4,0
train,WEB07029.jpg,WEB,7029,2,Only_Smoke,1,0
train,WEB07030.jpg,WEB,7030,2,Only_Smoke,1,0
train,WEB07032.jpg,WEB,7032,2,Only_Smoke,2,0
train,WEB07033.jpg,WEB,7033,2,Only_Smoke,4,0
train,WEB07034.jpg,WEB,7034,3,Both,1,1
train,WEB07035.jpg,WEB,7035,3,Both,1,1
train,WEB07036.jpg,WEB,7036,2,Only_Smoke,1,0
train,WEB07037.jpg,WEB,7037,2,Only_Smoke,1,0
train,WEB07039.jpg,WEB,7039,2,Only_Smoke,1,0
train,WEB07040.jpg,WEB,7040,2,Only_Smoke,1,0
train,WEB07041.jpg,WEB,7041,2,Only_Smoke,4,0
train,WEB07042.jpg,WEB,7042,2,Only_Smoke,1,0
train,WEB07045.jpg,WEB,7045,2,Only_Smoke,1,0
train,WEB07046.jpg,WEB,7046,2,Only_Smoke,1,0
train,WEB07047.jpg,WEB,7047,2,Only_Smoke,1,0
train,WEB07048.jpg,WEB,7048,3,Both,2,4
train,WEB07049.jpg,WEB,7049,2,Only_Smoke,1,0
train,WEB07050.jpg,WEB,7050,3,Both,2,3
train,WEB07051.jpg,WEB,7051,3,Both,1,2
train,WEB07052.jpg,WEB,7052,3,Both,1,3
train,WEB07053.jpg,WEB,7053,3,Both,1,2
train,WEB07055.jpg,WEB,7055,2,Only_Smoke,1,0
train,WEB07058.jpg,WEB,7058,3,Both,2,3
train,WEB07059.jpg,WEB,7059,2,Only_Smoke,1,0
train,WEB07060.jpg,WEB,7060,3,Both,1,2
train,WEB07061.jpg,WEB,7061,3,Both,1,1
train,WEB07062.jpg,WEB,7062,3,Both,1,1
train,WEB07063.jpg,WEB,7063,3,Both,1,1
train,WEB07064.jpg,WEB,7064,3,Both,1,1
train,WEB07065.jpg,WEB,7065,3,Both,1,1
train,WEB07066.jpg,WEB,7066,2,Only_Smoke,4,0
train,WEB07067.jpg,WEB,7067,3,Both,1,3
train,WEB07069.jpg,WEB,7069,2,Only_Smoke,1,0
train,WEB07071.jpg,WEB,7071,2,Only_Smoke,1,0
train,WEB07072.jpg,WEB,7072,3,Both,1,1
train,WEB07073.jpg,WEB,7073,3,Both,1,1
train,WEB07074.jpg,WEB,7074,3,Both,1,1
train,WEB07075.jpg,WEB,7075,3,Both,1,1
train,WEB07076.jpg,WEB,7076,3,Both,1,1
train,WEB07078.jpg,WEB,7078,3,Both,1,1
train,WEB07079.jpg,WEB,7079,3,Both,1,1
train,WEB07080.jpg,WEB,7080,2,Only_Smoke,1,0
train,WEB07081.jpg,WEB,7081,2,Only_Smoke,1,0
train,WEB07082.jpg,WEB,7082,2,Only_Smoke,4,0
train,WEB07083.jpg,WEB,7083,3,Both,1,1
train,WEB07084.jpg,WEB,7084,2,Only_Smoke,1,0
train,WEB07086.jpg,WEB,7086,3,Both,1,1
train,WEB07087.jpg,WEB,7087,2,Only_Smoke,1,0
train,WEB07088.jpg,WEB,7088,2,Only_Smoke,4,0
train,WEB07089.jpg,WEB,7089,2,Only_Smoke,1,0
train,WEB07090.jpg,WEB,7090,3,Both,1,2
train,WEB07091.jpg,WEB,7091,2,Only_Smoke,1,0
train,WEB07092.jpg,WEB,7092,2,Only_Smoke,1,0
train,WEB07093.jpg,WEB,7093,2,Only_Smoke,1,0
train,WEB07094.jpg,WEB,7094,2,Only_Smoke,1,0
train,WEB07095.jpg,WEB,7095,2,Only_Smoke,1,0
train,WEB07096.jpg,WEB,7096,2,Only_Smoke,1,0
train,WEB07097.jpg,WEB,7097,2,Only_Smoke,4,0
train,WEB07098.jpg,WEB,7098,2,Only_Smoke,1,0
train,WEB07099.jpg,WEB,7099,2,Only_Smoke,1,0
train,WEB07100.jpg,WEB,7100,3,Both,1,2
train,WEB07101.jpg,WEB,7101,3,Both,1,1
train,WEB07103.jpg,WEB,7103,2,Only_Smoke,1,0
train,WEB07105.jpg,WEB,7105,2,Only_Smoke,4,0
train,WEB07106.jpg,WEB,7106,3,Both,1,2
train,WEB07107.jpg,WEB,7107,3,Both,1,2
train,WEB07108.jpg,WEB,7108,3,Both,1,1
train,WEB07109.jpg,WEB,7109,3,Both,1,1
train,WEB07110.jpg,WEB,7110,2,Only_Smoke,1,0
train,WEB07111.jpg,WEB,7111,2,Only_Smoke,1,0
train,WEB07113.jpg,WEB,7113,2,Only_Smoke,1,0
train,WEB07116.jpg,WEB,7116,2,Only_Smoke,1,0
train,WEB07117.jpg,WEB,7117,2,Only_Smoke,1,0
train,WEB07120.jpg,WEB,7120,2,Only_Smoke,1,0
train,WEB07122.jpg,WEB,7122,3,Both,1,2
train,WEB07123.jpg,WEB,7123,1,Only_Fire,0,2
train,WEB07124.jpg,WEB,7124,3,Both,1,1
train,WEB07125.jpg,WEB,7125,2,Only_Smoke,1,0
train,WEB07127.jpg,WEB,7127,3,Both,1,3
train,WEB07128.jpg,WEB,7128,2,Only_Smoke,1,0
train,WEB07129.jpg,WEB,7129,3,Both,1,1
train,WEB07130.jpg,WEB,7130,3,Both,1,1
train,WEB07132.jpg,WEB,7132,2,Only_Smoke,1,0
train,WEB07133.jpg,WEB,7133,3,Both,1,8
train,WEB07134.jpg,WEB,7134,3,Both,1,5
train,WEB07135.jpg,WEB,7135,2,Only_Smoke,4,0
train,WEB07137.jpg,WEB,7137,3,Both,1,6
train,WEB07139.jpg,WEB,7139,3,Both,1,5
train,WEB07141.jpg,WEB,7141,3,Both,1,3
train,WEB07143.jpg,WEB,7143,2,Only_Smoke,4,0
train,WEB07145.jpg,WEB,7145,3,Both,1,1
train,WEB07146.jpg,WEB,7146,3,Both,1,1
train,WEB07147.jpg,WEB,7147,3,Both,1,4
train,WEB07148.jpg,WEB,7148,2,Only_Smoke,1,0
train,WEB07149.jpg,WEB,7149,3,Both,1,4
train,WEB07150.jpg,WEB,7150,3,Both,1,8
train,WEB07151.jpg,WEB,7151,2,Only_Smoke,1,0
train,WEB07152.jpg,WEB,7152,2,Only_Smoke,1,0
train,WEB07155.jpg,WEB,7155,2,Only_Smoke,2,0
train,WEB07156.jpg,WEB,7156,3,Both,2,2
train,WEB07157.jpg,WEB,7157,3,Both,1,6
train,WEB07158.jpg,WEB,7158,2,Only_Smoke,1,0
train,WEB07159.jpg,WEB,7159,2,Only_Smoke,1,0
train,WEB07161.jpg,WEB,7161,3,Both,1,4
train,WEB07162.jpg,WEB,7162,2,Only_Smoke,4,0
train,WEB07165.jpg,WEB,7165,2,Only_Smoke,1,0
train,WEB07166.jpg,WEB,7166,2,Only_Smoke,1,0
train,WEB07167.jpg,WEB,7167,3,Both,2,1
train,WEB07168.jpg,WEB,7168,3,Both,1,1
train,WEB07169.jpg,WEB,7169,2,Only_Smoke,1,0
train,WEB07170.jpg,WEB,7170,3,Both,1,1
train,WEB07172.jpg,WEB,7172,3,Both,1,4
train,WEB07174.jpg,WEB,7174,3,Both,1,2
train,WEB07175.jpg,WEB,7175,3,Both,2,2
train,WEB07176.jpg,WEB,7176,3,Both,1,2
train,WEB07177.jpg,WEB,7177,3,Both,1,8
train,WEB07179.jpg,WEB,7179,3,Both,1,1
train,WEB07180.jpg,WEB,7180,2,Only_Smoke,1,0
train,WEB07181.jpg,WEB,7181,2,Only_Smoke,1,0
train,WEB07182.jpg,WEB,7182,2,Only_Smoke,1,0
train,WEB07183.jpg,WEB,7183,2,Only_Smoke,1,0
train,WEB07184.jpg,WEB,7184,2,Only_Smoke,1,0
train,WEB07186.jpg,WEB,7186,2,Only_Smoke,1,0
train,WEB07187.jpg,WEB,7187,2,Only_Smoke,2,0
train,WEB07189.jpg,WEB,7189,3,Both,1,1
train,WEB07191.jpg,WEB,7191,2,Only_Smoke,1,0
train,WEB07192.jpg,WEB,7192,2,Only_Smoke,1,0
train,WEB07193.jpg,WEB,7193,2,Only_Smoke,1,0
train,WEB07194.jpg,WEB,7194,2,Only_Smoke,1,0
train,WEB07195.jpg,WEB,7195,2,Only_Smoke,1,0
train,WEB07196.jpg,WEB,7196,2,Only_Smoke,1,0
train,WEB07197.jpg,WEB,7197,2,Only_Smoke,1,0
train,WEB07198.jpg,WEB,7198,3,Both,1,2
train,WEB07199.jpg,WEB,7199,3,Both,1,1
train,WEB07200.jpg,WEB,7200,2,Only_Smoke,1,0
train,WEB07201.jpg,WEB,7201,2,Only_Smoke,1,0
train,WEB07203.jpg,WEB,7203,2,Only_Smoke,1,0
train,WEB07204.jpg,WEB,7204,2,Only_Smoke,1,0
train,WEB07205.jpg,WEB,7205,2,Only_Smoke,1,0
train,WEB07207.jpg,WEB,7207,2,Only_Smoke,1,0
train,WEB07208.jpg,WEB,7208,2,Only_Smoke,1,0
train,WEB07209.jpg,WEB,7209,2,Only_Smoke,1,0
train,WEB07210.jpg,WEB,7210,2,Only_Smoke,1,0
train,WEB07211.jpg,WEB,7211,2,Only_Smoke,1,0
train,WEB07212.jpg,WEB,7212,2,Only_Smoke,1,0
train,WEB07213.jpg,WEB,7213,2,Only_Smoke,1,0
train,WEB07214.jpg,WEB,7214,2,Only_Smoke,1,0
train,WEB07215.jpg,WEB,7215,2,Only_Smoke,1,0
train,WEB07216.jpg,WEB,7216,2,Only_Smoke,1,0
train,WEB07221.jpg,WEB,7221,2,Only_Smoke,1,0
train,WEB07222.jpg,WEB,7222,2,Only_Smoke,1,0
train,WEB07223.jpg,WEB,7223,2,Only_Smoke,1,0
train,WEB07224.jpg,WEB,7224,2,Only_Smoke,1,0
train,WEB07225.jpg,WEB,7225,2,Only_Smoke,1,0
train,WEB07226.jpg,WEB,7226,3,Both,1,2
train,WEB07228.jpg,WEB,7228,2,Only_Smoke,1,0
train,WEB07230.jpg,WEB,7230,3,Both,1,2
train,WEB07231.jpg,WEB,7231,3,Both,1,1
train,WEB07232.jpg,WEB,7232,2,Only_Smoke,1,0
train,WEB07233.jpg,WEB,7233,2,Only_Smoke,1,0
train,WEB07235.jpg,WEB,7235,2,Only_Smoke,2,0
train,WEB07236.jpg,WEB,7236,3,Both,1,1
train,WEB07238.jpg,WEB,7238,3,Both,1,1
train,WEB07239.jpg,WEB,7239,2,Only_Smoke,1,0
train,WEB07240.jpg,WEB,7240,3,Both,1,2
train,WEB07241.jpg,WEB,7241,3,Both,1,2
train,WEB07242.jpg,WEB,7242,2,Only_Smoke,1,0
train,WEB07243.jpg,WEB,7243,2,Only_Smoke,1,0
train,WEB07244.jpg,WEB,7244,3,Both,1,1
train,WEB07245.jpg,WEB,7245,3,Both,1,1
train,WEB07246.jpg,WEB,7246,3,Both,1,10
train,WEB07247.jpg,WEB,7247,3,Both,1,1
train,WEB07250.jpg,WEB,7250,3,Both,1,2
train,WEB07251.jpg,WEB,7251,3,Both,1,2
train,WEB07252.jpg,WEB,7252,2,Only_Smoke,1,0
train,WEB07253.jpg,WEB,7253,2,Only_Smoke,1,0
train,WEB07254.jpg,WEB,7254,3,Both,2,2
train,WEB07255.jpg,WEB,7255,2,Only_Smoke,1,0
train,WEB07256.jpg,WEB,7256,2,Only_Smoke,1,0
train,WEB07257.jpg,WEB,7257,3,Both,2,10
train,WEB07258.jpg,WEB,7258,2,Only_Smoke,1,0
train,WEB07259.jpg,WEB,7259,2,Only_Smoke,1,0
train,WEB07260.jpg,WEB,7260,2,Only_Smoke,1,0
train,WEB07261.jpg,WEB,7261,2,Only_Smoke,3,0
train,WEB07262.jpg,WEB,7262,3,Both,1,1
train,WEB07263.jpg,WEB,7263,2,Only_Smoke,1,0
train,WEB07265.jpg,WEB,7265,2,Only_Smoke,1,0
train,WEB07266.jpg,WEB,7266,2,Only_Smoke,1,0
train,WEB07267.jpg,WEB,7267,3,Both,1,1
train,WEB07269.jpg,WEB,7269,2,Only_Smoke,1,0
train,WEB07270.jpg,WEB,7270,2,Only_Smoke,1,0
train,WEB07271.jpg,WEB,7271,2,Only_Smoke,1,0
train,WEB07272.jpg,WEB,7272,2,Only_Smoke,1,0
train,WEB07273.jpg,WEB,7273,3,Both,1,1
train,WEB07274.jpg,WEB,7274,3,Both,1,1
train,WEB07275.jpg,WEB,7275,3,Both,1,2
train,WEB07277.jpg,WEB,7277,3,Both,1,1
train,WEB07278.jpg,WEB,7278,2,Only_Smoke,1,0
train,WEB07279.jpg,WEB,7279,3,Both,1,3
train,WEB07281.jpg,WEB,7281,2,Only_Smoke,1,0
train,WEB07282.jpg,WEB,7282,2,Only_Smoke,1,0
train,WEB07283.jpg,WEB,7283,3,Both,1,3
train,WEB07284.jpg,WEB,7284,3,Both,1,1
train,WEB07285.jpg,WEB,7285,2,Only_Smoke,1,0
train,WEB07286.jpg,WEB,7286,3,Both,1,2
train,WEB07287.jpg,WEB,7287,3,Both,1,2
train,WEB07288.jpg,WEB,7288,2,Only_Smoke,1,0
train,WEB07289.jpg,WEB,7289,3,Both,1,1
train,WEB07291.jpg,WEB,7291,2,Only_Smoke,1,0
train,WEB07293.jpg,WEB,7293,2,Only_Smoke,1,0
train,WEB07294.jpg,WEB,7294,2,Only_Smoke,1,0
train,WEB07296.jpg,WEB,7296,2,Only_Smoke,1,0
train,WEB07297.jpg,WEB,7297,2,Only_Smoke,1,0
train,WEB07298.jpg,WEB,7298,2,Only_Smoke,1,0
train,WEB07299.jpg,WEB,7299,2,Only_Smoke,1,0
train,WEB07300.jpg,WEB,7300,2,Only_Smoke,1,0
train,WEB07302.jpg,WEB,7302,2,Only_Smoke,1,0
train,WEB07303.jpg,WEB,7303,2,Only_Smoke,1,0
train,WEB07305.jpg,WEB,7305,2,Only_Smoke,1,0
train,WEB07306.jpg,WEB,7306,2,Only_Smoke,1,0
train,WEB07307.jpg,WEB,7307,3,Both,1,1
train,WEB07308.jpg,WEB,7308,2,Only_Smoke,1,0
train,WEB07310.jpg,WEB,7310,2,Only_Smoke,1,0
train,WEB07311.jpg,WEB,7311,2,Only_Smoke,1,0
train,WEB07312.jpg,WEB,7312,2,Only_Smoke,1,0
train,WEB07313.jpg,WEB,7313,3,Both,1,2
train,WEB07314.jpg,WEB,7314,2,Only_Smoke,1,0
train,WEB07315.jpg,WEB,7315,3,Both,1,1
train,WEB07316.jpg,WEB,7316,2,Only_Smoke,1,0
train,WEB07317.jpg,WEB,7317,2,Only_Smoke,1,0
train,WEB07318.jpg,WEB,7318,3,Both,1,1
train,WEB07320.jpg,WEB,7320,2,Only_Smoke,1,0
train,WEB07321.jpg,WEB,7321,3,Both,1,1
train,WEB07322.jpg,WEB,7322,3,Both,1,4
train,WEB07323.jpg,WEB,7323,2,Only_Smoke,1,0
train,WEB07324.jpg,WEB,7324,2,Only_Smoke,1,0
train,WEB07326.jpg,WEB,7326,2,Only_Smoke,1,0
train,WEB07327.jpg,WEB,7327,2,Only_Smoke,1,0
train,WEB07328.jpg,WEB,7328,2,Only_Smoke,2,0
train,WEB07329.jpg,WEB,7329,2,Only_Smoke,1,0
train,WEB07331.jpg,WEB,7331,2,Only_Smoke,1,0
train,WEB07333.jpg,WEB,7333,2,Only_Smoke,1,0
train,WEB07334.jpg,WEB,7334,2,Only_Smoke,1,0
train,WEB07335.jpg,WEB,7335,2,Only_Smoke,1,0
train,WEB07337.jpg,WEB,7337,2,Only_Smoke,1,0
train,WEB07338.jpg,WEB,7338,2,Only_Smoke,1,0
train,WEB07340.jpg,WEB,7340,2,Only_Smoke,1,0
train,WEB07342.jpg,WEB,7342,3,Both,1,5
train,WEB07343.jpg,WEB,7343,3,Both,1,1
train,WEB07344.jpg,WEB,7344,2,Only_Smoke,1,0
train,WEB07345.jpg,WEB,7345,2,Only_Smoke,1,0
train,WEB07347.jpg,WEB,7347,3,Both,1,1
train,WEB07348.jpg,WEB,7348,3,Both,1,1
train,WEB07351.jpg,WEB,7351,2,Only_Smoke,1,0
train,WEB07352.jpg,WEB,7352,2,Only_Smoke,1,0
train,WEB07353.jpg,WEB,7353,2,Only_Smoke,1,0
train,WEB07354.jpg,WEB,7354,3,Both,1,1
train,WEB07355.jpg,WEB,7355,2,Only_Smoke,1,0
train,WEB07356.jpg,WEB,7356,2,Only_Smoke,1,0
train,WEB07357.jpg,WEB,7357,2,Only_Smoke,1,0
train,WEB07358.jpg,WEB,7358,2,Only_Smoke,1,0
train,WEB07359.jpg,WEB,7359,2,Only_Smoke,1,0
train,WEB07362.jpg,WEB,7362,2,Only_Smoke,1,0
train,WEB07365.jpg,WEB,7365,2,Only_Smoke,1,0
train,WEB07366.jpg,WEB,7366,2,Only_Smoke,1,0
train,WEB07367.jpg,WEB,7367,2,Only_Smoke,2,0
train,WEB07368.jpg,WEB,7368,2,Only_Smoke,2,0
train,WEB07370.jpg,WEB,7370,3,Both,2,3
train,WEB07371.jpg,WEB,7371,3,Both,1,5
train,WEB07372.jpg,WEB,7372,3,Both,3,2
train,WEB07373.jpg,WEB,7373,3,Both,1,2
train,WEB07374.jpg,WEB,7374,3,Both,2,4
train,WEB07375.jpg,WEB,7375,3,Both,1,1
train,WEB07376.jpg,WEB,7376,2,Only_Smoke,1,0
train,WEB07377.jpg,WEB,7377,3,Both,1,1
train,WEB07378.jpg,WEB,7378,3,Both,1,2
train,WEB07379.jpg,WEB,7379,2,Only_Smoke,1,0
train,WEB07380.jpg,WEB,7380,2,Only_Smoke,1,0
train,WEB07381.jpg,WEB,7381,2,Only_Smoke,1,0
train,WEB07383.jpg,WEB,7383,2,Only_Smoke,1,0
train,WEB07384.jpg,WEB,7384,3,Both,2,1
train,WEB07385.jpg,WEB,7385,2,Only_Smoke,1,0
train,WEB07386.jpg,WEB,7386,2,Only_Smoke,2,0
train,WEB07387.jpg,WEB,7387,3,Both,1,1
train,WEB07389.jpg,WEB,7389,2,Only_Smoke,1,0
train,WEB07390.jpg,WEB,7390,2,Only_Smoke,1,0
train,WEB07392.jpg,WEB,7392,2,Only_Smoke,1,0
train,WEB07393.jpg,WEB,7393,3,Both,1,1
train,WEB07395.jpg,WEB,7395,2,Only_Smoke,1,0
train,WEB07396.jpg,WEB,7396,2,Only_Smoke,1,0
train,WEB07398.jpg,WEB,7398,2,Only_Smoke,1,0
train,WEB07399.jpg,WEB,7399,2,Only_Smoke,1,0
train,WEB07400.jpg,WEB,7400,2,Only_Smoke,1,0
train,WEB07401.jpg,WEB,7401,2,Only_Smoke,1,0
train,WEB07402.jpg,WEB,7402,2,Only_Smoke,1,0
train,WEB07403.jpg,WEB,7403,2,Only_Smoke,4,0
train,WEB07404.jpg,WEB,7404,2,Only_Smoke,1,0
train,WEB07405.jpg,WEB,7405,2,Only_Smoke,1,0
train,WEB07406.jpg,WEB,7406,2,Only_Smoke,1,0
train,WEB07407.jpg,WEB,7407,2,Only_Smoke,1,0
train,WEB07408.jpg,WEB,7408,3,Both,2,2
train,WEB07409.jpg,WEB,7409,3,Both,2,2
train,WEB07410.jpg,WEB,7410,2,Only_Smoke,2,0
train,WEB07412.jpg,WEB,7412,2,Only_Smoke,2,0
train,WEB07413.jpg,WEB,7413,2,Only_Smoke,2,0
train,WEB07414.jpg,WEB,7414,2,Only_Smoke,1,0
train,WEB07415.jpg,WEB,7415,2,Only_Smoke,1,0
train,WEB07416.jpg,WEB,7416,2,Only_Smoke,1,0
train,WEB07417.jpg,WEB,7417,3,Both,2,2
train,WEB07418.jpg,WEB,7418,3,Both,1,3
train,WEB07419.jpg,WEB,7419,2,Only_Smoke,1,0
train,WEB07420.jpg,WEB,7420,3,Both,1,3
train,WEB07422.jpg,WEB,7422,2,Only_Smoke,1,0
train,WEB07423.jpg,WEB,7423,3,Both,1,6
train,WEB07424.jpg,WEB,7424,3,Both,1,1
train,WEB07425.jpg,WEB,7425,2,Only_Smoke,1,0
train,WEB07426.jpg,WEB,7426,2,Only_Smoke,1,0
train,WEB07427.jpg,WEB,7427,3,Both,1,1
train,WEB07428.jpg,WEB,7428,2,Only_Smoke,1,0
train,WEB07429.jpg,WEB,7429,3,Both,1,1
train,WEB07430.jpg,WEB,7430,2,Only_Smoke,1,0
train,WEB07431.jpg,WEB,7431,2,Only_Smoke,1,0
train,WEB07432.jpg,WEB,7432,2,Only_Smoke,1,0
train,WEB07433.jpg,WEB,7433,2,Only_Smoke,1,0
train,WEB07435.jpg,WEB,7435,3,Both,1,1
train,WEB07436.jpg,WEB,7436,3,Both,1,2
train,WEB07438.jpg,WEB,7438,2,Only_Smoke,1,0
train,WEB07439.jpg,WEB,7439,2,Only_Smoke,1,0
train,WEB07440.jpg,WEB,7440,3,Both,1,1
train,WEB07443.jpg,WEB,7443,3,Both,1,1
train,WEB07444.jpg,WEB,7444,3,Both,1,2
train,WEB07445.jpg,WEB,7445,3,Both,1,2
train,WEB07446.jpg,WEB,7446,3,Both,1,3
train,WEB07447.jpg,WEB,7447,2,Only_Smoke,2,0
train,WEB07448.jpg,WEB,7448,2,Only_Smoke,1,0
train,WEB07449.jpg,WEB,7449,2,Only_Smoke,1,0
train,WEB07450.jpg,WEB,7450,2,Only_Smoke,2,0
train,WEB07451.jpg,WEB,7451,2,Only_Smoke,1,0
train,WEB07453.jpg,WEB,7453,2,Only_Smoke,1,0
train,WEB07454.jpg,WEB,7454,2,Only_Smoke,1,0
train,WEB07455.jpg,WEB,7455,2,Only_Smoke,1,0
train,WEB07456.jpg,WEB,7456,2,Only_Smoke,1,0
train,WEB07458.jpg,WEB,7458,2,Only_Smoke,1,0
train,WEB07460.jpg,WEB,7460,2,Only_Smoke,2,0
train,WEB07462.jpg,WEB,7462,2,Only_Smoke,1,0
train,WEB07463.jpg,WEB,7463,2,Only_Smoke,1,0
train,WEB07464.jpg,WEB,7464,2,Only_Smoke,1,0
train,WEB07465.jpg,WEB,7465,2,Only_Smoke,1,0
train,WEB07466.jpg,WEB,7466,3,Both,1,2
train,WEB07467.jpg,WEB,7467,3,Both,1,1
train,WEB07469.jpg,WEB,7469,2,Only_Smoke,1,0
train,WEB07470.jpg,WEB,7470,3,Both,1,5
train,WEB07471.jpg,WEB,7471,3,Both,1,1
train,WEB07472.jpg,WEB,7472,2,Only_Smoke,1,0
train,WEB07473.jpg,WEB,7473,3,Both,1,3
train,WEB07476.jpg,WEB,7476,2,Only_Smoke,1,0
train,WEB07477.jpg,WEB,7477,3,Both,2,2
train,WEB07478.jpg,WEB,7478,3,Both,2,2
train,WEB07480.jpg,WEB,7480,2,Only_Smoke,4,0
train,WEB07481.jpg,WEB,7481,3,Both,1,2
train,WEB07484.jpg,WEB,7484,2,Only_Smoke,1,0
train,WEB07485.jpg,WEB,7485,2,Only_Smoke,1,0
train,WEB07486.jpg,WEB,7486,2,Only_Smoke,1,0
train,WEB07487.jpg,WEB,7487,2,Only_Smoke,1,0
train,WEB07488.jpg,WEB,7488,2,Only_Smoke,1,0
train,WEB07489.jpg,WEB,7489,2,Only_Smoke,1,0
train,WEB07490.jpg,WEB,7490,2,Only_Smoke,1,0
train,WEB07491.jpg,WEB,7491,2,Only_Smoke,1,0
train,WEB07492.jpg,WEB,7492,2,Only_Smoke,1,0
train,WEB07493.jpg,WEB,7493,3,Both,1,2
train,WEB07494.jpg,WEB,7494,3,Both,1,2
train,WEB07495.jpg,WEB,7495,2,Only_Smoke,1,0
train,WEB07496.jpg,WEB,7496,3,Both,1,2
train,WEB07497.jpg,WEB,7497,2,Only_Smoke,1,0
train,WEB07498.jpg,WEB,7498,2,Only_Smoke,3,0
train,WEB07499.jpg,WEB,7499,3,Both,1,1
train,WEB07500.jpg,WEB,7500,2,Only_Smoke,1,0
train,WEB07501.jpg,WEB,7501,3,Both,1,3
train,WEB07502.jpg,WEB,7502,2,Only_Smoke,1,0
train,WEB07503.jpg,WEB,7503,2,Only_Smoke,1,0
train,WEB07504.jpg,WEB,7504,2,Only_Smoke,1,0
train,WEB07505.jpg,WEB,7505,3,Both,1,2
train,WEB07506.jpg,WEB,7506,2,Only_Smoke,1,0
train,WEB07507.jpg,WEB,7507,2,Only_Smoke,1,0
train,WEB07508.jpg,WEB,7508,3,Both,1,1
train,WEB07509.jpg,WEB,7509,2,Only_Smoke,1,0
train,WEB07511.jpg,WEB,7511,2,Only_Smoke,1,0
train,WEB07512.jpg,WEB,7512,2,Only_Smoke,3,0
train,WEB07513.jpg,WEB,7513,2,Only_Smoke,1,0
train,WEB07514.jpg,WEB,7514,3,Both,1,1
train,WEB07515.jpg,WEB,7515,3,Both,1,6
train,WEB07516.jpg,WEB,7516,3,Both,1,3
train,WEB07517.jpg,WEB,7517,2,Only_Smoke,1,0
train,WEB07518.jpg,WEB,7518,2,Only_Smoke,1,0
train,WEB07520.jpg,WEB,7520,2,Only_Smoke,1,0
train,WEB07521.jpg,WEB,7521,3,Both,1,2
train,WEB07522.jpg,WEB,7522,2,Only_Smoke,1,0
train,WEB07524.jpg,WEB,7524,2,Only_Smoke,1,0
train,WEB07525.jpg,WEB,7525,2,Only_Smoke,1,0
train,WEB07526.jpg,WEB,7526,2,Only_Smoke,1,0
train,WEB07527.jpg,WEB,7527,2,Only_Smoke,1,0
train,WEB07528.jpg,WEB,7528,2,Only_Smoke,1,0
train,WEB07531.jpg,WEB,7531,2,Only_Smoke,1,0
train,WEB07534.jpg,WEB,7534,2,Only_Smoke,1,0
train,WEB07537.jpg,WEB,7537,2,Only_Smoke,2,0
train,WEB07538.jpg,WEB,7538,2,Only_Smoke,1,0
train,WEB07540.jpg,WEB,7540,3,Both,2,1
train,WEB07541.jpg,WEB,7541,3,Both,1,1
train,WEB07543.jpg,WEB,7543,2,Only_Smoke,1,0
train,WEB07545.jpg,WEB,7545,2,Only_Smoke,1,0
train,WEB07547.jpg,WEB,7547,2,Only_Smoke,1,0
train,WEB07548.jpg,WEB,7548,2,Only_Smoke,1,0
train,WEB07549.jpg,WEB,7549,2,Only_Smoke,1,0
train,WEB07550.jpg,WEB,7550,2,Only_Smoke,1,0
train,WEB07551.jpg,WEB,7551,2,Only_Smoke,1,0
train,WEB07552.jpg,WEB,7552,2,Only_Smoke,1,0
train,WEB07553.jpg,WEB,7553,2,Only_Smoke,1,0
train,WEB07554.jpg,WEB,7554,3,Both,1,1
train,WEB07555.jpg,WEB,7555,3,Both,1,2
train,WEB07556.jpg,WEB,7556,2,Only_Smoke,1,0
train,WEB07557.jpg,WEB,7557,3,Both,1,2
train,WEB07559.jpg,WEB,7559,2,Only_Smoke,1,0
train,WEB07560.jpg,WEB,7560,3,Both,1,1
train,WEB07562.jpg,WEB,7562,2,Only_Smoke,1,0
train,WEB07563.jpg,WEB,7563,3,Both,1,1
train,WEB07564.jpg,WEB,7564,2,Only_Smoke,1,0
train,WEB07565.jpg,WEB,7565,2,Only_Smoke,10,0
train,WEB07566.jpg,WEB,7566,3,Both,1,3
train,WEB07567.jpg,WEB,7567,2,Only_Smoke,1,0
train,WEB07568.jpg,WEB,7568,2,Only_Smoke,1,0
train,WEB07569.jpg,WEB,7569,2,Only_Smoke,1,0
train,WEB07570.jpg,WEB,7570,2,Only_Smoke,1,0
train,WEB07572.jpg,WEB,7572,2,Only_Smoke,1,0
train,WEB07573.jpg,WEB,7573,2,Only_Smoke,1,0
train,WEB07575.jpg,WEB,7575,2,Only_Smoke,1,0
train,WEB07576.jpg,WEB,7576,2,Only_Smoke,1,0
train,WEB07577.jpg,WEB,7577,2,Only_Smoke,1,0
train,WEB07578.jpg,WEB,7578,3,Both,1,1
train,WEB07579.jpg,WEB,7579,2,Only_Smoke,2,0
train,WEB07580.jpg,WEB,7580,2,Only_Smoke,1,0
train,WEB07582.jpg,WEB,7582,2,Only_Smoke,1,0
train,WEB07583.jpg,WEB,7583,2,Only_Smoke,2,0
train,WEB07584.jpg,WEB,7584,2,Only_Smoke,1,0
train,WEB07585.jpg,WEB,7585,3,Both,2,1
train,WEB07587.jpg,WEB,7587,2,Only_Smoke,1,0
train,WEB07588.jpg,WEB,7588,3,Both,1,1
train,WEB07589.jpg,WEB,7589,2,Only_Smoke,1,0
train,WEB07590.jpg,WEB,7590,2,Only_Smoke,1,0
train,WEB07591.jpg,WEB,7591,3,Both,1,1
train,WEB07592.jpg,WEB,7592,2,Only_Smoke,1,0
train,WEB07593.jpg,WEB,7593,3,Both,1,2
train,WEB07594.jpg,WEB,7594,2,Only_Smoke,1,0
train,WEB07595.jpg,WEB,7595,3,Both,1,2
train,WEB07597.jpg,WEB,7597,2,Only_Smoke,1,0
train,WEB07599.jpg,WEB,7599,2,Only_Smoke,1,0
train,WEB07600.jpg,WEB,7600,2,Only_Smoke,1,0
train,WEB07602.jpg,WEB,7602,2,Only_Smoke,1,0
train,WEB07603.jpg,WEB,7603,2,Only_Smoke,1,0
train,WEB07605.jpg,WEB,7605,2,Only_Smoke,1,0
train,WEB07606.jpg,WEB,7606,2,Only_Smoke,1,0
train,WEB07607.jpg,WEB,7607,2,Only_Smoke,1,0
train,WEB07609.jpg,WEB,7609,2,Only_Smoke,1,0
train,WEB07610.jpg,WEB,7610,2,Only_Smoke,1,0
train,WEB07612.jpg,WEB,7612,3,Both,1,2
train,WEB07613.jpg,WEB,7613,2,Only_Smoke,2,0
train,WEB07614.jpg,WEB,7614,2,Only_Smoke,1,0
train,WEB07615.jpg,WEB,7615,3,Both,1,1
train,WEB07616.jpg,WEB,7616,2,Only_Smoke,1,0
train,WEB07617.jpg,WEB,7617,3,Both,1,5
train,WEB07618.jpg,WEB,7618,3,Both,1,1
train,WEB07619.jpg,WEB,7619,3,Both,1,1
train,WEB07620.jpg,WEB,7620,2,Only_Smoke,1,0
train,WEB07621.jpg,WEB,7621,2,Only_Smoke,1,0
train,WEB07622.jpg,WEB,7622,3,Both,1,1
train,WEB07623.jpg,WEB,7623,3,Both,1,2
train,WEB07624.jpg,WEB,7624,3,Both,1,1
train,WEB07625.jpg,WEB,7625,3,Both,1,1
train,WEB07626.jpg,WEB,7626,2,Only_Smoke,1,0
train,WEB07627.jpg,WEB,7627,2,Only_Smoke,1,0
train,WEB07628.jpg,WEB,7628,3,Both,1,1
train,WEB07629.jpg,WEB,7629,2,Only_Smoke,1,0
train,WEB07630.jpg,WEB,7630,2,Only_Smoke,1,0
train,WEB07632.jpg,WEB,7632,3,Both,1,1
train,WEB07633.jpg,WEB,7633,2,Only_Smoke,1,0
train,WEB07634.jpg,WEB,7634,2,Only_Smoke,1,0
train,WEB07636.jpg,WEB,7636,2,Only_Smoke,1,0
train,WEB07638.jpg,WEB,7638,2,Only_Smoke,1,0
train,WEB07639.jpg,WEB,7639,2,Only_Smoke,1,0
train,WEB07640.jpg,WEB,7640,3,Both,1,1
train,WEB07641.jpg,WEB,7641,2,Only_Smoke,1,0
train,WEB07642.jpg,WEB,7642,2,Only_Smoke,1,0
train,WEB07643.jpg,WEB,7643,2,Only_Smoke,1,0
train,WEB07644.jpg,WEB,7644,3,Both,1,1
train,WEB07645.jpg,WEB,7645,3,Both,1,1
train,WEB07646.jpg,WEB,7646,3,Both,1,1
train,WEB07647.jpg,WEB,7647,2,Only_Smoke,1,0
train,WEB07648.jpg,WEB,7648,2,Only_Smoke,1,0
train,WEB07649.jpg,WEB,7649,3,Both,1,2
train,WEB07650.jpg,WEB,7650,2,Only_Smoke,1,0
train,WEB07652.jpg,WEB,7652,2,Only_Smoke,1,0
train,WEB07653.jpg,WEB,7653,2,Only_Smoke,2,0
train,WEB07654.jpg,WEB,7654,2,Only_Smoke,1,0
train,WEB07657.jpg,WEB,7657,2,Only_Smoke,1,0
train,WEB07658.jpg,WEB,7658,2,Only_Smoke,2,0
train,WEB07660.jpg,WEB,7660,2,Only_Smoke,1,0
train,WEB07663.jpg,WEB,7663,3,Both,2,2
train,WEB07665.jpg,WEB,7665,3,Both,1,1
train,WEB07666.jpg,WEB,7666,2,Only_Smoke,1,0
train,WEB07667.jpg,WEB,7667,2,Only_Smoke,1,0
train,WEB07668.jpg,WEB,7668,2,Only_Smoke,1,0
train,WEB07669.jpg,WEB,7669,2,Only_Smoke,1,0
train,WEB07670.jpg,WEB,7670,2,Only_Smoke,1,0
train,WEB07672.jpg,WEB,7672,2,Only_Smoke,2,0
train,WEB07673.jpg,WEB,7673,2,Only_Smoke,1,0
train,WEB07675.jpg,WEB,7675,2,Only_Smoke,1,0
train,WEB07676.jpg,WEB,7676,3,Both,2,1
train,WEB07677.jpg,WEB,7677,2,Only_Smoke,1,0
train,WEB07678.jpg,WEB,7678,2,Only_Smoke,1,0
train,WEB07679.jpg,WEB,7679,2,Only_Smoke,1,0
train,WEB07680.jpg,WEB,7680,2,Only_Smoke,1,0
train,WEB07681.jpg,WEB,7681,2,Only_Smoke,2,0
train,WEB07682.jpg,WEB,7682,2,Only_Smoke,1,0
train,WEB07683.jpg,WEB,7683,3,Both,1,1
train,WEB07684.jpg,WEB,7684,2,Only_Smoke,1,0
train,WEB07685.jpg,WEB,7685,2,Only_Smoke,1,0
train,WEB07686.jpg,WEB,7686,2,Only_Smoke,2,0
train,WEB07687.jpg,WEB,7687,3,Both,1,3
train,WEB07688.jpg,WEB,7688,3,Both,1,3
train,WEB07691.jpg,WEB,7691,2,Only_Smoke,1,0
train,WEB07692.jpg,WEB,7692,2,Only_Smoke,1,0
train,WEB07694.jpg,WEB,7694,2,Only_Smoke,2,0
train,WEB07695.jpg,WEB,7695,2,Only_Smoke,2,0
train,WEB07696.jpg,WEB,7696,3,Both,1,2
train,WEB07697.jpg,WEB,7697,3,Both,1,2
train,WEB07698.jpg,WEB,7698,2,Only_Smoke,1,0
train,WEB07699.jpg,WEB,7699,3,Both,1,2
train,WEB07700.jpg,WEB,7700,2,Only_Smoke,1,0
train,WEB07701.jpg,WEB,7701,2,Only_Smoke,1,0
train,WEB07702.jpg,WEB,7702,2,Only_Smoke,1,0
train,WEB07703.jpg,WEB,7703,2,Only_Smoke,1,0
train,WEB07704.jpg,WEB,7704,2,Only_Smoke,1,0
train,WEB07706.jpg,WEB,7706,1,Only_Fire,0,7
train,WEB07708.jpg,WEB,7708,3,Both,3,1
train,WEB07709.jpg,WEB,7709,2,Only_Smoke,2,0
train,WEB07710.jpg,WEB,7710,2,Only_Smoke,5,0
train,WEB07712.jpg,WEB,7712,3,Both,1,3
train,WEB07713.jpg,WEB,7713,2,Only_Smoke,2,0
train,WEB07714.jpg,WEB,7714,3,Both,1,3
train,WEB07716.jpg,WEB,7716,2,Only_Smoke,1,0
train,WEB07717.jpg,WEB,7717,2,Only_Smoke,1,0
train,WEB07719.jpg,WEB,7719,2,Only_Smoke,1,0
train,WEB07720.jpg,WEB,7720,2,Only_Smoke,1,0
train,WEB07721.jpg,WEB,7721,2,Only_Smoke,1,0
train,WEB07722.jpg,WEB,7722,3,Both,1,1
train,WEB07723.jpg,WEB,7723,3,Both,1,1
train,WEB07724.jpg,WEB,7724,2,Only_Smoke,1,0
train,WEB07726.jpg,WEB,7726,2,Only_Smoke,1,0
train,WEB07727.jpg,WEB,7727,3,Both,1,4
train,WEB07728.jpg,WEB,7728,2,Only_Smoke,1,0
train,WEB07729.jpg,WEB,7729,2,Only_Smoke,1,0
train,WEB07730.jpg,WEB,7730,2,Only_Smoke,1,0
train,WEB07731.jpg,WEB,7731,2,Only_Smoke,2,0
train,WEB07733.jpg,WEB,7733,3,Both,1,5
train,WEB07734.jpg,WEB,7734,2,Only_Smoke,1,0
train,WEB07735.jpg,WEB,7735,2,Only_Smoke,1,0
train,WEB07736.jpg,WEB,7736,2,Only_Smoke,1,0
train,WEB07737.jpg,WEB,7737,2,Only_Smoke,1,0
train,WEB07738.jpg,WEB,7738,2,Only_Smoke,1,0
train,WEB07739.jpg,WEB,7739,2,Only_Smoke,1,0
train,WEB07741.jpg,WEB,7741,2,Only_Smoke,1,0
train,WEB07742.jpg,WEB,7742,2,Only_Smoke,1,0
train,WEB07743.jpg,WEB,7743,2,Only_Smoke,1,0
train,WEB07744.jpg,WEB,7744,2,Only_Smoke,1,0
train,WEB07745.jpg,WEB,7745,2,Only_Smoke,1,0
train,WEB07746.jpg,WEB,7746,2,Only_Smoke,1,0
train,WEB07747.jpg,WEB,7747,2,Only_Smoke,1,0
train,WEB07749.jpg,WEB,7749,2,Only_Smoke,1,0
train,WEB07750.jpg,WEB,7750,2,Only_Smoke,1,0
train,WEB07751.jpg,WEB,7751,2,Only_Smoke,1,0
train,WEB07753.jpg,WEB,7753,2,Only_Smoke,1,0
train,WEB07754.jpg,WEB,7754,2,Only_Smoke,1,0
train,WEB07755.jpg,WEB,7755,2,Only_Smoke,1,0
train,WEB07756.jpg,WEB,7756,2,Only_Smoke,1,0
train,WEB07757.jpg,WEB,7757,2,Only_Smoke,1,0
train,WEB07758.jpg,WEB,7758,2,Only_Smoke,1,0
train,WEB07759.jpg,WEB,7759,2,Only_Smoke,1,0
train,WEB07760.jpg,WEB,7760,2,Only_Smoke,1,0
train,WEB07761.jpg,WEB,7761,2,Only_Smoke,1,0
train,WEB07762.jpg,WEB,7762,2,Only_Smoke,1,0
train,WEB07763.jpg,WEB,7763,2,Only_Smoke,1,0
train,WEB07764.jpg,WEB,7764,2,Only_Smoke,1,0
train,WEB07765.jpg,WEB,7765,2,Only_Smoke,1,0
train,WEB07766.jpg,WEB,7766,2,Only_Smoke,1,0
train,WEB07768.jpg,WEB,7768,2,Only_Smoke,1,0
train,WEB07769.jpg,WEB,7769,2,Only_Smoke,1,0
train,WEB07770.jpg,WEB,7770,2,Only_Smoke,1,0
train,WEB07771.jpg,WEB,7771,2,Only_Smoke,1,0
train,WEB07774.jpg,WEB,7774,2,Only_Smoke,1,0
train,WEB07775.jpg,WEB,7775,2,Only_Smoke,1,0
train,WEB07776.jpg,WEB,7776,2,Only_Smoke,1,0
train,WEB07777.jpg,WEB,7777,2,Only_Smoke,1,0
train,WEB07778.jpg,WEB,7778,2,Only_Smoke,1,0
train,WEB07781.jpg,WEB,7781,2,Only_Smoke,1,0
train,WEB07783.jpg,WEB,7783,2,Only_Smoke,1,0
train,WEB07784.jpg,WEB,7784,2,Only_Smoke,1,0
train,WEB07785.jpg,WEB,7785,2,Only_Smoke,1,0
train,WEB07786.jpg,WEB,7786,2,Only_Smoke,1,0
train,WEB07787.jpg,WEB,7787,2,Only_Smoke,1,0
train,WEB07788.jpg,WEB,7788,2,Only_Smoke,1,0
train,WEB07789.jpg,WEB,7789,2,Only_Smoke,1,0
train,WEB07790.jpg,WEB,7790,2,Only_Smoke,1,0
train,WEB07794.jpg,WEB,7794,3,Both,1,2
train,WEB07795.jpg,WEB,7795,2,Only_Smoke,1,0
train,WEB07797.jpg,WEB,7797,2,Only_Smoke,1,0
train,WEB07798.jpg,WEB,7798,2,Only_Smoke,1,0
train,WEB07799.jpg,WEB,7799,2,Only_Smoke,1,0
train,WEB07800.jpg,WEB,7800,2,Only_Smoke,1,0
train,WEB07801.jpg,WEB,7801,2,Only_Smoke,1,0
train,WEB07802.jpg,WEB,7802,2,Only_Smoke,1,0
train,WEB07803.jpg,WEB,7803,2,Only_Smoke,1,0
train,WEB07804.jpg,WEB,7804,2,Only_Smoke,1,0
train,WEB07805.jpg,WEB,7805,2,Only_Smoke,1,0
train,WEB07806.jpg,WEB,7806,2,Only_Smoke,1,0
train,WEB07807.jpg,WEB,7807,2,Only_Smoke,1,0
train,WEB07808.jpg,WEB,7808,2,Only_Smoke,1,0
train,WEB07810.jpg,WEB,7810,2,Only_Smoke,1,0
train,WEB07812.jpg,WEB,7812,2,Only_Smoke,1,0
train,WEB07813.jpg,WEB,7813,2,Only_Smoke,1,0
train,WEB07814.jpg,WEB,7814,2,Only_Smoke,1,0
train,WEB07815.jpg,WEB,7815,2,Only_Smoke,1,0
train,WEB07816.jpg,WEB,7816,2,Only_Smoke,1,0
train,WEB07817.jpg,WEB,7817,2,Only_Smoke,1,0
train,WEB07818.jpg,WEB,7818,2,Only_Smoke,1,0
train,WEB07819.jpg,WEB,7819,2,Only_Smoke,1,0
train,WEB07820.jpg,WEB,7820,2,Only_Smoke,1,0
train,WEB07821.jpg,WEB,7821,2,Only_Smoke,1,0
train,WEB07822.jpg,WEB,7822,3,Both,2,3
train,WEB07823.jpg,WEB,7823,3,Both,1,3
train,WEB07824.jpg,WEB,7824,2,Only_Smoke,2,0
train,WEB07825.jpg,WEB,7825,3,Both,2,1
train,WEB07827.jpg,WEB,7827,3,Both,1,3
train,WEB07830.jpg,WEB,7830,2,Only_Smoke,1,0
train,WEB07831.jpg,WEB,7831,2,Only_Smoke,1,0
train,WEB07832.jpg,WEB,7832,2,Only_Smoke,1,0
train,WEB07833.jpg,WEB,7833,2,Only_Smoke,1,0
train,WEB07834.jpg,WEB,7834,2,Only_Smoke,1,0
train,WEB07835.jpg,WEB,7835,3,Both,2,2
train,WEB07836.jpg,WEB,7836,2,Only_Smoke,1,0
train,WEB07837.jpg,WEB,7837,2,Only_Smoke,1,0
train,WEB07838.jpg,WEB,7838,3,Both,1,5
train,WEB07839.jpg,WEB,7839,2,Only_Smoke,2,0
train,WEB07840.jpg,WEB,7840,3,Both,1,1
train,WEB07841.jpg,WEB,7841,3,Both,1,1
train,WEB07842.jpg,WEB,7842,3,Both,1,1
train,WEB07843.jpg,WEB,7843,2,Only_Smoke,1,0
train,WEB07844.jpg,WEB,7844,3,Both,1,4
train,WEB07845.jpg,WEB,7845,2,Only_Smoke,1,0
train,WEB07846.jpg,WEB,7846,2,Only_Smoke,1,0
train,WEB07847.jpg,WEB,7847,2,Only_Smoke,2,0
train,WEB07848.jpg,WEB,7848,3,Both,1,2
train,WEB07849.jpg,WEB,7849,3,Both,1,2
train,WEB07850.jpg,WEB,7850,2,Only_Smoke,2,0
train,WEB07851.jpg,WEB,7851,2,Only_Smoke,1,0
train,WEB07852.jpg,WEB,7852,3,Both,1,1
train,WEB07853.jpg,WEB,7853,3,Both,1,1
train,WEB07854.jpg,WEB,7854,3,Both,1,2
train,WEB07855.jpg,WEB,7855,3,Both,2,1
train,WEB07856.jpg,WEB,7856,3,Both,1,2
train,WEB07858.jpg,WEB,7858,2,Only_Smoke,2,0
train,WEB07859.jpg,WEB,7859,3,Both,1,1
train,WEB07860.jpg,WEB,7860,3,Both,1,2
train,WEB07861.jpg,WEB,7861,3,Both,1,1
train,WEB07862.jpg,WEB,7862,2,Only_Smoke,1,0
train,WEB07863.jpg,WEB,7863,2,Only_Smoke,2,0
train,WEB07864.jpg,WEB,7864,2,Only_Smoke,1,0
train,WEB07865.jpg,WEB,7865,2,Only_Smoke,1,0
train,WEB07866.jpg,WEB,7866,3,Both,2,9
train,WEB07867.jpg,WEB,7867,2,Only_Smoke,1,0
train,WEB07869.jpg,WEB,7869,3,Both,1,3
train,WEB07870.jpg,WEB,7870,2,Only_Smoke,1,0
train,WEB07872.jpg,WEB,7872,2,Only_Smoke,2,0
train,WEB07873.jpg,WEB,7873,3,Both,1,1
train,WEB07875.jpg,WEB,7875,2,Only_Smoke,1,0
train,WEB07876.jpg,WEB,7876,2,Only_Smoke,2,0
train,WEB07877.jpg,WEB,7877,3,Both,3,1
train,WEB07878.jpg,WEB,7878,3,Both,1,1
train,WEB07879.jpg,WEB,7879,1,Only_Fire,0,5
train,WEB07880.jpg,WEB,7880,1,Only_Fire,0,5
train,WEB07882.jpg,WEB,7882,3,Both,2,1
train,WEB07883.jpg,WEB,7883,2,Only_Smoke,3,0
train,WEB07884.jpg,WEB,7884,3,Both,3,1
train,WEB07885.jpg,WEB,7885,3,Both,1,1
train,WEB07886.jpg,WEB,7886,3,Both,1,2
train,WEB07887.jpg,WEB,7887,3,Both,1,1
train,WEB07888.jpg,WEB,7888,2,Only_Smoke,2,0
train,WEB07889.jpg,WEB,7889,2,Only_Smoke,1,0
train,WEB07890.jpg,WEB,7890,2,Only_Smoke,1,0
train,WEB07891.jpg,WEB,7891,2,Only_Smoke,1,0
train,WEB07894.jpg,WEB,7894,2,Only_Smoke,1,0
train,WEB07896.jpg,WEB,7896,3,Both,2,1
train,WEB07897.jpg,WEB,7897,2,Only_Smoke,1,0
train,WEB07898.jpg,WEB,7898,3,Both,1,1
train,WEB07900.jpg,WEB,7900,3,Both,1,3
train,WEB07901.jpg,WEB,7901,2,Only_Smoke,1,0
train,WEB07902.jpg,WEB,7902,3,Both,2,2
train,WEB07903.jpg,WEB,7903,3,Both,1,1
train,WEB07904.jpg,WEB,7904,3,Both,1,1
train,WEB07906.jpg,WEB,7906,2,Only_Smoke,1,0
train,WEB07907.jpg,WEB,7907,2,Only_Smoke,1,0
train,WEB07908.jpg,WEB,7908,3,Both,1,4
train,WEB07909.jpg,WEB,7909,3,Both,2,2
train,WEB07910.jpg,WEB,7910,2,Only_Smoke,3,0
train,WEB07912.jpg,WEB,7912,3,Both,1,1
train,WEB07913.jpg,WEB,7913,3,Both,1,1
train,WEB07914.jpg,WEB,7914,3,Both,1,2
train,WEB07915.jpg,WEB,7915,3,Both,1,1
train,WEB07916.jpg,WEB,7916,3,Both,1,3
train,WEB07917.jpg,WEB,7917,3,Both,1,1
train,WEB07918.jpg,WEB,7918,3,Both,1,1
train,WEB07919.jpg,WEB,7919,3,Both,1,1
train,WEB07920.jpg,WEB,7920,3,Both,1,2
train,WEB07921.jpg,WEB,7921,3,Both,1,1
train,WEB07922.jpg,WEB,7922,3,Both,1,1
train,WEB07924.jpg,WEB,7924,3,Both,1,1
train,WEB07925.jpg,WEB,7925,3,Both,1,1
train,WEB07928.jpg,WEB,7928,3,Both,1,2
train,WEB07929.jpg,WEB,7929,3,Both,1,3
train,WEB07930.jpg,WEB,7930,3,Both,1,2
train,WEB07931.jpg,WEB,7931,3,Both,1,1
train,WEB07932.jpg,WEB,7932,3,Both,1,1
train,WEB07933.jpg,WEB,7933,2,Only_Smoke,1,0
train,WEB07934.jpg,WEB,7934,2,Only_Smoke,1,0
train,WEB07935.jpg,WEB,7935,3,Both,2,2
train,WEB07936.jpg,WEB,7936,3,Both,2,1
train,WEB07937.jpg,WEB,7937,3,Both,1,5
train,WEB07939.jpg,WEB,7939,3,Both,2,3
train,WEB07940.jpg,WEB,7940,2,Only_Smoke,1,0
train,WEB07943.jpg,WEB,7943,3,Both,1,2
train,WEB07944.jpg,WEB,7944,3,Both,1,1
train,WEB07946.jpg,WEB,7946,2,Only_Smoke,1,0
train,WEB07947.jpg,WEB,7947,2,Only_Smoke,1,0
train,WEB07949.jpg,WEB,7949,3,Both,1,1
train,WEB07951.jpg,WEB,7951,3,Both,2,1
train,WEB07952.jpg,WEB,7952,2,Only_Smoke,1,0
train,WEB07953.jpg,WEB,7953,3,Both,2,2
train,WEB07954.jpg,WEB,7954,3,Both,1,1
train,WEB07955.jpg,WEB,7955,2,Only_Smoke,1,0
train,WEB07956.jpg,WEB,7956,3,Both,1,1
train,WEB07958.jpg,WEB,7958,2,Only_Smoke,3,0
train,WEB07960.jpg,WEB,7960,3,Both,1,2
train,WEB07961.jpg,WEB,7961,3,Both,1,1
train,WEB07963.jpg,WEB,7963,2,Only_Smoke,1,0
train,WEB07964.jpg,WEB,7964,3,Both,1,1
train,WEB07965.jpg,WEB,7965,3,Both,1,1
train,WEB07966.jpg,WEB,7966,3,Both,1,1
train,WEB07967.jpg,WEB,7967,3,Both,1,1
train,WEB07968.jpg,WEB,7968,1,Only_Fire,0,1
train,WEB07969.jpg,WEB,7969,3,Both,1,2
train,WEB07970.jpg,WEB,7970,3,Both,1,2
train,WEB07972.jpg,WEB,7972,2,Only_Smoke,1,0
train,WEB07973.jpg,WEB,7973,3,Both,2,4
train,WEB07974.jpg,WEB,7974,2,Only_Smoke,1,0
train,WEB07976.jpg,WEB,7976,3,Both,1,1
train,WEB07977.jpg,WEB,7977,2,Only_Smoke,1,0
train,WEB07978.jpg,WEB,7978,2,Only_Smoke,1,0
train,WEB07979.jpg,WEB,7979,2,Only_Smoke,1,0
train,WEB07980.jpg,WEB,7980,2,Only_Smoke,1,0
train,WEB07981.jpg,WEB,7981,2,Only_Smoke,1,0
train,WEB07982.jpg,WEB,7982,2,Only_Smoke,1,0
train,WEB07983.jpg,WEB,7983,2,Only_Smoke,1,0
train,WEB07984.jpg,WEB,7984,2,Only_Smoke,1,0
train,WEB07986.jpg,WEB,7986,2,Only_Smoke,1,0
train,WEB07987.jpg,WEB,7987,2,Only_Smoke,1,0
train,WEB07988.jpg,WEB,7988,2,Only_Smoke,1,0
train,WEB07991.jpg,WEB,7991,2,Only_Smoke,1,0
train,WEB07992.jpg,WEB,7992,2,Only_Smoke,1,0
train,WEB07993.jpg,WEB,7993,2,Only_Smoke,1,0
train,WEB07994.jpg,WEB,7994,2,Only_Smoke,1,0
train,WEB07995.jpg,WEB,7995,2,Only_Smoke,1,0
train,WEB07996.jpg,WEB,7996,2,Only_Smoke,1,0
train,WEB07998.jpg,WEB,7998,2,Only_Smoke,2,0
train,WEB07999.jpg,WEB,7999,2,Only_Smoke,1,0
train,WEB08000.jpg,WEB,8000,2,Only_Smoke,1,0
train,WEB08001.jpg,WEB,8001,2,Only_Smoke,1,0
train,WEB08003.jpg,WEB,8003,2,Only_Smoke,2,0
train,WEB08004.jpg,WEB,8004,2,Only_Smoke,3,0
train,WEB08005.jpg,WEB,8005,2,Only_Smoke,2,0
train,WEB08006.jpg,WEB,8006,3,Both,1,2
train,WEB08007.jpg,WEB,8007,3,Both,1,4
train,WEB08009.jpg,WEB,8009,3,Both,1,1
train,WEB08010.jpg,WEB,8010,2,Only_Smoke,1,0
train,WEB08011.jpg,WEB,8011,2,Only_Smoke,2,0
train,WEB08012.jpg,WEB,8012,2,Only_Smoke,1,0
train,WEB08013.jpg,WEB,8013,3,Both,1,1
train,WEB08014.jpg,WEB,8014,3,Both,1,6
train,WEB08015.jpg,WEB,8015,2,Only_Smoke,1,0
train,WEB08017.jpg,WEB,8017,2,Only_Smoke,1,0
train,WEB08018.jpg,WEB,8018,2,Only_Smoke,1,0
train,WEB08019.jpg,WEB,8019,2,Only_Smoke,1,0
train,WEB08020.jpg,WEB,8020,2,Only_Smoke,1,0
train,WEB08022.jpg,WEB,8022,2,Only_Smoke,1,0
train,WEB08023.jpg,WEB,8023,2,Only_Smoke,1,0
train,WEB08024.jpg,WEB,8024,2,Only_Smoke,1,0
train,WEB08025.jpg,WEB,8025,2,Only_Smoke,1,0
train,WEB08027.jpg,WEB,8027,2,Only_Smoke,1,0
train,WEB08028.jpg,WEB,8028,2,Only_Smoke,1,0
train,WEB08029.jpg,WEB,8029,2,Only_Smoke,1,0
train,WEB08031.jpg,WEB,8031,2,Only_Smoke,1,0
train,WEB08032.jpg,WEB,8032,2,Only_Smoke,1,0
train,WEB08033.jpg,WEB,8033,2,Only_Smoke,1,0
train,WEB08034.jpg,WEB,8034,2,Only_Smoke,1,0
train,WEB08035.jpg,WEB,8035,2,Only_Smoke,1,0
train,WEB08036.jpg,WEB,8036,2,Only_Smoke,1,0
train,WEB08037.jpg,WEB,8037,2,Only_Smoke,1,0
train,WEB08039.jpg,WEB,8039,2,Only_Smoke,3,0
train,WEB08040.jpg,WEB,8040,2,Only_Smoke,1,0
train,WEB08043.jpg,WEB,8043,2,Only_Smoke,1,0
train,WEB08045.jpg,WEB,8045,2,Only_Smoke,1,0
train,WEB08046.jpg,WEB,8046,2,Only_Smoke,1,0
train,WEB08047.jpg,WEB,8047,2,Only_Smoke,1,0
train,WEB08048.jpg,WEB,8048,2,Only_Smoke,1,0
train,WEB08049.jpg,WEB,8049,2,Only_Smoke,1,0
train,WEB08051.jpg,WEB,8051,2,Only_Smoke,1,0
train,WEB08053.jpg,WEB,8053,2,Only_Smoke,1,0
train,WEB08054.jpg,WEB,8054,2,Only_Smoke,1,0
train,WEB08055.jpg,WEB,8055,2,Only_Smoke,1,0
train,WEB08057.jpg,WEB,8057,2,Only_Smoke,1,0
train,WEB08058.jpg,WEB,8058,2,Only_Smoke,1,0
train,WEB08059.jpg,WEB,8059,2,Only_Smoke,1,0
train,WEB08060.jpg,WEB,8060,2,Only_Smoke,2,0
train,WEB08061.jpg,WEB,8061,2,Only_Smoke,3,0
train,WEB08063.jpg,WEB,8063,2,Only_Smoke,1,0
train,WEB08065.jpg,WEB,8065,2,Only_Smoke,1,0
train,WEB08066.jpg,WEB,8066,3,Both,1,1
train,WEB08068.jpg,WEB,8068,3,Both,1,1
train,WEB08069.jpg,WEB,8069,2,Only_Smoke,1,0
train,WEB08070.jpg,WEB,8070,2,Only_Smoke,1,0
train,WEB08071.jpg,WEB,8071,2,Only_Smoke,1,0
train,WEB08073.jpg,WEB,8073,2,Only_Smoke,1,0
train,WEB08074.jpg,WEB,8074,2,Only_Smoke,1,0
train,WEB08075.jpg,WEB,8075,2,Only_Smoke,1,0
train,WEB08078.jpg,WEB,8078,2,Only_Smoke,1,0
train,WEB08081.jpg,WEB,8081,2,Only_Smoke,1,0
train,WEB08082.jpg,WEB,8082,2,Only_Smoke,1,0
train,WEB08084.jpg,WEB,8084,2,Only_Smoke,1,0
train,WEB08085.jpg,WEB,8085,2,Only_Smoke,1,0
train,WEB08086.jpg,WEB,8086,2,Only_Smoke,1,0
train,WEB08089.jpg,WEB,8089,2,Only_Smoke,1,0
train,WEB08090.jpg,WEB,8090,2,Only_Smoke,1,0
train,WEB08091.jpg,WEB,8091,2,Only_Smoke,1,0
train,WEB08093.jpg,WEB,8093,2,Only_Smoke,1,0
train,WEB08094.jpg,WEB,8094,2,Only_Smoke,1,0
train,WEB08095.jpg,WEB,8095,2,Only_Smoke,1,0
train,WEB08098.jpg,WEB,8098,2,Only_Smoke,1,0
train,WEB08099.jpg,WEB,8099,2,Only_Smoke,1,0
train,WEB08100.jpg,WEB,8100,2,Only_Smoke,1,0
train,WEB08101.jpg,WEB,8101,2,Only_Smoke,1,0
train,WEB08102.jpg,WEB,8102,2,Only_Smoke,1,0
train,WEB08103.jpg,WEB,8103,2,Only_Smoke,1,0
train,WEB08104.jpg,WEB,8104,2,Only_Smoke,1,0
train,WEB08105.jpg,WEB,8105,2,Only_Smoke,1,0
train,WEB08107.jpg,WEB,8107,3,Both,1,2
train,WEB08108.jpg,WEB,8108,2,Only_Smoke,2,0
train,WEB08109.jpg,WEB,8109,2,Only_Smoke,1,0
train,WEB08110.jpg,WEB,8110,2,Only_Smoke,1,0
train,WEB08111.jpg,WEB,8111,3,Both,1,2
train,WEB08112.jpg,WEB,8112,3,Both,3,2
train,WEB08113.jpg,WEB,8113,2,Only_Smoke,1,0
train,WEB08114.jpg,WEB,8114,2,Only_Smoke,1,0
train,WEB08116.jpg,WEB,8116,2,Only_Smoke,1,0
train,WEB08117.jpg,WEB,8117,2,Only_Smoke,1,0
train,WEB08118.jpg,WEB,8118,2,Only_Smoke,1,0
train,WEB08119.jpg,WEB,8119,3,Both,2,2
train,WEB08120.jpg,WEB,8120,2,Only_Smoke,1,0
train,WEB08121.jpg,WEB,8121,2,Only_Smoke,1,0
train,WEB08122.jpg,WEB,8122,2,Only_Smoke,1,0
train,WEB08123.jpg,WEB,8123,2,Only_Smoke,1,0
train,WEB08125.jpg,WEB,8125,2,Only_Smoke,1,0
train,WEB08126.jpg,WEB,8126,2,Only_Smoke,1,0
train,WEB08127.jpg,WEB,8127,2,Only_Smoke,1,0
train,WEB08128.jpg,WEB,8128,2,Only_Smoke,1,0
train,WEB08130.jpg,WEB,8130,2,Only_Smoke,1,0
train,WEB08131.jpg,WEB,8131,3,Both,1,2
train,WEB08132.jpg,WEB,8132,2,Only_Smoke,1,0
train,WEB08133.jpg,WEB,8133,2,Only_Smoke,1,0
train,WEB08135.jpg,WEB,8135,2,Only_Smoke,1,0
train,WEB08136.jpg,WEB,8136,2,Only_Smoke,1,0
train,WEB08138.jpg,WEB,8138,2,Only_Smoke,1,0
train,WEB08139.jpg,WEB,8139,2,Only_Smoke,1,0
train,WEB08140.jpg,WEB,8140,2,Only_Smoke,1,0
train,WEB08141.jpg,WEB,8141,2,Only_Smoke,1,0
train,WEB08142.jpg,WEB,8142,2,Only_Smoke,1,0
train,WEB08143.jpg,WEB,8143,2,Only_Smoke,1,0
train,WEB08145.jpg,WEB,8145,2,Only_Smoke,1,0
train,WEB08146.jpg,WEB,8146,2,Only_Smoke,1,0
train,WEB08147.jpg,WEB,8147,2,Only_Smoke,1,0
train,WEB08148.jpg,WEB,8148,2,Only_Smoke,1,0
train,WEB08149.jpg,WEB,8149,2,Only_Smoke,1,0
train,WEB08150.jpg,WEB,8150,2,Only_Smoke,1,0
train,WEB08153.jpg,WEB,8153,2,Only_Smoke,1,0
train,WEB08154.jpg,WEB,8154,2,Only_Smoke,1,0
train,WEB08155.jpg,WEB,8155,2,Only_Smoke,1,0
train,WEB08156.jpg,WEB,8156,2,Only_Smoke,1,0
train,WEB08157.jpg,WEB,8157,3,Both,1,1
train,WEB08158.jpg,WEB,8158,2,Only_Smoke,1,0
train,WEB08160.jpg,WEB,8160,2,Only_Smoke,1,0
train,WEB08161.jpg,WEB,8161,2,Only_Smoke,1,0
train,WEB08162.jpg,WEB,8162,2,Only_Smoke,1,0
train,WEB08163.jpg,WEB,8163,2,Only_Smoke,1,0
train,WEB08164.jpg,WEB,8164,2,Only_Smoke,1,0
train,WEB08166.jpg,WEB,8166,2,Only_Smoke,1,0
train,WEB08167.jpg,WEB,8167,2,Only_Smoke,1,0
train,WEB08168.jpg,WEB,8168,2,Only_Smoke,1,0
train,WEB08169.jpg,WEB,8169,2,Only_Smoke,1,0
train,WEB08170.jpg,WEB,8170,2,Only_Smoke,1,0
train,WEB08171.jpg,WEB,8171,2,Only_Smoke,1,0
train,WEB08172.jpg,WEB,8172,2,Only_Smoke,1,0
train,WEB08173.jpg,WEB,8173,2,Only_Smoke,1,0
train,WEB08174.jpg,WEB,8174,2,Only_Smoke,1,0
train,WEB08177.jpg,WEB,8177,2,Only_Smoke,1,0
train,WEB08179.jpg,WEB,8179,2,Only_Smoke,1,0
train,WEB08180.jpg,WEB,8180,2,Only_Smoke,1,0
train,WEB08182.jpg,WEB,8182,2,Only_Smoke,1,0
train,WEB08183.jpg,WEB,8183,2,Only_Smoke,1,0
train,WEB08184.jpg,WEB,8184,2,Only_Smoke,1,0
train,WEB08185.jpg,WEB,8185,2,Only_Smoke,1,0
train,WEB08186.jpg,WEB,8186,2,Only_Smoke,1,0
train,WEB08187.jpg,WEB,8187,2,Only_Smoke,1,0
train,WEB08188.jpg,WEB,8188,2,Only_Smoke,2,0
train,WEB08189.jpg,WEB,8189,2,Only_Smoke,1,0
train,WEB08191.jpg,WEB,8191,2,Only_Smoke,1,0
train,WEB08192.jpg,WEB,8192,2,Only_Smoke,1,0
train,WEB08193.jpg,WEB,8193,2,Only_Smoke,1,0
train,WEB08194.jpg,WEB,8194,2,Only_Smoke,1,0
train,WEB08195.jpg,WEB,8195,3,Both,1,6
train,WEB08196.jpg,WEB,8196,2,Only_Smoke,1,0
train,WEB08197.jpg,WEB,8197,2,Only_Smoke,1,0
train,WEB08198.jpg,WEB,8198,2,Only_Smoke,1,0
train,WEB08199.jpg,WEB,8199,3,Both,1,4
train,WEB08200.jpg,WEB,8200,2,Only_Smoke,2,0
train,WEB08202.jpg,WEB,8202,2,Only_Smoke,1,0
train,WEB08204.jpg,WEB,8204,2,Only_Smoke,1,0
train,WEB08205.jpg,WEB,8205,2,Only_Smoke,2,0
train,WEB08206.jpg,WEB,8206,2,Only_Smoke,1,0
train,WEB08208.jpg,WEB,8208,2,Only_Smoke,1,0
train,WEB08209.jpg,WEB,8209,2,Only_Smoke,1,0
train,WEB08210.jpg,WEB,8210,2,Only_Smoke,1,0
train,WEB08211.jpg,WEB,8211,2,Only_Smoke,1,0
train,WEB08212.jpg,WEB,8212,2,Only_Smoke,1,0
train,WEB08213.jpg,WEB,8213,2,Only_Smoke,1,0
train,WEB08214.jpg,WEB,8214,2,Only_Smoke,1,0
train,WEB08215.jpg,WEB,8215,2,Only_Smoke,2,0
train,WEB08216.jpg,WEB,8216,2,Only_Smoke,2,0
train,WEB08217.jpg,WEB,8217,2,Only_Smoke,2,0
train,WEB08218.jpg,WEB,8218,2,Only_Smoke,1,0
train,WEB08221.jpg,WEB,8221,2,Only_Smoke,3,0
train,WEB08222.jpg,WEB,8222,2,Only_Smoke,3,0
train,WEB08223.jpg,WEB,8223,2,Only_Smoke,3,0
train,WEB08224.jpg,WEB,8224,2,Only_Smoke,2,0
train,WEB08225.jpg,WEB,8225,2,Only_Smoke,2,0
train,WEB08226.jpg,WEB,8226,2,Only_Smoke,1,0
train,WEB08227.jpg,WEB,8227,2,Only_Smoke,1,0
train,WEB08228.jpg,WEB,8228,3,Both,1,1
train,WEB08229.jpg,WEB,8229,2,Only_Smoke,1,0
train,WEB08230.jpg,WEB,8230,2,Only_Smoke,1,0
train,WEB08231.jpg,WEB,8231,2,Only_Smoke,1,0
train,WEB08233.jpg,WEB,8233,2,Only_Smoke,2,0
train,WEB08234.jpg,WEB,8234,2,Only_Smoke,1,0
train,WEB08235.jpg,WEB,8235,2,Only_Smoke,1,0
train,WEB08237.jpg,WEB,8237,2,Only_Smoke,1,0
train,WEB08239.jpg,WEB,8239,3,Both,1,4
train,WEB08240.jpg,WEB,8240,3,Both,1,2
train,WEB08241.jpg,WEB,8241,3,Both,1,1
train,WEB08242.jpg,WEB,8242,2,Only_Smoke,1,0
train,WEB08243.jpg,WEB,8243,3,Both,1,2
train,WEB08244.jpg,WEB,8244,2,Only_Smoke,1,0
train,WEB08246.jpg,WEB,8246,3,Both,1,1
train,WEB08247.jpg,WEB,8247,3,Both,1,1
train,WEB08249.jpg,WEB,8249,3,Both,1,1
train,WEB08251.jpg,WEB,8251,2,Only_Smoke,1,0
train,WEB08252.jpg,WEB,8252,2,Only_Smoke,1,0
train,WEB08253.jpg,WEB,8253,2,Only_Smoke,1,0
train,WEB08254.jpg,WEB,8254,2,Only_Smoke,1,0
train,WEB08255.jpg,WEB,8255,2,Only_Smoke,1,0
train,WEB08256.jpg,WEB,8256,3,Both,1,3
train,WEB08257.jpg,WEB,8257,3,Both,1,2
train,WEB08258.jpg,WEB,8258,3,Both,1,2
train,WEB08260.jpg,WEB,8260,3,Both,1,2
train,WEB08262.jpg,WEB,8262,3,Both,1,3
train,WEB08263.jpg,WEB,8263,3,Both,1,1
train,WEB08264.jpg,WEB,8264,3,Both,1,1
train,WEB08265.jpg,WEB,8265,2,Only_Smoke,1,0
train,WEB08266.jpg,WEB,8266,2,Only_Smoke,1,0
train,WEB08267.jpg,WEB,8267,2,Only_Smoke,1,0
train,WEB08268.jpg,WEB,8268,2,Only_Smoke,1,0
train,WEB08269.jpg,WEB,8269,2,Only_Smoke,1,0
train,WEB08270.jpg,WEB,8270,2,Only_Smoke,1,0
train,WEB08271.jpg,WEB,8271,2,Only_Smoke,1,0
train,WEB08272.jpg,WEB,8272,2,Only_Smoke,1,0
train,WEB08273.jpg,WEB,8273,2,Only_Smoke,1,0
train,WEB08274.jpg,WEB,8274,2,Only_Smoke,1,0
train,WEB08275.jpg,WEB,8275,2,Only_Smoke,1,0
train,WEB08277.jpg,WEB,8277,2,Only_Smoke,1,0
train,WEB08278.jpg,WEB,8278,2,Only_Smoke,1,0
train,WEB08279.jpg,WEB,8279,2,Only_Smoke,1,0
train,WEB08280.jpg,WEB,8280,3,Both,1,4
train,WEB08281.jpg,WEB,8281,2,Only_Smoke,1,0
train,WEB08282.jpg,WEB,8282,2,Only_Smoke,1,0
train,WEB08283.jpg,WEB,8283,2,Only_Smoke,1,0
train,WEB08284.jpg,WEB,8284,2,Only_Smoke,1,0
train,WEB08285.jpg,WEB,8285,2,Only_Smoke,1,0
train,WEB08286.jpg,WEB,8286,2,Only_Smoke,1,0
train,WEB08287.jpg,WEB,8287,2,Only_Smoke,1,0
train,WEB08288.jpg,WEB,8288,2,Only_Smoke,1,0
train,WEB08289.jpg,WEB,8289,2,Only_Smoke,1,0
train,WEB08290.jpg,WEB,8290,2,Only_Smoke,1,0
train,WEB08292.jpg,WEB,8292,3,Both,1,1
train,WEB08293.jpg,WEB,8293,3,Both,1,1
train,WEB08294.jpg,WEB,8294,3,Both,1,2
train,WEB08295.jpg,WEB,8295,3,Both,1,1
train,WEB08296.jpg,WEB,8296,3,Both,1,1
train,WEB08297.jpg,WEB,8297,3,Both,1,1
train,WEB08299.jpg,WEB,8299,3,Both,1,1
train,WEB08301.jpg,WEB,8301,2,Only_Smoke,1,0
train,WEB08303.jpg,WEB,8303,2,Only_Smoke,1,0
train,WEB08304.jpg,WEB,8304,2,Only_Smoke,1,0
train,WEB08307.jpg,WEB,8307,3,Both,1,1
train,WEB08308.jpg,WEB,8308,3,Both,2,1
train,WEB08309.jpg,WEB,8309,3,Both,1,4
train,WEB08310.jpg,WEB,8310,2,Only_Smoke,1,0
train,WEB08311.jpg,WEB,8311,3,Both,1,2
train,WEB08312.jpg,WEB,8312,2,Only_Smoke,1,0
train,WEB08313.jpg,WEB,8313,2,Only_Smoke,1,0
train,WEB08314.jpg,WEB,8314,3,Both,1,7
train,WEB08315.jpg,WEB,8315,3,Both,1,2
train,WEB08316.jpg,WEB,8316,3,Both,1,8
train,WEB08317.jpg,WEB,8317,3,Both,1,5
train,WEB08318.jpg,WEB,8318,2,Only_Smoke,1,0
train,WEB08319.jpg,WEB,8319,2,Only_Smoke,1,0
train,WEB08320.jpg,WEB,8320,3,Both,2,5
train,WEB08321.jpg,WEB,8321,3,Both,1,3
train,WEB08323.jpg,WEB,8323,2,Only_Smoke,1,0
train,WEB08324.jpg,WEB,8324,2,Only_Smoke,1,0
train,WEB08325.jpg,WEB,8325,2,Only_Smoke,1,0
train,WEB08326.jpg,WEB,8326,2,Only_Smoke,1,0
train,WEB08327.jpg,WEB,8327,3,Both,1,1
train,WEB08330.jpg,WEB,8330,2,Only_Smoke,2,0
train,WEB08331.jpg,WEB,8331,2,Only_Smoke,2,0
train,WEB08332.jpg,WEB,8332,2,Only_Smoke,1,0
train,WEB08333.jpg,WEB,8333,2,Only_Smoke,1,0
train,WEB08335.jpg,WEB,8335,2,Only_Smoke,1,0
train,WEB08336.jpg,WEB,8336,2,Only_Smoke,1,0
train,WEB08337.jpg,WEB,8337,2,Only_Smoke,1,0
train,WEB08338.jpg,WEB,8338,2,Only_Smoke,1,0
train,WEB08339.jpg,WEB,8339,2,Only_Smoke,1,0
train,WEB08340.jpg,WEB,8340,2,Only_Smoke,2,0
train,WEB08341.jpg,WEB,8341,2,Only_Smoke,1,0
train,WEB08342.jpg,WEB,8342,2,Only_Smoke,1,0
train,WEB08344.jpg,WEB,8344,2,Only_Smoke,1,0
train,WEB08345.jpg,WEB,8345,2,Only_Smoke,1,0
train,WEB08346.jpg,WEB,8346,2,Only_Smoke,1,0
train,WEB08347.jpg,WEB,8347,3,Both,1,1
train,WEB08349.jpg,WEB,8349,2,Only_Smoke,1,0
train,WEB08350.jpg,WEB,8350,2,Only_Smoke,1,0
train,WEB08352.jpg,WEB,8352,2,Only_Smoke,1,0
train,WEB08353.jpg,WEB,8353,2,Only_Smoke,1,0
train,WEB08354.jpg,WEB,8354,3,Both,1,1
train,WEB08356.jpg,WEB,8356,3,Both,1,2
train,WEB08357.jpg,WEB,8357,2,Only_Smoke,1,0
train,WEB08358.jpg,WEB,8358,3,Both,1,2
train,WEB08359.jpg,WEB,8359,2,Only_Smoke,1,0
train,WEB08360.jpg,WEB,8360,2,Only_Smoke,1,0
train,WEB08361.jpg,WEB,8361,2,Only_Smoke,1,0
train,WEB08362.jpg,WEB,8362,2,Only_Smoke,1,0
train,WEB08363.jpg,WEB,8363,2,Only_Smoke,1,0
train,WEB08364.jpg,WEB,8364,3,Both,1,2
train,WEB08365.jpg,WEB,8365,2,Only_Smoke,1,0
train,WEB08366.jpg,WEB,8366,2,Only_Smoke,1,0
train,WEB08367.jpg,WEB,8367,2,Only_Smoke,2,0
train,WEB08368.jpg,WEB,8368,2,Only_Smoke,1,0
train,WEB08369.jpg,WEB,8369,2,Only_Smoke,1,0
train,WEB08370.jpg,WEB,8370,2,Only_Smoke,1,0
train,WEB08372.jpg,WEB,8372,2,Only_Smoke,1,0
train,WEB08373.jpg,WEB,8373,3,Both,1,7
train,WEB08374.jpg,WEB,8374,2,Only_Smoke,1,0
train,WEB08375.jpg,WEB,8375,3,Both,1,1
train,WEB08376.jpg,WEB,8376,2,Only_Smoke,1,0
train,WEB08378.jpg,WEB,8378,3,Both,1,7
train,WEB08380.jpg,WEB,8380,3,Both,1,6
train,WEB08381.jpg,WEB,8381,3,Both,1,1
train,WEB08382.jpg,WEB,8382,3,Both,2,1
train,WEB08383.jpg,WEB,8383,2,Only_Smoke,1,0
train,WEB08384.jpg,WEB,8384,2,Only_Smoke,2,0
train,WEB08385.jpg,WEB,8385,2,Only_Smoke,1,0
train,WEB08387.jpg,WEB,8387,3,Both,2,1
train,WEB08388.jpg,WEB,8388,2,Only_Smoke,2,0
train,WEB08389.jpg,WEB,8389,3,Both,1,1
train,WEB08390.jpg,WEB,8390,2,Only_Smoke,1,0
train,WEB08391.jpg,WEB,8391,3,Both,1,2
train,WEB08392.jpg,WEB,8392,3,Both,2,1
train,WEB08393.jpg,WEB,8393,3,Both,1,2
train,WEB08394.jpg,WEB,8394,2,Only_Smoke,1,0
train,WEB08395.jpg,WEB,8395,2,Only_Smoke,1,0
train,WEB08396.jpg,WEB,8396,2,Only_Smoke,1,0
train,WEB08397.jpg,WEB,8397,2,Only_Smoke,1,0
train,WEB08398.jpg,WEB,8398,2,Only_Smoke,1,0
train,WEB08399.jpg,WEB,8399,2,Only_Smoke,1,0
train,WEB08400.jpg,WEB,8400,2,Only_Smoke,1,0
train,WEB08401.jpg,WEB,8401,2,Only_Smoke,1,0
train,WEB08402.jpg,WEB,8402,2,Only_Smoke,1,0
train,WEB08404.jpg,WEB,8404,2,Only_Smoke,1,0
train,WEB08407.jpg,WEB,8407,2,Only_Smoke,1,0
train,WEB08408.jpg,WEB,8408,2,Only_Smoke,1,0
train,WEB08409.jpg,WEB,8409,2,Only_Smoke,1,0
train,WEB08410.jpg,WEB,8410,2,Only_Smoke,1,0
train,WEB08411.jpg,WEB,8411,2,Only_Smoke,1,0
train,WEB08412.jpg,WEB,8412,2,Only_Smoke,1,0
train,WEB08413.jpg,WEB,8413,2,Only_Smoke,1,0
train,WEB08414.jpg,WEB,8414,2,Only_Smoke,1,0
train,WEB08415.jpg,WEB,8415,2,Only_Smoke,1,0
train,WEB08416.jpg,WEB,8416,2,Only_Smoke,1,0
train,WEB08417.jpg,WEB,8417,2,Only_Smoke,1,0
train,WEB08418.jpg,WEB,8418,2,Only_Smoke,1,0
train,WEB08419.jpg,WEB,8419,2,Only_Smoke,1,0
train,WEB08420.jpg,WEB,8420,2,Only_Smoke,1,0
train,WEB08421.jpg,WEB,8421,3,Both,1,1
train,WEB08422.jpg,WEB,8422,3,Both,1,1
train,WEB08423.jpg,WEB,8423,2,Only_Smoke,1,0
train,WEB08424.jpg,WEB,8424,2,Only_Smoke,1,0
train,WEB08425.jpg,WEB,8425,2,Only_Smoke,1,0
train,WEB08426.jpg,WEB,8426,2,Only_Smoke,1,0
train,WEB08427.jpg,WEB,8427,3,Both,1,1
train,WEB08428.jpg,WEB,8428,3,Both,1,1
train,WEB08429.jpg,WEB,8429,2,Only_Smoke,1,0
train,WEB08430.jpg,WEB,8430,2,Only_Smoke,1,0
train,WEB08431.jpg,WEB,8431,3,Both,1,2
train,WEB08432.jpg,WEB,8432,3,Both,1,2
train,WEB08434.jpg,WEB,8434,3,Both,1,1
train,WEB08435.jpg,WEB,8435,1,Only_Fire,0,4
train,WEB08437.jpg,WEB,8437,2,Only_Smoke,1,0
train,WEB08438.jpg,WEB,8438,2,Only_Smoke,1,0
train,WEB08439.jpg,WEB,8439,2,Only_Smoke,1,0
train,WEB08440.jpg,WEB,8440,3,Both,1,1
train,WEB08441.jpg,WEB,8441,2,Only_Smoke,1,0
train,WEB08442.jpg,WEB,8442,2,Only_Smoke,1,0
train,WEB08443.jpg,WEB,8443,2,Only_Smoke,1,0
train,WEB08444.jpg,WEB,8444,2,Only_Smoke,1,0
train,WEB08446.jpg,WEB,8446,2,Only_Smoke,1,0
train,WEB08448.jpg,WEB,8448,2,Only_Smoke,1,0
train,WEB08449.jpg,WEB,8449,2,Only_Smoke,2,0
train,WEB08450.jpg,WEB,8450,2,Only_Smoke,1,0
train,WEB08452.jpg,WEB,8452,2,Only_Smoke,1,0
train,WEB08453.jpg,WEB,8453,3,Both,1,1
train,WEB08454.jpg,WEB,8454,2,Only_Smoke,1,0
train,WEB08456.jpg,WEB,8456,2,Only_Smoke,2,0
train,WEB08457.jpg,WEB,8457,2,Only_Smoke,1,0
train,WEB08458.jpg,WEB,8458,2,Only_Smoke,2,0
train,WEB08459.jpg,WEB,8459,2,Only_Smoke,1,0
train,WEB08460.jpg,WEB,8460,3,Both,1,2
train,WEB08461.jpg,WEB,8461,3,Both,1,3
train,WEB08462.jpg,WEB,8462,2,Only_Smoke,1,0
train,WEB08463.jpg,WEB,8463,3,Both,1,1
train,WEB08465.jpg,WEB,8465,3,Both,1,1
train,WEB08466.jpg,WEB,8466,2,Only_Smoke,1,0
train,WEB08467.jpg,WEB,8467,2,Only_Smoke,1,0
train,WEB08468.jpg,WEB,8468,2,Only_Smoke,1,0
train,WEB08469.jpg,WEB,8469,2,Only_Smoke,1,0
train,WEB08470.jpg,WEB,8470,2,Only_Smoke,1,0
train,WEB08471.jpg,WEB,8471,2,Only_Smoke,1,0
train,WEB08473.jpg,WEB,8473,3,Both,1,1
train,WEB08474.jpg,WEB,8474,2,Only_Smoke,1,0
train,WEB08475.jpg,WEB,8475,2,Only_Smoke,1,0
train,WEB08476.jpg,WEB,8476,3,Both,1,1
train,WEB08477.jpg,WEB,8477,2,Only_Smoke,1,0
train,WEB08479.jpg,WEB,8479,2,Only_Smoke,1,0
train,WEB08480.jpg,WEB,8480,2,Only_Smoke,1,0
train,WEB08481.jpg,WEB,8481,3,Both,1,2
train,WEB08482.jpg,WEB,8482,3,Both,1,1
train,WEB08483.jpg,WEB,8483,3,Both,1,1
train,WEB08485.jpg,WEB,8485,2,Only_Smoke,1,0
train,WEB08486.jpg,WEB,8486,2,Only_Smoke,1,0
train,WEB08487.jpg,WEB,8487,2,Only_Smoke,1,0
train,WEB08489.jpg,WEB,8489,2,Only_Smoke,1,0
train,WEB08490.jpg,WEB,8490,2,Only_Smoke,1,0
train,WEB08491.jpg,WEB,8491,2,Only_Smoke,4,0
train,WEB08492.jpg,WEB,8492,2,Only_Smoke,3,0
train,WEB08493.jpg,WEB,8493,2,Only_Smoke,1,0
train,WEB08494.jpg,WEB,8494,2,Only_Smoke,1,0
train,WEB08495.jpg,WEB,8495,2,Only_Smoke,1,0
train,WEB08496.jpg,WEB,8496,2,Only_Smoke,1,0
train,WEB08497.jpg,WEB,8497,2,Only_Smoke,3,0
train,WEB08501.jpg,WEB,8501,2,Only_Smoke,1,0
train,WEB08502.jpg,WEB,8502,2,Only_Smoke,1,0
train,WEB08503.jpg,WEB,8503,2,Only_Smoke,1,0
train,WEB08504.jpg,WEB,8504,2,Only_Smoke,1,0
train,WEB08505.jpg,WEB,8505,2,Only_Smoke,1,0
train,WEB08506.jpg,WEB,8506,2,Only_Smoke,1,0
train,WEB08507.jpg,WEB,8507,2,Only_Smoke,1,0
train,WEB08508.jpg,WEB,8508,2,Only_Smoke,1,0
train,WEB08509.jpg,WEB,8509,2,Only_Smoke,2,0
train,WEB08510.jpg,WEB,8510,2,Only_Smoke,1,0
train,WEB08511.jpg,WEB,8511,2,Only_Smoke,1,0
train,WEB08512.jpg,WEB,8512,2,Only_Smoke,1,0
train,WEB08513.jpg,WEB,8513,2,Only_Smoke,1,0
train,WEB08515.jpg,WEB,8515,2,Only_Smoke,1,0
train,WEB08516.jpg,WEB,8516,2,Only_Smoke,1,0
train,WEB08517.jpg,WEB,8517,2,Only_Smoke,1,0
train,WEB08518.jpg,WEB,8518,2,Only_Smoke,1,0
train,WEB08519.jpg,WEB,8519,2,Only_Smoke,1,0
train,WEB08520.jpg,WEB,8520,2,Only_Smoke,1,0
train,WEB08521.jpg,WEB,8521,2,Only_Smoke,1,0
train,WEB08522.jpg,WEB,8522,2,Only_Smoke,1,0
train,WEB08523.jpg,WEB,8523,2,Only_Smoke,1,0
train,WEB08524.jpg,WEB,8524,2,Only_Smoke,1,0
train,WEB08525.jpg,WEB,8525,2,Only_Smoke,1,0
train,WEB08526.jpg,WEB,8526,2,Only_Smoke,1,0
train,WEB08527.jpg,WEB,8527,2,Only_Smoke,1,0
train,WEB08528.jpg,WEB,8528,2,Only_Smoke,1,0
train,WEB08529.jpg,WEB,8529,2,Only_Smoke,1,0
train,WEB08530.jpg,WEB,8530,2,Only_Smoke,1,0
train,WEB08531.jpg,WEB,8531,2,Only_Smoke,1,0
train,WEB08532.jpg,WEB,8532,2,Only_Smoke,1,0
train,WEB08533.jpg,WEB,8533,2,Only_Smoke,1,0
train,WEB08534.jpg,WEB,8534,2,Only_Smoke,1,0
train,WEB08535.jpg,WEB,8535,2,Only_Smoke,1,0
train,WEB08536.jpg,WEB,8536,2,Only_Smoke,1,0
train,WEB08537.jpg,WEB,8537,3,Both,1,1
train,WEB08538.jpg,WEB,8538,3,Both,3,3
train,WEB08541.jpg,WEB,8541,3,Both,1,1
train,WEB08543.jpg,WEB,8543,2,Only_Smoke,1,0
train,WEB08544.jpg,WEB,8544,2,Only_Smoke,1,0
train,WEB08546.jpg,WEB,8546,3,Both,1,3
train,WEB08547.jpg,WEB,8547,3,Both,1,1
train,WEB08549.jpg,WEB,8549,2,Only_Smoke,1,0
train,WEB08550.jpg,WEB,8550,3,Both,1,3
train,WEB08551.jpg,WEB,8551,2,Only_Smoke,1,0
train,WEB08552.jpg,WEB,8552,3,Both,1,6
train,WEB08554.jpg,WEB,8554,2,Only_Smoke,1,0
train,WEB08555.jpg,WEB,8555,2,Only_Smoke,1,0
train,WEB08556.jpg,WEB,8556,2,Only_Smoke,1,0
train,WEB08557.jpg,WEB,8557,2,Only_Smoke,1,0
train,WEB08558.jpg,WEB,8558,2,Only_Smoke,1,0
train,WEB08559.jpg,WEB,8559,3,Both,1,2
train,WEB08561.jpg,WEB,8561,3,Both,1,2
train,WEB08562.jpg,WEB,8562,3,Both,1,1
train,WEB08564.jpg,WEB,8564,3,Both,1,1
train,WEB08566.jpg,WEB,8566,2,Only_Smoke,1,0
train,WEB08567.jpg,WEB,8567,2,Only_Smoke,1,0
train,WEB08569.jpg,WEB,8569,2,Only_Smoke,1,0
train,WEB08570.jpg,WEB,8570,2,Only_Smoke,1,0
train,WEB08571.jpg,WEB,8571,2,Only_Smoke,1,0
train,WEB08572.jpg,WEB,8572,3,Both,1,1
train,WEB08574.jpg,WEB,8574,2,Only_Smoke,1,0
train,WEB08575.jpg,WEB,8575,2,Only_Smoke,1,0
train,WEB08576.jpg,WEB,8576,2,Only_Smoke,1,0
train,WEB08577.jpg,WEB,8577,2,Only_Smoke,1,0
train,WEB08578.jpg,WEB,8578,2,Only_Smoke,1,0
train,WEB08579.jpg,WEB,8579,2,Only_Smoke,1,0
train,WEB08580.jpg,WEB,8580,2,Only_Smoke,1,0
train,WEB08581.jpg,WEB,8581,2,Only_Smoke,1,0
train,WEB08582.jpg,WEB,8582,2,Only_Smoke,1,0
train,WEB08583.jpg,WEB,8583,3,Both,1,2
train,WEB08584.jpg,WEB,8584,3,Both,1,3
train,WEB08585.jpg,WEB,8585,2,Only_Smoke,1,0
train,WEB08586.jpg,WEB,8586,3,Both,1,1
train,WEB08588.jpg,WEB,8588,2,Only_Smoke,1,0
train,WEB08589.jpg,WEB,8589,2,Only_Smoke,1,0
train,WEB08590.jpg,WEB,8590,2,Only_Smoke,1,0
train,WEB08594.jpg,WEB,8594,2,Only_Smoke,1,0
train,WEB08596.jpg,WEB,8596,2,Only_Smoke,1,0
train,WEB08597.jpg,WEB,8597,2,Only_Smoke,1,0
train,WEB08600.jpg,WEB,8600,2,Only_Smoke,3,0
train,WEB08601.jpg,WEB,8601,2,Only_Smoke,3,0
train,WEB08602.jpg,WEB,8602,2,Only_Smoke,2,0
train,WEB08603.jpg,WEB,8603,2,Only_Smoke,3,0
train,WEB08605.jpg,WEB,8605,2,Only_Smoke,1,0
train,WEB08606.jpg,WEB,8606,2,Only_Smoke,1,0
train,WEB08607.jpg,WEB,8607,2,Only_Smoke,5,0
train,WEB08609.jpg,WEB,8609,2,Only_Smoke,1,0
train,WEB08610.jpg,WEB,8610,2,Only_Smoke,1,0
train,WEB08611.jpg,WEB,8611,2,Only_Smoke,2,0
train,WEB08612.jpg,WEB,8612,2,Only_Smoke,1,0
train,WEB08613.jpg,WEB,8613,2,Only_Smoke,1,0
train,WEB08615.jpg,WEB,8615,2,Only_Smoke,1,0
train,WEB08616.jpg,WEB,8616,2,Only_Smoke,1,0
train,WEB08618.jpg,WEB,8618,2,Only_Smoke,1,0
train,WEB08619.jpg,WEB,8619,2,Only_Smoke,2,0
train,WEB08620.jpg,WEB,8620,2,Only_Smoke,1,0
train,WEB08621.jpg,WEB,8621,2,Only_Smoke,1,0
train,WEB08622.jpg,WEB,8622,2,Only_Smoke,1,0
train,WEB08623.jpg,WEB,8623,2,Only_Smoke,1,0
train,WEB08624.jpg,WEB,8624,3,Both,1,2
train,WEB08625.jpg,WEB,8625,3,Both,1,2
train,WEB08627.jpg,WEB,8627,3,Both,1,1
train,WEB08628.jpg,WEB,8628,2,Only_Smoke,1,0
train,WEB08629.jpg,WEB,8629,2,Only_Smoke,1,0
train,WEB08630.jpg,WEB,8630,2,Only_Smoke,1,0
train,WEB08631.jpg,WEB,8631,2,Only_Smoke,1,0
train,WEB08632.jpg,WEB,8632,2,Only_Smoke,1,0
train,WEB08633.jpg,WEB,8633,3,Both,1,2
train,WEB08634.jpg,WEB,8634,3,Both,2,4
train,WEB08635.jpg,WEB,8635,3,Both,1,3
train,WEB08636.jpg,WEB,8636,3,Both,1,1
train,WEB08637.jpg,WEB,8637,2,Only_Smoke,1,0
train,WEB08638.jpg,WEB,8638,3,Both,2,3
train,WEB08639.jpg,WEB,8639,3,Both,2,1
train,WEB08640.jpg,WEB,8640,3,Both,1,1
train,WEB08643.jpg,WEB,8643,1,Only_Fire,0,3
train,WEB08644.jpg,WEB,8644,3,Both,2,2
train,WEB08645.jpg,WEB,8645,3,Both,1,1
train,WEB08646.jpg,WEB,8646,3,Both,2,4
train,WEB08647.jpg,WEB,8647,2,Only_Smoke,1,0
train,WEB08648.jpg,WEB,8648,2,Only_Smoke,1,0
train,WEB08649.jpg,WEB,8649,2,Only_Smoke,1,0
train,WEB08650.jpg,WEB,8650,3,Both,1,3
train,WEB08652.jpg,WEB,8652,3,Both,1,2
train,WEB08654.jpg,WEB,8654,3,Both,1,1
train,WEB08655.jpg,WEB,8655,2,Only_Smoke,1,0
train,WEB08656.jpg,WEB,8656,2,Only_Smoke,1,0
train,WEB08657.jpg,WEB,8657,3,Both,1,2
train,WEB08658.jpg,WEB,8658,3,Both,1,2
train,WEB08659.jpg,WEB,8659,3,Both,1,2
train,WEB08661.jpg,WEB,8661,2,Only_Smoke,1,0
train,WEB08664.jpg,WEB,8664,2,Only_Smoke,1,0
train,WEB08665.jpg,WEB,8665,3,Both,1,1
train,WEB08667.jpg,WEB,8667,2,Only_Smoke,1,0
train,WEB08668.jpg,WEB,8668,2,Only_Smoke,1,0
train,WEB08669.jpg,WEB,8669,2,Only_Smoke,1,0
train,WEB08670.jpg,WEB,8670,2,Only_Smoke,1,0
train,WEB08671.jpg,WEB,8671,3,Both,1,1
train,WEB08672.jpg,WEB,8672,2,Only_Smoke,1,0
train,WEB08673.jpg,WEB,8673,2,Only_Smoke,1,0
train,WEB08674.jpg,WEB,8674,2,Only_Smoke,1,0
train,WEB08675.jpg,WEB,8675,2,Only_Smoke,1,0
train,WEB08676.jpg,WEB,8676,2,Only_Smoke,1,0
train,WEB08677.jpg,WEB,8677,2,Only_Smoke,1,0
train,WEB08679.jpg,WEB,8679,1,Only_Fire,0,4
train,WEB08680.jpg,WEB,8680,2,Only_Smoke,1,0
train,WEB08681.jpg,WEB,8681,2,Only_Smoke,1,0
train,WEB08682.jpg,WEB,8682,2,Only_Smoke,1,0
train,WEB08683.jpg,WEB,8683,3,Both,1,1
train,WEB08684.jpg,WEB,8684,2,Only_Smoke,1,0
train,WEB08685.jpg,WEB,8685,2,Only_Smoke,1,0
train,WEB08686.jpg,WEB,8686,2,Only_Smoke,2,0
train,WEB08687.jpg,WEB,8687,2,Only_Smoke,1,0
train,WEB08689.jpg,WEB,8689,2,Only_Smoke,1,0
train,WEB08692.jpg,WEB,8692,3,Both,1,2
train,WEB08693.jpg,WEB,8693,2,Only_Smoke,1,0
train,WEB08694.jpg,WEB,8694,2,Only_Smoke,1,0
train,WEB08695.jpg,WEB,8695,3,Both,1,2
train,WEB08696.jpg,WEB,8696,3,Both,1,1
train,WEB08697.jpg,WEB,8697,3,Both,1,1
train,WEB08698.jpg,WEB,8698,3,Both,1,1
train,WEB08699.jpg,WEB,8699,3,Both,1,1
train,WEB08700.jpg,WEB,8700,3,Both,1,1
train,WEB08703.jpg,WEB,8703,3,Both,1,2
train,WEB08704.jpg,WEB,8704,3,Both,1,1
train,WEB08705.jpg,WEB,8705,3,Both,1,1
train,WEB08706.jpg,WEB,8706,2,Only_Smoke,1,0
train,WEB08707.jpg,WEB,8707,2,Only_Smoke,1,0
train,WEB08708.jpg,WEB,8708,2,Only_Smoke,1,0
train,WEB08711.jpg,WEB,8711,2,Only_Smoke,1,0
train,WEB08712.jpg,WEB,8712,2,Only_Smoke,1,0
train,WEB08713.jpg,WEB,8713,2,Only_Smoke,1,0
train,WEB08714.jpg,WEB,8714,2,Only_Smoke,1,0
train,WEB08715.jpg,WEB,8715,3,Both,1,1
train,WEB08716.jpg,WEB,8716,1,Only_Fire,0,1
train,WEB08718.jpg,WEB,8718,3,Both,1,2
train,WEB08720.jpg,WEB,8720,2,Only_Smoke,1,0
train,WEB08721.jpg,WEB,8721,2,Only_Smoke,1,0
train,WEB08723.jpg,WEB,8723,2,Only_Smoke,1,0
train,WEB08724.jpg,WEB,8724,3,Both,1,1
train,WEB08725.jpg,WEB,8725,2,Only_Smoke,1,0
train,WEB08727.jpg,WEB,8727,2,Only_Smoke,1,0
train,WEB08728.jpg,WEB,8728,2,Only_Smoke,1,0
train,WEB08729.jpg,WEB,8729,2,Only_Smoke,1,0
train,WEB08730.jpg,WEB,8730,3,Both,1,2
train,WEB08731.jpg,WEB,8731,2,Only_Smoke,1,0
train,WEB08732.jpg,WEB,8732,2,Only_Smoke,1,0
train,WEB08733.jpg,WEB,8733,2,Only_Smoke,1,0
train,WEB08734.jpg,WEB,8734,2,Only_Smoke,1,0
train,WEB08736.jpg,WEB,8736,3,Both,1,1
train,WEB08737.jpg,WEB,8737,2,Only_Smoke,1,0
train,WEB08738.jpg,WEB,8738,3,Both,1,1
train,WEB08739.jpg,WEB,8739,2,Only_Smoke,1,0
train,WEB08740.jpg,WEB,8740,2,Only_Smoke,1,0
train,WEB08743.jpg,WEB,8743,2,Only_Smoke,1,0
train,WEB08744.jpg,WEB,8744,2,Only_Smoke,1,0
train,WEB08745.jpg,WEB,8745,2,Only_Smoke,1,0
train,WEB08747.jpg,WEB,8747,2,Only_Smoke,1,0
train,WEB08748.jpg,WEB,8748,2,Only_Smoke,1,0
train,WEB08749.jpg,WEB,8749,2,Only_Smoke,1,0
train,WEB08750.jpg,WEB,8750,2,Only_Smoke,2,0
train,WEB08751.jpg,WEB,8751,2,Only_Smoke,1,0
train,WEB08753.jpg,WEB,8753,2,Only_Smoke,1,0
train,WEB08754.jpg,WEB,8754,3,Both,1,1
train,WEB08755.jpg,WEB,8755,3,Both,2,6
train,WEB08756.jpg,WEB,8756,3,Both,2,5
train,WEB08757.jpg,WEB,8757,3,Both,2,6
train,WEB08758.jpg,WEB,8758,3,Both,1,3
train,WEB08759.jpg,WEB,8759,3,Both,1,1
train,WEB08760.jpg,WEB,8760,3,Both,1,1
train,WEB08761.jpg,WEB,8761,3,Both,1,1
train,WEB08763.jpg,WEB,8763,3,Both,1,1
train,WEB08765.jpg,WEB,8765,3,Both,1,1
train,WEB08766.jpg,WEB,8766,2,Only_Smoke,1,0
train,WEB08767.jpg,WEB,8767,2,Only_Smoke,1,0
train,WEB08768.jpg,WEB,8768,2,Only_Smoke,1,0
train,WEB08769.jpg,WEB,8769,2,Only_Smoke,1,0
train,WEB08770.jpg,WEB,8770,2,Only_Smoke,1,0
train,WEB08772.jpg,WEB,8772,2,Only_Smoke,1,0
train,WEB08773.jpg,WEB,8773,2,Only_Smoke,1,0
train,WEB08774.jpg,WEB,8774,2,Only_Smoke,1,0
train,WEB08775.jpg,WEB,8775,2,Only_Smoke,1,0
train,WEB08776.jpg,WEB,8776,2,Only_Smoke,1,0
train,WEB08778.jpg,WEB,8778,2,Only_Smoke,1,0
train,WEB08779.jpg,WEB,8779,3,Both,1,1
train,WEB08780.jpg,WEB,8780,2,Only_Smoke,1,0
train,WEB08781.jpg,WEB,8781,2,Only_Smoke,1,0
train,WEB08782.jpg,WEB,8782,2,Only_Smoke,1,0
train,WEB08784.jpg,WEB,8784,2,Only_Smoke,1,0
train,WEB08789.jpg,WEB,8789,3,Both,1,1
train,WEB08790.jpg,WEB,8790,3,Both,1,1
train,WEB08791.jpg,WEB,8791,3,Both,1,1
train,WEB08793.jpg,WEB,8793,2,Only_Smoke,1,0
train,WEB08794.jpg,WEB,8794,2,Only_Smoke,1,0
train,WEB08795.jpg,WEB,8795,2,Only_Smoke,1,0
train,WEB08796.jpg,WEB,8796,2,Only_Smoke,1,0
train,WEB08797.jpg,WEB,8797,2,Only_Smoke,1,0
train,WEB08798.jpg,WEB,8798,2,Only_Smoke,1,0
train,WEB08800.jpg,WEB,8800,2,Only_Smoke,1,0
train,WEB08801.jpg,WEB,8801,2,Only_Smoke,1,0
train,WEB08802.jpg,WEB,8802,2,Only_Smoke,1,0
train,WEB08803.jpg,WEB,8803,2,Only_Smoke,1,0
train,WEB08807.jpg,WEB,8807,2,Only_Smoke,1,0
train,WEB08808.jpg,WEB,8808,3,Both,1,3
train,WEB08809.jpg,WEB,8809,2,Only_Smoke,1,0
train,WEB08810.jpg,WEB,8810,3,Both,1,1
train,WEB08811.jpg,WEB,8811,3,Both,1,1
train,WEB08812.jpg,WEB,8812,3,Both,1,1
train,WEB08813.jpg,WEB,8813,3,Both,1,1
train,WEB08814.jpg,WEB,8814,3,Both,1,1
train,WEB08815.jpg,WEB,8815,3,Both,1,1
train,WEB08816.jpg,WEB,8816,3,Both,1,1
train,WEB08818.jpg,WEB,8818,3,Both,1,1
train,WEB08819.jpg,WEB,8819,3,Both,1,1
train,WEB08820.jpg,WEB,8820,3,Both,1,1
train,WEB08821.jpg,WEB,8821,3,Both,1,1
train,WEB08822.jpg,WEB,8822,3,Both,1,1
train,WEB08823.jpg,WEB,8823,3,Both,1,1
train,WEB08825.jpg,WEB,8825,3,Both,1,1
train,WEB08827.jpg,WEB,8827,3,Both,1,1
train,WEB08828.jpg,WEB,8828,3,Both,1,5
train,WEB08829.jpg,WEB,8829,3,Both,1,4
train,WEB08830.jpg,WEB,8830,2,Only_Smoke,2,0
train,WEB08831.jpg,WEB,8831,2,Only_Smoke,2,0
train,WEB08832.jpg,WEB,8832,2,Only_Smoke,2,0
train,WEB08833.jpg,WEB,8833,2,Only_Smoke,1,0
train,WEB08834.jpg,WEB,8834,2,Only_Smoke,1,0
train,WEB08835.jpg,WEB,8835,2,Only_Smoke,1,0
train,WEB08836.jpg,WEB,8836,2,Only_Smoke,1,0
train,WEB08838.jpg,WEB,8838,1,Only_Fire,0,1
train,WEB08840.jpg,WEB,8840,2,Only_Smoke,1,0
train,WEB08841.jpg,WEB,8841,2,Only_Smoke,2,0
train,WEB08842.jpg,WEB,8842,2,Only_Smoke,2,0
train,WEB08843.jpg,WEB,8843,3,Both,1,2
train,WEB08844.jpg,WEB,8844,3,Both,1,1
train,WEB08846.jpg,WEB,8846,3,Both,1,3
train,WEB08847.jpg,WEB,8847,3,Both,1,3
train,WEB08849.jpg,WEB,8849,3,Both,2,2
train,WEB08850.jpg,WEB,8850,3,Both,2,2
train,WEB08851.jpg,WEB,8851,3,Both,2,1
train,WEB08852.jpg,WEB,8852,2,Only_Smoke,1,0
train,WEB08853.jpg,WEB,8853,2,Only_Smoke,1,0
train,WEB08854.jpg,WEB,8854,2,Only_Smoke,1,0
train,WEB08855.jpg,WEB,8855,3,Both,1,1
train,WEB08856.jpg,WEB,8856,3,Both,1,3
train,WEB08857.jpg,WEB,8857,2,Only_Smoke,1,0
train,WEB08858.jpg,WEB,8858,2,Only_Smoke,1,0
train,WEB08860.jpg,WEB,8860,2,Only_Smoke,1,0
train,WEB08861.jpg,WEB,8861,2,Only_Smoke,2,0
train,WEB08862.jpg,WEB,8862,2,Only_Smoke,2,0
train,WEB08863.jpg,WEB,8863,2,Only_Smoke,2,0
train,WEB08864.jpg,WEB,8864,3,Both,1,1
train,WEB08865.jpg,WEB,8865,2,Only_Smoke,1,0
train,WEB08866.jpg,WEB,8866,3,Both,1,1
train,WEB08867.jpg,WEB,8867,3,Both,1,1
train,WEB08868.jpg,WEB,8868,3,Both,1,1
train,WEB08870.jpg,WEB,8870,3,Both,1,1
train,WEB08871.jpg,WEB,8871,3,Both,1,1
train,WEB08873.jpg,WEB,8873,3,Both,1,1
train,WEB08874.jpg,WEB,8874,3,Both,1,1
train,WEB08875.jpg,WEB,8875,3,Both,1,1
train,WEB08876.jpg,WEB,8876,3,Both,1,1
train,WEB08878.jpg,WEB,8878,3,Both,1,1
train,WEB08879.jpg,WEB,8879,3,Both,1,1
train,WEB08880.jpg,WEB,8880,2,Only_Smoke,1,0
train,WEB08881.jpg,WEB,8881,2,Only_Smoke,1,0
train,WEB08882.jpg,WEB,8882,3,Both,1,1
train,WEB08883.jpg,WEB,8883,2,Only_Smoke,1,0
train,WEB08884.jpg,WEB,8884,3,Both,1,1
train,WEB08885.jpg,WEB,8885,3,Both,1,1
train,WEB08887.jpg,WEB,8887,3,Both,1,1
train,WEB08888.jpg,WEB,8888,3,Both,1,1
train,WEB08889.jpg,WEB,8889,3,Both,1,1
train,WEB08890.jpg,WEB,8890,3,Both,1,1
train,WEB08891.jpg,WEB,8891,2,Only_Smoke,1,0
train,WEB08892.jpg,WEB,8892,2,Only_Smoke,1,0
train,WEB08893.jpg,WEB,8893,2,Only_Smoke,1,0
train,WEB08895.jpg,WEB,8895,3,Both,1,1
train,WEB08896.jpg,WEB,8896,3,Both,1,1
train,WEB08897.jpg,WEB,8897,3,Both,1,1
train,WEB08898.jpg,WEB,8898,2,Only_Smoke,1,0
train,WEB08899.jpg,WEB,8899,2,Only_Smoke,1,0
train,WEB08900.jpg,WEB,8900,3,Both,1,1
train,WEB08901.jpg,WEB,8901,3,Both,1,1
train,WEB08902.jpg,WEB,8902,2,Only_Smoke,1,0
train,WEB08903.jpg,WEB,8903,2,Only_Smoke,1,0
train,WEB08905.jpg,WEB,8905,3,Both,1,1
train,WEB08906.jpg,WEB,8906,3,Both,1,1
train,WEB08907.jpg,WEB,8907,3,Both,1,1
train,WEB08909.jpg,WEB,8909,2,Only_Smoke,1,0
train,WEB08910.jpg,WEB,8910,3,Both,1,1
train,WEB08911.jpg,WEB,8911,3,Both,1,1
train,WEB08912.jpg,WEB,8912,3,Both,1,1
train,WEB08913.jpg,WEB,8913,3,Both,1,1
train,WEB08914.jpg,WEB,8914,3,Both,1,1
train,WEB08915.jpg,WEB,8915,3,Both,1,1
train,WEB08916.jpg,WEB,8916,3,Both,1,1
train,WEB08917.jpg,WEB,8917,2,Only_Smoke,1,0
train,WEB08920.jpg,WEB,8920,2,Only_Smoke,1,0
train,WEB08921.jpg,WEB,8921,3,Both,1,2
train,WEB08922.jpg,WEB,8922,3,Both,1,2
train,WEB08923.jpg,WEB,8923,3,Both,1,2
train,WEB08925.jpg,WEB,8925,3,Both,1,2
train,WEB08927.jpg,WEB,8927,3,Both,1,2
train,WEB08928.jpg,WEB,8928,2,Only_Smoke,1,0
train,WEB08929.jpg,WEB,8929,3,Both,1,2
train,WEB08930.jpg,WEB,8930,3,Both,1,1
train,WEB08931.jpg,WEB,8931,3,Both,1,2
train,WEB08932.jpg,WEB,8932,3,Both,1,1
train,WEB08933.jpg,WEB,8933,2,Only_Smoke,1,0
train,WEB08934.jpg,WEB,8934,3,Both,1,2
train,WEB08935.jpg,WEB,8935,3,Both,1,1
train,WEB08936.jpg,WEB,8936,1,Only_Fire,0,1
train,WEB08939.jpg,WEB,8939,2,Only_Smoke,1,0
train,WEB08940.jpg,WEB,8940,3,Both,1,1
train,WEB08941.jpg,WEB,8941,3,Both,1,1
train,WEB08942.jpg,WEB,8942,3,Both,1,1
train,WEB08943.jpg,WEB,8943,3,Both,1,1
train,WEB08944.jpg,WEB,8944,3,Both,1,1
train,WEB08945.jpg,WEB,8945,3,Both,1,1
train,WEB08946.jpg,WEB,8946,3,Both,1,1
train,WEB08947.jpg,WEB,8947,3,Both,1,1
train,WEB08949.jpg,WEB,8949,3,Both,1,3
train,WEB08950.jpg,WEB,8950,1,Only_Fire,0,1
train,WEB08951.jpg,WEB,8951,2,Only_Smoke,1,0
train,WEB08954.jpg,WEB,8954,3,Both,2,1
train,WEB08955.jpg,WEB,8955,3,Both,1,2
train,WEB08956.jpg,WEB,8956,3,Both,1,2
train,WEB08957.jpg,WEB,8957,3,Both,1,2
train,WEB08959.jpg,WEB,8959,3,Both,1,1
train,WEB08960.jpg,WEB,8960,3,Both,1,3
train,WEB08962.jpg,WEB,8962,3,Both,1,2
train,WEB08963.jpg,WEB,8963,3,Both,1,1
train,WEB08964.jpg,WEB,8964,3,Both,1,1
train,WEB08965.jpg,WEB,8965,2,Only_Smoke,1,0
train,WEB08966.jpg,WEB,8966,3,Both,1,1
train,WEB08967.jpg,WEB,8967,3,Both,1,2
train,WEB08968.jpg,WEB,8968,3,Both,1,1
train,WEB08970.jpg,WEB,8970,3,Both,1,2
train,WEB08971.jpg,WEB,8971,3,Both,1,2
train,WEB08974.jpg,WEB,8974,2,Only_Smoke,1,0
train,WEB08975.jpg,WEB,8975,2,Only_Smoke,1,0
train,WEB08976.jpg,WEB,8976,2,Only_Smoke,1,0
train,WEB08977.jpg,WEB,8977,2,Only_Smoke,1,0
train,WEB08978.jpg,WEB,8978,2,Only_Smoke,1,0
train,WEB08979.jpg,WEB,8979,2,Only_Smoke,1,0
train,WEB08980.jpg,WEB,8980,2,Only_Smoke,1,0
train,WEB08981.jpg,WEB,8981,2,Only_Smoke,1,0
train,WEB08982.jpg,WEB,8982,2,Only_Smoke,1,0
train,WEB08983.jpg,WEB,8983,2,Only_Smoke,1,0
train,WEB08984.jpg,WEB,8984,3,Both,2,1
train,WEB08985.jpg,WEB,8985,2,Only_Smoke,1,0
train,WEB08986.jpg,WEB,8986,2,Only_Smoke,2,0
train,WEB08987.jpg,WEB,8987,3,Both,1,3
train,WEB08988.jpg,WEB,8988,2,Only_Smoke,1,0
train,WEB08989.jpg,WEB,8989,2,Only_Smoke,1,0
train,WEB08990.jpg,WEB,8990,2,Only_Smoke,1,0
train,WEB08991.jpg,WEB,8991,2,Only_Smoke,3,0
train,WEB08992.jpg,WEB,8992,3,Both,1,1
train,WEB08993.jpg,WEB,8993,3,Both,1,2
train,WEB08995.jpg,WEB,8995,3,Both,1,1
train,WEB08996.jpg,WEB,8996,3,Both,2,1
train,WEB08997.jpg,WEB,8997,2,Only_Smoke,1,0
train,WEB08998.jpg,WEB,8998,2,Only_Smoke,1,0
train,WEB08999.jpg,WEB,8999,2,Only_Smoke,1,0
train,WEB09000.jpg,WEB,9000,3,Both,1,2
train,WEB09001.jpg,WEB,9001,2,Only_Smoke,1,0
train,WEB09002.jpg,WEB,9002,2,Only_Smoke,1,0
train,WEB09003.jpg,WEB,9003,2,Only_Smoke,1,0
train,WEB09004.jpg,WEB,9004,2,Only_Smoke,1,0
train,WEB09005.jpg,WEB,9005,2,Only_Smoke,1,0
train,WEB09006.jpg,WEB,9006,2,Only_Smoke,1,0
train,WEB09007.jpg,WEB,9007,2,Only_Smoke,1,0
train,WEB09008.jpg,WEB,9008,2,Only_Smoke,1,0
train,WEB09009.jpg,WEB,9009,2,Only_Smoke,1,0
train,WEB09010.jpg,WEB,9010,2,Only_Smoke,1,0
train,WEB09012.jpg,WEB,9012,2,Only_Smoke,1,0
train,WEB09013.jpg,WEB,9013,3,Both,1,1
train,WEB09014.jpg,WEB,9014,2,Only_Smoke,1,0
train,WEB09015.jpg,WEB,9015,2,Only_Smoke,1,0
train,WEB09016.jpg,WEB,9016,2,Only_Smoke,1,0
train,WEB09017.jpg,WEB,9017,2,Only_Smoke,1,0
train,WEB09018.jpg,WEB,9018,2,Only_Smoke,1,0
train,WEB09019.jpg,WEB,9019,1,Only_Fire,0,1
train,WEB09020.jpg,WEB,9020,3,Both,1,1
train,WEB09021.jpg,WEB,9021,3,Both,1,1
train,WEB09022.jpg,WEB,9022,3,Both,1,1
train,WEB09023.jpg,WEB,9023,3,Both,1,1
train,WEB09024.jpg,WEB,9024,3,Both,1,1
train,WEB09025.jpg,WEB,9025,2,Only_Smoke,1,0
train,WEB09026.jpg,WEB,9026,2,Only_Smoke,1,0
train,WEB09027.jpg,WEB,9027,2,Only_Smoke,1,0
train,WEB09028.jpg,WEB,9028,2,Only_Smoke,1,0
train,WEB09030.jpg,WEB,9030,2,Only_Smoke,1,0
train,WEB09031.jpg,WEB,9031,2,Only_Smoke,1,0
train,WEB09032.jpg,WEB,9032,2,Only_Smoke,1,0
train,WEB09033.jpg,WEB,9033,3,Both,1,4
train,WEB09034.jpg,WEB,9034,3,Both,1,1
train,WEB09035.jpg,WEB,9035,3,Both,1,1
train,WEB09037.jpg,WEB,9037,2,Only_Smoke,1,0
train,WEB09038.jpg,WEB,9038,2,Only_Smoke,1,0
train,WEB09039.jpg,WEB,9039,2,Only_Smoke,2,0
train,WEB09040.jpg,WEB,9040,2,Only_Smoke,1,0
train,WEB09041.jpg,WEB,9041,3,Both,1,1
train,WEB09042.jpg,WEB,9042,3,Both,1,1
train,WEB09043.jpg,WEB,9043,2,Only_Smoke,1,0
train,WEB09044.jpg,WEB,9044,3,Both,1,1
train,WEB09045.jpg,WEB,9045,3,Both,1,1
train,WEB09046.jpg,WEB,9046,3,Both,1,1
train,WEB09047.jpg,WEB,9047,3,Both,1,1
train,WEB09048.jpg,WEB,9048,0,Neither,0,0
train,WEB09049.jpg,WEB,9049,2,Only_Smoke,1,0
train,WEB09050.jpg,WEB,9050,2,Only_Smoke,1,0
train,WEB09051.jpg,WEB,9051,2,Only_Smoke,1,0
train,WEB09052.jpg,WEB,9052,2,Only_Smoke,1,0
train,WEB09053.jpg,WEB,9053,2,Only_Smoke,1,0
train,WEB09054.jpg,WEB,9054,3,Both,2,1
train,WEB09056.jpg,WEB,9056,1,Only_Fire,0,3
train,WEB09057.jpg,WEB,9057,3,Both,1,1
train,WEB09058.jpg,WEB,9058,2,Only_Smoke,1,0
train,WEB09059.jpg,WEB,9059,3,Both,3,1
train,WEB09060.jpg,WEB,9060,3,Both,1,1
train,WEB09061.jpg,WEB,9061,3,Both,3,1
train,WEB09062.jpg,WEB,9062,2,Only_Smoke,2,0
train,WEB09063.jpg,WEB,9063,2,Only_Smoke,1,0
train,WEB09064.jpg,WEB,9064,2,Only_Smoke,1,0
train,WEB09065.jpg,WEB,9065,2,Only_Smoke,1,0
train,WEB09066.jpg,WEB,9066,2,Only_Smoke,1,0
train,WEB09068.jpg,WEB,9068,3,Both,1,2
train,WEB09069.jpg,WEB,9069,3,Both,1,1
train,WEB09070.jpg,WEB,9070,3,Both,1,6
train,WEB09071.jpg,WEB,9071,2,Only_Smoke,1,0
train,WEB09072.jpg,WEB,9072,3,Both,1,2
train,WEB09073.jpg,WEB,9073,2,Only_Smoke,1,0
train,WEB09074.jpg,WEB,9074,3,Both,1,1
train,WEB09075.jpg,WEB,9075,3,Both,1,1
train,WEB09076.jpg,WEB,9076,2,Only_Smoke,1,0
train,WEB09077.jpg,WEB,9077,2,Only_Smoke,1,0
train,WEB09079.jpg,WEB,9079,2,Only_Smoke,1,0
train,WEB09080.jpg,WEB,9080,2,Only_Smoke,1,0
train,WEB09081.jpg,WEB,9081,3,Both,1,2
train,WEB09082.jpg,WEB,9082,2,Only_Smoke,1,0
train,WEB09083.jpg,WEB,9083,2,Only_Smoke,2,0
train,WEB09088.jpg,WEB,9088,3,Both,2,1
train,WEB09089.jpg,WEB,9089,3,Both,1,1
train,WEB09090.jpg,WEB,9090,2,Only_Smoke,2,0
train,WEB09091.jpg,WEB,9091,2,Only_Smoke,1,0
train,WEB09093.jpg,WEB,9093,2,Only_Smoke,1,0
train,WEB09094.jpg,WEB,9094,2,Only_Smoke,1,0
train,WEB09097.jpg,WEB,9097,2,Only_Smoke,1,0
train,WEB09098.jpg,WEB,9098,2,Only_Smoke,1,0
train,WEB09099.jpg,WEB,9099,2,Only_Smoke,1,0
train,WEB09100.jpg,WEB,9100,2,Only_Smoke,1,0
train,WEB09103.jpg,WEB,9103,3,Both,1,2
train,WEB09104.jpg,WEB,9104,2,Only_Smoke,1,0
train,WEB09105.jpg,WEB,9105,2,Only_Smoke,1,0
train,WEB09107.jpg,WEB,9107,2,Only_Smoke,1,0
train,WEB09108.jpg,WEB,9108,2,Only_Smoke,1,0
train,WEB09109.jpg,WEB,9109,3,Both,1,1
train,WEB09110.jpg,WEB,9110,2,Only_Smoke,1,0
train,WEB09111.jpg,WEB,9111,3,Both,1,1
train,WEB09112.jpg,WEB,9112,2,Only_Smoke,1,0
train,WEB09113.jpg,WEB,9113,3,Both,1,1
train,WEB09115.jpg,WEB,9115,2,Only_Smoke,1,0
train,WEB09116.jpg,WEB,9116,2,Only_Smoke,1,0
train,WEB09117.jpg,WEB,9117,2,Only_Smoke,1,0
train,WEB09118.jpg,WEB,9118,3,Both,2,2
train,WEB09120.jpg,WEB,9120,2,Only_Smoke,2,0
train,WEB09122.jpg,WEB,9122,2,Only_Smoke,1,0
train,WEB09123.jpg,WEB,9123,2,Only_Smoke,2,0
train,WEB09124.jpg,WEB,9124,1,Only_Fire,0,7
train,WEB09125.jpg,WEB,9125,2,Only_Smoke,2,0
train,WEB09126.jpg,WEB,9126,2,Only_Smoke,1,0
train,WEB09127.jpg,WEB,9127,3,Both,1,3
train,WEB09128.jpg,WEB,9128,2,Only_Smoke,1,0
train,WEB09130.jpg,WEB,9130,2,Only_Smoke,1,0
train,WEB09131.jpg,WEB,9131,2,Only_Smoke,2,0
train,WEB09132.jpg,WEB,9132,2,Only_Smoke,1,0
train,WEB09133.jpg,WEB,9133,2,Only_Smoke,1,0
train,WEB09134.jpg,WEB,9134,2,Only_Smoke,2,0
train,WEB09135.jpg,WEB,9135,1,Only_Fire,0,1
train,WEB09136.jpg,WEB,9136,2,Only_Smoke,1,0
train,WEB09137.jpg,WEB,9137,2,Only_Smoke,1,0
train,WEB09138.jpg,WEB,9138,3,Both,1,6
train,WEB09139.jpg,WEB,9139,3,Both,1,5
train,WEB09140.jpg,WEB,9140,2,Only_Smoke,2,0
train,WEB09141.jpg,WEB,9141,3,Both,1,2
train,WEB09142.jpg,WEB,9142,2,Only_Smoke,1,0
train,WEB09143.jpg,WEB,9143,2,Only_Smoke,1,0
train,WEB09144.jpg,WEB,9144,3,Both,2,4
train,WEB09145.jpg,WEB,9145,2,Only_Smoke,1,0
train,WEB09146.jpg,WEB,9146,2,Only_Smoke,1,0
train,WEB09147.jpg,WEB,9147,2,Only_Smoke,1,0
train,WEB09148.jpg,WEB,9148,2,Only_Smoke,1,0
train,WEB09149.jpg,WEB,9149,2,Only_Smoke,1,0
train,WEB09150.jpg,WEB,9150,2,Only_Smoke,2,0
train,WEB09151.jpg,WEB,9151,2,Only_Smoke,1,0
train,WEB09152.jpg,WEB,9152,2,Only_Smoke,1,0
train,WEB09155.jpg,WEB,9155,2,Only_Smoke,1,0
train,WEB09156.jpg,WEB,9156,2,Only_Smoke,1,0
train,WEB09157.jpg,WEB,9157,3,Both,1,1
train,WEB09158.jpg,WEB,9158,2,Only_Smoke,1,0
train,WEB09159.jpg,WEB,9159,2,Only_Smoke,1,0
train,WEB09161.jpg,WEB,9161,3,Both,2,1
train,WEB09162.jpg,WEB,9162,2,Only_Smoke,1,0
train,WEB09163.jpg,WEB,9163,2,Only_Smoke,1,0
train,WEB09164.jpg,WEB,9164,2,Only_Smoke,1,0
train,WEB09165.jpg,WEB,9165,2,Only_Smoke,1,0
train,WEB09166.jpg,WEB,9166,2,Only_Smoke,1,0
train,WEB09167.jpg,WEB,9167,2,Only_Smoke,1,0
train,WEB09168.jpg,WEB,9168,3,Both,1,3
train,WEB09169.jpg,WEB,9169,3,Both,1,5
train,WEB09171.jpg,WEB,9171,2,Only_Smoke,1,0
train,WEB09172.jpg,WEB,9172,2,Only_Smoke,1,0
train,WEB09173.jpg,WEB,9173,2,Only_Smoke,1,0
train,WEB09174.jpg,WEB,9174,2,Only_Smoke,2,0
train,WEB09175.jpg,WEB,9175,2,Only_Smoke,1,0
train,WEB09176.jpg,WEB,9176,2,Only_Smoke,1,0
train,WEB09177.jpg,WEB,9177,3,Both,1,3
train,WEB09178.jpg,WEB,9178,2,Only_Smoke,1,0
train,WEB09180.jpg,WEB,9180,2,Only_Smoke,5,0
train,WEB09181.jpg,WEB,9181,2,Only_Smoke,1,0
train,WEB09182.jpg,WEB,9182,3,Both,2,2
train,WEB09183.jpg,WEB,9183,3,Both,1,2
train,WEB09184.jpg,WEB,9184,2,Only_Smoke,6,0
train,WEB09185.jpg,WEB,9185,2,Only_Smoke,1,0
train,WEB09186.jpg,WEB,9186,2,Only_Smoke,1,0
train,WEB09187.jpg,WEB,9187,2,Only_Smoke,2,0
train,WEB09188.jpg,WEB,9188,2,Only_Smoke,5,0
train,WEB09189.jpg,WEB,9189,3,Both,1,1
train,WEB09190.jpg,WEB,9190,3,Both,2,2
train,WEB09192.jpg,WEB,9192,2,Only_Smoke,1,0
train,WEB09194.jpg,WEB,9194,3,Both,1,1
train,WEB09195.jpg,WEB,9195,2,Only_Smoke,1,0
train,WEB09196.jpg,WEB,9196,2,Only_Smoke,1,0
train,WEB09197.jpg,WEB,9197,2,Only_Smoke,1,0
train,WEB09199.jpg,WEB,9199,2,Only_Smoke,1,0
train,WEB09201.jpg,WEB,9201,3,Both,1,6
train,WEB09202.jpg,WEB,9202,2,Only_Smoke,1,0
train,WEB09204.jpg,WEB,9204,2,Only_Smoke,1,0
train,WEB09205.jpg,WEB,9205,3,Both,1,1
train,WEB09206.jpg,WEB,9206,2,Only_Smoke,2,0
train,WEB09207.jpg,WEB,9207,2,Only_Smoke,1,0
train,WEB09208.jpg,WEB,9208,2,Only_Smoke,1,0
train,WEB09210.jpg,WEB,9210,2,Only_Smoke,1,0
train,WEB09211.jpg,WEB,9211,3,Both,1,2
train,WEB09212.jpg,WEB,9212,3,Both,1,3
train,WEB09213.jpg,WEB,9213,2,Only_Smoke,1,0
train,WEB09214.jpg,WEB,9214,2,Only_Smoke,1,0
train,WEB09216.jpg,WEB,9216,3,Both,1,3
train,WEB09217.jpg,WEB,9217,2,Only_Smoke,1,0
train,WEB09218.jpg,WEB,9218,2,Only_Smoke,1,0
train,WEB09219.jpg,WEB,9219,3,Both,1,1
train,WEB09220.jpg,WEB,9220,2,Only_Smoke,1,0
train,WEB09221.jpg,WEB,9221,2,Only_Smoke,1,0
train,WEB09223.jpg,WEB,9223,2,Only_Smoke,1,0
train,WEB09224.jpg,WEB,9224,2,Only_Smoke,1,0
train,WEB09225.jpg,WEB,9225,2,Only_Smoke,2,0
train,WEB09226.jpg,WEB,9226,2,Only_Smoke,1,0
train,WEB09227.jpg,WEB,9227,2,Only_Smoke,1,0
train,WEB09228.jpg,WEB,9228,2,Only_Smoke,1,0
train,WEB09229.jpg,WEB,9229,3,Both,1,1
train,WEB09230.jpg,WEB,9230,2,Only_Smoke,1,0
train,WEB09231.jpg,WEB,9231,2,Only_Smoke,1,0
train,WEB09232.jpg,WEB,9232,2,Only_Smoke,2,0
train,WEB09233.jpg,WEB,9233,3,Both,1,4
train,WEB09234.jpg,WEB,9234,2,Only_Smoke,1,0
train,WEB09235.jpg,WEB,9235,3,Both,2,1
train,WEB09236.jpg,WEB,9236,2,Only_Smoke,1,0
train,WEB09237.jpg,WEB,9237,2,Only_Smoke,1,0
train,WEB09238.jpg,WEB,9238,2,Only_Smoke,1,0
train,WEB09239.jpg,WEB,9239,2,Only_Smoke,1,0
train,WEB09241.jpg,WEB,9241,3,Both,1,4
train,WEB09242.jpg,WEB,9242,2,Only_Smoke,1,0
train,WEB09243.jpg,WEB,9243,2,Only_Smoke,1,0
train,WEB09244.jpg,WEB,9244,2,Only_Smoke,1,0
train,WEB09245.jpg,WEB,9245,3,Both,1,4
train,WEB09246.jpg,WEB,9246,1,Only_Fire,0,1
train,WEB09247.jpg,WEB,9247,3,Both,1,1
train,WEB09249.jpg,WEB,9249,2,Only_Smoke,1,0
train,WEB09251.jpg,WEB,9251,3,Both,2,1
train,WEB09252.jpg,WEB,9252,3,Both,1,11
train,WEB09254.jpg,WEB,9254,3,Both,1,1
train,WEB09255.jpg,WEB,9255,2,Only_Smoke,1,0
train,WEB09256.jpg,WEB,9256,2,Only_Smoke,1,0
train,WEB09257.jpg,WEB,9257,2,Only_Smoke,3,0
train,WEB09258.jpg,WEB,9258,2,Only_Smoke,1,0
train,WEB09260.jpg,WEB,9260,2,Only_Smoke,1,0
train,WEB09261.jpg,WEB,9261,2,Only_Smoke,1,0
train,WEB09262.jpg,WEB,9262,3,Both,1,2
train,WEB09265.jpg,WEB,9265,2,Only_Smoke,1,0
train,WEB09266.jpg,WEB,9266,2,Only_Smoke,1,0
train,WEB09267.jpg,WEB,9267,3,Both,2,1
train,WEB09268.jpg,WEB,9268,2,Only_Smoke,1,0
train,WEB09269.jpg,WEB,9269,3,Both,1,1
train,WEB09270.jpg,WEB,9270,2,Only_Smoke,1,0
train,WEB09271.jpg,WEB,9271,2,Only_Smoke,1,0
train,WEB09272.jpg,WEB,9272,2,Only_Smoke,1,0
train,WEB09273.jpg,WEB,9273,2,Only_Smoke,1,0
train,WEB09275.jpg,WEB,9275,2,Only_Smoke,1,0
train,WEB09276.jpg,WEB,9276,2,Only_Smoke,1,0
train,WEB09277.jpg,WEB,9277,2,Only_Smoke,2,0
train,WEB09278.jpg,WEB,9278,2,Only_Smoke,3,0
train,WEB09279.jpg,WEB,9279,2,Only_Smoke,1,0
train,WEB09280.jpg,WEB,9280,2,Only_Smoke,1,0
train,WEB09281.jpg,WEB,9281,3,Both,1,1
train,WEB09283.jpg,WEB,9283,3,Both,1,1
train,WEB09284.jpg,WEB,9284,2,Only_Smoke,1,0
train,WEB09285.jpg,WEB,9285,2,Only_Smoke,1,0
train,WEB09286.jpg,WEB,9286,2,Only_Smoke,1,0
train,WEB09288.jpg,WEB,9288,2,Only_Smoke,1,0
train,WEB09289.jpg,WEB,9289,3,Both,1,1
train,WEB09290.jpg,WEB,9290,2,Only_Smoke,1,0
train,WEB09291.jpg,WEB,9291,3,Both,1,1
train,WEB09292.jpg,WEB,9292,2,Only_Smoke,1,0
train,WEB09293.jpg,WEB,9293,2,Only_Smoke,1,0
train,WEB09294.jpg,WEB,9294,2,Only_Smoke,1,0
train,WEB09295.jpg,WEB,9295,2,Only_Smoke,1,0
train,WEB09296.jpg,WEB,9296,2,Only_Smoke,1,0
train,WEB09297.jpg,WEB,9297,2,Only_Smoke,1,0
train,WEB09299.jpg,WEB,9299,2,Only_Smoke,1,0
train,WEB09300.jpg,WEB,9300,2,Only_Smoke,2,0
train,WEB09301.jpg,WEB,9301,2,Only_Smoke,1,0
train,WEB09302.jpg,WEB,9302,2,Only_Smoke,3,0
train,WEB09303.jpg,WEB,9303,3,Both,1,1
train,WEB09304.jpg,WEB,9304,2,Only_Smoke,1,0
train,WEB09305.jpg,WEB,9305,2,Only_Smoke,2,0
train,WEB09306.jpg,WEB,9306,2,Only_Smoke,1,0
train,WEB09307.jpg,WEB,9307,3,Both,1,2
train,WEB09309.jpg,WEB,9309,2,Only_Smoke,1,0
train,WEB09310.jpg,WEB,9310,2,Only_Smoke,1,0
train,WEB09311.jpg,WEB,9311,2,Only_Smoke,1,0
train,WEB09312.jpg,WEB,9312,2,Only_Smoke,1,0
train,WEB09313.jpg,WEB,9313,2,Only_Smoke,1,0
train,WEB09314.jpg,WEB,9314,2,Only_Smoke,1,0
train,WEB09315.jpg,WEB,9315,2,Only_Smoke,1,0
train,WEB09317.jpg,WEB,9317,3,Both,1,1
train,WEB09318.jpg,WEB,9318,2,Only_Smoke,1,0
train,WEB09319.jpg,WEB,9319,2,Only_Smoke,1,0
train,WEB09320.jpg,WEB,9320,2,Only_Smoke,1,0
train,WEB09323.jpg,WEB,9323,2,Only_Smoke,1,0
train,WEB09324.jpg,WEB,9324,3,Both,1,1
train,WEB09325.jpg,WEB,9325,2,Only_Smoke,1,0
train,WEB09327.jpg,WEB,9327,2,Only_Smoke,1,0
train,WEB09328.jpg,WEB,9328,3,Both,2,1
train,WEB09329.jpg,WEB,9329,3,Both,1,1
train,WEB09330.jpg,WEB,9330,2,Only_Smoke,1,0
train,WEB09332.jpg,WEB,9332,2,Only_Smoke,1,0
train,WEB09333.jpg,WEB,9333,3,Both,1,2
train,WEB09334.jpg,WEB,9334,2,Only_Smoke,1,0
train,WEB09335.jpg,WEB,9335,2,Only_Smoke,2,0
train,WEB09336.jpg,WEB,9336,2,Only_Smoke,1,0
train,WEB09337.jpg,WEB,9337,2,Only_Smoke,1,0
train,WEB09338.jpg,WEB,9338,2,Only_Smoke,1,0
train,WEB09339.jpg,WEB,9339,2,Only_Smoke,1,0
train,WEB09341.jpg,WEB,9341,2,Only_Smoke,1,0
train,WEB09342.jpg,WEB,9342,2,Only_Smoke,1,0
train,WEB09343.jpg,WEB,9343,2,Only_Smoke,1,0
train,WEB09344.jpg,WEB,9344,2,Only_Smoke,1,0
train,WEB09345.jpg,WEB,9345,2,Only_Smoke,1,0
train,WEB09346.jpg,WEB,9346,3,Both,1,1
train,WEB09347.jpg,WEB,9347,2,Only_Smoke,1,0
train,WEB09348.jpg,WEB,9348,2,Only_Smoke,1,0
train,WEB09349.jpg,WEB,9349,2,Only_Smoke,1,0
train,WEB09350.jpg,WEB,9350,2,Only_Smoke,1,0
train,WEB09351.jpg,WEB,9351,2,Only_Smoke,1,0
train,WEB09352.jpg,WEB,9352,3,Both,1,3
train,WEB09354.jpg,WEB,9354,2,Only_Smoke,1,0
train,WEB09355.jpg,WEB,9355,3,Both,1,1
train,WEB09356.jpg,WEB,9356,2,Only_Smoke,1,0
train,WEB09357.jpg,WEB,9357,2,Only_Smoke,1,0
train,WEB09359.jpg,WEB,9359,2,Only_Smoke,1,0
train,WEB09361.jpg,WEB,9361,2,Only_Smoke,1,0
train,WEB09362.jpg,WEB,9362,2,Only_Smoke,1,0
train,WEB09363.jpg,WEB,9363,3,Both,1,2
train,WEB09364.jpg,WEB,9364,3,Both,1,1
train,WEB09365.jpg,WEB,9365,2,Only_Smoke,1,0
train,WEB09366.jpg,WEB,9366,2,Only_Smoke,1,0
train,WEB09367.jpg,WEB,9367,2,Only_Smoke,1,0
train,WEB09368.jpg,WEB,9368,2,Only_Smoke,1,0
train,WEB09369.jpg,WEB,9369,2,Only_Smoke,1,0
train,WEB09371.jpg,WEB,9371,3,Both,2,2
train,WEB09372.jpg,WEB,9372,3,Both,1,3
train,WEB09374.jpg,WEB,9374,2,Only_Smoke,1,0
train,WEB09375.jpg,WEB,9375,2,Only_Smoke,1,0
train,WEB09377.jpg,WEB,9377,2,Only_Smoke,1,0
train,WEB09379.jpg,WEB,9379,2,Only_Smoke,1,0
train,WEB09380.jpg,WEB,9380,2,Only_Smoke,3,0
train,WEB09381.jpg,WEB,9381,2,Only_Smoke,1,0
train,WEB09382.jpg,WEB,9382,2,Only_Smoke,1,0
train,WEB09383.jpg,WEB,9383,2,Only_Smoke,1,0
train,WEB09384.jpg,WEB,9384,2,Only_Smoke,1,0
train,WEB09385.jpg,WEB,9385,2,Only_Smoke,1,0
train,WEB09386.jpg,WEB,9386,2,Only_Smoke,1,0
train,WEB09387.jpg,WEB,9387,2,Only_Smoke,1,0
train,WEB09389.jpg,WEB,9389,2,Only_Smoke,1,0
train,WEB09390.jpg,WEB,9390,2,Only_Smoke,2,0
train,WEB09391.jpg,WEB,9391,2,Only_Smoke,1,0
train,WEB09392.jpg,WEB,9392,2,Only_Smoke,1,0
train,WEB09393.jpg,WEB,9393,2,Only_Smoke,1,0
train,WEB09394.jpg,WEB,9394,2,Only_Smoke,3,0
train,WEB09395.jpg,WEB,9395,2,Only_Smoke,1,0
train,WEB09396.jpg,WEB,9396,2,Only_Smoke,1,0
train,WEB09397.jpg,WEB,9397,2,Only_Smoke,1,0
train,WEB09398.jpg,WEB,9398,2,Only_Smoke,2,0
train,WEB09399.jpg,WEB,9399,2,Only_Smoke,3,0
train,WEB09400.jpg,WEB,9400,2,Only_Smoke,1,0
train,WEB09401.jpg,WEB,9401,2,Only_Smoke,1,0
train,WEB09402.jpg,WEB,9402,2,Only_Smoke,1,0
train,WEB09403.jpg,WEB,9403,2,Only_Smoke,1,0
train,WEB09404.jpg,WEB,9404,2,Only_Smoke,1,0
train,WEB09405.jpg,WEB,9405,2,Only_Smoke,1,0
train,WEB09406.jpg,WEB,9406,2,Only_Smoke,1,0
train,WEB09407.jpg,WEB,9407,2,Only_Smoke,1,0
train,WEB09408.jpg,WEB,9408,2,Only_Smoke,1,0
train,WEB09409.jpg,WEB,9409,2,Only_Smoke,1,0
train,WEB09410.jpg,WEB,9410,2,Only_Smoke,1,0
train,WEB09411.jpg,WEB,9411,2,Only_Smoke,1,0
train,WEB09412.jpg,WEB,9412,2,Only_Smoke,1,0
train,WEB09413.jpg,WEB,9413,3,Both,1,1
train,WEB09414.jpg,WEB,9414,2,Only_Smoke,1,0
train,WEB09415.jpg,WEB,9415,3,Both,1,2
train,WEB09416.jpg,WEB,9416,2,Only_Smoke,1,0
train,WEB09417.jpg,WEB,9417,3,Both,1,3
train,WEB09418.jpg,WEB,9418,2,Only_Smoke,1,0
train,WEB09420.jpg,WEB,9420,3,Both,1,2
train,WEB09421.jpg,WEB,9421,3,Both,1,3
train,WEB09422.jpg,WEB,9422,3,Both,1,3
train,WEB09423.jpg,WEB,9423,2,Only_Smoke,2,0
train,WEB09424.jpg,WEB,9424,2,Only_Smoke,1,0
train,WEB09425.jpg,WEB,9425,3,Both,1,1
train,WEB09426.jpg,WEB,9426,3,Both,1,3
train,WEB09427.jpg,WEB,9427,2,Only_Smoke,1,0
train,WEB09428.jpg,WEB,9428,3,Both,1,1
train,WEB09429.jpg,WEB,9429,2,Only_Smoke,4,0
train,WEB09430.jpg,WEB,9430,2,Only_Smoke,1,0
train,WEB09431.jpg,WEB,9431,3,Both,5,1
train,WEB09434.jpg,WEB,9434,2,Only_Smoke,2,0
train,WEB09435.jpg,WEB,9435,2,Only_Smoke,1,0
train,WEB09437.jpg,WEB,9437,2,Only_Smoke,1,0
train,WEB09438.jpg,WEB,9438,3,Both,1,1
train,WEB09439.jpg,WEB,9439,2,Only_Smoke,5,0
train,WEB09441.jpg,WEB,9441,3,Both,2,3
val,AoF00008.jpg,AoF,8,0,Neither,0,0
val,AoF00009.jpg,AoF,9,0,Neither,0,0
val,AoF00011.jpg,AoF,11,0,Neither,0,0
val,AoF00014.jpg,AoF,14,0,Neither,0,0
val,AoF00018.jpg,AoF,18,0,Neither,0,0
val,AoF00029.jpg,AoF,29,0,Neither,0,0
val,AoF00033.jpg,AoF,33,0,Neither,0,0
val,AoF00041.jpg,AoF,41,0,Neither,0,0
val,AoF00049.jpg,AoF,49,0,Neither,0,0
val,AoF00051.jpg,AoF,51,0,Neither,0,0
val,AoF00054.jpg,AoF,54,0,Neither,0,0
val,AoF00057.jpg,AoF,57,0,Neither,0,0
val,AoF00062.jpg,AoF,62,0,Neither,0,0
val,AoF00063.jpg,AoF,63,0,Neither,0,0
val,AoF00066.jpg,AoF,66,0,Neither,0,0
val,AoF00076.jpg,AoF,76,0,Neither,0,0
val,AoF00077.jpg,AoF,77,0,Neither,0,0
val,AoF00101.jpg,AoF,101,0,Neither,0,0
val,AoF00106.jpg,AoF,106,0,Neither,0,0
val,AoF00115.jpg,AoF,115,0,Neither,0,0
val,AoF00121.jpg,AoF,121,0,Neither,0,0
val,AoF00122.jpg,AoF,122,0,Neither,0,0
val,AoF00138.jpg,AoF,138,0,Neither,0,0
val,AoF00142.jpg,AoF,142,0,Neither,0,0
val,AoF00143.jpg,AoF,143,0,Neither,0,0
val,AoF00153.jpg,AoF,153,0,Neither,0,0
val,AoF00159.jpg,AoF,159,0,Neither,0,0
val,AoF00163.jpg,AoF,163,0,Neither,0,0
val,AoF00169.jpg,AoF,169,0,Neither,0,0
val,AoF00184.jpg,AoF,184,0,Neither,0,0
val,AoF00185.jpg,AoF,185,0,Neither,0,0
val,AoF00187.jpg,AoF,187,0,Neither,0,0
val,AoF00189.jpg,AoF,189,0,Neither,0,0
val,AoF00191.jpg,AoF,191,0,Neither,0,0
val,AoF00192.jpg,AoF,192,0,Neither,0,0
val,AoF00204.jpg,AoF,204,0,Neither,0,0
val,AoF00212.jpg,AoF,212,0,Neither,0,0
val,AoF00229.jpg,AoF,229,0,Neither,0,0
val,AoF00233.jpg,AoF,233,0,Neither,0,0
val,AoF00237.jpg,AoF,237,0,Neither,0,0
val,AoF00242.jpg,AoF,242,0,Neither,0,0
val,AoF00245.jpg,AoF,245,0,Neither,0,0
val,AoF00254.jpg,AoF,254,0,Neither,0,0
val,AoF00260.jpg,AoF,260,0,Neither,0,0
val,AoF00274.jpg,AoF,274,0,Neither,0,0
val,AoF00280.jpg,AoF,280,0,Neither,0,0
val,AoF00282.jpg,AoF,282,0,Neither,0,0
val,AoF00286.jpg,AoF,286,0,Neither,0,0
val,AoF00292.jpg,AoF,292,0,Neither,0,0
val,AoF00296.jpg,AoF,296,0,Neither,0,0
val,AoF00314.jpg,AoF,314,0,Neither,0,0
val,AoF00318.jpg,AoF,318,0,Neither,0,0
val,AoF00320.jpg,AoF,320,0,Neither,0,0
val,AoF00325.jpg,AoF,325,0,Neither,0,0
val,AoF00328.jpg,AoF,328,0,Neither,0,0
val,AoF00350.jpg,AoF,350,0,Neither,0,0
val,AoF00351.jpg,AoF,351,0,Neither,0,0
val,AoF00356.jpg,AoF,356,0,Neither,0,0
val,AoF00357.jpg,AoF,357,0,Neither,0,0
val,AoF00358.jpg,AoF,358,0,Neither,0,0
val,AoF00363.jpg,AoF,363,0,Neither,0,0
val,AoF00364.jpg,AoF,364,0,Neither,0,0
val,AoF00369.jpg,AoF,369,0,Neither,0,0
val,AoF00371.jpg,AoF,371,0,Neither,0,0
val,AoF00394.jpg,AoF,394,0,Neither,0,0
val,AoF00395.jpg,AoF,395,0,Neither,0,0
val,AoF00403.jpg,AoF,403,0,Neither,0,0
val,AoF00415.jpg,AoF,415,0,Neither,0,0
val,AoF00422.jpg,AoF,422,0,Neither,0,0
val,AoF00432.jpg,AoF,432,0,Neither,0,0
val,AoF00441.jpg,AoF,441,0,Neither,0,0
val,AoF00446.jpg,AoF,446,0,Neither,0,0
val,AoF00457.jpg,AoF,457,0,Neither,0,0
val,AoF00460.jpg,AoF,460,0,Neither,0,0
val,AoF00465.jpg,AoF,465,0,Neither,0,0
val,AoF00472.jpg,AoF,472,0,Neither,0,0
val,AoF00473.jpg,AoF,473,0,Neither,0,0
val,AoF00483.jpg,AoF,483,0,Neither,0,0
val,AoF00488.jpg,AoF,488,0,Neither,0,0
val,AoF00490.jpg,AoF,490,0,Neither,0,0
val,AoF00494.jpg,AoF,494,0,Neither,0,0
val,AoF00499.jpg,AoF,499,0,Neither,0,0
val,AoF00502.jpg,AoF,502,0,Neither,0,0
val,AoF00507.jpg,AoF,507,0,Neither,0,0
val,AoF00511.jpg,AoF,511,0,Neither,0,0
val,AoF00514.jpg,AoF,514,0,Neither,0,0
val,AoF00515.jpg,AoF,515,0,Neither,0,0
val,AoF00516.jpg,AoF,516,0,Neither,0,0
val,AoF00527.jpg,AoF,527,0,Neither,0,0
val,AoF00535.jpg,AoF,535,0,Neither,0,0
val,AoF00542.jpg,AoF,542,0,Neither,0,0
val,AoF00543.jpg,AoF,543,0,Neither,0,0
val,AoF00544.jpg,AoF,544,0,Neither,0,0
val,AoF00551.jpg,AoF,551,0,Neither,0,0
val,AoF00553.jpg,AoF,553,0,Neither,0,0
val,AoF00561.jpg,AoF,561,0,Neither,0,0
val,AoF00569.jpg,AoF,569,0,Neither,0,0
val,AoF00577.jpg,AoF,577,0,Neither,0,0
val,AoF00580.jpg,AoF,580,0,Neither,0,0
val,AoF00581.jpg,AoF,581,0,Neither,0,0
val,AoF00588.jpg,AoF,588,0,Neither,0,0
val,AoF00591.jpg,AoF,591,0,Neither,0,0
val,AoF00598.jpg,AoF,598,0,Neither,0,0
val,AoF00606.jpg,AoF,606,0,Neither,0,0
val,AoF00608.jpg,AoF,608,0,Neither,0,0
val,AoF00625.jpg,AoF,625,0,Neither,0,0
val,AoF00629.jpg,AoF,629,0,Neither,0,0
val,AoF00631.jpg,AoF,631,0,Neither,0,0
val,AoF00632.jpg,AoF,632,0,Neither,0,0
val,AoF00642.jpg,AoF,642,0,Neither,0,0
val,AoF00656.jpg,AoF,656,0,Neither,0,0
val,AoF00659.jpg,AoF,659,0,Neither,0,0
val,AoF00672.jpg,AoF,672,0,Neither,0,0
val,AoF00678.jpg,AoF,678,0,Neither,0,0
val,AoF00695.jpg,AoF,695,0,Neither,0,0
val,AoF00700.jpg,AoF,700,0,Neither,0,0
val,AoF00701.jpg,AoF,701,0,Neither,0,0
val,AoF00707.jpg,AoF,707,0,Neither,0,0
val,AoF00708.jpg,AoF,708,0,Neither,0,0
val,AoF00723.jpg,AoF,723,0,Neither,0,0
val,AoF00724.jpg,AoF,724,0,Neither,0,0
val,AoF00726.jpg,AoF,726,0,Neither,0,0
val,AoF00731.jpg,AoF,731,0,Neither,0,0
val,AoF00735.jpg,AoF,735,0,Neither,0,0
val,AoF00747.jpg,AoF,747,0,Neither,0,0
val,AoF00748.jpg,AoF,748,0,Neither,0,0
val,AoF00749.jpg,AoF,749,0,Neither,0,0
val,AoF00754.jpg,AoF,754,0,Neither,0,0
val,AoF00761.jpg,AoF,761,0,Neither,0,0
val,AoF00768.jpg,AoF,768,0,Neither,0,0
val,AoF00776.jpg,AoF,776,0,Neither,0,0
val,AoF00784.jpg,AoF,784,0,Neither,0,0
val,AoF00787.jpg,AoF,787,0,Neither,0,0
val,AoF00788.jpg,AoF,788,0,Neither,0,0
val,AoF00804.jpg,AoF,804,0,Neither,0,0
val,AoF00822.jpg,AoF,822,0,Neither,0,0
val,AoF00824.jpg,AoF,824,0,Neither,0,0
val,AoF00830.jpg,AoF,830,0,Neither,0,0
val,AoF00835.jpg,AoF,835,0,Neither,0,0
val,AoF00836.jpg,AoF,836,0,Neither,0,0
val,AoF00837.jpg,AoF,837,0,Neither,0,0
val,AoF00847.jpg,AoF,847,0,Neither,0,0
val,AoF00850.jpg,AoF,850,0,Neither,0,0
val,AoF00851.jpg,AoF,851,0,Neither,0,0
val,AoF00855.jpg,AoF,855,0,Neither,0,0
val,AoF00856.jpg,AoF,856,0,Neither,0,0
val,AoF00857.jpg,AoF,857,0,Neither,0,0
val,AoF00859.jpg,AoF,859,0,Neither,0,0
val,AoF00889.jpg,AoF,889,0,Neither,0,0
val,AoF00895.jpg,AoF,895,0,Neither,0,0
val,AoF00897.jpg,AoF,897,0,Neither,0,0
val,AoF00898.jpg,AoF,898,0,Neither,0,0
val,AoF00900.jpg,AoF,900,0,Neither,0,0
val,AoF00907.jpg,AoF,907,0,Neither,0,0
val,AoF00911.jpg,AoF,911,0,Neither,0,0
val,AoF00912.jpg,AoF,912,0,Neither,0,0
val,AoF00913.jpg,AoF,913,0,Neither,0,0
val,AoF00914.jpg,AoF,914,0,Neither,0,0
val,AoF00916.jpg,AoF,916,0,Neither,0,0
val,AoF00918.jpg,AoF,918,0,Neither,0,0
val,AoF00920.jpg,AoF,920,0,Neither,0,0
val,AoF00923.jpg,AoF,923,0,Neither,0,0
val,AoF00928.jpg,AoF,928,0,Neither,0,0
val,AoF00930.jpg,AoF,930,0,Neither,0,0
val,AoF00935.jpg,AoF,935,0,Neither,0,0
val,AoF00938.jpg,AoF,938,0,Neither,0,0
val,AoF00946.jpg,AoF,946,0,Neither,0,0
val,AoF00954.jpg,AoF,954,0,Neither,0,0
val,AoF00958.jpg,AoF,958,0,Neither,0,0
val,AoF00976.jpg,AoF,976,0,Neither,0,0
val,AoF00979.jpg,AoF,979,0,Neither,0,0
val,AoF00995.jpg,AoF,995,0,Neither,0,0
val,AoF01003.jpg,AoF,1003,0,Neither,0,0
val,AoF01005.jpg,AoF,1005,0,Neither,0,0
val,AoF01009.jpg,AoF,1009,0,Neither,0,0
val,AoF01010.jpg,AoF,1010,0,Neither,0,0
val,AoF01017.jpg,AoF,1017,0,Neither,0,0
val,AoF01036.jpg,AoF,1036,0,Neither,0,0
val,AoF01040.jpg,AoF,1040,0,Neither,0,0
val,AoF01045.jpg,AoF,1045,0,Neither,0,0
val,AoF01051.jpg,AoF,1051,0,Neither,0,0
val,AoF01053.jpg,AoF,1053,0,Neither,0,0
val,AoF01054.jpg,AoF,1054,0,Neither,0,0
val,AoF01055.jpg,AoF,1055,0,Neither,0,0
val,AoF01067.jpg,AoF,1067,0,Neither,0,0
val,AoF01075.jpg,AoF,1075,0,Neither,0,0
val,AoF01085.jpg,AoF,1085,0,Neither,0,0
val,AoF01087.jpg,AoF,1087,0,Neither,0,0
val,AoF01099.jpg,AoF,1099,0,Neither,0,0
val,AoF01111.jpg,AoF,1111,0,Neither,0,0
val,AoF01114.jpg,AoF,1114,0,Neither,0,0
val,AoF01115.jpg,AoF,1115,0,Neither,0,0
val,AoF01120.jpg,AoF,1120,0,Neither,0,0
val,AoF01124.jpg,AoF,1124,0,Neither,0,0
val,AoF01126.jpg,AoF,1126,0,Neither,0,0
val,AoF01129.jpg,AoF,1129,0,Neither,0,0
val,AoF01131.jpg,AoF,1131,0,Neither,0,0
val,AoF01140.jpg,AoF,1140,0,Neither,0,0
val,AoF01145.jpg,AoF,1145,0,Neither,0,0
val,AoF01147.jpg,AoF,1147,0,Neither,0,0
val,AoF01149.jpg,AoF,1149,0,Neither,0,0
val,AoF01155.jpg,AoF,1155,0,Neither,0,0
val,AoF01157.jpg,AoF,1157,0,Neither,0,0
val,AoF01163.jpg,AoF,1163,0,Neither,0,0
val,AoF01164.jpg,AoF,1164,0,Neither,0,0
val,AoF01169.jpg,AoF,1169,0,Neither,0,0
val,AoF01181.jpg,AoF,1181,0,Neither,0,0
val,AoF01184.jpg,AoF,1184,0,Neither,0,0
val,AoF01186.jpg,AoF,1186,0,Neither,0,0
val,AoF01190.jpg,AoF,1190,0,Neither,0,0
val,AoF01193.jpg,AoF,1193,0,Neither,0,0
val,AoF01195.jpg,AoF,1195,0,Neither,0,0
val,AoF01204.jpg,AoF,1204,0,Neither,0,0
val,AoF01218.jpg,AoF,1218,0,Neither,0,0
val,AoF01224.jpg,AoF,1224,0,Neither,0,0
val,AoF01245.jpg,AoF,1245,0,Neither,0,0
val,AoF01265.jpg,AoF,1265,0,Neither,0,0
val,AoF01267.jpg,AoF,1267,0,Neither,0,0
val,AoF01273.jpg,AoF,1273,0,Neither,0,0
val,AoF01274.jpg,AoF,1274,0,Neither,0,0
val,AoF01277.jpg,AoF,1277,0,Neither,0,0
val,AoF01282.jpg,AoF,1282,0,Neither,0,0
val,AoF01286.jpg,AoF,1286,0,Neither,0,0
val,AoF01294.jpg,AoF,1294,0,Neither,0,0
val,AoF01296.jpg,AoF,1296,0,Neither,0,0
val,AoF01305.jpg,AoF,1305,0,Neither,0,0
val,AoF01317.jpg,AoF,1317,0,Neither,0,0
val,AoF01319.jpg,AoF,1319,0,Neither,0,0
val,AoF01338.jpg,AoF,1338,0,Neither,0,0
val,AoF01339.jpg,AoF,1339,0,Neither,0,0
val,AoF01343.jpg,AoF,1343,0,Neither,0,0
val,AoF01354.jpg,AoF,1354,0,Neither,0,0
val,AoF01361.jpg,AoF,1361,0,Neither,0,0
val,AoF01377.jpg,AoF,1377,0,Neither,0,0
val,AoF01383.jpg,AoF,1383,0,Neither,0,0
val,AoF01385.jpg,AoF,1385,0,Neither,0,0
val,AoF01387.jpg,AoF,1387,0,Neither,0,0
val,AoF01389.jpg,AoF,1389,0,Neither,0,0
val,AoF01395.jpg,AoF,1395,0,Neither,0,0
val,AoF01402.jpg,AoF,1402,0,Neither,0,0
val,AoF01406.jpg,AoF,1406,0,Neither,0,0
val,AoF01410.jpg,AoF,1410,0,Neither,0,0
val,AoF01418.jpg,AoF,1418,0,Neither,0,0
val,AoF01429.jpg,AoF,1429,0,Neither,0,0
val,AoF01433.jpg,AoF,1433,0,Neither,0,0
val,AoF01446.jpg,AoF,1446,0,Neither,0,0
val,AoF01452.jpg,AoF,1452,0,Neither,0,0
val,AoF01458.jpg,AoF,1458,0,Neither,0,0
val,AoF01463.jpg,AoF,1463,0,Neither,0,0
val,AoF01465.jpg,AoF,1465,0,Neither,0,0
val,AoF01467.jpg,AoF,1467,0,Neither,0,0
val,AoF01469.jpg,AoF,1469,0,Neither,0,0
val,AoF01487.jpg,AoF,1487,0,Neither,0,0
val,AoF01494.jpg,AoF,1494,0,Neither,0,0
val,AoF01495.jpg,AoF,1495,0,Neither,0,0
val,AoF01499.jpg,AoF,1499,0,Neither,0,0
val,AoF01518.jpg,AoF,1518,0,Neither,0,0
val,AoF01529.jpg,AoF,1529,0,Neither,0,0
val,AoF01537.jpg,AoF,1537,0,Neither,0,0
val,AoF01539.jpg,AoF,1539,0,Neither,0,0
val,AoF01546.jpg,AoF,1546,0,Neither,0,0
val,AoF01547.jpg,AoF,1547,0,Neither,0,0
val,AoF01548.jpg,AoF,1548,0,Neither,0,0
val,AoF01551.jpg,AoF,1551,0,Neither,0,0
val,AoF01555.jpg,AoF,1555,0,Neither,0,0
val,AoF01558.jpg,AoF,1558,0,Neither,0,0
val,AoF01560.jpg,AoF,1560,0,Neither,0,0
val,AoF01562.jpg,AoF,1562,0,Neither,0,0
val,AoF01570.jpg,AoF,1570,0,Neither,0,0
val,AoF01578.jpg,AoF,1578,0,Neither,0,0
val,AoF01580.jpg,AoF,1580,0,Neither,0,0
val,AoF01581.jpg,AoF,1581,0,Neither,0,0
val,AoF01583.jpg,AoF,1583,0,Neither,0,0
val,AoF01591.jpg,AoF,1591,0,Neither,0,0
val,AoF01594.jpg,AoF,1594,0,Neither,0,0
val,AoF01611.jpg,AoF,1611,0,Neither,0,0
val,AoF01622.jpg,AoF,1622,0,Neither,0,0
val,AoF01623.jpg,AoF,1623,0,Neither,0,0
val,AoF01632.jpg,AoF,1632,0,Neither,0,0
val,AoF01640.jpg,AoF,1640,0,Neither,0,0
val,AoF01641.jpg,AoF,1641,0,Neither,0,0
val,AoF01643.jpg,AoF,1643,0,Neither,0,0
val,AoF01648.jpg,AoF,1648,0,Neither,0,0
val,AoF01654.jpg,AoF,1654,0,Neither,0,0
val,AoF01656.jpg,AoF,1656,0,Neither,0,0
val,AoF01659.jpg,AoF,1659,0,Neither,0,0
val,AoF01662.jpg,AoF,1662,0,Neither,0,0
val,AoF01663.jpg,AoF,1663,0,Neither,0,0
val,AoF01664.jpg,AoF,1664,0,Neither,0,0
val,AoF01666.jpg,AoF,1666,0,Neither,0,0
val,AoF01676.jpg,AoF,1676,0,Neither,0,0
val,AoF01677.jpg,AoF,1677,0,Neither,0,0
val,AoF01696.jpg,AoF,1696,0,Neither,0,0
val,AoF01707.jpg,AoF,1707,0,Neither,0,0
val,AoF01712.jpg,AoF,1712,0,Neither,0,0
val,AoF01721.jpg,AoF,1721,0,Neither,0,0
val,AoF01732.jpg,AoF,1732,0,Neither,0,0
val,AoF01735.jpg,AoF,1735,0,Neither,0,0
val,AoF01745.jpg,AoF,1745,0,Neither,0,0
val,AoF01746.jpg,AoF,1746,0,Neither,0,0
val,AoF01747.jpg,AoF,1747,0,Neither,0,0
val,AoF01748.jpg,AoF,1748,0,Neither,0,0
val,AoF01755.jpg,AoF,1755,0,Neither,0,0
val,AoF01764.jpg,AoF,1764,0,Neither,0,0
val,AoF01767.jpg,AoF,1767,0,Neither,0,0
val,AoF01770.jpg,AoF,1770,0,Neither,0,0
val,AoF01781.jpg,AoF,1781,0,Neither,0,0
val,AoF01785.jpg,AoF,1785,0,Neither,0,0
val,AoF01787.jpg,AoF,1787,0,Neither,0,0
val,AoF01801.jpg,AoF,1801,0,Neither,0,0
val,AoF01808.jpg,AoF,1808,0,Neither,0,0
val,AoF01813.jpg,AoF,1813,0,Neither,0,0
val,AoF01815.jpg,AoF,1815,0,Neither,0,0
val,AoF01816.jpg,AoF,1816,0,Neither,0,0
val,AoF01835.jpg,AoF,1835,0,Neither,0,0
val,AoF01836.jpg,AoF,1836,0,Neither,0,0
val,AoF01844.jpg,AoF,1844,0,Neither,0,0
val,AoF01853.jpg,AoF,1853,0,Neither,0,0
val,AoF01854.jpg,AoF,1854,0,Neither,0,0
val,AoF01855.jpg,AoF,1855,0,Neither,0,0
val,AoF01859.jpg,AoF,1859,0,Neither,0,0
val,AoF01861.jpg,AoF,1861,0,Neither,0,0
val,AoF01875.jpg,AoF,1875,0,Neither,0,0
val,AoF01879.jpg,AoF,1879,0,Neither,0,0
val,AoF01882.jpg,AoF,1882,0,Neither,0,0
val,AoF01890.jpg,AoF,1890,0,Neither,0,0
val,AoF01896.jpg,AoF,1896,0,Neither,0,0
val,AoF01897.jpg,AoF,1897,0,Neither,0,0
val,AoF01899.jpg,AoF,1899,0,Neither,0,0
val,AoF01902.jpg,AoF,1902,0,Neither,0,0
val,AoF01909.jpg,AoF,1909,0,Neither,0,0
val,AoF01913.jpg,AoF,1913,0,Neither,0,0
val,AoF01917.jpg,AoF,1917,0,Neither,0,0
val,AoF01920.jpg,AoF,1920,0,Neither,0,0
val,AoF01921.jpg,AoF,1921,0,Neither,0,0
val,AoF01922.jpg,AoF,1922,0,Neither,0,0
val,AoF01930.jpg,AoF,1930,0,Neither,0,0
val,AoF01937.jpg,AoF,1937,0,Neither,0,0
val,AoF01939.jpg,AoF,1939,0,Neither,0,0
val,AoF01942.jpg,AoF,1942,0,Neither,0,0
val,AoF01945.jpg,AoF,1945,0,Neither,0,0
val,AoF01946.jpg,AoF,1946,0,Neither,0,0
val,AoF01951.jpg,AoF,1951,0,Neither,0,0
val,AoF01953.jpg,AoF,1953,0,Neither,0,0
val,AoF01958.jpg,AoF,1958,0,Neither,0,0
val,AoF01959.jpg,AoF,1959,0,Neither,0,0
val,AoF01960.jpg,AoF,1960,0,Neither,0,0
val,AoF01963.jpg,AoF,1963,0,Neither,0,0
val,AoF01971.jpg,AoF,1971,0,Neither,0,0
val,AoF01973.jpg,AoF,1973,0,Neither,0,0
val,AoF01976.jpg,AoF,1976,0,Neither,0,0
val,AoF01982.jpg,AoF,1982,0,Neither,0,0
val,AoF01987.jpg,AoF,1987,0,Neither,0,0
val,AoF01992.jpg,AoF,1992,0,Neither,0,0
val,AoF02000.jpg,AoF,2000,0,Neither,0,0
val,AoF02002.jpg,AoF,2002,0,Neither,0,0
val,AoF02006.jpg,AoF,2006,0,Neither,0,0
val,AoF02013.jpg,AoF,2013,0,Neither,0,0
val,AoF02016.jpg,AoF,2016,0,Neither,0,0
val,AoF02017.jpg,AoF,2017,0,Neither,0,0
val,AoF02021.jpg,AoF,2021,0,Neither,0,0
val,AoF02022.jpg,AoF,2022,0,Neither,0,0
val,AoF02024.jpg,AoF,2024,0,Neither,0,0
val,AoF02033.jpg,AoF,2033,0,Neither,0,0
val,AoF02034.jpg,AoF,2034,0,Neither,0,0
val,AoF02046.jpg,AoF,2046,0,Neither,0,0
val,AoF02066.jpg,AoF,2066,0,Neither,0,0
val,AoF02071.jpg,AoF,2071,0,Neither,0,0
val,AoF02085.jpg,AoF,2085,0,Neither,0,0
val,AoF02087.jpg,AoF,2087,0,Neither,0,0
val,AoF02093.jpg,AoF,2093,0,Neither,0,0
val,AoF02097.jpg,AoF,2097,0,Neither,0,0
val,AoF02101.jpg,AoF,2101,0,Neither,0,0
val,AoF02106.jpg,AoF,2106,0,Neither,0,0
val,AoF02111.jpg,AoF,2111,0,Neither,0,0
val,AoF02112.jpg,AoF,2112,0,Neither,0,0
val,AoF02124.jpg,AoF,2124,0,Neither,0,0
val,AoF02127.jpg,AoF,2127,0,Neither,0,0
val,AoF02131.jpg,AoF,2131,0,Neither,0,0
val,AoF02133.jpg,AoF,2133,0,Neither,0,0
val,AoF02152.jpg,AoF,2152,0,Neither,0,0
val,AoF02166.jpg,AoF,2166,0,Neither,0,0
val,AoF02171.jpg,AoF,2171,0,Neither,0,0
val,AoF02190.jpg,AoF,2190,0,Neither,0,0
val,AoF02213.jpg,AoF,2213,0,Neither,0,0
val,AoF02214.jpg,AoF,2214,0,Neither,0,0
val,AoF02215.jpg,AoF,2215,0,Neither,0,0
val,AoF02219.jpg,AoF,2219,0,Neither,0,0
val,AoF02224.jpg,AoF,2224,0,Neither,0,0
val,AoF02231.jpg,AoF,2231,0,Neither,0,0
val,AoF02233.jpg,AoF,2233,0,Neither,0,0
val,AoF02237.jpg,AoF,2237,0,Neither,0,0
val,AoF02239.jpg,AoF,2239,0,Neither,0,0
val,AoF02257.jpg,AoF,2257,0,Neither,0,0
val,AoF02265.jpg,AoF,2265,0,Neither,0,0
val,AoF02268.jpg,AoF,2268,0,Neither,0,0
val,AoF02269.jpg,AoF,2269,0,Neither,0,0
val,AoF02271.jpg,AoF,2271,0,Neither,0,0
val,AoF02275.jpg,AoF,2275,0,Neither,0,0
val,AoF02289.jpg,AoF,2289,0,Neither,0,0
val,AoF02295.jpg,AoF,2295,0,Neither,0,0
val,AoF02297.jpg,AoF,2297,0,Neither,0,0
val,AoF02299.jpg,AoF,2299,0,Neither,0,0
val,AoF02307.jpg,AoF,2307,0,Neither,0,0
val,AoF02311.jpg,AoF,2311,0,Neither,0,0
val,AoF02314.jpg,AoF,2314,0,Neither,0,0
val,AoF02317.jpg,AoF,2317,0,Neither,0,0
val,AoF02318.jpg,AoF,2318,0,Neither,0,0
val,AoF02324.jpg,AoF,2324,0,Neither,0,0
val,AoF02326.jpg,AoF,2326,0,Neither,0,0
val,AoF02333.jpg,AoF,2333,0,Neither,0,0
val,AoF02357.jpg,AoF,2357,0,Neither,0,0
val,AoF02359.jpg,AoF,2359,0,Neither,0,0
val,AoF02362.jpg,AoF,2362,0,Neither,0,0
val,AoF02363.jpg,AoF,2363,0,Neither,0,0
val,AoF02373.jpg,AoF,2373,0,Neither,0,0
val,AoF02378.jpg,AoF,2378,0,Neither,0,0
val,AoF02380.jpg,AoF,2380,0,Neither,0,0
val,AoF02382.jpg,AoF,2382,0,Neither,0,0
val,AoF02387.jpg,AoF,2387,0,Neither,0,0
val,AoF02398.jpg,AoF,2398,0,Neither,0,0
val,AoF02400.jpg,AoF,2400,0,Neither,0,0
val,AoF02403.jpg,AoF,2403,0,Neither,0,0
val,AoF02405.jpg,AoF,2405,0,Neither,0,0
val,AoF02409.jpg,AoF,2409,0,Neither,0,0
val,AoF02411.jpg,AoF,2411,0,Neither,0,0
val,AoF02412.jpg,AoF,2412,0,Neither,0,0
val,AoF02413.jpg,AoF,2413,0,Neither,0,0
val,AoF02417.jpg,AoF,2417,0,Neither,0,0
val,AoF02421.jpg,AoF,2421,0,Neither,0,0
val,AoF02423.jpg,AoF,2423,0,Neither,0,0
val,AoF02424.jpg,AoF,2424,0,Neither,0,0
val,AoF02425.jpg,AoF,2425,0,Neither,0,0
val,AoF02438.jpg,AoF,2438,0,Neither,0,0
val,AoF02439.jpg,AoF,2439,0,Neither,0,0
val,AoF02452.jpg,AoF,2452,0,Neither,0,0
val,AoF02453.jpg,AoF,2453,0,Neither,0,0
val,AoF02460.jpg,AoF,2460,0,Neither,0,0
val,AoF02467.jpg,AoF,2467,0,Neither,0,0
val,AoF02468.jpg,AoF,2468,0,Neither,0,0
val,AoF02476.jpg,AoF,2476,0,Neither,0,0
val,AoF02479.jpg,AoF,2479,0,Neither,0,0
val,AoF02482.jpg,AoF,2482,0,Neither,0,0
val,AoF02490.jpg,AoF,2490,0,Neither,0,0
val,AoF02493.jpg,AoF,2493,0,Neither,0,0
val,AoF02495.jpg,AoF,2495,0,Neither,0,0
val,AoF02499.jpg,AoF,2499,0,Neither,0,0
val,AoF02507.jpg,AoF,2507,0,Neither,0,0
val,AoF02510.jpg,AoF,2510,0,Neither,0,0
val,AoF02511.jpg,AoF,2511,0,Neither,0,0
val,AoF02514.jpg,AoF,2514,0,Neither,0,0
val,AoF02520.jpg,AoF,2520,0,Neither,0,0
val,AoF02526.jpg,AoF,2526,0,Neither,0,0
val,AoF02531.jpg,AoF,2531,0,Neither,0,0
val,AoF02539.jpg,AoF,2539,0,Neither,0,0
val,AoF02566.jpg,AoF,2566,0,Neither,0,0
val,AoF02582.jpg,AoF,2582,0,Neither,0,0
val,AoF02584.jpg,AoF,2584,0,Neither,0,0
val,AoF02604.jpg,AoF,2604,0,Neither,0,0
val,AoF02605.jpg,AoF,2605,0,Neither,0,0
val,AoF02611.jpg,AoF,2611,0,Neither,0,0
val,AoF02631.jpg,AoF,2631,0,Neither,0,0
val,AoF02633.jpg,AoF,2633,0,Neither,0,0
val,AoF02635.jpg,AoF,2635,0,Neither,0,0
val,AoF02636.jpg,AoF,2636,0,Neither,0,0
val,AoF02648.jpg,AoF,2648,0,Neither,0,0
val,AoF02656.jpg,AoF,2656,0,Neither,0,0
val,AoF02670.jpg,AoF,2670,0,Neither,0,0
val,AoF02674.jpg,AoF,2674,0,Neither,0,0
val,AoF02678.jpg,AoF,2678,0,Neither,0,0
val,AoF02679.jpg,AoF,2679,0,Neither,0,0
val,AoF02687.jpg,AoF,2687,0,Neither,0,0
val,AoF02693.jpg,AoF,2693,0,Neither,0,0
val,AoF02695.jpg,AoF,2695,0,Neither,0,0
val,AoF02705.jpg,AoF,2705,0,Neither,0,0
val,AoF02710.jpg,AoF,2710,0,Neither,0,0
val,AoF02715.jpg,AoF,2715,0,Neither,0,0
val,AoF02720.jpg,AoF,2720,0,Neither,0,0
val,AoF02745.jpg,AoF,2745,0,Neither,0,0
val,AoF02747.jpg,AoF,2747,0,Neither,0,0
val,AoF02752.jpg,AoF,2752,0,Neither,0,0
val,AoF02753.jpg,AoF,2753,0,Neither,0,0
val,AoF02756.jpg,AoF,2756,0,Neither,0,0
val,AoF02767.jpg,AoF,2767,0,Neither,0,0
val,AoF02768.jpg,AoF,2768,0,Neither,0,0
val,AoF02771.jpg,AoF,2771,0,Neither,0,0
val,AoF02775.jpg,AoF,2775,0,Neither,0,0
val,AoF02777.jpg,AoF,2777,0,Neither,0,0
val,AoF02782.jpg,AoF,2782,0,Neither,0,0
val,AoF02795.jpg,AoF,2795,0,Neither,0,0
val,AoF02824.jpg,AoF,2824,0,Neither,0,0
val,AoF02828.jpg,AoF,2828,0,Neither,0,0
val,AoF02835.jpg,AoF,2835,0,Neither,0,0
val,AoF02842.jpg,AoF,2842,0,Neither,0,0
val,AoF02849.jpg,AoF,2849,0,Neither,0,0
val,AoF02855.jpg,AoF,2855,0,Neither,0,0
val,AoF02861.jpg,AoF,2861,0,Neither,0,0
val,AoF02876.jpg,AoF,2876,0,Neither,0,0
val,AoF02878.jpg,AoF,2878,0,Neither,0,0
val,AoF02879.jpg,AoF,2879,0,Neither,0,0
val,AoF02883.jpg,AoF,2883,0,Neither,0,0
val,AoF02886.jpg,AoF,2886,0,Neither,0,0
val,AoF02888.jpg,AoF,2888,0,Neither,0,0
val,AoF02900.jpg,AoF,2900,0,Neither,0,0
val,AoF02901.jpg,AoF,2901,0,Neither,0,0
val,AoF02908.jpg,AoF,2908,0,Neither,0,0
val,AoF02911.jpg,AoF,2911,0,Neither,0,0
val,AoF02918.jpg,AoF,2918,0,Neither,0,0
val,AoF02924.jpg,AoF,2924,0,Neither,0,0
val,AoF02933.jpg,AoF,2933,0,Neither,0,0
val,AoF02938.jpg,AoF,2938,0,Neither,0,0
val,AoF02941.jpg,AoF,2941,0,Neither,0,0
val,AoF02943.jpg,AoF,2943,0,Neither,0,0
val,AoF02946.jpg,AoF,2946,0,Neither,0,0
val,AoF02948.jpg,AoF,2948,0,Neither,0,0
val,AoF02953.jpg,AoF,2953,0,Neither,0,0
val,AoF02954.jpg,AoF,2954,0,Neither,0,0
val,AoF02958.jpg,AoF,2958,0,Neither,0,0
val,AoF02960.jpg,AoF,2960,0,Neither,0,0
val,AoF02962.jpg,AoF,2962,0,Neither,0,0
val,AoF02966.jpg,AoF,2966,0,Neither,0,0
val,AoF02970.jpg,AoF,2970,0,Neither,0,0
val,AoF02992.jpg,AoF,2992,0,Neither,0,0
val,AoF02999.jpg,AoF,2999,0,Neither,0,0
val,AoF03001.jpg,AoF,3001,0,Neither,0,0
val,AoF03010.jpg,AoF,3010,0,Neither,0,0
val,AoF03013.jpg,AoF,3013,0,Neither,0,0
val,AoF03014.jpg,AoF,3014,0,Neither,0,0
val,AoF03020.jpg,AoF,3020,0,Neither,0,0
val,AoF03021.jpg,AoF,3021,0,Neither,0,0
val,AoF03026.jpg,AoF,3026,0,Neither,0,0
val,AoF03039.jpg,AoF,3039,0,Neither,0,0
val,AoF03048.jpg,AoF,3048,0,Neither,0,0
val,AoF03055.jpg,AoF,3055,0,Neither,0,0
val,AoF03056.jpg,AoF,3056,0,Neither,0,0
val,AoF03057.jpg,AoF,3057,0,Neither,0,0
val,AoF03059.jpg,AoF,3059,0,Neither,0,0
val,AoF03063.jpg,AoF,3063,0,Neither,0,0
val,AoF03065.jpg,AoF,3065,0,Neither,0,0
val,AoF03074.jpg,AoF,3074,0,Neither,0,0
val,AoF03079.jpg,AoF,3079,0,Neither,0,0
val,AoF03082.jpg,AoF,3082,0,Neither,0,0
val,AoF03084.jpg,AoF,3084,0,Neither,0,0
val,AoF03088.jpg,AoF,3088,0,Neither,0,0
val,AoF03094.jpg,AoF,3094,0,Neither,0,0
val,AoF03113.jpg,AoF,3113,0,Neither,0,0
val,AoF03121.jpg,AoF,3121,0,Neither,0,0
val,AoF03124.jpg,AoF,3124,0,Neither,0,0
val,AoF03131.jpg,AoF,3131,0,Neither,0,0
val,AoF03134.jpg,AoF,3134,0,Neither,0,0
val,AoF03138.jpg,AoF,3138,0,Neither,0,0
val,AoF03140.jpg,AoF,3140,0,Neither,0,0
val,AoF03146.jpg,AoF,3146,0,Neither,0,0
val,AoF03147.jpg,AoF,3147,0,Neither,0,0
val,AoF03148.jpg,AoF,3148,0,Neither,0,0
val,AoF03155.jpg,AoF,3155,0,Neither,0,0
val,AoF03162.jpg,AoF,3162,0,Neither,0,0
val,AoF03167.jpg,AoF,3167,0,Neither,0,0
val,AoF03168.jpg,AoF,3168,0,Neither,0,0
val,AoF03173.jpg,AoF,3173,0,Neither,0,0
val,AoF03175.jpg,AoF,3175,0,Neither,0,0
val,AoF03180.jpg,AoF,3180,0,Neither,0,0
val,AoF03186.jpg,AoF,3186,0,Neither,0,0
val,AoF03189.jpg,AoF,3189,0,Neither,0,0
val,AoF03211.jpg,AoF,3211,0,Neither,0,0
val,AoF03212.jpg,AoF,3212,0,Neither,0,0
val,AoF03215.jpg,AoF,3215,0,Neither,0,0
val,AoF03220.jpg,AoF,3220,0,Neither,0,0
val,AoF03221.jpg,AoF,3221,0,Neither,0,0
val,AoF03231.jpg,AoF,3231,0,Neither,0,0
val,AoF03232.jpg,AoF,3232,0,Neither,0,0
val,AoF03236.jpg,AoF,3236,0,Neither,0,0
val,AoF03242.jpg,AoF,3242,0,Neither,0,0
val,AoF03249.jpg,AoF,3249,0,Neither,0,0
val,AoF03251.jpg,AoF,3251,0,Neither,0,0
val,AoF03254.jpg,AoF,3254,0,Neither,0,0
val,AoF03255.jpg,AoF,3255,0,Neither,0,0
val,AoF03257.jpg,AoF,3257,0,Neither,0,0
val,AoF03259.jpg,AoF,3259,0,Neither,0,0
val,AoF03266.jpg,AoF,3266,0,Neither,0,0
val,AoF03268.jpg,AoF,3268,0,Neither,0,0
val,AoF03273.jpg,AoF,3273,0,Neither,0,0
val,AoF03284.jpg,AoF,3284,0,Neither,0,0
val,AoF03285.jpg,AoF,3285,0,Neither,0,0
val,AoF03287.jpg,AoF,3287,0,Neither,0,0
val,AoF03293.jpg,AoF,3293,0,Neither,0,0
val,AoF03299.jpg,AoF,3299,0,Neither,0,0
val,AoF03306.jpg,AoF,3306,0,Neither,0,0
val,AoF03315.jpg,AoF,3315,0,Neither,0,0
val,AoF03317.jpg,AoF,3317,0,Neither,0,0
val,AoF03321.jpg,AoF,3321,0,Neither,0,0
val,AoF03323.jpg,AoF,3323,0,Neither,0,0
val,AoF03326.jpg,AoF,3326,0,Neither,0,0
val,AoF03332.jpg,AoF,3332,0,Neither,0,0
val,AoF03335.jpg,AoF,3335,0,Neither,0,0
val,AoF03342.jpg,AoF,3342,0,Neither,0,0
val,AoF03345.jpg,AoF,3345,0,Neither,0,0
val,AoF03347.jpg,AoF,3347,0,Neither,0,0
val,AoF03357.jpg,AoF,3357,0,Neither,0,0
val,AoF03358.jpg,AoF,3358,0,Neither,0,0
val,AoF03359.jpg,AoF,3359,0,Neither,0,0
val,AoF03361.jpg,AoF,3361,0,Neither,0,0
val,AoF03365.jpg,AoF,3365,0,Neither,0,0
val,AoF03385.jpg,AoF,3385,0,Neither,0,0
val,AoF03392.jpg,AoF,3392,0,Neither,0,0
val,AoF03394.jpg,AoF,3394,0,Neither,0,0
val,AoF03400.jpg,AoF,3400,0,Neither,0,0
val,AoF03405.jpg,AoF,3405,0,Neither,0,0
val,AoF03408.jpg,AoF,3408,0,Neither,0,0
val,AoF03410.jpg,AoF,3410,0,Neither,0,0
val,AoF03430.jpg,AoF,3430,0,Neither,0,0
val,AoF03436.jpg,AoF,3436,0,Neither,0,0
val,AoF03450.jpg,AoF,3450,0,Neither,0,0
val,AoF03452.jpg,AoF,3452,0,Neither,0,0
val,AoF03458.jpg,AoF,3458,0,Neither,0,0
val,AoF03459.jpg,AoF,3459,0,Neither,0,0
val,AoF03467.jpg,AoF,3467,0,Neither,0,0
val,AoF03473.jpg,AoF,3473,0,Neither,0,0
val,AoF03485.jpg,AoF,3485,0,Neither,0,0
val,AoF03488.jpg,AoF,3488,0,Neither,0,0
val,AoF03489.jpg,AoF,3489,0,Neither,0,0
val,AoF03495.jpg,AoF,3495,0,Neither,0,0
val,AoF03499.jpg,AoF,3499,0,Neither,0,0
val,AoF03502.jpg,AoF,3502,0,Neither,0,0
val,AoF03521.jpg,AoF,3521,0,Neither,0,0
val,AoF03524.jpg,AoF,3524,0,Neither,0,0
val,AoF03537.jpg,AoF,3537,0,Neither,0,0
val,AoF03538.jpg,AoF,3538,0,Neither,0,0
val,AoF03539.jpg,AoF,3539,0,Neither,0,0
val,AoF03544.jpg,AoF,3544,0,Neither,0,0
val,AoF03556.jpg,AoF,3556,0,Neither,0,0
val,AoF03558.jpg,AoF,3558,0,Neither,0,0
val,AoF03559.jpg,AoF,3559,0,Neither,0,0
val,AoF03569.jpg,AoF,3569,0,Neither,0,0
val,AoF03571.jpg,AoF,3571,0,Neither,0,0
val,AoF03572.jpg,AoF,3572,0,Neither,0,0
val,AoF03576.jpg,AoF,3576,0,Neither,0,0
val,AoF03599.jpg,AoF,3599,0,Neither,0,0
val,AoF03605.jpg,AoF,3605,0,Neither,0,0
val,AoF03617.jpg,AoF,3617,0,Neither,0,0
val,AoF03622.jpg,AoF,3622,0,Neither,0,0
val,AoF03625.jpg,AoF,3625,0,Neither,0,0
val,AoF03626.jpg,AoF,3626,0,Neither,0,0
val,AoF03633.jpg,AoF,3633,0,Neither,0,0
val,AoF03637.jpg,AoF,3637,0,Neither,0,0
val,AoF03641.jpg,AoF,3641,0,Neither,0,0
val,AoF03645.jpg,AoF,3645,0,Neither,0,0
val,AoF03656.jpg,AoF,3656,0,Neither,0,0
val,AoF03658.jpg,AoF,3658,0,Neither,0,0
val,AoF03664.jpg,AoF,3664,0,Neither,0,0
val,AoF03666.jpg,AoF,3666,0,Neither,0,0
val,AoF03668.jpg,AoF,3668,0,Neither,0,0
val,AoF03669.jpg,AoF,3669,0,Neither,0,0
val,AoF03676.jpg,AoF,3676,0,Neither,0,0
val,AoF03694.jpg,AoF,3694,0,Neither,0,0
val,AoF03699.jpg,AoF,3699,0,Neither,0,0
val,AoF03705.jpg,AoF,3705,0,Neither,0,0
val,AoF03710.jpg,AoF,3710,0,Neither,0,0
val,AoF03717.jpg,AoF,3717,0,Neither,0,0
val,AoF03721.jpg,AoF,3721,0,Neither,0,0
val,AoF03726.jpg,AoF,3726,0,Neither,0,0
val,AoF03729.jpg,AoF,3729,0,Neither,0,0
val,AoF03733.jpg,AoF,3733,0,Neither,0,0
val,AoF03736.jpg,AoF,3736,0,Neither,0,0
val,AoF03737.jpg,AoF,3737,0,Neither,0,0
val,AoF03740.jpg,AoF,3740,0,Neither,0,0
val,AoF03745.jpg,AoF,3745,0,Neither,0,0
val,AoF03756.jpg,AoF,3756,0,Neither,0,0
val,AoF03765.jpg,AoF,3765,0,Neither,0,0
val,AoF03771.jpg,AoF,3771,0,Neither,0,0
val,AoF03779.jpg,AoF,3779,0,Neither,0,0
val,AoF03782.jpg,AoF,3782,0,Neither,0,0
val,AoF03785.jpg,AoF,3785,0,Neither,0,0
val,AoF03786.jpg,AoF,3786,0,Neither,0,0
val,AoF03789.jpg,AoF,3789,0,Neither,0,0
val,AoF03796.jpg,AoF,3796,2,Only_Smoke,1,0
val,AoF03803.jpg,AoF,3803,0,Neither,0,0
val,AoF03809.jpg,AoF,3809,0,Neither,0,0
val,AoF03825.jpg,AoF,3825,0,Neither,0,0
val,AoF03829.jpg,AoF,3829,0,Neither,0,0
val,AoF03830.jpg,AoF,3830,0,Neither,0,0
val,AoF03836.jpg,AoF,3836,0,Neither,0,0
val,AoF03840.jpg,AoF,3840,0,Neither,0,0
val,AoF03842.jpg,AoF,3842,0,Neither,0,0
val,AoF03843.jpg,AoF,3843,0,Neither,0,0
val,AoF03853.jpg,AoF,3853,0,Neither,0,0
val,AoF03857.jpg,AoF,3857,0,Neither,0,0
val,AoF03859.jpg,AoF,3859,0,Neither,0,0
val,AoF03872.jpg,AoF,3872,0,Neither,0,0
val,AoF03880.jpg,AoF,3880,0,Neither,0,0
val,AoF03885.jpg,AoF,3885,0,Neither,0,0
val,AoF03895.jpg,AoF,3895,0,Neither,0,0
val,AoF03900.jpg,AoF,3900,0,Neither,0,0
val,AoF03910.jpg,AoF,3910,0,Neither,0,0
val,AoF03912.jpg,AoF,3912,0,Neither,0,0
val,AoF03921.jpg,AoF,3921,0,Neither,0,0
val,AoF03926.jpg,AoF,3926,0,Neither,0,0
val,AoF03928.jpg,AoF,3928,0,Neither,0,0
val,AoF03930.jpg,AoF,3930,0,Neither,0,0
val,AoF03947.jpg,AoF,3947,0,Neither,0,0
val,AoF03951.jpg,AoF,3951,0,Neither,0,0
val,AoF03958.jpg,AoF,3958,0,Neither,0,0
val,AoF03961.jpg,AoF,3961,0,Neither,0,0
val,AoF03962.jpg,AoF,3962,0,Neither,0,0
val,AoF03967.jpg,AoF,3967,0,Neither,0,0
val,AoF03978.jpg,AoF,3978,0,Neither,0,0
val,AoF03979.jpg,AoF,3979,0,Neither,0,0
val,AoF03983.jpg,AoF,3983,0,Neither,0,0
val,AoF03984.jpg,AoF,3984,0,Neither,0,0
val,AoF03986.jpg,AoF,3986,0,Neither,0,0
val,AoF03987.jpg,AoF,3987,0,Neither,0,0
val,AoF03989.jpg,AoF,3989,0,Neither,0,0
val,AoF03993.jpg,AoF,3993,0,Neither,0,0
val,AoF03995.jpg,AoF,3995,0,Neither,0,0
val,AoF03996.jpg,AoF,3996,0,Neither,0,0
val,AoF03999.jpg,AoF,3999,0,Neither,0,0
val,AoF04000.jpg,AoF,4000,0,Neither,0,0
val,AoF04009.jpg,AoF,4009,3,Both,1,4
val,AoF04011.jpg,AoF,4011,3,Both,1,4
val,AoF04015.jpg,AoF,4015,3,Both,1,7
val,AoF04030.jpg,AoF,4030,3,Both,3,5
val,AoF04032.jpg,AoF,4032,3,Both,2,5
val,AoF04036.jpg,AoF,4036,3,Both,1,4
val,AoF04045.jpg,AoF,4045,3,Both,1,3
val,AoF04049.jpg,AoF,4049,3,Both,1,2
val,AoF04050.jpg,AoF,4050,3,Both,1,2
val,AoF04053.jpg,AoF,4053,3,Both,1,2
val,AoF04062.jpg,AoF,4062,3,Both,1,2
val,AoF04066.jpg,AoF,4066,3,Both,1,2
val,AoF04068.jpg,AoF,4068,3,Both,1,3
val,AoF04072.jpg,AoF,4072,3,Both,1,2
val,AoF04076.jpg,AoF,4076,1,Only_Fire,0,2
val,AoF04089.jpg,AoF,4089,3,Both,1,1
val,AoF04092.jpg,AoF,4092,3,Both,1,1
val,AoF04094.jpg,AoF,4094,3,Both,1,1
val,AoF04103.jpg,AoF,4103,3,Both,1,1
val,AoF04110.jpg,AoF,4110,3,Both,1,1
val,AoF04118.jpg,AoF,4118,3,Both,1,1
val,AoF04125.jpg,AoF,4125,1,Only_Fire,0,3
val,AoF04130.jpg,AoF,4130,3,Both,1,1
val,AoF04132.jpg,AoF,4132,3,Both,1,1
val,AoF04139.jpg,AoF,4139,3,Both,1,1
val,AoF04140.jpg,AoF,4140,3,Both,1,1
val,AoF04141.jpg,AoF,4141,3,Both,1,1
val,AoF04144.jpg,AoF,4144,3,Both,1,2
val,AoF04160.jpg,AoF,4160,1,Only_Fire,0,2
val,AoF04171.jpg,AoF,4171,3,Both,1,1
val,AoF04172.jpg,AoF,4172,3,Both,1,1
val,AoF04180.jpg,AoF,4180,3,Both,1,1
val,AoF04184.jpg,AoF,4184,3,Both,1,3
val,AoF04194.jpg,AoF,4194,3,Both,1,2
val,AoF04196.jpg,AoF,4196,3,Both,1,2
val,AoF04200.jpg,AoF,4200,3,Both,1,3
val,AoF04201.jpg,AoF,4201,3,Both,1,2
val,AoF04203.jpg,AoF,4203,3,Both,1,2
val,AoF04205.jpg,AoF,4205,3,Both,1,2
val,AoF04216.jpg,AoF,4216,1,Only_Fire,0,2
val,AoF04217.jpg,AoF,4217,3,Both,1,2
val,AoF04221.jpg,AoF,4221,3,Both,1,3
val,AoF04226.jpg,AoF,4226,1,Only_Fire,0,2
val,AoF04228.jpg,AoF,4228,3,Both,1,1
val,AoF04237.jpg,AoF,4237,3,Both,1,2
val,AoF04240.jpg,AoF,4240,3,Both,1,1
val,AoF04256.jpg,AoF,4256,3,Both,1,1
val,AoF04260.jpg,AoF,4260,3,Both,1,1
val,AoF04261.jpg,AoF,4261,3,Both,1,1
val,AoF04265.jpg,AoF,4265,3,Both,1,1
val,AoF04273.jpg,AoF,4273,3,Both,1,1
val,AoF04277.jpg,AoF,4277,3,Both,1,1
val,AoF04289.jpg,AoF,4289,3,Both,1,2
val,AoF04294.jpg,AoF,4294,3,Both,1,1
val,AoF04301.jpg,AoF,4301,3,Both,1,1
val,AoF04308.jpg,AoF,4308,3,Both,1,1
val,AoF04315.jpg,AoF,4315,3,Both,1,1
val,AoF04317.jpg,AoF,4317,3,Both,1,2
val,AoF04319.jpg,AoF,4319,3,Both,1,1
val,AoF04324.jpg,AoF,4324,3,Both,1,1
val,AoF04328.jpg,AoF,4328,3,Both,1,2
val,AoF04331.jpg,AoF,4331,3,Both,1,2
val,AoF04341.jpg,AoF,4341,3,Both,1,1
val,AoF04344.jpg,AoF,4344,1,Only_Fire,0,1
val,AoF04348.jpg,AoF,4348,3,Both,1,2
val,AoF04353.jpg,AoF,4353,1,Only_Fire,0,1
val,AoF04364.jpg,AoF,4364,1,Only_Fire,0,1
val,AoF04372.jpg,AoF,4372,1,Only_Fire,0,1
val,AoF04376.jpg,AoF,4376,3,Both,1,1
val,AoF04377.jpg,AoF,4377,3,Both,1,1
val,AoF04378.jpg,AoF,4378,3,Both,1,1
val,AoF04386.jpg,AoF,4386,1,Only_Fire,0,1
val,AoF04390.jpg,AoF,4390,3,Both,1,1
val,AoF04391.jpg,AoF,4391,1,Only_Fire,0,1
val,AoF04399.jpg,AoF,4399,3,Both,1,1
val,AoF04407.jpg,AoF,4407,2,Only_Smoke,1,0
val,AoF04412.jpg,AoF,4412,2,Only_Smoke,1,0
val,AoF04426.jpg,AoF,4426,2,Only_Smoke,1,0
val,AoF04428.jpg,AoF,4428,2,Only_Smoke,1,0
val,AoF04435.jpg,AoF,4435,3,Both,1,3
val,AoF04443.jpg,AoF,4443,3,Both,1,2
val,AoF04445.jpg,AoF,4445,3,Both,1,2
val,AoF04447.jpg,AoF,4447,3,Both,1,3
val,AoF04461.jpg,AoF,4461,3,Both,1,4
val,AoF04470.jpg,AoF,4470,3,Both,1,2
val,AoF04475.jpg,AoF,4475,1,Only_Fire,0,3
val,AoF04487.jpg,AoF,4487,3,Both,2,5
val,AoF04488.jpg,AoF,4488,3,Both,3,2
val,AoF04490.jpg,AoF,4490,3,Both,1,1
val,AoF04496.jpg,AoF,4496,1,Only_Fire,0,1
val,AoF04501.jpg,AoF,4501,3,Both,1,1
val,AoF04507.jpg,AoF,4507,1,Only_Fire,0,1
val,AoF04509.jpg,AoF,4509,1,Only_Fire,0,2
val,AoF04513.jpg,AoF,4513,1,Only_Fire,0,2
val,AoF04517.jpg,AoF,4517,1,Only_Fire,0,2
val,AoF04529.jpg,AoF,4529,1,Only_Fire,0,1
val,AoF04532.jpg,AoF,4532,1,Only_Fire,0,1
val,AoF04539.jpg,AoF,4539,1,Only_Fire,0,1
val,AoF04549.jpg,AoF,4549,1,Only_Fire,0,1
val,AoF04558.jpg,AoF,4558,3,Both,1,1
val,AoF04561.jpg,AoF,4561,1,Only_Fire,0,2
val,AoF04562.jpg,AoF,4562,3,Both,1,1
val,AoF04570.jpg,AoF,4570,1,Only_Fire,0,1
val,AoF04575.jpg,AoF,4575,3,Both,1,2
val,AoF04582.jpg,AoF,4582,1,Only_Fire,0,2
val,AoF04583.jpg,AoF,4583,1,Only_Fire,0,2
val,AoF04588.jpg,AoF,4588,1,Only_Fire,0,1
val,AoF04590.jpg,AoF,4590,3,Both,1,2
val,AoF04597.jpg,AoF,4597,1,Only_Fire,0,1
val,AoF04620.jpg,AoF,4620,1,Only_Fire,0,1
val,AoF04622.jpg,AoF,4622,1,Only_Fire,0,1
val,AoF04626.jpg,AoF,4626,1,Only_Fire,0,1
val,AoF04639.jpg,AoF,4639,1,Only_Fire,0,1
val,AoF04641.jpg,AoF,4641,1,Only_Fire,0,2
val,AoF04643.jpg,AoF,4643,3,Both,1,1
val,AoF04646.jpg,AoF,4646,1,Only_Fire,0,1
val,AoF04647.jpg,AoF,4647,1,Only_Fire,0,1
val,AoF04656.jpg,AoF,4656,3,Both,1,1
val,AoF04660.jpg,AoF,4660,3,Both,1,1
val,AoF04679.jpg,AoF,4679,3,Both,1,1
val,AoF04682.jpg,AoF,4682,3,Both,1,1
val,AoF04685.jpg,AoF,4685,3,Both,1,1
val,AoF04686.jpg,AoF,4686,3,Both,1,1
val,AoF04688.jpg,AoF,4688,1,Only_Fire,0,1
val,AoF04701.jpg,AoF,4701,3,Both,1,1
val,AoF04706.jpg,AoF,4706,1,Only_Fire,0,1
val,AoF04713.jpg,AoF,4713,3,Both,1,1
val,AoF04717.jpg,AoF,4717,1,Only_Fire,0,2
val,AoF04718.jpg,AoF,4718,1,Only_Fire,0,2
val,AoF04739.jpg,AoF,4739,1,Only_Fire,0,1
val,AoF04742.jpg,AoF,4742,1,Only_Fire,0,1
val,AoF04747.jpg,AoF,4747,1,Only_Fire,0,1
val,AoF04752.jpg,AoF,4752,1,Only_Fire,0,1
val,AoF04754.jpg,AoF,4754,1,Only_Fire,0,1
val,AoF04758.jpg,AoF,4758,1,Only_Fire,0,2
val,AoF04760.jpg,AoF,4760,3,Both,1,1
val,AoF04762.jpg,AoF,4762,1,Only_Fire,0,1
val,AoF04765.jpg,AoF,4765,3,Both,1,1
val,AoF04767.jpg,AoF,4767,3,Both,1,1
val,AoF04785.jpg,AoF,4785,3,Both,1,1
val,AoF04791.jpg,AoF,4791,1,Only_Fire,0,1
val,AoF04796.jpg,AoF,4796,1,Only_Fire,0,1
val,AoF04800.jpg,AoF,4800,1,Only_Fire,0,1
val,AoF04805.jpg,AoF,4805,3,Both,1,1
val,AoF04807.jpg,AoF,4807,3,Both,1,1
val,AoF04815.jpg,AoF,4815,1,Only_Fire,0,1
val,AoF04816.jpg,AoF,4816,1,Only_Fire,0,1
val,AoF04823.jpg,AoF,4823,1,Only_Fire,0,1
val,AoF04826.jpg,AoF,4826,3,Both,1,1
val,AoF04830.jpg,AoF,4830,3,Both,1,1
val,AoF04845.jpg,AoF,4845,3,Both,1,1
val,AoF04853.jpg,AoF,4853,3,Both,1,2
val,AoF04855.jpg,AoF,4855,3,Both,1,2
val,AoF04859.jpg,AoF,4859,3,Both,1,5
val,AoF04860.jpg,AoF,4860,3,Both,1,4
val,AoF04867.jpg,AoF,4867,3,Both,1,4
val,AoF04878.jpg,AoF,4878,3,Both,1,4
val,AoF04881.jpg,AoF,4881,3,Both,1,3
val,AoF04885.jpg,AoF,4885,3,Both,1,2
val,AoF04899.jpg,AoF,4899,1,Only_Fire,0,2
val,AoF04900.jpg,AoF,4900,1,Only_Fire,0,2
val,AoF04901.jpg,AoF,4901,1,Only_Fire,0,2
val,AoF04904.jpg,AoF,4904,1,Only_Fire,0,2
val,AoF04907.jpg,AoF,4907,1,Only_Fire,0,2
val,AoF04911.jpg,AoF,4911,1,Only_Fire,0,2
val,AoF04917.jpg,AoF,4917,1,Only_Fire,0,2
val,AoF04925.jpg,AoF,4925,1,Only_Fire,0,4
val,AoF04927.jpg,AoF,4927,3,Both,1,1
val,AoF04936.jpg,AoF,4936,3,Both,1,3
val,AoF04939.jpg,AoF,4939,3,Both,1,3
val,AoF04945.jpg,AoF,4945,1,Only_Fire,0,1
val,AoF04956.jpg,AoF,4956,1,Only_Fire,0,1
val,AoF04974.jpg,AoF,4974,1,Only_Fire,0,3
val,AoF04984.jpg,AoF,4984,1,Only_Fire,0,3
val,AoF04988.jpg,AoF,4988,1,Only_Fire,0,3
val,AoF04990.jpg,AoF,4990,1,Only_Fire,0,3
val,AoF04995.jpg,AoF,4995,3,Both,1,3
val,AoF04998.jpg,AoF,4998,3,Both,1,3
val,AoF04999.jpg,AoF,4999,3,Both,1,2
val,AoF05003.jpg,AoF,5003,3,Both,1,2
val,AoF05013.jpg,AoF,5013,3,Both,1,2
val,AoF05015.jpg,AoF,5015,3,Both,1,2
val,AoF05022.jpg,AoF,5022,3,Both,1,2
val,AoF05030.jpg,AoF,5030,1,Only_Fire,0,2
val,AoF05039.jpg,AoF,5039,1,Only_Fire,0,1
val,AoF05044.jpg,AoF,5044,3,Both,1,1
val,AoF05045.jpg,AoF,5045,3,Both,1,1
val,AoF05051.jpg,AoF,5051,3,Both,1,1
val,AoF05052.jpg,AoF,5052,3,Both,1,1
val,AoF05061.jpg,AoF,5061,1,Only_Fire,0,1
val,AoF05065.jpg,AoF,5065,3,Both,1,1
val,AoF05068.jpg,AoF,5068,3,Both,1,1
val,AoF05071.jpg,AoF,5071,3,Both,1,1
val,AoF05074.jpg,AoF,5074,2,Only_Smoke,3,0
val,AoF05085.jpg,AoF,5085,2,Only_Smoke,1,0
val,AoF05104.jpg,AoF,5104,2,Only_Smoke,1,0
val,AoF05106.jpg,AoF,5106,2,Only_Smoke,1,0
val,AoF05118.jpg,AoF,5118,2,Only_Smoke,1,0
val,AoF05123.jpg,AoF,5123,2,Only_Smoke,1,0
val,AoF05128.jpg,AoF,5128,2,Only_Smoke,2,0
val,AoF05131.jpg,AoF,5131,2,Only_Smoke,1,0
val,AoF05133.jpg,AoF,5133,3,Both,1,1
val,AoF05143.jpg,AoF,5143,2,Only_Smoke,1,0
val,AoF05150.jpg,AoF,5150,2,Only_Smoke,1,0
val,AoF05151.jpg,AoF,5151,2,Only_Smoke,1,0
val,AoF05154.jpg,AoF,5154,2,Only_Smoke,1,0
val,AoF05162.jpg,AoF,5162,2,Only_Smoke,1,0
val,AoF05166.jpg,AoF,5166,2,Only_Smoke,1,0
val,AoF05175.jpg,AoF,5175,2,Only_Smoke,1,0
val,AoF05178.jpg,AoF,5178,2,Only_Smoke,1,0
val,AoF05179.jpg,AoF,5179,2,Only_Smoke,1,0
val,AoF05181.jpg,AoF,5181,2,Only_Smoke,1,0
val,AoF05183.jpg,AoF,5183,2,Only_Smoke,1,0
val,AoF05187.jpg,AoF,5187,2,Only_Smoke,1,0
val,AoF05192.jpg,AoF,5192,2,Only_Smoke,1,0
val,AoF05194.jpg,AoF,5194,2,Only_Smoke,3,0
val,AoF05202.jpg,AoF,5202,2,Only_Smoke,1,0
val,AoF05208.jpg,AoF,5208,2,Only_Smoke,1,0
val,AoF05217.jpg,AoF,5217,2,Only_Smoke,1,0
val,AoF05219.jpg,AoF,5219,2,Only_Smoke,1,0
val,AoF05220.jpg,AoF,5220,2,Only_Smoke,1,0
val,AoF05224.jpg,AoF,5224,2,Only_Smoke,1,0
val,AoF05230.jpg,AoF,5230,2,Only_Smoke,1,0
val,AoF05236.jpg,AoF,5236,2,Only_Smoke,1,0
val,AoF05242.jpg,AoF,5242,2,Only_Smoke,1,0
val,AoF05249.jpg,AoF,5249,2,Only_Smoke,1,0
val,AoF05252.jpg,AoF,5252,0,Neither,0,0
val,AoF05256.jpg,AoF,5256,2,Only_Smoke,1,0
val,AoF05259.jpg,AoF,5259,2,Only_Smoke,1,0
val,AoF05260.jpg,AoF,5260,2,Only_Smoke,1,0
val,AoF05263.jpg,AoF,5263,2,Only_Smoke,1,0
val,AoF05264.jpg,AoF,5264,2,Only_Smoke,3,0
val,AoF05265.jpg,AoF,5265,2,Only_Smoke,1,0
val,AoF05267.jpg,AoF,5267,2,Only_Smoke,1,0
val,AoF05268.jpg,AoF,5268,2,Only_Smoke,1,0
val,AoF05294.jpg,AoF,5294,2,Only_Smoke,1,0
val,AoF05304.jpg,AoF,5304,2,Only_Smoke,1,0
val,AoF05308.jpg,AoF,5308,2,Only_Smoke,1,0
val,AoF05318.jpg,AoF,5318,2,Only_Smoke,1,0
val,AoF05328.jpg,AoF,5328,2,Only_Smoke,1,0
val,AoF05333.jpg,AoF,5333,2,Only_Smoke,1,0
val,AoF05339.jpg,AoF,5339,2,Only_Smoke,1,0
val,AoF05340.jpg,AoF,5340,2,Only_Smoke,1,0
val,AoF05344.jpg,AoF,5344,2,Only_Smoke,1,0
val,AoF05346.jpg,AoF,5346,2,Only_Smoke,1,0
val,AoF05356.jpg,AoF,5356,2,Only_Smoke,1,0
val,AoF05358.jpg,AoF,5358,2,Only_Smoke,1,0
val,AoF05364.jpg,AoF,5364,2,Only_Smoke,1,0
val,AoF05367.jpg,AoF,5367,2,Only_Smoke,1,0
val,AoF05369.jpg,AoF,5369,3,Both,2,1
val,AoF05379.jpg,AoF,5379,2,Only_Smoke,1,0
val,AoF05399.jpg,AoF,5399,2,Only_Smoke,1,0
val,AoF05400.jpg,AoF,5400,2,Only_Smoke,1,0
val,AoF05407.jpg,AoF,5407,2,Only_Smoke,1,0
val,AoF05408.jpg,AoF,5408,2,Only_Smoke,1,0
val,AoF05426.jpg,AoF,5426,2,Only_Smoke,1,0
val,AoF05438.jpg,AoF,5438,2,Only_Smoke,2,0
val,AoF05441.jpg,AoF,5441,2,Only_Smoke,1,0
val,AoF05444.jpg,AoF,5444,3,Both,1,1
val,AoF05448.jpg,AoF,5448,3,Both,1,1
val,AoF05451.jpg,AoF,5451,2,Only_Smoke,1,0
val,AoF05452.jpg,AoF,5452,3,Both,1,1
val,AoF05453.jpg,AoF,5453,3,Both,1,1
val,AoF05458.jpg,AoF,5458,2,Only_Smoke,1,0
val,AoF05468.jpg,AoF,5468,2,Only_Smoke,1,0
val,AoF05489.jpg,AoF,5489,2,Only_Smoke,1,0
val,AoF05490.jpg,AoF,5490,2,Only_Smoke,1,0
val,AoF05495.jpg,AoF,5495,2,Only_Smoke,1,0
val,AoF05497.jpg,AoF,5497,2,Only_Smoke,1,0
val,AoF05498.jpg,AoF,5498,2,Only_Smoke,1,0
val,AoF05499.jpg,AoF,5499,2,Only_Smoke,1,0
val,AoF05504.jpg,AoF,5504,2,Only_Smoke,1,0
val,AoF05505.jpg,AoF,5505,2,Only_Smoke,1,0
val,AoF05507.jpg,AoF,5507,2,Only_Smoke,1,0
val,AoF05509.jpg,AoF,5509,2,Only_Smoke,1,0
val,AoF05510.jpg,AoF,5510,2,Only_Smoke,1,0
val,AoF05512.jpg,AoF,5512,2,Only_Smoke,1,0
val,AoF05513.jpg,AoF,5513,2,Only_Smoke,1,0
val,AoF05515.jpg,AoF,5515,2,Only_Smoke,1,0
val,AoF05528.jpg,AoF,5528,2,Only_Smoke,1,0
val,AoF05533.jpg,AoF,5533,2,Only_Smoke,1,0
val,AoF05538.jpg,AoF,5538,2,Only_Smoke,1,0
val,AoF05543.jpg,AoF,5543,2,Only_Smoke,1,0
val,AoF05544.jpg,AoF,5544,2,Only_Smoke,1,0
val,AoF05545.jpg,AoF,5545,2,Only_Smoke,1,0
val,AoF05547.jpg,AoF,5547,2,Only_Smoke,1,0
val,AoF05548.jpg,AoF,5548,2,Only_Smoke,1,0
val,AoF05559.jpg,AoF,5559,2,Only_Smoke,1,0
val,AoF05582.jpg,AoF,5582,2,Only_Smoke,1,0
val,AoF05590.jpg,AoF,5590,2,Only_Smoke,1,0
val,AoF05592.jpg,AoF,5592,2,Only_Smoke,1,0
val,AoF05594.jpg,AoF,5594,2,Only_Smoke,1,0
val,AoF05600.jpg,AoF,5600,2,Only_Smoke,1,0
val,AoF05601.jpg,AoF,5601,2,Only_Smoke,1,0
val,AoF05604.jpg,AoF,5604,2,Only_Smoke,1,0
val,AoF05606.jpg,AoF,5606,2,Only_Smoke,1,0
val,AoF05619.jpg,AoF,5619,2,Only_Smoke,1,0
val,AoF05641.jpg,AoF,5641,2,Only_Smoke,1,0
val,AoF05646.jpg,AoF,5646,2,Only_Smoke,1,0
val,AoF05654.jpg,AoF,5654,2,Only_Smoke,1,0
val,AoF05659.jpg,AoF,5659,2,Only_Smoke,1,0
val,AoF05663.jpg,AoF,5663,2,Only_Smoke,1,0
val,AoF05667.jpg,AoF,5667,2,Only_Smoke,1,0
val,AoF05668.jpg,AoF,5668,2,Only_Smoke,1,0
val,AoF05677.jpg,AoF,5677,2,Only_Smoke,1,0
val,AoF05680.jpg,AoF,5680,2,Only_Smoke,1,0
val,AoF05681.jpg,AoF,5681,2,Only_Smoke,1,0
val,AoF05692.jpg,AoF,5692,2,Only_Smoke,1,0
val,AoF05693.jpg,AoF,5693,2,Only_Smoke,1,0
val,AoF05705.jpg,AoF,5705,2,Only_Smoke,1,0
val,AoF05709.jpg,AoF,5709,2,Only_Smoke,1,0
val,AoF05711.jpg,AoF,5711,2,Only_Smoke,1,0
val,AoF05713.jpg,AoF,5713,2,Only_Smoke,1,0
val,AoF05723.jpg,AoF,5723,2,Only_Smoke,1,0
val,AoF05725.jpg,AoF,5725,2,Only_Smoke,1,0
val,AoF05731.jpg,AoF,5731,2,Only_Smoke,1,0
val,AoF05733.jpg,AoF,5733,2,Only_Smoke,1,0
val,AoF05754.jpg,AoF,5754,0,Neither,0,0
val,AoF05764.jpg,AoF,5764,2,Only_Smoke,1,0
val,AoF05766.jpg,AoF,5766,2,Only_Smoke,1,0
val,AoF05769.jpg,AoF,5769,2,Only_Smoke,1,0
val,AoF05773.jpg,AoF,5773,2,Only_Smoke,1,0
val,AoF05777.jpg,AoF,5777,2,Only_Smoke,1,0
val,AoF05780.jpg,AoF,5780,2,Only_Smoke,1,0
val,AoF05785.jpg,AoF,5785,2,Only_Smoke,1,0
val,AoF05788.jpg,AoF,5788,2,Only_Smoke,1,0
val,AoF05793.jpg,AoF,5793,2,Only_Smoke,1,0
val,AoF05799.jpg,AoF,5799,2,Only_Smoke,1,0
val,AoF05818.jpg,AoF,5818,2,Only_Smoke,1,0
val,AoF05830.jpg,AoF,5830,2,Only_Smoke,1,0
val,AoF05840.jpg,AoF,5840,2,Only_Smoke,1,0
val,AoF05843.jpg,AoF,5843,2,Only_Smoke,1,0
val,AoF05855.jpg,AoF,5855,2,Only_Smoke,1,0
val,AoF05858.jpg,AoF,5858,2,Only_Smoke,1,0
val,AoF05864.jpg,AoF,5864,2,Only_Smoke,1,0
val,AoF05868.jpg,AoF,5868,2,Only_Smoke,1,0
val,AoF05873.jpg,AoF,5873,2,Only_Smoke,1,0
val,AoF05875.jpg,AoF,5875,2,Only_Smoke,1,0
val,AoF05885.jpg,AoF,5885,2,Only_Smoke,1,0
val,AoF05891.jpg,AoF,5891,2,Only_Smoke,1,0
val,AoF05892.jpg,AoF,5892,2,Only_Smoke,1,0
val,AoF05900.jpg,AoF,5900,2,Only_Smoke,1,0
val,AoF05914.jpg,AoF,5914,2,Only_Smoke,1,0
val,AoF05921.jpg,AoF,5921,2,Only_Smoke,1,0
val,AoF05924.jpg,AoF,5924,2,Only_Smoke,1,0
val,AoF05928.jpg,AoF,5928,2,Only_Smoke,1,0
val,AoF05934.jpg,AoF,5934,2,Only_Smoke,1,0
val,AoF05939.jpg,AoF,5939,2,Only_Smoke,1,0
val,AoF05940.jpg,AoF,5940,2,Only_Smoke,1,0
val,AoF05941.jpg,AoF,5941,2,Only_Smoke,1,0
val,AoF05960.jpg,AoF,5960,2,Only_Smoke,1,0
val,AoF05967.jpg,AoF,5967,2,Only_Smoke,1,0
val,AoF05971.jpg,AoF,5971,2,Only_Smoke,1,0
val,AoF05974.jpg,AoF,5974,2,Only_Smoke,1,0
val,AoF05976.jpg,AoF,5976,2,Only_Smoke,1,0
val,AoF05987.jpg,AoF,5987,2,Only_Smoke,1,0
val,AoF05996.jpg,AoF,5996,2,Only_Smoke,1,0
val,AoF06005.jpg,AoF,6005,2,Only_Smoke,1,0
val,AoF06006.jpg,AoF,6006,2,Only_Smoke,1,0
val,AoF06010.jpg,AoF,6010,2,Only_Smoke,1,0
val,AoF06025.jpg,AoF,6025,2,Only_Smoke,1,0
val,AoF06039.jpg,AoF,6039,2,Only_Smoke,1,0
val,AoF06041.jpg,AoF,6041,2,Only_Smoke,1,0
val,AoF06043.jpg,AoF,6043,2,Only_Smoke,1,0
val,AoF06045.jpg,AoF,6045,2,Only_Smoke,1,0
val,AoF06060.jpg,AoF,6060,2,Only_Smoke,1,0
val,AoF06068.jpg,AoF,6068,0,Neither,0,0
val,AoF06072.jpg,AoF,6072,2,Only_Smoke,1,0
val,AoF06076.jpg,AoF,6076,2,Only_Smoke,1,0
val,AoF06078.jpg,AoF,6078,2,Only_Smoke,1,0
val,AoF06085.jpg,AoF,6085,2,Only_Smoke,1,0
val,AoF06088.jpg,AoF,6088,2,Only_Smoke,1,0
val,AoF06095.jpg,AoF,6095,2,Only_Smoke,1,0
val,AoF06107.jpg,AoF,6107,3,Both,1,2
val,AoF06115.jpg,AoF,6115,2,Only_Smoke,2,0
val,AoF06121.jpg,AoF,6121,2,Only_Smoke,1,0
val,AoF06126.jpg,AoF,6126,2,Only_Smoke,2,0
val,AoF06129.jpg,AoF,6129,2,Only_Smoke,1,0
val,AoF06147.jpg,AoF,6147,2,Only_Smoke,1,0
val,AoF06149.jpg,AoF,6149,2,Only_Smoke,1,0
val,AoF06158.jpg,AoF,6158,2,Only_Smoke,1,0
val,AoF06164.jpg,AoF,6164,2,Only_Smoke,1,0
val,AoF06169.jpg,AoF,6169,2,Only_Smoke,1,0
val,AoF06171.jpg,AoF,6171,2,Only_Smoke,1,0
val,AoF06173.jpg,AoF,6173,2,Only_Smoke,1,0
val,AoF06180.jpg,AoF,6180,2,Only_Smoke,1,0
val,AoF06186.jpg,AoF,6186,2,Only_Smoke,2,0
val,AoF06189.jpg,AoF,6189,2,Only_Smoke,1,0
val,AoF06193.jpg,AoF,6193,2,Only_Smoke,1,0
val,AoF06199.jpg,AoF,6199,2,Only_Smoke,1,0
val,AoF06212.jpg,AoF,6212,2,Only_Smoke,1,0
val,AoF06213.jpg,AoF,6213,2,Only_Smoke,1,0
val,AoF06223.jpg,AoF,6223,2,Only_Smoke,1,0
val,AoF06236.jpg,AoF,6236,2,Only_Smoke,1,0
val,AoF06238.jpg,AoF,6238,2,Only_Smoke,1,0
val,AoF06250.jpg,AoF,6250,2,Only_Smoke,1,0
val,AoF06260.jpg,AoF,6260,2,Only_Smoke,1,0
val,AoF06268.jpg,AoF,6268,2,Only_Smoke,1,0
val,AoF06273.jpg,AoF,6273,2,Only_Smoke,1,0
val,AoF06277.jpg,AoF,6277,2,Only_Smoke,1,0
val,AoF06279.jpg,AoF,6279,2,Only_Smoke,1,0
val,AoF06290.jpg,AoF,6290,2,Only_Smoke,1,0
val,AoF06302.jpg,AoF,6302,2,Only_Smoke,1,0
val,AoF06311.jpg,AoF,6311,2,Only_Smoke,1,0
val,AoF06316.jpg,AoF,6316,2,Only_Smoke,2,0
val,AoF06318.jpg,AoF,6318,2,Only_Smoke,2,0
val,AoF06319.jpg,AoF,6319,2,Only_Smoke,2,0
val,AoF06320.jpg,AoF,6320,2,Only_Smoke,2,0
val,AoF06321.jpg,AoF,6321,2,Only_Smoke,1,0
val,AoF06324.jpg,AoF,6324,2,Only_Smoke,1,0
val,AoF06352.jpg,AoF,6352,2,Only_Smoke,1,0
val,AoF06354.jpg,AoF,6354,2,Only_Smoke,1,0
val,AoF06355.jpg,AoF,6355,2,Only_Smoke,1,0
val,AoF06361.jpg,AoF,6361,2,Only_Smoke,1,0
val,AoF06363.jpg,AoF,6363,2,Only_Smoke,1,0
val,AoF06364.jpg,AoF,6364,2,Only_Smoke,1,0
val,AoF06366.jpg,AoF,6366,2,Only_Smoke,1,0
val,AoF06376.jpg,AoF,6376,2,Only_Smoke,1,0
val,AoF06386.jpg,AoF,6386,2,Only_Smoke,1,0
val,AoF06387.jpg,AoF,6387,2,Only_Smoke,1,0
val,AoF06400.jpg,AoF,6400,2,Only_Smoke,1,0
val,AoF06410.jpg,AoF,6410,2,Only_Smoke,1,0
val,AoF06416.jpg,AoF,6416,2,Only_Smoke,1,0
val,AoF06436.jpg,AoF,6436,2,Only_Smoke,1,0
val,AoF06437.jpg,AoF,6437,2,Only_Smoke,1,0
val,AoF06438.jpg,AoF,6438,2,Only_Smoke,1,0
val,AoF06447.jpg,AoF,6447,2,Only_Smoke,1,0
val,AoF06457.jpg,AoF,6457,2,Only_Smoke,2,0
val,AoF06458.jpg,AoF,6458,2,Only_Smoke,1,0
val,AoF06462.jpg,AoF,6462,2,Only_Smoke,1,0
val,AoF06465.jpg,AoF,6465,2,Only_Smoke,1,0
val,AoF06466.jpg,AoF,6466,2,Only_Smoke,1,0
val,AoF06477.jpg,AoF,6477,2,Only_Smoke,1,0
val,AoF06479.jpg,AoF,6479,2,Only_Smoke,1,0
val,AoF06481.jpg,AoF,6481,2,Only_Smoke,1,0
val,AoF06494.jpg,AoF,6494,2,Only_Smoke,1,0
val,AoF06496.jpg,AoF,6496,2,Only_Smoke,1,0
val,AoF06508.jpg,AoF,6508,2,Only_Smoke,1,0
val,AoF06518.jpg,AoF,6518,2,Only_Smoke,1,0
val,AoF06520.jpg,AoF,6520,2,Only_Smoke,1,0
val,AoF06524.jpg,AoF,6524,2,Only_Smoke,1,0
val,AoF06539.jpg,AoF,6539,2,Only_Smoke,1,0
val,AoF06540.jpg,AoF,6540,2,Only_Smoke,1,0
val,AoF06554.jpg,AoF,6554,2,Only_Smoke,1,0
val,AoF06557.jpg,AoF,6557,2,Only_Smoke,1,0
val,AoF06571.jpg,AoF,6571,2,Only_Smoke,1,0
val,AoF06572.jpg,AoF,6572,2,Only_Smoke,1,0
val,AoF06576.jpg,AoF,6576,2,Only_Smoke,1,0
val,AoF06585.jpg,AoF,6585,2,Only_Smoke,1,0
val,AoF06588.jpg,AoF,6588,2,Only_Smoke,1,0
val,AoF06597.jpg,AoF,6597,2,Only_Smoke,1,0
val,AoF06598.jpg,AoF,6598,2,Only_Smoke,1,0
val,AoF06599.jpg,AoF,6599,2,Only_Smoke,1,0
val,AoF06601.jpg,AoF,6601,2,Only_Smoke,1,0
val,AoF06607.jpg,AoF,6607,2,Only_Smoke,1,0
val,AoF06612.jpg,AoF,6612,2,Only_Smoke,1,0
val,AoF06625.jpg,AoF,6625,2,Only_Smoke,1,0
val,AoF06626.jpg,AoF,6626,2,Only_Smoke,1,0
val,AoF06636.jpg,AoF,6636,2,Only_Smoke,1,0
val,AoF06639.jpg,AoF,6639,2,Only_Smoke,1,0
val,AoF06650.jpg,AoF,6650,2,Only_Smoke,1,0
val,AoF06657.jpg,AoF,6657,2,Only_Smoke,1,0
val,AoF06677.jpg,AoF,6677,2,Only_Smoke,1,0
val,AoF06679.jpg,AoF,6679,2,Only_Smoke,1,0
val,AoF06684.jpg,AoF,6684,2,Only_Smoke,1,0
val,AoF06686.jpg,AoF,6686,2,Only_Smoke,1,0
val,AoF06688.jpg,AoF,6688,2,Only_Smoke,1,0
val,AoF06696.jpg,AoF,6696,2,Only_Smoke,1,0
val,AoF06698.jpg,AoF,6698,2,Only_Smoke,1,0
val,AoF06702.jpg,AoF,6702,2,Only_Smoke,1,0
val,PublicDataset00004.jpg,PublicDataset,4,1,Only_Fire,0,1
val,PublicDataset00006.jpg,PublicDataset,6,1,Only_Fire,0,1
val,PublicDataset00009.jpg,PublicDataset,9,1,Only_Fire,0,1
val,PublicDataset00014.jpg,PublicDataset,14,1,Only_Fire,0,2
val,PublicDataset00015.jpg,PublicDataset,15,1,Only_Fire,0,1
val,PublicDataset00020.jpg,PublicDataset,20,1,Only_Fire,0,1
val,PublicDataset00025.jpg,PublicDataset,25,1,Only_Fire,0,1
val,PublicDataset00034.jpg,PublicDataset,34,1,Only_Fire,0,1
val,PublicDataset00040.jpg,PublicDataset,40,1,Only_Fire,0,1
val,PublicDataset00045.jpg,PublicDataset,45,1,Only_Fire,0,1
val,PublicDataset00050.jpg,PublicDataset,50,1,Only_Fire,0,1
val,PublicDataset00062.jpg,PublicDataset,62,1,Only_Fire,0,1
val,PublicDataset00077.jpg,PublicDataset,77,1,Only_Fire,0,2
val,PublicDataset00080.jpg,PublicDataset,80,3,Both,1,1
val,PublicDataset00083.jpg,PublicDataset,83,3,Both,1,1
val,PublicDataset00087.jpg,PublicDataset,87,3,Both,1,2
val,PublicDataset00092.jpg,PublicDataset,92,1,Only_Fire,0,1
val,PublicDataset00095.jpg,PublicDataset,95,3,Both,1,1
val,PublicDataset00104.jpg,PublicDataset,104,3,Both,1,1
val,PublicDataset00114.jpg,PublicDataset,114,3,Both,1,2
val,PublicDataset00117.jpg,PublicDataset,117,3,Both,1,3
val,PublicDataset00120.jpg,PublicDataset,120,3,Both,1,2
val,PublicDataset00123.jpg,PublicDataset,123,3,Both,1,1
val,PublicDataset00125.jpg,PublicDataset,125,3,Both,1,1
val,PublicDataset00129.jpg,PublicDataset,129,1,Only_Fire,0,2
val,PublicDataset00135.jpg,PublicDataset,135,2,Only_Smoke,1,0
val,PublicDataset00136.jpg,PublicDataset,136,2,Only_Smoke,1,0
val,PublicDataset00137.jpg,PublicDataset,137,2,Only_Smoke,1,0
val,PublicDataset00139.jpg,PublicDataset,139,2,Only_Smoke,1,0
val,PublicDataset00147.jpg,PublicDataset,147,2,Only_Smoke,1,0
val,PublicDataset00161.jpg,PublicDataset,161,2,Only_Smoke,1,0
val,PublicDataset00164.jpg,PublicDataset,164,2,Only_Smoke,1,0
val,PublicDataset00166.jpg,PublicDataset,166,2,Only_Smoke,2,0
val,PublicDataset00169.jpg,PublicDataset,169,2,Only_Smoke,1,0
val,PublicDataset00174.jpg,PublicDataset,174,2,Only_Smoke,1,0
val,PublicDataset00176.jpg,PublicDataset,176,2,Only_Smoke,1,0
val,PublicDataset00182.jpg,PublicDataset,182,2,Only_Smoke,1,0
val,PublicDataset00190.jpg,PublicDataset,190,2,Only_Smoke,1,0
val,PublicDataset00192.jpg,PublicDataset,192,2,Only_Smoke,1,0
val,PublicDataset00198.jpg,PublicDataset,198,2,Only_Smoke,2,0
val,PublicDataset00205.jpg,PublicDataset,205,2,Only_Smoke,1,0
val,PublicDataset00209.jpg,PublicDataset,209,2,Only_Smoke,1,0
val,PublicDataset00211.jpg,PublicDataset,211,2,Only_Smoke,1,0
val,PublicDataset00212.jpg,PublicDataset,212,2,Only_Smoke,1,0
val,PublicDataset00217.jpg,PublicDataset,217,2,Only_Smoke,1,0
val,PublicDataset00222.jpg,PublicDataset,222,2,Only_Smoke,2,0
val,PublicDataset00225.jpg,PublicDataset,225,2,Only_Smoke,1,0
val,PublicDataset00226.jpg,PublicDataset,226,2,Only_Smoke,1,0
val,PublicDataset00230.jpg,PublicDataset,230,2,Only_Smoke,1,0
val,PublicDataset00232.jpg,PublicDataset,232,2,Only_Smoke,1,0
val,PublicDataset00233.jpg,PublicDataset,233,2,Only_Smoke,1,0
val,PublicDataset00236.jpg,PublicDataset,236,2,Only_Smoke,1,0
val,PublicDataset00240.jpg,PublicDataset,240,2,Only_Smoke,1,0
val,PublicDataset00247.jpg,PublicDataset,247,2,Only_Smoke,1,0
val,PublicDataset00248.jpg,PublicDataset,248,2,Only_Smoke,1,0
val,PublicDataset00251.jpg,PublicDataset,251,2,Only_Smoke,1,0
val,PublicDataset00254.jpg,PublicDataset,254,2,Only_Smoke,1,0
val,PublicDataset00258.jpg,PublicDataset,258,2,Only_Smoke,1,0
val,PublicDataset00287.jpg,PublicDataset,287,2,Only_Smoke,1,0
val,PublicDataset00290.jpg,PublicDataset,290,2,Only_Smoke,1,0
val,PublicDataset00297.jpg,PublicDataset,297,2,Only_Smoke,1,0
val,PublicDataset00298.jpg,PublicDataset,298,2,Only_Smoke,1,0
val,PublicDataset00305.jpg,PublicDataset,305,2,Only_Smoke,1,0
val,PublicDataset00306.jpg,PublicDataset,306,2,Only_Smoke,1,0
val,PublicDataset00313.jpg,PublicDataset,313,2,Only_Smoke,3,0
val,PublicDataset00316.jpg,PublicDataset,316,2,Only_Smoke,1,0
val,PublicDataset00324.jpg,PublicDataset,324,2,Only_Smoke,1,0
val,PublicDataset00328.jpg,PublicDataset,328,2,Only_Smoke,1,0
val,PublicDataset00337.jpg,PublicDataset,337,2,Only_Smoke,1,0
val,PublicDataset00340.jpg,PublicDataset,340,2,Only_Smoke,1,0
val,PublicDataset00346.jpg,PublicDataset,346,2,Only_Smoke,1,0
val,PublicDataset00352.jpg,PublicDataset,352,2,Only_Smoke,1,0
val,PublicDataset00355.jpg,PublicDataset,355,2,Only_Smoke,1,0
val,PublicDataset00363.jpg,PublicDataset,363,2,Only_Smoke,1,0
val,PublicDataset00367.jpg,PublicDataset,367,2,Only_Smoke,1,0
val,PublicDataset00368.jpg,PublicDataset,368,2,Only_Smoke,1,0
val,PublicDataset00375.jpg,PublicDataset,375,2,Only_Smoke,1,0
val,PublicDataset00378.jpg,PublicDataset,378,3,Both,1,1
val,PublicDataset00406.jpg,PublicDataset,406,2,Only_Smoke,1,0
val,PublicDataset00417.jpg,PublicDataset,417,2,Only_Smoke,2,0
val,PublicDataset00420.jpg,PublicDataset,420,2,Only_Smoke,2,0
val,PublicDataset00422.jpg,PublicDataset,422,2,Only_Smoke,2,0
val,PublicDataset00424.jpg,PublicDataset,424,2,Only_Smoke,2,0
val,PublicDataset00425.jpg,PublicDataset,425,2,Only_Smoke,2,0
val,PublicDataset00429.jpg,PublicDataset,429,2,Only_Smoke,1,0
val,PublicDataset00432.jpg,PublicDataset,432,2,Only_Smoke,1,0
val,PublicDataset00440.jpg,PublicDataset,440,2,Only_Smoke,1,0
val,PublicDataset00441.jpg,PublicDataset,441,2,Only_Smoke,1,0
val,PublicDataset00450.jpg,PublicDataset,450,2,Only_Smoke,1,0
val,PublicDataset00453.jpg,PublicDataset,453,2,Only_Smoke,1,0
val,PublicDataset00470.jpg,PublicDataset,470,2,Only_Smoke,1,0
val,PublicDataset00474.jpg,PublicDataset,474,2,Only_Smoke,1,0
val,PublicDataset00486.jpg,PublicDataset,486,2,Only_Smoke,1,0
val,PublicDataset00488.jpg,PublicDataset,488,2,Only_Smoke,1,0
val,PublicDataset00489.jpg,PublicDataset,489,2,Only_Smoke,1,0
val,PublicDataset00490.jpg,PublicDataset,490,2,Only_Smoke,1,0
val,PublicDataset00494.jpg,PublicDataset,494,2,Only_Smoke,1,0
val,PublicDataset00495.jpg,PublicDataset,495,2,Only_Smoke,1,0
val,PublicDataset00496.jpg,PublicDataset,496,3,Both,1,2
val,PublicDataset00498.jpg,PublicDataset,498,2,Only_Smoke,1,0
val,PublicDataset00505.jpg,PublicDataset,505,2,Only_Smoke,1,0
val,PublicDataset00510.jpg,PublicDataset,510,2,Only_Smoke,1,0
val,PublicDataset00512.jpg,PublicDataset,512,2,Only_Smoke,1,0
val,PublicDataset00514.jpg,PublicDataset,514,2,Only_Smoke,1,0
val,PublicDataset00518.jpg,PublicDataset,518,2,Only_Smoke,1,0
val,PublicDataset00528.jpg,PublicDataset,528,2,Only_Smoke,1,0
val,PublicDataset00530.jpg,PublicDataset,530,2,Only_Smoke,1,0
val,PublicDataset00532.jpg,PublicDataset,532,3,Both,1,1
val,PublicDataset00536.jpg,PublicDataset,536,2,Only_Smoke,1,0
val,PublicDataset00538.jpg,PublicDataset,538,2,Only_Smoke,1,0
val,PublicDataset00540.jpg,PublicDataset,540,2,Only_Smoke,1,0
val,PublicDataset00545.jpg,PublicDataset,545,2,Only_Smoke,1,0
val,PublicDataset00547.jpg,PublicDataset,547,2,Only_Smoke,1,0
val,PublicDataset00549.jpg,PublicDataset,549,2,Only_Smoke,1,0
val,PublicDataset00553.jpg,PublicDataset,553,2,Only_Smoke,1,0
val,PublicDataset00558.jpg,PublicDataset,558,2,Only_Smoke,1,0
val,PublicDataset00578.jpg,PublicDataset,578,2,Only_Smoke,1,0
val,PublicDataset00580.jpg,PublicDataset,580,2,Only_Smoke,1,0
val,PublicDataset00584.jpg,PublicDataset,584,2,Only_Smoke,1,0
val,PublicDataset00585.jpg,PublicDataset,585,2,Only_Smoke,1,0
val,PublicDataset00586.jpg,PublicDataset,586,2,Only_Smoke,1,0
val,PublicDataset00590.jpg,PublicDataset,590,2,Only_Smoke,1,0
val,PublicDataset00599.jpg,PublicDataset,599,2,Only_Smoke,1,0
val,PublicDataset00603.jpg,PublicDataset,603,2,Only_Smoke,1,0
val,PublicDataset00612.jpg,PublicDataset,612,2,Only_Smoke,1,0
val,PublicDataset00623.jpg,PublicDataset,623,2,Only_Smoke,1,0
val,PublicDataset00629.jpg,PublicDataset,629,3,Both,1,1
val,PublicDataset00630.jpg,PublicDataset,630,2,Only_Smoke,1,0
val,PublicDataset00636.jpg,PublicDataset,636,2,Only_Smoke,1,0
val,PublicDataset00646.jpg,PublicDataset,646,3,Both,1,2
val,PublicDataset00662.jpg,PublicDataset,662,2,Only_Smoke,1,0
val,PublicDataset00664.jpg,PublicDataset,664,2,Only_Smoke,1,0
val,PublicDataset00669.jpg,PublicDataset,669,2,Only_Smoke,1,0
val,PublicDataset00674.jpg,PublicDataset,674,2,Only_Smoke,1,0
val,PublicDataset00675.jpg,PublicDataset,675,2,Only_Smoke,1,0
val,PublicDataset00681.jpg,PublicDataset,681,2,Only_Smoke,1,0
val,PublicDataset00683.jpg,PublicDataset,683,2,Only_Smoke,1,0
val,PublicDataset00686.jpg,PublicDataset,686,2,Only_Smoke,1,0
val,PublicDataset00687.jpg,PublicDataset,687,2,Only_Smoke,1,0
val,PublicDataset00700.jpg,PublicDataset,700,2,Only_Smoke,1,0
val,PublicDataset00703.jpg,PublicDataset,703,2,Only_Smoke,1,0
val,PublicDataset00712.jpg,PublicDataset,712,2,Only_Smoke,1,0
val,PublicDataset00723.jpg,PublicDataset,723,2,Only_Smoke,1,0
val,PublicDataset00726.jpg,PublicDataset,726,2,Only_Smoke,1,0
val,PublicDataset00732.jpg,PublicDataset,732,2,Only_Smoke,1,0
val,PublicDataset00734.jpg,PublicDataset,734,2,Only_Smoke,1,0
val,PublicDataset00736.jpg,PublicDataset,736,2,Only_Smoke,1,0
val,PublicDataset00738.jpg,PublicDataset,738,2,Only_Smoke,1,0
val,PublicDataset00740.jpg,PublicDataset,740,2,Only_Smoke,1,0
val,PublicDataset00743.jpg,PublicDataset,743,2,Only_Smoke,1,0
val,PublicDataset00747.jpg,PublicDataset,747,2,Only_Smoke,1,0
val,PublicDataset00751.jpg,PublicDataset,751,2,Only_Smoke,1,0
val,PublicDataset00752.jpg,PublicDataset,752,2,Only_Smoke,2,0
val,PublicDataset00754.jpg,PublicDataset,754,2,Only_Smoke,1,0
val,PublicDataset00760.jpg,PublicDataset,760,2,Only_Smoke,3,0
val,PublicDataset00763.jpg,PublicDataset,763,2,Only_Smoke,1,0
val,PublicDataset00764.jpg,PublicDataset,764,2,Only_Smoke,1,0
val,PublicDataset00779.jpg,PublicDataset,779,2,Only_Smoke,1,0
val,PublicDataset00780.jpg,PublicDataset,780,2,Only_Smoke,1,0
val,PublicDataset00786.jpg,PublicDataset,786,2,Only_Smoke,1,0
val,PublicDataset00807.jpg,PublicDataset,807,2,Only_Smoke,1,0
val,PublicDataset00810.jpg,PublicDataset,810,2,Only_Smoke,1,0
val,PublicDataset00813.jpg,PublicDataset,813,2,Only_Smoke,1,0
val,PublicDataset00814.jpg,PublicDataset,814,2,Only_Smoke,1,0
val,PublicDataset00815.jpg,PublicDataset,815,2,Only_Smoke,1,0
val,PublicDataset00818.jpg,PublicDataset,818,2,Only_Smoke,1,0
val,PublicDataset00823.jpg,PublicDataset,823,2,Only_Smoke,1,0
val,PublicDataset00833.jpg,PublicDataset,833,2,Only_Smoke,1,0
val,PublicDataset00836.jpg,PublicDataset,836,2,Only_Smoke,1,0
val,PublicDataset00849.jpg,PublicDataset,849,2,Only_Smoke,1,0
val,PublicDataset00850.jpg,PublicDataset,850,2,Only_Smoke,1,0
val,PublicDataset00854.jpg,PublicDataset,854,2,Only_Smoke,1,0
val,PublicDataset00855.jpg,PublicDataset,855,2,Only_Smoke,1,0
val,PublicDataset00856.jpg,PublicDataset,856,2,Only_Smoke,1,0
val,PublicDataset00858.jpg,PublicDataset,858,2,Only_Smoke,1,0
val,PublicDataset00863.jpg,PublicDataset,863,0,Neither,0,0
val,PublicDataset00871.jpg,PublicDataset,871,0,Neither,0,0
val,PublicDataset00875.jpg,PublicDataset,875,0,Neither,0,0
val,PublicDataset00887.jpg,PublicDataset,887,0,Neither,0,0
val,PublicDataset00895.jpg,PublicDataset,895,0,Neither,0,0
val,PublicDataset00901.jpg,PublicDataset,901,0,Neither,0,0
val,PublicDataset00903.jpg,PublicDataset,903,0,Neither,0,0
val,PublicDataset00910.jpg,PublicDataset,910,0,Neither,0,0
val,PublicDataset00912.jpg,PublicDataset,912,0,Neither,0,0
val,PublicDataset00915.jpg,PublicDataset,915,0,Neither,0,0
val,PublicDataset00916.jpg,PublicDataset,916,0,Neither,0,0
val,PublicDataset00917.jpg,PublicDataset,917,0,Neither,0,0
val,PublicDataset00923.jpg,PublicDataset,923,0,Neither,0,0
val,PublicDataset00933.jpg,PublicDataset,933,0,Neither,0,0
val,PublicDataset00939.jpg,PublicDataset,939,0,Neither,0,0
val,PublicDataset00945.jpg,PublicDataset,945,0,Neither,0,0
val,PublicDataset00956.jpg,PublicDataset,956,0,Neither,0,0
val,PublicDataset00963.jpg,PublicDataset,963,0,Neither,0,0
val,PublicDataset00969.jpg,PublicDataset,969,0,Neither,0,0
val,PublicDataset00976.jpg,PublicDataset,976,0,Neither,0,0
val,PublicDataset00982.jpg,PublicDataset,982,0,Neither,0,0
val,PublicDataset00997.jpg,PublicDataset,997,3,Both,1,4
val,PublicDataset01007.jpg,PublicDataset,1007,1,Only_Fire,0,2
val,PublicDataset01010.jpg,PublicDataset,1010,3,Both,1,2
val,PublicDataset01011.jpg,PublicDataset,1011,1,Only_Fire,0,5
val,PublicDataset01018.jpg,PublicDataset,1018,3,Both,1,1
val,PublicDataset01019.jpg,PublicDataset,1019,3,Both,1,1
val,PublicDataset01022.jpg,PublicDataset,1022,1,Only_Fire,0,1
val,PublicDataset01024.jpg,PublicDataset,1024,3,Both,1,4
val,PublicDataset01030.jpg,PublicDataset,1030,1,Only_Fire,0,1
val,PublicDataset01037.jpg,PublicDataset,1037,3,Both,2,1
val,PublicDataset01050.jpg,PublicDataset,1050,2,Only_Smoke,1,0
val,PublicDataset01052.jpg,PublicDataset,1052,2,Only_Smoke,1,0
val,WEB00003.jpg,WEB,3,0,Neither,0,0
val,WEB00005.jpg,WEB,5,0,Neither,0,0
val,WEB00013.jpg,WEB,13,0,Neither,0,0
val,WEB00014.jpg,WEB,14,0,Neither,0,0
val,WEB00015.jpg,WEB,15,0,Neither,0,0
val,WEB00016.jpg,WEB,16,0,Neither,0,0
val,WEB00017.jpg,WEB,17,0,Neither,0,0
val,WEB00019.jpg,WEB,19,0,Neither,0,0
val,WEB00025.jpg,WEB,25,0,Neither,0,0
val,WEB00027.jpg,WEB,27,0,Neither,0,0
val,WEB00028.jpg,WEB,28,0,Neither,0,0
val,WEB00030.jpg,WEB,30,0,Neither,0,0
val,WEB00034.jpg,WEB,34,0,Neither,0,0
val,WEB00039.jpg,WEB,39,0,Neither,0,0
val,WEB00048.jpg,WEB,48,0,Neither,0,0
val,WEB00056.jpg,WEB,56,0,Neither,0,0
val,WEB00061.jpg,WEB,61,0,Neither,0,0
val,WEB00062.jpg,WEB,62,0,Neither,0,0
val,WEB00067.jpg,WEB,67,0,Neither,0,0
val,WEB00073.jpg,WEB,73,0,Neither,0,0
val,WEB00080.jpg,WEB,80,0,Neither,0,0
val,WEB00082.jpg,WEB,82,0,Neither,0,0
val,WEB00093.jpg,WEB,93,0,Neither,0,0
val,WEB00102.jpg,WEB,102,0,Neither,0,0
val,WEB00107.jpg,WEB,107,0,Neither,0,0
val,WEB00110.jpg,WEB,110,0,Neither,0,0
val,WEB00111.jpg,WEB,111,0,Neither,0,0
val,WEB00121.jpg,WEB,121,0,Neither,0,0
val,WEB00129.jpg,WEB,129,0,Neither,0,0
val,WEB00131.jpg,WEB,131,0,Neither,0,0
val,WEB00132.jpg,WEB,132,0,Neither,0,0
val,WEB00133.jpg,WEB,133,0,Neither,0,0
val,WEB00135.jpg,WEB,135,0,Neither,0,0
val,WEB00136.jpg,WEB,136,0,Neither,0,0
val,WEB00139.jpg,WEB,139,0,Neither,0,0
val,WEB00150.jpg,WEB,150,0,Neither,0,0
val,WEB00151.jpg,WEB,151,0,Neither,0,0
val,WEB00161.jpg,WEB,161,0,Neither,0,0
val,WEB00165.jpg,WEB,165,0,Neither,0,0
val,WEB00173.jpg,WEB,173,0,Neither,0,0
val,WEB00181.jpg,WEB,181,0,Neither,0,0
val,WEB00193.jpg,WEB,193,0,Neither,0,0
val,WEB00196.jpg,WEB,196,0,Neither,0,0
val,WEB00200.jpg,WEB,200,0,Neither,0,0
val,WEB00202.jpg,WEB,202,0,Neither,0,0
val,WEB00205.jpg,WEB,205,0,Neither,0,0
val,WEB00206.jpg,WEB,206,0,Neither,0,0
val,WEB00207.jpg,WEB,207,0,Neither,0,0
val,WEB00215.jpg,WEB,215,0,Neither,0,0
val,WEB00227.jpg,WEB,227,0,Neither,0,0
val,WEB00229.jpg,WEB,229,0,Neither,0,0
val,WEB00230.jpg,WEB,230,0,Neither,0,0
val,WEB00237.jpg,WEB,237,0,Neither,0,0
val,WEB00238.jpg,WEB,238,0,Neither,0,0
val,WEB00241.jpg,WEB,241,0,Neither,0,0
val,WEB00242.jpg,WEB,242,0,Neither,0,0
val,WEB00243.jpg,WEB,243,0,Neither,0,0
val,WEB00253.jpg,WEB,253,0,Neither,0,0
val,WEB00260.jpg,WEB,260,0,Neither,0,0
val,WEB00277.jpg,WEB,277,0,Neither,0,0
val,WEB00287.jpg,WEB,287,0,Neither,0,0
val,WEB00306.jpg,WEB,306,0,Neither,0,0
val,WEB00312.jpg,WEB,312,0,Neither,0,0
val,WEB00313.jpg,WEB,313,0,Neither,0,0
val,WEB00318.jpg,WEB,318,0,Neither,0,0
val,WEB00321.jpg,WEB,321,0,Neither,0,0
val,WEB00327.jpg,WEB,327,0,Neither,0,0
val,WEB00336.jpg,WEB,336,0,Neither,0,0
val,WEB00349.jpg,WEB,349,0,Neither,0,0
val,WEB00356.jpg,WEB,356,0,Neither,0,0
val,WEB00358.jpg,WEB,358,0,Neither,0,0
val,WEB00359.jpg,WEB,359,0,Neither,0,0
val,WEB00367.jpg,WEB,367,0,Neither,0,0
val,WEB00371.jpg,WEB,371,0,Neither,0,0
val,WEB00376.jpg,WEB,376,0,Neither,0,0
val,WEB00377.jpg,WEB,377,0,Neither,0,0
val,WEB00379.jpg,WEB,379,0,Neither,0,0
val,WEB00393.jpg,WEB,393,0,Neither,0,0
val,WEB00403.jpg,WEB,403,0,Neither,0,0
val,WEB00407.jpg,WEB,407,0,Neither,0,0
val,WEB00410.jpg,WEB,410,0,Neither,0,0
val,WEB00412.jpg,WEB,412,0,Neither,0,0
val,WEB00417.jpg,WEB,417,0,Neither,0,0
val,WEB00425.jpg,WEB,425,0,Neither,0,0
val,WEB00428.jpg,WEB,428,0,Neither,0,0
val,WEB00429.jpg,WEB,429,0,Neither,0,0
val,WEB00438.jpg,WEB,438,0,Neither,0,0
val,WEB00441.jpg,WEB,441,0,Neither,0,0
val,WEB00442.jpg,WEB,442,0,Neither,0,0
val,WEB00447.jpg,WEB,447,0,Neither,0,0
val,WEB00450.jpg,WEB,450,0,Neither,0,0
val,WEB00452.jpg,WEB,452,0,Neither,0,0
val,WEB00464.jpg,WEB,464,0,Neither,0,0
val,WEB00465.jpg,WEB,465,0,Neither,0,0
val,WEB00469.jpg,WEB,469,0,Neither,0,0
val,WEB00475.jpg,WEB,475,0,Neither,0,0
val,WEB00485.jpg,WEB,485,0,Neither,0,0
val,WEB00487.jpg,WEB,487,0,Neither,0,0
val,WEB00489.jpg,WEB,489,0,Neither,0,0
val,WEB00505.jpg,WEB,505,0,Neither,0,0
val,WEB00516.jpg,WEB,516,0,Neither,0,0
val,WEB00529.jpg,WEB,529,0,Neither,0,0
val,WEB00552.jpg,WEB,552,0,Neither,0,0
val,WEB00553.jpg,WEB,553,0,Neither,0,0
val,WEB00559.jpg,WEB,559,0,Neither,0,0
val,WEB00560.jpg,WEB,560,0,Neither,0,0
val,WEB00561.jpg,WEB,561,0,Neither,0,0
val,WEB00583.jpg,WEB,583,0,Neither,0,0
val,WEB00584.jpg,WEB,584,0,Neither,0,0
val,WEB00598.jpg,WEB,598,0,Neither,0,0
val,WEB00602.jpg,WEB,602,0,Neither,0,0
val,WEB00611.jpg,WEB,611,0,Neither,0,0
val,WEB00613.jpg,WEB,613,0,Neither,0,0
val,WEB00619.jpg,WEB,619,0,Neither,0,0
val,WEB00629.jpg,WEB,629,0,Neither,0,0
val,WEB00636.jpg,WEB,636,0,Neither,0,0
val,WEB00640.jpg,WEB,640,0,Neither,0,0
val,WEB00641.jpg,WEB,641,0,Neither,0,0
val,WEB00645.jpg,WEB,645,0,Neither,0,0
val,WEB00651.jpg,WEB,651,0,Neither,0,0
val,WEB00659.jpg,WEB,659,0,Neither,0,0
val,WEB00660.jpg,WEB,660,0,Neither,0,0
val,WEB00662.jpg,WEB,662,0,Neither,0,0
val,WEB00663.jpg,WEB,663,0,Neither,0,0
val,WEB00668.jpg,WEB,668,0,Neither,0,0
val,WEB00669.jpg,WEB,669,0,Neither,0,0
val,WEB00672.jpg,WEB,672,0,Neither,0,0
val,WEB00676.jpg,WEB,676,0,Neither,0,0
val,WEB00680.jpg,WEB,680,0,Neither,0,0
val,WEB00688.jpg,WEB,688,0,Neither,0,0
val,WEB00690.jpg,WEB,690,0,Neither,0,0
val,WEB00695.jpg,WEB,695,0,Neither,0,0
val,WEB00699.jpg,WEB,699,0,Neither,0,0
val,WEB00708.jpg,WEB,708,0,Neither,0,0
val,WEB00713.jpg,WEB,713,0,Neither,0,0
val,WEB00719.jpg,WEB,719,0,Neither,0,0
val,WEB00722.jpg,WEB,722,0,Neither,0,0
val,WEB00725.jpg,WEB,725,0,Neither,0,0
val,WEB00726.jpg,WEB,726,0,Neither,0,0
val,WEB00728.jpg,WEB,728,0,Neither,0,0
val,WEB00729.jpg,WEB,729,0,Neither,0,0
val,WEB00731.jpg,WEB,731,0,Neither,0,0
val,WEB00735.jpg,WEB,735,0,Neither,0,0
val,WEB00750.jpg,WEB,750,0,Neither,0,0
val,WEB00760.jpg,WEB,760,0,Neither,0,0
val,WEB00765.jpg,WEB,765,0,Neither,0,0
val,WEB00766.jpg,WEB,766,0,Neither,0,0
val,WEB00770.jpg,WEB,770,0,Neither,0,0
val,WEB00782.jpg,WEB,782,0,Neither,0,0
val,WEB00784.jpg,WEB,784,0,Neither,0,0
val,WEB00787.jpg,WEB,787,0,Neither,0,0
val,WEB00791.jpg,WEB,791,0,Neither,0,0
val,WEB00809.jpg,WEB,809,0,Neither,0,0
val,WEB00812.jpg,WEB,812,0,Neither,0,0
val,WEB00814.jpg,WEB,814,0,Neither,0,0
val,WEB00819.jpg,WEB,819,0,Neither,0,0
val,WEB00820.jpg,WEB,820,0,Neither,0,0
val,WEB00822.jpg,WEB,822,0,Neither,0,0
val,WEB00824.jpg,WEB,824,0,Neither,0,0
val,WEB00828.jpg,WEB,828,0,Neither,0,0
val,WEB00829.jpg,WEB,829,0,Neither,0,0
val,WEB00831.jpg,WEB,831,0,Neither,0,0
val,WEB00833.jpg,WEB,833,0,Neither,0,0
val,WEB00836.jpg,WEB,836,0,Neither,0,0
val,WEB00843.jpg,WEB,843,0,Neither,0,0
val,WEB00846.jpg,WEB,846,0,Neither,0,0
val,WEB00851.jpg,WEB,851,0,Neither,0,0
val,WEB00855.jpg,WEB,855,0,Neither,0,0
val,WEB00856.jpg,WEB,856,0,Neither,0,0
val,WEB00857.jpg,WEB,857,0,Neither,0,0
val,WEB00858.jpg,WEB,858,0,Neither,0,0
val,WEB00875.jpg,WEB,875,0,Neither,0,0
val,WEB00897.jpg,WEB,897,0,Neither,0,0
val,WEB00902.jpg,WEB,902,0,Neither,0,0
val,WEB00903.jpg,WEB,903,0,Neither,0,0
val,WEB00906.jpg,WEB,906,0,Neither,0,0
val,WEB00908.jpg,WEB,908,0,Neither,0,0
val,WEB00915.jpg,WEB,915,0,Neither,0,0
val,WEB00919.jpg,WEB,919,0,Neither,0,0
val,WEB00920.jpg,WEB,920,0,Neither,0,0
val,WEB00925.jpg,WEB,925,0,Neither,0,0
val,WEB00927.jpg,WEB,927,0,Neither,0,0
val,WEB00932.jpg,WEB,932,0,Neither,0,0
val,WEB00933.jpg,WEB,933,0,Neither,0,0
val,WEB00939.jpg,WEB,939,0,Neither,0,0
val,WEB00952.jpg,WEB,952,0,Neither,0,0
val,WEB00954.jpg,WEB,954,0,Neither,0,0
val,WEB00963.jpg,WEB,963,0,Neither,0,0
val,WEB00965.jpg,WEB,965,0,Neither,0,0
val,WEB00966.jpg,WEB,966,0,Neither,0,0
val,WEB00968.jpg,WEB,968,0,Neither,0,0
val,WEB00974.jpg,WEB,974,0,Neither,0,0
val,WEB00979.jpg,WEB,979,0,Neither,0,0
val,WEB00982.jpg,WEB,982,0,Neither,0,0
val,WEB00986.jpg,WEB,986,0,Neither,0,0
val,WEB00987.jpg,WEB,987,0,Neither,0,0
val,WEB00989.jpg,WEB,989,0,Neither,0,0
val,WEB00992.jpg,WEB,992,0,Neither,0,0
val,WEB00996.jpg,WEB,996,0,Neither,0,0
val,WEB01001.jpg,WEB,1001,0,Neither,0,0
val,WEB01002.jpg,WEB,1002,0,Neither,0,0
val,WEB01006.jpg,WEB,1006,0,Neither,0,0
val,WEB01008.jpg,WEB,1008,0,Neither,0,0
val,WEB01019.jpg,WEB,1019,0,Neither,0,0
val,WEB01021.jpg,WEB,1021,0,Neither,0,0
val,WEB01024.jpg,WEB,1024,0,Neither,0,0
val,WEB01032.jpg,WEB,1032,0,Neither,0,0
val,WEB01035.jpg,WEB,1035,0,Neither,0,0
val,WEB01036.jpg,WEB,1036,0,Neither,0,0
val,WEB01049.jpg,WEB,1049,0,Neither,0,0
val,WEB01054.jpg,WEB,1054,0,Neither,0,0
val,WEB01099.jpg,WEB,1099,0,Neither,0,0
val,WEB01101.jpg,WEB,1101,0,Neither,0,0
val,WEB01104.jpg,WEB,1104,0,Neither,0,0
val,WEB01107.jpg,WEB,1107,0,Neither,0,0
val,WEB01109.jpg,WEB,1109,0,Neither,0,0
val,WEB01110.jpg,WEB,1110,0,Neither,0,0
val,WEB01113.jpg,WEB,1113,0,Neither,0,0
val,WEB01132.jpg,WEB,1132,0,Neither,0,0
val,WEB01135.jpg,WEB,1135,0,Neither,0,0
val,WEB01137.jpg,WEB,1137,0,Neither,0,0
val,WEB01141.jpg,WEB,1141,0,Neither,0,0
val,WEB01152.jpg,WEB,1152,0,Neither,0,0
val,WEB01159.jpg,WEB,1159,0,Neither,0,0
val,WEB01160.jpg,WEB,1160,0,Neither,0,0
val,WEB01165.jpg,WEB,1165,0,Neither,0,0
val,WEB01174.jpg,WEB,1174,0,Neither,0,0
val,WEB01176.jpg,WEB,1176,0,Neither,0,0
val,WEB01179.jpg,WEB,1179,0,Neither,0,0
val,WEB01182.jpg,WEB,1182,0,Neither,0,0
val,WEB01183.jpg,WEB,1183,0,Neither,0,0
val,WEB01205.jpg,WEB,1205,0,Neither,0,0
val,WEB01207.jpg,WEB,1207,0,Neither,0,0
val,WEB01209.jpg,WEB,1209,0,Neither,0,0
val,WEB01220.jpg,WEB,1220,0,Neither,0,0
val,WEB01241.jpg,WEB,1241,0,Neither,0,0
val,WEB01244.jpg,WEB,1244,0,Neither,0,0
val,WEB01246.jpg,WEB,1246,0,Neither,0,0
val,WEB01247.jpg,WEB,1247,0,Neither,0,0
val,WEB01249.jpg,WEB,1249,0,Neither,0,0
val,WEB01264.jpg,WEB,1264,0,Neither,0,0
val,WEB01278.jpg,WEB,1278,0,Neither,0,0
val,WEB01280.jpg,WEB,1280,0,Neither,0,0
val,WEB01283.jpg,WEB,1283,0,Neither,0,0
val,WEB01288.jpg,WEB,1288,0,Neither,0,0
val,WEB01290.jpg,WEB,1290,0,Neither,0,0
val,WEB01296.jpg,WEB,1296,0,Neither,0,0
val,WEB01304.jpg,WEB,1304,0,Neither,0,0
val,WEB01306.jpg,WEB,1306,0,Neither,0,0
val,WEB01309.jpg,WEB,1309,0,Neither,0,0
val,WEB01320.jpg,WEB,1320,0,Neither,0,0
val,WEB01337.jpg,WEB,1337,0,Neither,0,0
val,WEB01362.jpg,WEB,1362,0,Neither,0,0
val,WEB01370.jpg,WEB,1370,0,Neither,0,0
val,WEB01372.jpg,WEB,1372,0,Neither,0,0
val,WEB01381.jpg,WEB,1381,0,Neither,0,0
val,WEB01389.jpg,WEB,1389,0,Neither,0,0
val,WEB01391.jpg,WEB,1391,0,Neither,0,0
val,WEB01392.jpg,WEB,1392,0,Neither,0,0
val,WEB01394.jpg,WEB,1394,0,Neither,0,0
val,WEB01406.jpg,WEB,1406,0,Neither,0,0
val,WEB01424.jpg,WEB,1424,0,Neither,0,0
val,WEB01431.jpg,WEB,1431,0,Neither,0,0
val,WEB01435.jpg,WEB,1435,0,Neither,0,0
val,WEB01439.jpg,WEB,1439,0,Neither,0,0
val,WEB01443.jpg,WEB,1443,0,Neither,0,0
val,WEB01447.jpg,WEB,1447,0,Neither,0,0
val,WEB01456.jpg,WEB,1456,0,Neither,0,0
val,WEB01457.jpg,WEB,1457,0,Neither,0,0
val,WEB01461.jpg,WEB,1461,0,Neither,0,0
val,WEB01477.jpg,WEB,1477,0,Neither,0,0
val,WEB01479.jpg,WEB,1479,0,Neither,0,0
val,WEB01482.jpg,WEB,1482,0,Neither,0,0
val,WEB01494.jpg,WEB,1494,0,Neither,0,0
val,WEB01504.jpg,WEB,1504,0,Neither,0,0
val,WEB01510.jpg,WEB,1510,0,Neither,0,0
val,WEB01520.jpg,WEB,1520,0,Neither,0,0
val,WEB01524.jpg,WEB,1524,0,Neither,0,0
val,WEB01527.jpg,WEB,1527,0,Neither,0,0
val,WEB01536.jpg,WEB,1536,0,Neither,0,0
val,WEB01540.jpg,WEB,1540,0,Neither,0,0
val,WEB01545.jpg,WEB,1545,0,Neither,0,0
val,WEB01553.jpg,WEB,1553,0,Neither,0,0
val,WEB01568.jpg,WEB,1568,0,Neither,0,0
val,WEB01576.jpg,WEB,1576,0,Neither,0,0
val,WEB01585.jpg,WEB,1585,0,Neither,0,0
val,WEB01587.jpg,WEB,1587,0,Neither,0,0
val,WEB01595.jpg,WEB,1595,0,Neither,0,0
val,WEB01596.jpg,WEB,1596,0,Neither,0,0
val,WEB01616.jpg,WEB,1616,0,Neither,0,0
val,WEB01619.jpg,WEB,1619,0,Neither,0,0
val,WEB01620.jpg,WEB,1620,0,Neither,0,0
val,WEB01623.jpg,WEB,1623,0,Neither,0,0
val,WEB01626.jpg,WEB,1626,0,Neither,0,0
val,WEB01643.jpg,WEB,1643,0,Neither,0,0
val,WEB01667.jpg,WEB,1667,0,Neither,0,0
val,WEB01668.jpg,WEB,1668,0,Neither,0,0
val,WEB01670.jpg,WEB,1670,0,Neither,0,0
val,WEB01683.jpg,WEB,1683,0,Neither,0,0
val,WEB01685.jpg,WEB,1685,0,Neither,0,0
val,WEB01690.jpg,WEB,1690,0,Neither,0,0
val,WEB01692.jpg,WEB,1692,0,Neither,0,0
val,WEB01702.jpg,WEB,1702,0,Neither,0,0
val,WEB01710.jpg,WEB,1710,0,Neither,0,0
val,WEB01711.jpg,WEB,1711,0,Neither,0,0
val,WEB01712.jpg,WEB,1712,0,Neither,0,0
val,WEB01715.jpg,WEB,1715,0,Neither,0,0
val,WEB01722.jpg,WEB,1722,0,Neither,0,0
val,WEB01726.jpg,WEB,1726,0,Neither,0,0
val,WEB01732.jpg,WEB,1732,0,Neither,0,0
val,WEB01733.jpg,WEB,1733,0,Neither,0,0
val,WEB01741.jpg,WEB,1741,0,Neither,0,0
val,WEB01752.jpg,WEB,1752,0,Neither,0,0
val,WEB01756.jpg,WEB,1756,0,Neither,0,0
val,WEB01758.jpg,WEB,1758,0,Neither,0,0
val,WEB01763.jpg,WEB,1763,0,Neither,0,0
val,WEB01780.jpg,WEB,1780,0,Neither,0,0
val,WEB01784.jpg,WEB,1784,0,Neither,0,0
val,WEB01821.jpg,WEB,1821,0,Neither,0,0
val,WEB01861.jpg,WEB,1861,0,Neither,0,0
val,WEB01875.jpg,WEB,1875,0,Neither,0,0
val,WEB01878.jpg,WEB,1878,0,Neither,0,0
val,WEB01885.jpg,WEB,1885,0,Neither,0,0
val,WEB01889.jpg,WEB,1889,0,Neither,0,0
val,WEB01890.jpg,WEB,1890,0,Neither,0,0
val,WEB01898.jpg,WEB,1898,0,Neither,0,0
val,WEB01899.jpg,WEB,1899,0,Neither,0,0
val,WEB01901.jpg,WEB,1901,0,Neither,0,0
val,WEB01902.jpg,WEB,1902,0,Neither,0,0
val,WEB01911.jpg,WEB,1911,0,Neither,0,0
val,WEB01913.jpg,WEB,1913,0,Neither,0,0
val,WEB01933.jpg,WEB,1933,0,Neither,0,0
val,WEB01941.jpg,WEB,1941,0,Neither,0,0
val,WEB01943.jpg,WEB,1943,0,Neither,0,0
val,WEB01946.jpg,WEB,1946,2,Only_Smoke,1,0
val,WEB01958.jpg,WEB,1958,0,Neither,0,0
val,WEB01965.jpg,WEB,1965,0,Neither,0,0
val,WEB01978.jpg,WEB,1978,0,Neither,0,0
val,WEB01982.jpg,WEB,1982,0,Neither,0,0
val,WEB01988.jpg,WEB,1988,0,Neither,0,0
val,WEB01994.jpg,WEB,1994,0,Neither,0,0
val,WEB01996.jpg,WEB,1996,0,Neither,0,0
val,WEB01998.jpg,WEB,1998,0,Neither,0,0
val,WEB01999.jpg,WEB,1999,0,Neither,0,0
val,WEB02004.jpg,WEB,2004,0,Neither,0,0
val,WEB02019.jpg,WEB,2019,0,Neither,0,0
val,WEB02026.jpg,WEB,2026,0,Neither,0,0
val,WEB02038.jpg,WEB,2038,0,Neither,0,0
val,WEB02046.jpg,WEB,2046,0,Neither,0,0
val,WEB02047.jpg,WEB,2047,0,Neither,0,0
val,WEB02052.jpg,WEB,2052,0,Neither,0,0
val,WEB02053.jpg,WEB,2053,0,Neither,0,0
val,WEB02054.jpg,WEB,2054,0,Neither,0,0
val,WEB02055.jpg,WEB,2055,0,Neither,0,0
val,WEB02057.jpg,WEB,2057,0,Neither,0,0
val,WEB02061.jpg,WEB,2061,0,Neither,0,0
val,WEB02064.jpg,WEB,2064,0,Neither,0,0
val,WEB02066.jpg,WEB,2066,0,Neither,0,0
val,WEB02092.jpg,WEB,2092,0,Neither,0,0
val,WEB02094.jpg,WEB,2094,0,Neither,0,0
val,WEB02096.jpg,WEB,2096,0,Neither,0,0
val,WEB02109.jpg,WEB,2109,0,Neither,0,0
val,WEB02115.jpg,WEB,2115,0,Neither,0,0
val,WEB02116.jpg,WEB,2116,0,Neither,0,0
val,WEB02122.jpg,WEB,2122,0,Neither,0,0
val,WEB02125.jpg,WEB,2125,0,Neither,0,0
val,WEB02133.jpg,WEB,2133,0,Neither,0,0
val,WEB02141.jpg,WEB,2141,0,Neither,0,0
val,WEB02153.jpg,WEB,2153,0,Neither,0,0
val,WEB02157.jpg,WEB,2157,0,Neither,0,0
val,WEB02165.jpg,WEB,2165,0,Neither,0,0
val,WEB02167.jpg,WEB,2167,0,Neither,0,0
val,WEB02169.jpg,WEB,2169,0,Neither,0,0
val,WEB02179.jpg,WEB,2179,1,Only_Fire,0,1
val,WEB02189.jpg,WEB,2189,0,Neither,0,0
val,WEB02194.jpg,WEB,2194,0,Neither,0,0
val,WEB02198.jpg,WEB,2198,0,Neither,0,0
val,WEB02204.jpg,WEB,2204,0,Neither,0,0
val,WEB02206.jpg,WEB,2206,0,Neither,0,0
val,WEB02209.jpg,WEB,2209,0,Neither,0,0
val,WEB02211.jpg,WEB,2211,0,Neither,0,0
val,WEB02220.jpg,WEB,2220,0,Neither,0,0
val,WEB02221.jpg,WEB,2221,0,Neither,0,0
val,WEB02222.jpg,WEB,2222,0,Neither,0,0
val,WEB02227.jpg,WEB,2227,0,Neither,0,0
val,WEB02229.jpg,WEB,2229,0,Neither,0,0
val,WEB02234.jpg,WEB,2234,0,Neither,0,0
val,WEB02241.jpg,WEB,2241,0,Neither,0,0
val,WEB02248.jpg,WEB,2248,0,Neither,0,0
val,WEB02252.jpg,WEB,2252,0,Neither,0,0
val,WEB02261.jpg,WEB,2261,0,Neither,0,0
val,WEB02264.jpg,WEB,2264,0,Neither,0,0
val,WEB02268.jpg,WEB,2268,0,Neither,0,0
val,WEB02274.jpg,WEB,2274,0,Neither,0,0
val,WEB02281.jpg,WEB,2281,0,Neither,0,0
val,WEB02284.jpg,WEB,2284,0,Neither,0,0
val,WEB02291.jpg,WEB,2291,0,Neither,0,0
val,WEB02298.jpg,WEB,2298,0,Neither,0,0
val,WEB02317.jpg,WEB,2317,0,Neither,0,0
val,WEB02320.jpg,WEB,2320,0,Neither,0,0
val,WEB02322.jpg,WEB,2322,0,Neither,0,0
val,WEB02328.jpg,WEB,2328,0,Neither,0,0
val,WEB02339.jpg,WEB,2339,0,Neither,0,0
val,WEB02341.jpg,WEB,2341,0,Neither,0,0
val,WEB02350.jpg,WEB,2350,0,Neither,0,0
val,WEB02351.jpg,WEB,2351,0,Neither,0,0
val,WEB02356.jpg,WEB,2356,0,Neither,0,0
val,WEB02359.jpg,WEB,2359,0,Neither,0,0
val,WEB02362.jpg,WEB,2362,0,Neither,0,0
val,WEB02365.jpg,WEB,2365,0,Neither,0,0
val,WEB02373.jpg,WEB,2373,0,Neither,0,0
val,WEB02382.jpg,WEB,2382,0,Neither,0,0
val,WEB02386.jpg,WEB,2386,0,Neither,0,0
val,WEB02396.jpg,WEB,2396,0,Neither,0,0
val,WEB02397.jpg,WEB,2397,0,Neither,0,0
val,WEB02402.jpg,WEB,2402,0,Neither,0,0
val,WEB02404.jpg,WEB,2404,0,Neither,0,0
val,WEB02405.jpg,WEB,2405,0,Neither,0,0
val,WEB02409.jpg,WEB,2409,0,Neither,0,0
val,WEB02415.jpg,WEB,2415,0,Neither,0,0
val,WEB02431.jpg,WEB,2431,0,Neither,0,0
val,WEB02442.jpg,WEB,2442,0,Neither,0,0
val,WEB02447.jpg,WEB,2447,0,Neither,0,0
val,WEB02461.jpg,WEB,2461,0,Neither,0,0
val,WEB02476.jpg,WEB,2476,0,Neither,0,0
val,WEB02477.jpg,WEB,2477,0,Neither,0,0
val,WEB02488.jpg,WEB,2488,0,Neither,0,0
val,WEB02492.jpg,WEB,2492,0,Neither,0,0
val,WEB02496.jpg,WEB,2496,0,Neither,0,0
val,WEB02500.jpg,WEB,2500,0,Neither,0,0
val,WEB02503.jpg,WEB,2503,0,Neither,0,0
val,WEB02510.jpg,WEB,2510,0,Neither,0,0
val,WEB02518.jpg,WEB,2518,0,Neither,0,0
val,WEB02523.jpg,WEB,2523,0,Neither,0,0
val,WEB02544.jpg,WEB,2544,0,Neither,0,0
val,WEB02546.jpg,WEB,2546,0,Neither,0,0
val,WEB02550.jpg,WEB,2550,0,Neither,0,0
val,WEB02552.jpg,WEB,2552,0,Neither,0,0
val,WEB02558.jpg,WEB,2558,0,Neither,0,0
val,WEB02562.jpg,WEB,2562,0,Neither,0,0
val,WEB02563.jpg,WEB,2563,0,Neither,0,0
val,WEB02564.jpg,WEB,2564,0,Neither,0,0
val,WEB02568.jpg,WEB,2568,0,Neither,0,0
val,WEB02573.jpg,WEB,2573,0,Neither,0,0
val,WEB02585.jpg,WEB,2585,0,Neither,0,0
val,WEB02591.jpg,WEB,2591,0,Neither,0,0
val,WEB02595.jpg,WEB,2595,0,Neither,0,0
val,WEB02598.jpg,WEB,2598,0,Neither,0,0
val,WEB02605.jpg,WEB,2605,0,Neither,0,0
val,WEB02606.jpg,WEB,2606,0,Neither,0,0
val,WEB02607.jpg,WEB,2607,0,Neither,0,0
val,WEB02614.jpg,WEB,2614,0,Neither,0,0
val,WEB02622.jpg,WEB,2622,0,Neither,0,0
val,WEB02629.jpg,WEB,2629,0,Neither,0,0
val,WEB02635.jpg,WEB,2635,0,Neither,0,0
val,WEB02650.jpg,WEB,2650,0,Neither,0,0
val,WEB02655.jpg,WEB,2655,0,Neither,0,0
val,WEB02679.jpg,WEB,2679,0,Neither,0,0
val,WEB02685.jpg,WEB,2685,0,Neither,0,0
val,WEB02690.jpg,WEB,2690,0,Neither,0,0
val,WEB02696.jpg,WEB,2696,0,Neither,0,0
val,WEB02700.jpg,WEB,2700,0,Neither,0,0
val,WEB02701.jpg,WEB,2701,0,Neither,0,0
val,WEB02734.jpg,WEB,2734,0,Neither,0,0
val,WEB02735.jpg,WEB,2735,0,Neither,0,0
val,WEB02736.jpg,WEB,2736,0,Neither,0,0
val,WEB02738.jpg,WEB,2738,0,Neither,0,0
val,WEB02748.jpg,WEB,2748,0,Neither,0,0
val,WEB02751.jpg,WEB,2751,0,Neither,0,0
val,WEB02753.jpg,WEB,2753,0,Neither,0,0
val,WEB02756.jpg,WEB,2756,0,Neither,0,0
val,WEB02758.jpg,WEB,2758,0,Neither,0,0
val,WEB02760.jpg,WEB,2760,0,Neither,0,0
val,WEB02761.jpg,WEB,2761,0,Neither,0,0
val,WEB02764.jpg,WEB,2764,0,Neither,0,0
val,WEB02772.jpg,WEB,2772,0,Neither,0,0
val,WEB02777.jpg,WEB,2777,0,Neither,0,0
val,WEB02778.jpg,WEB,2778,0,Neither,0,0
val,WEB02807.jpg,WEB,2807,0,Neither,0,0
val,WEB02812.jpg,WEB,2812,0,Neither,0,0
val,WEB02813.jpg,WEB,2813,0,Neither,0,0
val,WEB02815.jpg,WEB,2815,0,Neither,0,0
val,WEB02817.jpg,WEB,2817,0,Neither,0,0
val,WEB02824.jpg,WEB,2824,0,Neither,0,0
val,WEB02826.jpg,WEB,2826,0,Neither,0,0
val,WEB02828.jpg,WEB,2828,0,Neither,0,0
val,WEB02833.jpg,WEB,2833,0,Neither,0,0
val,WEB02849.jpg,WEB,2849,0,Neither,0,0
val,WEB02851.jpg,WEB,2851,0,Neither,0,0
val,WEB02854.jpg,WEB,2854,0,Neither,0,0
val,WEB02866.jpg,WEB,2866,0,Neither,0,0
val,WEB02871.jpg,WEB,2871,0,Neither,0,0
val,WEB02881.jpg,WEB,2881,0,Neither,0,0
val,WEB02886.jpg,WEB,2886,0,Neither,0,0
val,WEB02888.jpg,WEB,2888,0,Neither,0,0
val,WEB02896.jpg,WEB,2896,0,Neither,0,0
val,WEB02900.jpg,WEB,2900,0,Neither,0,0
val,WEB02904.jpg,WEB,2904,0,Neither,0,0
val,WEB02905.jpg,WEB,2905,0,Neither,0,0
val,WEB02908.jpg,WEB,2908,0,Neither,0,0
val,WEB02913.jpg,WEB,2913,0,Neither,0,0
val,WEB02933.jpg,WEB,2933,0,Neither,0,0
val,WEB02940.jpg,WEB,2940,0,Neither,0,0
val,WEB02942.jpg,WEB,2942,0,Neither,0,0
val,WEB02944.jpg,WEB,2944,0,Neither,0,0
val,WEB02945.jpg,WEB,2945,0,Neither,0,0
val,WEB02952.jpg,WEB,2952,0,Neither,0,0
val,WEB02957.jpg,WEB,2957,0,Neither,0,0
val,WEB02976.jpg,WEB,2976,0,Neither,0,0
val,WEB02990.jpg,WEB,2990,0,Neither,0,0
val,WEB02994.jpg,WEB,2994,0,Neither,0,0
val,WEB03006.jpg,WEB,3006,0,Neither,0,0
val,WEB03015.jpg,WEB,3015,0,Neither,0,0
val,WEB03019.jpg,WEB,3019,0,Neither,0,0
val,WEB03040.jpg,WEB,3040,0,Neither,0,0
val,WEB03041.jpg,WEB,3041,0,Neither,0,0
val,WEB03046.jpg,WEB,3046,0,Neither,0,0
val,WEB03047.jpg,WEB,3047,0,Neither,0,0
val,WEB03048.jpg,WEB,3048,0,Neither,0,0
val,WEB03063.jpg,WEB,3063,0,Neither,0,0
val,WEB03071.jpg,WEB,3071,0,Neither,0,0
val,WEB03079.jpg,WEB,3079,0,Neither,0,0
val,WEB03086.jpg,WEB,3086,0,Neither,0,0
val,WEB03088.jpg,WEB,3088,0,Neither,0,0
val,WEB03097.jpg,WEB,3097,0,Neither,0,0
val,WEB03101.jpg,WEB,3101,0,Neither,0,0
val,WEB03109.jpg,WEB,3109,0,Neither,0,0
val,WEB03110.jpg,WEB,3110,0,Neither,0,0
val,WEB03111.jpg,WEB,3111,0,Neither,0,0
val,WEB03113.jpg,WEB,3113,0,Neither,0,0
val,WEB03116.jpg,WEB,3116,0,Neither,0,0
val,WEB03119.jpg,WEB,3119,0,Neither,0,0
val,WEB03129.jpg,WEB,3129,0,Neither,0,0
val,WEB03130.jpg,WEB,3130,0,Neither,0,0
val,WEB03135.jpg,WEB,3135,0,Neither,0,0
val,WEB03137.jpg,WEB,3137,0,Neither,0,0
val,WEB03143.jpg,WEB,3143,0,Neither,0,0
val,WEB03145.jpg,WEB,3145,0,Neither,0,0
val,WEB03164.jpg,WEB,3164,0,Neither,0,0
val,WEB03170.jpg,WEB,3170,0,Neither,0,0
val,WEB03171.jpg,WEB,3171,0,Neither,0,0
val,WEB03177.jpg,WEB,3177,0,Neither,0,0
val,WEB03187.jpg,WEB,3187,0,Neither,0,0
val,WEB03196.jpg,WEB,3196,0,Neither,0,0
val,WEB03198.jpg,WEB,3198,0,Neither,0,0
val,WEB03202.jpg,WEB,3202,0,Neither,0,0
val,WEB03214.jpg,WEB,3214,0,Neither,0,0
val,WEB03215.jpg,WEB,3215,0,Neither,0,0
val,WEB03218.jpg,WEB,3218,0,Neither,0,0
val,WEB03229.jpg,WEB,3229,0,Neither,0,0
val,WEB03236.jpg,WEB,3236,0,Neither,0,0
val,WEB03241.jpg,WEB,3241,0,Neither,0,0
val,WEB03245.jpg,WEB,3245,0,Neither,0,0
val,WEB03247.jpg,WEB,3247,0,Neither,0,0
val,WEB03253.jpg,WEB,3253,0,Neither,0,0
val,WEB03265.jpg,WEB,3265,0,Neither,0,0
val,WEB03275.jpg,WEB,3275,0,Neither,0,0
val,WEB03284.jpg,WEB,3284,0,Neither,0,0
val,WEB03286.jpg,WEB,3286,0,Neither,0,0
val,WEB03295.jpg,WEB,3295,0,Neither,0,0
val,WEB03299.jpg,WEB,3299,0,Neither,0,0
val,WEB03301.jpg,WEB,3301,0,Neither,0,0
val,WEB03310.jpg,WEB,3310,0,Neither,0,0
val,WEB03311.jpg,WEB,3311,0,Neither,0,0
val,WEB03313.jpg,WEB,3313,0,Neither,0,0
val,WEB03319.jpg,WEB,3319,0,Neither,0,0
val,WEB03321.jpg,WEB,3321,0,Neither,0,0
val,WEB03327.jpg,WEB,3327,0,Neither,0,0
val,WEB03330.jpg,WEB,3330,0,Neither,0,0
val,WEB03332.jpg,WEB,3332,0,Neither,0,0
val,WEB03334.jpg,WEB,3334,0,Neither,0,0
val,WEB03339.jpg,WEB,3339,0,Neither,0,0
val,WEB03340.jpg,WEB,3340,0,Neither,0,0
val,WEB03342.jpg,WEB,3342,0,Neither,0,0
val,WEB03352.jpg,WEB,3352,0,Neither,0,0
val,WEB03353.jpg,WEB,3353,0,Neither,0,0
val,WEB03358.jpg,WEB,3358,0,Neither,0,0
val,WEB03361.jpg,WEB,3361,0,Neither,0,0
val,WEB03378.jpg,WEB,3378,0,Neither,0,0
val,WEB03381.jpg,WEB,3381,0,Neither,0,0
val,WEB03389.jpg,WEB,3389,0,Neither,0,0
val,WEB03397.jpg,WEB,3397,0,Neither,0,0
val,WEB03406.jpg,WEB,3406,0,Neither,0,0
val,WEB03412.jpg,WEB,3412,0,Neither,0,0
val,WEB03424.jpg,WEB,3424,0,Neither,0,0
val,WEB03428.jpg,WEB,3428,0,Neither,0,0
val,WEB03431.jpg,WEB,3431,0,Neither,0,0
val,WEB03432.jpg,WEB,3432,0,Neither,0,0
val,WEB03436.jpg,WEB,3436,0,Neither,0,0
val,WEB03442.jpg,WEB,3442,0,Neither,0,0
val,WEB03444.jpg,WEB,3444,0,Neither,0,0
val,WEB03453.jpg,WEB,3453,0,Neither,0,0
val,WEB03455.jpg,WEB,3455,0,Neither,0,0
val,WEB03461.jpg,WEB,3461,0,Neither,0,0
val,WEB03473.jpg,WEB,3473,0,Neither,0,0
val,WEB03475.jpg,WEB,3475,0,Neither,0,0
val,WEB03479.jpg,WEB,3479,0,Neither,0,0
val,WEB03484.jpg,WEB,3484,0,Neither,0,0
val,WEB03489.jpg,WEB,3489,0,Neither,0,0
val,WEB03495.jpg,WEB,3495,0,Neither,0,0
val,WEB03503.jpg,WEB,3503,0,Neither,0,0
val,WEB03508.jpg,WEB,3508,0,Neither,0,0
val,WEB03541.jpg,WEB,3541,0,Neither,0,0
val,WEB03553.jpg,WEB,3553,0,Neither,0,0
val,WEB03559.jpg,WEB,3559,0,Neither,0,0
val,WEB03562.jpg,WEB,3562,0,Neither,0,0
val,WEB03566.jpg,WEB,3566,0,Neither,0,0
val,WEB03567.jpg,WEB,3567,0,Neither,0,0
val,WEB03569.jpg,WEB,3569,0,Neither,0,0
val,WEB03570.jpg,WEB,3570,0,Neither,0,0
val,WEB03572.jpg,WEB,3572,0,Neither,0,0
val,WEB03573.jpg,WEB,3573,0,Neither,0,0
val,WEB03579.jpg,WEB,3579,0,Neither,0,0
val,WEB03585.jpg,WEB,3585,0,Neither,0,0
val,WEB03592.jpg,WEB,3592,0,Neither,0,0
val,WEB03598.jpg,WEB,3598,0,Neither,0,0
val,WEB03600.jpg,WEB,3600,0,Neither,0,0
val,WEB03601.jpg,WEB,3601,0,Neither,0,0
val,WEB03602.jpg,WEB,3602,0,Neither,0,0
val,WEB03608.jpg,WEB,3608,0,Neither,0,0
val,WEB03609.jpg,WEB,3609,0,Neither,0,0
val,WEB03610.jpg,WEB,3610,0,Neither,0,0
val,WEB03627.jpg,WEB,3627,0,Neither,0,0
val,WEB03630.jpg,WEB,3630,0,Neither,0,0
val,WEB03632.jpg,WEB,3632,0,Neither,0,0
val,WEB03642.jpg,WEB,3642,0,Neither,0,0
val,WEB03643.jpg,WEB,3643,0,Neither,0,0
val,WEB03652.jpg,WEB,3652,0,Neither,0,0
val,WEB03660.jpg,WEB,3660,0,Neither,0,0
val,WEB03663.jpg,WEB,3663,0,Neither,0,0
val,WEB03666.jpg,WEB,3666,0,Neither,0,0
val,WEB03669.jpg,WEB,3669,0,Neither,0,0
val,WEB03670.jpg,WEB,3670,0,Neither,0,0
val,WEB03674.jpg,WEB,3674,0,Neither,0,0
val,WEB03677.jpg,WEB,3677,0,Neither,0,0
val,WEB03680.jpg,WEB,3680,0,Neither,0,0
val,WEB03694.jpg,WEB,3694,1,Only_Fire,0,1
val,WEB03704.jpg,WEB,3704,1,Only_Fire,0,4
val,WEB03706.jpg,WEB,3706,1,Only_Fire,0,1
val,WEB03707.jpg,WEB,3707,1,Only_Fire,0,2
val,WEB03710.jpg,WEB,3710,3,Both,1,2
val,WEB03716.jpg,WEB,3716,3,Both,1,1
val,WEB03724.jpg,WEB,3724,3,Both,1,1
val,WEB03733.jpg,WEB,3733,3,Both,1,2
val,WEB03736.jpg,WEB,3736,1,Only_Fire,0,2
val,WEB03738.jpg,WEB,3738,3,Both,1,2
val,WEB03739.jpg,WEB,3739,3,Both,1,3
val,WEB03741.jpg,WEB,3741,3,Both,3,2
val,WEB03754.jpg,WEB,3754,3,Both,1,2
val,WEB03756.jpg,WEB,3756,3,Both,1,1
val,WEB03762.jpg,WEB,3762,3,Both,1,6
val,WEB03763.jpg,WEB,3763,3,Both,1,4
val,WEB03765.jpg,WEB,3765,3,Both,1,1
val,WEB03767.jpg,WEB,3767,3,Both,1,7
val,WEB03769.jpg,WEB,3769,3,Both,1,8
val,WEB03772.jpg,WEB,3772,3,Both,1,2
val,WEB03776.jpg,WEB,3776,3,Both,1,1
val,WEB03777.jpg,WEB,3777,3,Both,1,2
val,WEB03787.jpg,WEB,3787,1,Only_Fire,0,1
val,WEB03791.jpg,WEB,3791,3,Both,2,5
val,WEB03795.jpg,WEB,3795,3,Both,2,7
val,WEB03798.jpg,WEB,3798,3,Both,1,5
val,WEB03806.jpg,WEB,3806,3,Both,1,1
val,WEB03809.jpg,WEB,3809,1,Only_Fire,0,7
val,WEB03812.jpg,WEB,3812,3,Both,2,4
val,WEB03818.jpg,WEB,3818,3,Both,1,1
val,WEB03825.jpg,WEB,3825,3,Both,1,3
val,WEB03827.jpg,WEB,3827,3,Both,1,3
val,WEB03834.jpg,WEB,3834,3,Both,1,1
val,WEB03835.jpg,WEB,3835,1,Only_Fire,0,1
val,WEB03840.jpg,WEB,3840,3,Both,1,2
val,WEB03845.jpg,WEB,3845,3,Both,1,6
val,WEB03849.jpg,WEB,3849,3,Both,1,2
val,WEB03851.jpg,WEB,3851,3,Both,1,2
val,WEB03852.jpg,WEB,3852,3,Both,1,1
val,WEB03856.jpg,WEB,3856,1,Only_Fire,0,4
val,WEB03860.jpg,WEB,3860,2,Only_Smoke,1,0
val,WEB03865.jpg,WEB,3865,1,Only_Fire,0,1
val,WEB03866.jpg,WEB,3866,3,Both,2,2
val,WEB03870.jpg,WEB,3870,1,Only_Fire,0,1
val,WEB03872.jpg,WEB,3872,3,Both,2,5
val,WEB03880.jpg,WEB,3880,3,Both,1,2
val,WEB03886.jpg,WEB,3886,1,Only_Fire,0,2
val,WEB03887.jpg,WEB,3887,3,Both,1,2
val,WEB03897.jpg,WEB,3897,3,Both,1,1
val,WEB03902.jpg,WEB,3902,3,Both,1,3
val,WEB03903.jpg,WEB,3903,3,Both,1,1
val,WEB03917.jpg,WEB,3917,3,Both,1,1
val,WEB03924.jpg,WEB,3924,3,Both,1,1
val,WEB03938.jpg,WEB,3938,3,Both,1,1
val,WEB03940.jpg,WEB,3940,3,Both,1,1
val,WEB03941.jpg,WEB,3941,3,Both,1,4
val,WEB03942.jpg,WEB,3942,3,Both,1,1
val,WEB03943.jpg,WEB,3943,3,Both,1,3
val,WEB03944.jpg,WEB,3944,3,Both,1,1
val,WEB03951.jpg,WEB,3951,3,Both,1,15
val,WEB03952.jpg,WEB,3952,3,Both,1,2
val,WEB03953.jpg,WEB,3953,3,Both,1,8
val,WEB03961.jpg,WEB,3961,3,Both,1,6
val,WEB03963.jpg,WEB,3963,3,Both,1,5
val,WEB03975.jpg,WEB,3975,3,Both,1,2
val,WEB03980.jpg,WEB,3980,3,Both,1,2
val,WEB03986.jpg,WEB,3986,3,Both,2,6
val,WEB03999.jpg,WEB,3999,1,Only_Fire,0,2
val,WEB04025.jpg,WEB,4025,3,Both,1,3
val,WEB04029.jpg,WEB,4029,3,Both,1,3
val,WEB04042.jpg,WEB,4042,3,Both,1,1
val,WEB04047.jpg,WEB,4047,1,Only_Fire,0,2
val,WEB04051.jpg,WEB,4051,1,Only_Fire,0,2
val,WEB04054.jpg,WEB,4054,3,Both,1,2
val,WEB04059.jpg,WEB,4059,3,Both,1,1
val,WEB04063.jpg,WEB,4063,3,Both,3,2
val,WEB04074.jpg,WEB,4074,3,Both,2,5
val,WEB04081.jpg,WEB,4081,3,Both,1,1
val,WEB04082.jpg,WEB,4082,3,Both,1,2
val,WEB04094.jpg,WEB,4094,3,Both,1,4
val,WEB04103.jpg,WEB,4103,3,Both,1,3
val,WEB04117.jpg,WEB,4117,3,Both,1,2
val,WEB04118.jpg,WEB,4118,1,Only_Fire,0,2
val,WEB04125.jpg,WEB,4125,3,Both,2,6
val,WEB04126.jpg,WEB,4126,1,Only_Fire,0,2
val,WEB04127.jpg,WEB,4127,1,Only_Fire,0,9
val,WEB04136.jpg,WEB,4136,3,Both,1,1
val,WEB04140.jpg,WEB,4140,1,Only_Fire,0,1
val,WEB04142.jpg,WEB,4142,1,Only_Fire,0,1
val,WEB04146.jpg,WEB,4146,1,Only_Fire,0,1
val,WEB04151.jpg,WEB,4151,1,Only_Fire,0,1
val,WEB04159.jpg,WEB,4159,1,Only_Fire,0,2
val,WEB04163.jpg,WEB,4163,1,Only_Fire,0,1
val,WEB04167.jpg,WEB,4167,3,Both,1,1
val,WEB04168.jpg,WEB,4168,3,Both,1,2
val,WEB04197.jpg,WEB,4197,3,Both,1,3
val,WEB04199.jpg,WEB,4199,3,Both,2,3
val,WEB04207.jpg,WEB,4207,3,Both,1,7
val,WEB04208.jpg,WEB,4208,3,Both,1,6
val,WEB04210.jpg,WEB,4210,3,Both,1,1
val,WEB04216.jpg,WEB,4216,3,Both,1,1
val,WEB04217.jpg,WEB,4217,3,Both,2,2
val,WEB04221.jpg,WEB,4221,3,Both,1,7
val,WEB04230.jpg,WEB,4230,3,Both,2,1
val,WEB04232.jpg,WEB,4232,3,Both,1,2
val,WEB04233.jpg,WEB,4233,3,Both,1,1
val,WEB04236.jpg,WEB,4236,3,Both,1,1
val,WEB04248.jpg,WEB,4248,3,Both,2,2
val,WEB04254.jpg,WEB,4254,1,Only_Fire,0,1
val,WEB04260.jpg,WEB,4260,1,Only_Fire,0,1
val,WEB04275.jpg,WEB,4275,3,Both,1,1
val,WEB04276.jpg,WEB,4276,3,Both,1,2
val,WEB04283.jpg,WEB,4283,1,Only_Fire,0,7
val,WEB04286.jpg,WEB,4286,1,Only_Fire,0,4
val,WEB04287.jpg,WEB,4287,3,Both,1,2
val,WEB04289.jpg,WEB,4289,3,Both,2,4
val,WEB04293.jpg,WEB,4293,1,Only_Fire,0,1
val,WEB04298.jpg,WEB,4298,1,Only_Fire,0,1
val,WEB04305.jpg,WEB,4305,3,Both,1,1
val,WEB04308.jpg,WEB,4308,3,Both,1,3
val,WEB04312.jpg,WEB,4312,1,Only_Fire,0,1
val,WEB04314.jpg,WEB,4314,3,Both,1,2
val,WEB04320.jpg,WEB,4320,3,Both,1,4
val,WEB04323.jpg,WEB,4323,3,Both,1,1
val,WEB04324.jpg,WEB,4324,3,Both,1,6
val,WEB04330.jpg,WEB,4330,3,Both,1,1
val,WEB04343.jpg,WEB,4343,3,Both,2,2
val,WEB04346.jpg,WEB,4346,1,Only_Fire,0,1
val,WEB04348.jpg,WEB,4348,3,Both,1,5
val,WEB04360.jpg,WEB,4360,3,Both,1,3
val,WEB04362.jpg,WEB,4362,1,Only_Fire,0,1
val,WEB04369.jpg,WEB,4369,3,Both,1,4
val,WEB04375.jpg,WEB,4375,3,Both,2,11
val,WEB04376.jpg,WEB,4376,3,Both,1,5
val,WEB04379.jpg,WEB,4379,1,Only_Fire,0,1
val,WEB04381.jpg,WEB,4381,3,Both,1,4
val,WEB04384.jpg,WEB,4384,3,Both,1,3
val,WEB04392.jpg,WEB,4392,3,Both,2,3
val,WEB04393.jpg,WEB,4393,3,Both,1,2
val,WEB04400.jpg,WEB,4400,3,Both,2,4
val,WEB04404.jpg,WEB,4404,3,Both,1,2
val,WEB04414.jpg,WEB,4414,3,Both,2,8
val,WEB04415.jpg,WEB,4415,3,Both,1,2
val,WEB04416.jpg,WEB,4416,3,Both,1,1
val,WEB04433.jpg,WEB,4433,3,Both,1,3
val,WEB04436.jpg,WEB,4436,3,Both,1,1
val,WEB04446.jpg,WEB,4446,1,Only_Fire,0,1
val,WEB04447.jpg,WEB,4447,1,Only_Fire,0,2
val,WEB04448.jpg,WEB,4448,3,Both,2,1
val,WEB04449.jpg,WEB,4449,1,Only_Fire,0,1
val,WEB04453.jpg,WEB,4453,3,Both,1,1
val,WEB04456.jpg,WEB,4456,3,Both,1,5
val,WEB04458.jpg,WEB,4458,3,Both,2,10
val,WEB04470.jpg,WEB,4470,3,Both,1,1
val,WEB04471.jpg,WEB,4471,3,Both,2,1
val,WEB04488.jpg,WEB,4488,3,Both,1,3
val,WEB04489.jpg,WEB,4489,1,Only_Fire,0,1
val,WEB04494.jpg,WEB,4494,1,Only_Fire,0,4
val,WEB04503.jpg,WEB,4503,3,Both,1,3
val,WEB04514.jpg,WEB,4514,3,Both,2,3
val,WEB04517.jpg,WEB,4517,3,Both,2,1
val,WEB04521.jpg,WEB,4521,3,Both,1,7
val,WEB04529.jpg,WEB,4529,3,Both,1,3
val,WEB04533.jpg,WEB,4533,3,Both,1,2
val,WEB04541.jpg,WEB,4541,3,Both,1,2
val,WEB04543.jpg,WEB,4543,3,Both,1,1
val,WEB04544.jpg,WEB,4544,1,Only_Fire,0,4
val,WEB04545.jpg,WEB,4545,3,Both,1,2
val,WEB04556.jpg,WEB,4556,3,Both,1,3
val,WEB04557.jpg,WEB,4557,2,Only_Smoke,1,0
val,WEB04559.jpg,WEB,4559,3,Both,2,2
val,WEB04565.jpg,WEB,4565,3,Both,1,3
val,WEB04569.jpg,WEB,4569,3,Both,1,5
val,WEB04571.jpg,WEB,4571,3,Both,1,2
val,WEB04574.jpg,WEB,4574,3,Both,1,1
val,WEB04579.jpg,WEB,4579,3,Both,1,1
val,WEB04582.jpg,WEB,4582,3,Both,1,2
val,WEB04587.jpg,WEB,4587,3,Both,1,2
val,WEB04589.jpg,WEB,4589,3,Both,2,2
val,WEB04593.jpg,WEB,4593,3,Both,1,1
val,WEB04602.jpg,WEB,4602,3,Both,1,1
val,WEB04610.jpg,WEB,4610,3,Both,1,2
val,WEB04612.jpg,WEB,4612,3,Both,1,2
val,WEB04617.jpg,WEB,4617,3,Both,1,4
val,WEB04630.jpg,WEB,4630,3,Both,1,1
val,WEB04635.jpg,WEB,4635,3,Both,1,4
val,WEB04636.jpg,WEB,4636,3,Both,1,3
val,WEB04637.jpg,WEB,4637,3,Both,6,5
val,WEB04642.jpg,WEB,4642,3,Both,2,6
val,WEB04646.jpg,WEB,4646,3,Both,2,6
val,WEB04651.jpg,WEB,4651,3,Both,1,10
val,WEB04652.jpg,WEB,4652,1,Only_Fire,0,3
val,WEB04660.jpg,WEB,4660,3,Both,1,3
val,WEB04661.jpg,WEB,4661,3,Both,1,4
val,WEB04670.jpg,WEB,4670,3,Both,2,5
val,WEB04671.jpg,WEB,4671,3,Both,1,5
val,WEB04674.jpg,WEB,4674,3,Both,1,5
val,WEB04677.jpg,WEB,4677,3,Both,1,4
val,WEB04678.jpg,WEB,4678,3,Both,1,3
val,WEB04691.jpg,WEB,4691,3,Both,1,2
val,WEB04694.jpg,WEB,4694,3,Both,1,3
val,WEB04700.jpg,WEB,4700,3,Both,2,2
val,WEB04709.jpg,WEB,4709,1,Only_Fire,0,2
val,WEB04711.jpg,WEB,4711,3,Both,1,1
val,WEB04713.jpg,WEB,4713,3,Both,1,2
val,WEB04718.jpg,WEB,4718,3,Both,1,4
val,WEB04719.jpg,WEB,4719,3,Both,1,5
val,WEB04722.jpg,WEB,4722,1,Only_Fire,0,1
val,WEB04727.jpg,WEB,4727,1,Only_Fire,0,1
val,WEB04730.jpg,WEB,4730,3,Both,1,1
val,WEB04733.jpg,WEB,4733,1,Only_Fire,0,1
val,WEB04735.jpg,WEB,4735,3,Both,1,5
val,WEB04745.jpg,WEB,4745,3,Both,2,6
val,WEB04749.jpg,WEB,4749,3,Both,1,3
val,WEB04751.jpg,WEB,4751,3,Both,1,3
val,WEB04753.jpg,WEB,4753,3,Both,1,7
val,WEB04771.jpg,WEB,4771,3,Both,1,2
val,WEB04773.jpg,WEB,4773,2,Only_Smoke,2,0
val,WEB04776.jpg,WEB,4776,3,Both,1,1
val,WEB04783.jpg,WEB,4783,3,Both,1,4
val,WEB04788.jpg,WEB,4788,3,Both,1,3
val,WEB04791.jpg,WEB,4791,3,Both,1,2
val,WEB04794.jpg,WEB,4794,3,Both,1,1
val,WEB04795.jpg,WEB,4795,3,Both,1,3
val,WEB04800.jpg,WEB,4800,3,Both,1,3
val,WEB04808.jpg,WEB,4808,3,Both,1,5
val,WEB04809.jpg,WEB,4809,1,Only_Fire,0,3
val,WEB04817.jpg,WEB,4817,3,Both,1,2
val,WEB04825.jpg,WEB,4825,3,Both,2,6
val,WEB04829.jpg,WEB,4829,3,Both,1,5
val,WEB04833.jpg,WEB,4833,3,Both,1,5
val,WEB04842.jpg,WEB,4842,3,Both,1,5
val,WEB04843.jpg,WEB,4843,3,Both,1,5
val,WEB04850.jpg,WEB,4850,3,Both,1,1
val,WEB04853.jpg,WEB,4853,3,Both,1,1
val,WEB04868.jpg,WEB,4868,3,Both,1,1
val,WEB04872.jpg,WEB,4872,3,Both,1,1
val,WEB04877.jpg,WEB,4877,3,Both,1,3
val,WEB04882.jpg,WEB,4882,3,Both,2,3
val,WEB04883.jpg,WEB,4883,3,Both,2,2
val,WEB04884.jpg,WEB,4884,3,Both,1,4
val,WEB04889.jpg,WEB,4889,3,Both,1,3
val,WEB04893.jpg,WEB,4893,1,Only_Fire,0,1
val,WEB04894.jpg,WEB,4894,3,Both,1,1
val,WEB04904.jpg,WEB,4904,3,Both,1,2
val,WEB04907.jpg,WEB,4907,3,Both,1,3
val,WEB04910.jpg,WEB,4910,3,Both,1,4
val,WEB04918.jpg,WEB,4918,3,Both,1,1
val,WEB04925.jpg,WEB,4925,3,Both,1,1
val,WEB04940.jpg,WEB,4940,3,Both,1,3
val,WEB04944.jpg,WEB,4944,3,Both,1,1
val,WEB04952.jpg,WEB,4952,1,Only_Fire,0,1
val,WEB04956.jpg,WEB,4956,3,Both,1,2
val,WEB04962.jpg,WEB,4962,2,Only_Smoke,1,0
val,WEB04963.jpg,WEB,4963,1,Only_Fire,0,1
val,WEB04966.jpg,WEB,4966,3,Both,1,8
val,WEB04971.jpg,WEB,4971,3,Both,1,5
val,WEB04975.jpg,WEB,4975,3,Both,2,1
val,WEB04976.jpg,WEB,4976,3,Both,1,6
val,WEB04980.jpg,WEB,4980,3,Both,4,6
val,WEB04996.jpg,WEB,4996,3,Both,1,4
val,WEB04998.jpg,WEB,4998,3,Both,1,3
val,WEB05002.jpg,WEB,5002,3,Both,1,3
val,WEB05005.jpg,WEB,5005,3,Both,2,3
val,WEB05032.jpg,WEB,5032,3,Both,1,3
val,WEB05037.jpg,WEB,5037,3,Both,1,1
val,WEB05040.jpg,WEB,5040,3,Both,1,1
val,WEB05042.jpg,WEB,5042,3,Both,1,4
val,WEB05043.jpg,WEB,5043,3,Both,1,1
val,WEB05044.jpg,WEB,5044,3,Both,1,1
val,WEB05048.jpg,WEB,5048,3,Both,1,4
val,WEB05051.jpg,WEB,5051,3,Both,1,3
val,WEB05058.jpg,WEB,5058,3,Both,1,1
val,WEB05063.jpg,WEB,5063,3,Both,1,2
val,WEB05065.jpg,WEB,5065,3,Both,1,2
val,WEB05077.jpg,WEB,5077,3,Both,1,1
val,WEB05079.jpg,WEB,5079,3,Both,1,3
val,WEB05089.jpg,WEB,5089,3,Both,1,4
val,WEB05090.jpg,WEB,5090,3,Both,1,3
val,WEB05091.jpg,WEB,5091,3,Both,1,2
val,WEB05097.jpg,WEB,5097,3,Both,1,3
val,WEB05099.jpg,WEB,5099,3,Both,1,4
val,WEB05101.jpg,WEB,5101,3,Both,1,4
val,WEB05102.jpg,WEB,5102,3,Both,1,4
val,WEB05104.jpg,WEB,5104,3,Both,1,2
val,WEB05105.jpg,WEB,5105,3,Both,1,4
val,WEB05116.jpg,WEB,5116,3,Both,1,4
val,WEB05120.jpg,WEB,5120,3,Both,1,3
val,WEB05122.jpg,WEB,5122,3,Both,1,2
val,WEB05123.jpg,WEB,5123,1,Only_Fire,0,3
val,WEB05135.jpg,WEB,5135,1,Only_Fire,0,1
val,WEB05141.jpg,WEB,5141,3,Both,1,3
val,WEB05144.jpg,WEB,5144,3,Both,1,2
val,WEB05150.jpg,WEB,5150,3,Both,1,3
val,WEB05153.jpg,WEB,5153,3,Both,1,1
val,WEB05163.jpg,WEB,5163,3,Both,2,4
val,WEB05190.jpg,WEB,5190,3,Both,1,5
val,WEB05194.jpg,WEB,5194,3,Both,1,6
val,WEB05197.jpg,WEB,5197,3,Both,1,5
val,WEB05199.jpg,WEB,5199,3,Both,1,7
val,WEB05205.jpg,WEB,5205,3,Both,1,4
val,WEB05211.jpg,WEB,5211,3,Both,1,4
val,WEB05214.jpg,WEB,5214,3,Both,1,1
val,WEB05218.jpg,WEB,5218,3,Both,3,3
val,WEB05222.jpg,WEB,5222,3,Both,2,3
val,WEB05225.jpg,WEB,5225,3,Both,2,3
val,WEB05230.jpg,WEB,5230,3,Both,2,2
val,WEB05235.jpg,WEB,5235,3,Both,1,3
val,WEB05239.jpg,WEB,5239,3,Both,2,5
val,WEB05251.jpg,WEB,5251,3,Both,2,6
val,WEB05260.jpg,WEB,5260,3,Both,2,4
val,WEB05268.jpg,WEB,5268,3,Both,2,3
val,WEB05269.jpg,WEB,5269,3,Both,2,1
val,WEB05270.jpg,WEB,5270,3,Both,1,4
val,WEB05272.jpg,WEB,5272,3,Both,2,3
val,WEB05273.jpg,WEB,5273,3,Both,2,2
val,WEB05275.jpg,WEB,5275,3,Both,2,2
val,WEB05277.jpg,WEB,5277,3,Both,1,2
val,WEB05282.jpg,WEB,5282,3,Both,1,3
val,WEB05286.jpg,WEB,5286,3,Both,2,5
val,WEB05288.jpg,WEB,5288,3,Both,2,4
val,WEB05290.jpg,WEB,5290,3,Both,2,4
val,WEB05291.jpg,WEB,5291,3,Both,1,4
val,WEB05292.jpg,WEB,5292,3,Both,2,4
val,WEB05298.jpg,WEB,5298,3,Both,1,2
val,WEB05301.jpg,WEB,5301,3,Both,1,2
val,WEB05309.jpg,WEB,5309,3,Both,1,3
val,WEB05310.jpg,WEB,5310,3,Both,1,3
val,WEB05321.jpg,WEB,5321,3,Both,1,3
val,WEB05323.jpg,WEB,5323,3,Both,1,2
val,WEB05327.jpg,WEB,5327,3,Both,1,4
val,WEB05329.jpg,WEB,5329,3,Both,1,3
val,WEB05332.jpg,WEB,5332,3,Both,1,2
val,WEB05335.jpg,WEB,5335,3,Both,1,2
val,WEB05339.jpg,WEB,5339,2,Only_Smoke,1,0
val,WEB05346.jpg,WEB,5346,3,Both,1,2
val,WEB05347.jpg,WEB,5347,3,Both,1,2
val,WEB05349.jpg,WEB,5349,3,Both,1,2
val,WEB05365.jpg,WEB,5365,3,Both,1,2
val,WEB05374.jpg,WEB,5374,3,Both,1,5
val,WEB05385.jpg,WEB,5385,1,Only_Fire,0,3
val,WEB05398.jpg,WEB,5398,1,Only_Fire,0,1
val,WEB05402.jpg,WEB,5402,1,Only_Fire,0,3
val,WEB05403.jpg,WEB,5403,1,Only_Fire,0,2
val,WEB05407.jpg,WEB,5407,3,Both,1,5
val,WEB05413.jpg,WEB,5413,1,Only_Fire,0,2
val,WEB05416.jpg,WEB,5416,3,Both,1,1
val,WEB05419.jpg,WEB,5419,3,Both,1,1
val,WEB05424.jpg,WEB,5424,3,Both,1,2
val,WEB05436.jpg,WEB,5436,3,Both,2,9
val,WEB05448.jpg,WEB,5448,3,Both,1,3
val,WEB05466.jpg,WEB,5466,3,Both,2,4
val,WEB05471.jpg,WEB,5471,3,Both,1,3
val,WEB05472.jpg,WEB,5472,3,Both,1,4
val,WEB05474.jpg,WEB,5474,3,Both,1,2
val,WEB05481.jpg,WEB,5481,1,Only_Fire,0,1
val,WEB05482.jpg,WEB,5482,1,Only_Fire,0,1
val,WEB05488.jpg,WEB,5488,3,Both,1,3
val,WEB05489.jpg,WEB,5489,1,Only_Fire,0,1
val,WEB05490.jpg,WEB,5490,1,Only_Fire,0,1
val,WEB05499.jpg,WEB,5499,3,Both,1,3
val,WEB05500.jpg,WEB,5500,3,Both,1,3
val,WEB05503.jpg,WEB,5503,3,Both,1,2
val,WEB05505.jpg,WEB,5505,3,Both,1,4
val,WEB05509.jpg,WEB,5509,3,Both,1,4
val,WEB05513.jpg,WEB,5513,3,Both,1,4
val,WEB05519.jpg,WEB,5519,3,Both,1,8
val,WEB05529.jpg,WEB,5529,3,Both,1,1
val,WEB05532.jpg,WEB,5532,3,Both,1,2
val,WEB05538.jpg,WEB,5538,3,Both,1,4
val,WEB05546.jpg,WEB,5546,3,Both,1,4
val,WEB05548.jpg,WEB,5548,3,Both,1,4
val,WEB05553.jpg,WEB,5553,3,Both,1,2
val,WEB05559.jpg,WEB,5559,3,Both,1,7
val,WEB05564.jpg,WEB,5564,3,Both,1,1
val,WEB05566.jpg,WEB,5566,3,Both,1,1
val,WEB05578.jpg,WEB,5578,3,Both,1,4
val,WEB05585.jpg,WEB,5585,3,Both,2,5
val,WEB05590.jpg,WEB,5590,3,Both,3,6
val,WEB05593.jpg,WEB,5593,3,Both,2,7
val,WEB05603.jpg,WEB,5603,3,Both,1,4
val,WEB05610.jpg,WEB,5610,3,Both,1,3
val,WEB05614.jpg,WEB,5614,3,Both,1,3
val,WEB05617.jpg,WEB,5617,3,Both,1,3
val,WEB05629.jpg,WEB,5629,3,Both,1,4
val,WEB05642.jpg,WEB,5642,3,Both,1,4
val,WEB05644.jpg,WEB,5644,3,Both,1,4
val,WEB05646.jpg,WEB,5646,1,Only_Fire,0,2
val,WEB05662.jpg,WEB,5662,2,Only_Smoke,1,0
val,WEB05668.jpg,WEB,5668,3,Both,1,1
val,WEB05676.jpg,WEB,5676,3,Both,2,2
val,WEB05678.jpg,WEB,5678,3,Both,1,2
val,WEB05686.jpg,WEB,5686,1,Only_Fire,0,7
val,WEB05687.jpg,WEB,5687,1,Only_Fire,0,3
val,WEB05689.jpg,WEB,5689,1,Only_Fire,0,6
val,WEB05697.jpg,WEB,5697,1,Only_Fire,0,5
val,WEB05706.jpg,WEB,5706,3,Both,2,3
val,WEB05707.jpg,WEB,5707,3,Both,2,3
val,WEB05709.jpg,WEB,5709,3,Both,3,6
val,WEB05713.jpg,WEB,5713,3,Both,1,5
val,WEB05714.jpg,WEB,5714,3,Both,1,3
val,WEB05718.jpg,WEB,5718,3,Both,1,2
val,WEB05725.jpg,WEB,5725,3,Both,1,5
val,WEB05731.jpg,WEB,5731,1,Only_Fire,0,3
val,WEB05737.jpg,WEB,5737,3,Both,3,11
val,WEB05738.jpg,WEB,5738,3,Both,2,5
val,WEB05746.jpg,WEB,5746,3,Both,1,7
val,WEB05755.jpg,WEB,5755,1,Only_Fire,0,3
val,WEB05758.jpg,WEB,5758,1,Only_Fire,0,3
val,WEB05765.jpg,WEB,5765,1,Only_Fire,0,4
val,WEB05767.jpg,WEB,5767,1,Only_Fire,0,4
val,WEB05786.jpg,WEB,5786,3,Both,1,6
val,WEB05788.jpg,WEB,5788,3,Both,1,6
val,WEB05792.jpg,WEB,5792,3,Both,1,4
val,WEB05793.jpg,WEB,5793,3,Both,1,1
val,WEB05796.jpg,WEB,5796,1,Only_Fire,0,3
val,WEB05797.jpg,WEB,5797,3,Both,1,2
val,WEB05805.jpg,WEB,5805,3,Both,1,2
val,WEB05806.jpg,WEB,5806,3,Both,1,2
val,WEB05807.jpg,WEB,5807,3,Both,1,2
val,WEB05808.jpg,WEB,5808,1,Only_Fire,0,2
val,WEB05810.jpg,WEB,5810,3,Both,1,2
val,WEB05819.jpg,WEB,5819,3,Both,1,5
val,WEB05830.jpg,WEB,5830,3,Both,1,2
val,WEB05831.jpg,WEB,5831,3,Both,2,1
val,WEB05837.jpg,WEB,5837,3,Both,1,2
val,WEB05848.jpg,WEB,5848,3,Both,1,7
val,WEB05854.jpg,WEB,5854,3,Both,1,7
val,WEB05858.jpg,WEB,5858,3,Both,1,4
val,WEB05863.jpg,WEB,5863,3,Both,1,4
val,WEB05865.jpg,WEB,5865,3,Both,1,3
val,WEB05872.jpg,WEB,5872,3,Both,1,9
val,WEB05875.jpg,WEB,5875,3,Both,1,1
val,WEB05878.jpg,WEB,5878,3,Both,1,11
val,WEB05901.jpg,WEB,5901,3,Both,1,6
val,WEB05912.jpg,WEB,5912,3,Both,1,1
val,WEB05919.jpg,WEB,5919,3,Both,2,5
val,WEB05929.jpg,WEB,5929,3,Both,1,4
val,WEB05933.jpg,WEB,5933,1,Only_Fire,0,1
val,WEB05945.jpg,WEB,5945,3,Both,1,3
val,WEB05957.jpg,WEB,5957,3,Both,1,6
val,WEB05959.jpg,WEB,5959,3,Both,1,3
val,WEB05960.jpg,WEB,5960,3,Both,1,1
val,WEB05977.jpg,WEB,5977,3,Both,1,5
val,WEB05979.jpg,WEB,5979,3,Both,1,4
val,WEB05984.jpg,WEB,5984,3,Both,1,5
val,WEB05997.jpg,WEB,5997,3,Both,1,5
val,WEB06019.jpg,WEB,6019,2,Only_Smoke,1,0
val,WEB06021.jpg,WEB,6021,2,Only_Smoke,1,0
val,WEB06027.jpg,WEB,6027,2,Only_Smoke,1,0
val,WEB06030.jpg,WEB,6030,3,Both,1,3
val,WEB06035.jpg,WEB,6035,2,Only_Smoke,1,0
val,WEB06059.jpg,WEB,6059,2,Only_Smoke,1,0
val,WEB06060.jpg,WEB,6060,2,Only_Smoke,1,0
val,WEB06064.jpg,WEB,6064,2,Only_Smoke,1,0
val,WEB06073.jpg,WEB,6073,2,Only_Smoke,1,0
val,WEB06078.jpg,WEB,6078,3,Both,1,1
val,WEB06080.jpg,WEB,6080,2,Only_Smoke,1,0
val,WEB06085.jpg,WEB,6085,2,Only_Smoke,1,0
val,WEB06095.jpg,WEB,6095,1,Only_Fire,0,1
val,WEB06108.jpg,WEB,6108,2,Only_Smoke,1,0
val,WEB06109.jpg,WEB,6109,2,Only_Smoke,1,0
val,WEB06111.jpg,WEB,6111,2,Only_Smoke,1,0
val,WEB06118.jpg,WEB,6118,2,Only_Smoke,1,0
val,WEB06120.jpg,WEB,6120,2,Only_Smoke,1,0
val,WEB06121.jpg,WEB,6121,3,Both,1,2
val,WEB06136.jpg,WEB,6136,2,Only_Smoke,1,0
val,WEB06147.jpg,WEB,6147,1,Only_Fire,0,1
val,WEB06150.jpg,WEB,6150,3,Both,1,2
val,WEB06152.jpg,WEB,6152,2,Only_Smoke,1,0
val,WEB06153.jpg,WEB,6153,2,Only_Smoke,1,0
val,WEB06156.jpg,WEB,6156,3,Both,1,4
val,WEB06171.jpg,WEB,6171,2,Only_Smoke,1,0
val,WEB06180.jpg,WEB,6180,3,Both,1,1
val,WEB06187.jpg,WEB,6187,2,Only_Smoke,1,0
val,WEB06191.jpg,WEB,6191,2,Only_Smoke,1,0
val,WEB06193.jpg,WEB,6193,2,Only_Smoke,1,0
val,WEB06195.jpg,WEB,6195,2,Only_Smoke,1,0
val,WEB06198.jpg,WEB,6198,2,Only_Smoke,1,0
val,WEB06200.jpg,WEB,6200,3,Both,1,1
val,WEB06203.jpg,WEB,6203,2,Only_Smoke,1,0
val,WEB06207.jpg,WEB,6207,2,Only_Smoke,1,0
val,WEB06210.jpg,WEB,6210,2,Only_Smoke,1,0
val,WEB06216.jpg,WEB,6216,2,Only_Smoke,1,0
val,WEB06220.jpg,WEB,6220,2,Only_Smoke,1,0
val,WEB06223.jpg,WEB,6223,2,Only_Smoke,1,0
val,WEB06224.jpg,WEB,6224,2,Only_Smoke,1,0
val,WEB06235.jpg,WEB,6235,2,Only_Smoke,1,0
val,WEB06238.jpg,WEB,6238,2,Only_Smoke,1,0
val,WEB06278.jpg,WEB,6278,2,Only_Smoke,1,0
val,WEB06279.jpg,WEB,6279,2,Only_Smoke,1,0
val,WEB06283.jpg,WEB,6283,2,Only_Smoke,1,0
val,WEB06303.jpg,WEB,6303,2,Only_Smoke,1,0
val,WEB06305.jpg,WEB,6305,3,Both,1,2
val,WEB06306.jpg,WEB,6306,2,Only_Smoke,1,0
val,WEB06321.jpg,WEB,6321,2,Only_Smoke,1,0
val,WEB06337.jpg,WEB,6337,2,Only_Smoke,1,0
val,WEB06339.jpg,WEB,6339,3,Both,1,5
val,WEB06346.jpg,WEB,6346,3,Both,1,3
val,WEB06350.jpg,WEB,6350,2,Only_Smoke,1,0
val,WEB06352.jpg,WEB,6352,2,Only_Smoke,1,0
val,WEB06361.jpg,WEB,6361,3,Both,2,4
val,WEB06365.jpg,WEB,6365,2,Only_Smoke,1,0
val,WEB06371.jpg,WEB,6371,2,Only_Smoke,1,0
val,WEB06372.jpg,WEB,6372,3,Both,1,1
val,WEB06374.jpg,WEB,6374,3,Both,1,1
val,WEB06375.jpg,WEB,6375,2,Only_Smoke,1,0
val,WEB06387.jpg,WEB,6387,2,Only_Smoke,1,0
val,WEB06388.jpg,WEB,6388,3,Both,2,3
val,WEB06395.jpg,WEB,6395,2,Only_Smoke,2,0
val,WEB06397.jpg,WEB,6397,2,Only_Smoke,1,0
val,WEB06406.jpg,WEB,6406,3,Both,3,5
val,WEB06418.jpg,WEB,6418,2,Only_Smoke,1,0
val,WEB06421.jpg,WEB,6421,2,Only_Smoke,1,0
val,WEB06425.jpg,WEB,6425,3,Both,1,1
val,WEB06427.jpg,WEB,6427,2,Only_Smoke,1,0
val,WEB06430.jpg,WEB,6430,2,Only_Smoke,1,0
val,WEB06434.jpg,WEB,6434,2,Only_Smoke,1,0
val,WEB06444.jpg,WEB,6444,2,Only_Smoke,1,0
val,WEB06445.jpg,WEB,6445,2,Only_Smoke,1,0
val,WEB06451.jpg,WEB,6451,2,Only_Smoke,1,0
val,WEB06467.jpg,WEB,6467,2,Only_Smoke,1,0
val,WEB06475.jpg,WEB,6475,2,Only_Smoke,1,0
val,WEB06483.jpg,WEB,6483,2,Only_Smoke,1,0
val,WEB06486.jpg,WEB,6486,2,Only_Smoke,1,0
val,WEB06496.jpg,WEB,6496,2,Only_Smoke,1,0
val,WEB06497.jpg,WEB,6497,2,Only_Smoke,1,0
val,WEB06498.jpg,WEB,6498,2,Only_Smoke,1,0
val,WEB06505.jpg,WEB,6505,2,Only_Smoke,1,0
val,WEB06516.jpg,WEB,6516,2,Only_Smoke,1,0
val,WEB06518.jpg,WEB,6518,2,Only_Smoke,1,0
val,WEB06522.jpg,WEB,6522,2,Only_Smoke,1,0
val,WEB06524.jpg,WEB,6524,2,Only_Smoke,1,0
val,WEB06526.jpg,WEB,6526,2,Only_Smoke,1,0
val,WEB06534.jpg,WEB,6534,2,Only_Smoke,1,0
val,WEB06538.jpg,WEB,6538,2,Only_Smoke,1,0
val,WEB06541.jpg,WEB,6541,2,Only_Smoke,1,0
val,WEB06547.jpg,WEB,6547,2,Only_Smoke,1,0
val,WEB06550.jpg,WEB,6550,2,Only_Smoke,1,0
val,WEB06553.jpg,WEB,6553,2,Only_Smoke,1,0
val,WEB06559.jpg,WEB,6559,1,Only_Fire,0,1
val,WEB06567.jpg,WEB,6567,2,Only_Smoke,1,0
val,WEB06568.jpg,WEB,6568,2,Only_Smoke,1,0
val,WEB06579.jpg,WEB,6579,1,Only_Fire,0,1
val,WEB06583.jpg,WEB,6583,2,Only_Smoke,1,0
val,WEB06587.jpg,WEB,6587,2,Only_Smoke,1,0
val,WEB06592.jpg,WEB,6592,2,Only_Smoke,1,0
val,WEB06593.jpg,WEB,6593,2,Only_Smoke,1,0
val,WEB06599.jpg,WEB,6599,2,Only_Smoke,1,0
val,WEB06602.jpg,WEB,6602,2,Only_Smoke,1,0
val,WEB06604.jpg,WEB,6604,2,Only_Smoke,1,0
val,WEB06622.jpg,WEB,6622,3,Both,1,3
val,WEB06634.jpg,WEB,6634,2,Only_Smoke,2,0
val,WEB06637.jpg,WEB,6637,2,Only_Smoke,1,0
val,WEB06640.jpg,WEB,6640,2,Only_Smoke,1,0
val,WEB06642.jpg,WEB,6642,2,Only_Smoke,1,0
val,WEB06645.jpg,WEB,6645,2,Only_Smoke,1,0
val,WEB06647.jpg,WEB,6647,2,Only_Smoke,1,0
val,WEB06648.jpg,WEB,6648,2,Only_Smoke,2,0
val,WEB06653.jpg,WEB,6653,2,Only_Smoke,1,0
val,WEB06655.jpg,WEB,6655,2,Only_Smoke,2,0
val,WEB06667.jpg,WEB,6667,2,Only_Smoke,1,0
val,WEB06675.jpg,WEB,6675,3,Both,1,1
val,WEB06680.jpg,WEB,6680,2,Only_Smoke,2,0
val,WEB06686.jpg,WEB,6686,2,Only_Smoke,2,0
val,WEB06691.jpg,WEB,6691,3,Both,1,1
val,WEB06692.jpg,WEB,6692,2,Only_Smoke,1,0
val,WEB06693.jpg,WEB,6693,3,Both,1,2
val,WEB06702.jpg,WEB,6702,2,Only_Smoke,1,0
val,WEB06703.jpg,WEB,6703,2,Only_Smoke,1,0
val,WEB06711.jpg,WEB,6711,3,Both,1,3
val,WEB06712.jpg,WEB,6712,2,Only_Smoke,1,0
val,WEB06716.jpg,WEB,6716,3,Both,1,4
val,WEB06717.jpg,WEB,6717,2,Only_Smoke,2,0
val,WEB06724.jpg,WEB,6724,2,Only_Smoke,1,0
val,WEB06727.jpg,WEB,6727,3,Both,1,5
val,WEB06729.jpg,WEB,6729,3,Both,1,1
val,WEB06730.jpg,WEB,6730,2,Only_Smoke,1,0
val,WEB06735.jpg,WEB,6735,2,Only_Smoke,1,0
val,WEB06736.jpg,WEB,6736,3,Both,2,3
val,WEB06737.jpg,WEB,6737,2,Only_Smoke,3,0
val,WEB06740.jpg,WEB,6740,3,Both,3,5
val,WEB06742.jpg,WEB,6742,3,Both,2,5
val,WEB06749.jpg,WEB,6749,3,Both,2,3
val,WEB06751.jpg,WEB,6751,3,Both,2,1
val,WEB06752.jpg,WEB,6752,3,Both,1,2
val,WEB06765.jpg,WEB,6765,3,Both,1,2
val,WEB06773.jpg,WEB,6773,3,Both,1,2
val,WEB06775.jpg,WEB,6775,2,Only_Smoke,1,0
val,WEB06777.jpg,WEB,6777,3,Both,1,5
val,WEB06782.jpg,WEB,6782,2,Only_Smoke,1,0
val,WEB06785.jpg,WEB,6785,2,Only_Smoke,1,0
val,WEB06792.jpg,WEB,6792,3,Both,1,4
val,WEB06796.jpg,WEB,6796,2,Only_Smoke,1,0
val,WEB06802.jpg,WEB,6802,3,Both,1,2
val,WEB06804.jpg,WEB,6804,3,Both,1,1
val,WEB06805.jpg,WEB,6805,3,Both,1,2
val,WEB06807.jpg,WEB,6807,1,Only_Fire,0,3
val,WEB06811.jpg,WEB,6811,2,Only_Smoke,1,0
val,WEB06821.jpg,WEB,6821,2,Only_Smoke,1,0
val,WEB06832.jpg,WEB,6832,3,Both,1,2
val,WEB06847.jpg,WEB,6847,1,Only_Fire,0,1
val,WEB06851.jpg,WEB,6851,2,Only_Smoke,3,0
val,WEB06855.jpg,WEB,6855,2,Only_Smoke,1,0
val,WEB06860.jpg,WEB,6860,3,Both,1,2
val,WEB06873.jpg,WEB,6873,2,Only_Smoke,1,0
val,WEB06874.jpg,WEB,6874,3,Both,1,1
val,WEB06876.jpg,WEB,6876,3,Both,1,1
val,WEB06881.jpg,WEB,6881,2,Only_Smoke,1,0
val,WEB06887.jpg,WEB,6887,2,Only_Smoke,3,0
val,WEB06892.jpg,WEB,6892,3,Both,1,4
val,WEB06893.jpg,WEB,6893,2,Only_Smoke,1,0
val,WEB06907.jpg,WEB,6907,2,Only_Smoke,1,0
val,WEB06918.jpg,WEB,6918,3,Both,1,8
val,WEB06922.jpg,WEB,6922,2,Only_Smoke,1,0
val,WEB06941.jpg,WEB,6941,2,Only_Smoke,1,0
val,WEB06943.jpg,WEB,6943,2,Only_Smoke,3,0
val,WEB06946.jpg,WEB,6946,3,Both,1,2
val,WEB06963.jpg,WEB,6963,3,Both,1,2
val,WEB06966.jpg,WEB,6966,3,Both,1,2
val,WEB06975.jpg,WEB,6975,2,Only_Smoke,1,0
val,WEB06986.jpg,WEB,6986,2,Only_Smoke,2,0
val,WEB06997.jpg,WEB,6997,2,Only_Smoke,3,0
val,WEB07003.jpg,WEB,7003,3,Both,1,7
val,WEB07010.jpg,WEB,7010,2,Only_Smoke,4,0
val,WEB07018.jpg,WEB,7018,2,Only_Smoke,1,0
val,WEB07026.jpg,WEB,7026,2,Only_Smoke,1,0
val,WEB07027.jpg,WEB,7027,3,Both,1,1
val,WEB07028.jpg,WEB,7028,3,Both,1,1
val,WEB07031.jpg,WEB,7031,3,Both,2,1
val,WEB07038.jpg,WEB,7038,2,Only_Smoke,1,0
val,WEB07043.jpg,WEB,7043,2,Only_Smoke,1,0
val,WEB07044.jpg,WEB,7044,3,Both,1,2
val,WEB07054.jpg,WEB,7054,2,Only_Smoke,1,0
val,WEB07056.jpg,WEB,7056,3,Both,1,1
val,WEB07057.jpg,WEB,7057,3,Both,2,3
val,WEB07068.jpg,WEB,7068,3,Both,1,1
val,WEB07070.jpg,WEB,7070,3,Both,1,1
val,WEB07077.jpg,WEB,7077,3,Both,1,2
val,WEB07085.jpg,WEB,7085,3,Both,1,1
val,WEB07102.jpg,WEB,7102,3,Both,1,1
val,WEB07104.jpg,WEB,7104,2,Only_Smoke,1,0
val,WEB07112.jpg,WEB,7112,2,Only_Smoke,1,0
val,WEB07114.jpg,WEB,7114,2,Only_Smoke,1,0
val,WEB07115.jpg,WEB,7115,3,Both,1,1
val,WEB07118.jpg,WEB,7118,2,Only_Smoke,1,0
val,WEB07119.jpg,WEB,7119,3,Both,1,1
val,WEB07121.jpg,WEB,7121,2,Only_Smoke,4,0
val,WEB07126.jpg,WEB,7126,3,Both,1,3
val,WEB07131.jpg,WEB,7131,2,Only_Smoke,1,0
val,WEB07136.jpg,WEB,7136,3,Both,1,7
val,WEB07138.jpg,WEB,7138,2,Only_Smoke,1,0
val,WEB07140.jpg,WEB,7140,3,Both,1,4
val,WEB07142.jpg,WEB,7142,2,Only_Smoke,1,0
val,WEB07144.jpg,WEB,7144,3,Both,1,1
val,WEB07153.jpg,WEB,7153,2,Only_Smoke,1,0
val,WEB07154.jpg,WEB,7154,2,Only_Smoke,4,0
val,WEB07160.jpg,WEB,7160,2,Only_Smoke,1,0
val,WEB07163.jpg,WEB,7163,2,Only_Smoke,1,0
val,WEB07164.jpg,WEB,7164,3,Both,1,1
val,WEB07171.jpg,WEB,7171,2,Only_Smoke,1,0
val,WEB07173.jpg,WEB,7173,1,Only_Fire,0,1
val,WEB07178.jpg,WEB,7178,3,Both,1,3
val,WEB07185.jpg,WEB,7185,3,Both,1,3
val,WEB07188.jpg,WEB,7188,2,Only_Smoke,1,0
val,WEB07190.jpg,WEB,7190,1,Only_Fire,0,1
val,WEB07202.jpg,WEB,7202,2,Only_Smoke,1,0
val,WEB07206.jpg,WEB,7206,2,Only_Smoke,1,0
val,WEB07217.jpg,WEB,7217,2,Only_Smoke,1,0
val,WEB07218.jpg,WEB,7218,2,Only_Smoke,1,0
val,WEB07219.jpg,WEB,7219,2,Only_Smoke,1,0
val,WEB07220.jpg,WEB,7220,2,Only_Smoke,1,0
val,WEB07227.jpg,WEB,7227,2,Only_Smoke,1,0
val,WEB07229.jpg,WEB,7229,2,Only_Smoke,1,0
val,WEB07234.jpg,WEB,7234,3,Both,1,1
val,WEB07237.jpg,WEB,7237,3,Both,1,1
val,WEB07248.jpg,WEB,7248,3,Both,2,2
val,WEB07249.jpg,WEB,7249,3,Both,1,7
val,WEB07264.jpg,WEB,7264,2,Only_Smoke,1,0
val,WEB07268.jpg,WEB,7268,2,Only_Smoke,1,0
val,WEB07276.jpg,WEB,7276,2,Only_Smoke,2,0
val,WEB07280.jpg,WEB,7280,3,Both,1,3
val,WEB07290.jpg,WEB,7290,3,Both,1,5
val,WEB07292.jpg,WEB,7292,3,Both,1,6
val,WEB07295.jpg,WEB,7295,3,Both,1,2
val,WEB07301.jpg,WEB,7301,2,Only_Smoke,1,0
val,WEB07304.jpg,WEB,7304,2,Only_Smoke,1,0
val,WEB07309.jpg,WEB,7309,2,Only_Smoke,2,0
val,WEB07319.jpg,WEB,7319,2,Only_Smoke,1,0
val,WEB07325.jpg,WEB,7325,3,Both,1,1
val,WEB07330.jpg,WEB,7330,3,Both,1,1
val,WEB07332.jpg,WEB,7332,3,Both,1,2
val,WEB07336.jpg,WEB,7336,2,Only_Smoke,1,0
val,WEB07339.jpg,WEB,7339,2,Only_Smoke,1,0
val,WEB07341.jpg,WEB,7341,3,Both,1,1
val,WEB07346.jpg,WEB,7346,3,Both,1,1
val,WEB07349.jpg,WEB,7349,2,Only_Smoke,1,0
val,WEB07350.jpg,WEB,7350,2,Only_Smoke,1,0
val,WEB07360.jpg,WEB,7360,2,Only_Smoke,1,0
val,WEB07361.jpg,WEB,7361,2,Only_Smoke,1,0
val,WEB07363.jpg,WEB,7363,2,Only_Smoke,1,0
val,WEB07364.jpg,WEB,7364,2,Only_Smoke,1,0
val,WEB07369.jpg,WEB,7369,2,Only_Smoke,1,0
val,WEB07382.jpg,WEB,7382,2,Only_Smoke,1,0
val,WEB07388.jpg,WEB,7388,2,Only_Smoke,1,0
val,WEB07391.jpg,WEB,7391,2,Only_Smoke,1,0
val,WEB07394.jpg,WEB,7394,2,Only_Smoke,1,0
val,WEB07397.jpg,WEB,7397,2,Only_Smoke,1,0
val,WEB07411.jpg,WEB,7411,2,Only_Smoke,2,0
val,WEB07421.jpg,WEB,7421,3,Both,2,1
val,WEB07434.jpg,WEB,7434,2,Only_Smoke,1,0
val,WEB07437.jpg,WEB,7437,2,Only_Smoke,1,0
val,WEB07441.jpg,WEB,7441,2,Only_Smoke,1,0
val,WEB07442.jpg,WEB,7442,3,Both,1,1
val,WEB07452.jpg,WEB,7452,2,Only_Smoke,2,0
val,WEB07457.jpg,WEB,7457,2,Only_Smoke,1,0
val,WEB07459.jpg,WEB,7459,2,Only_Smoke,1,0
val,WEB07461.jpg,WEB,7461,2,Only_Smoke,1,0
val,WEB07468.jpg,WEB,7468,2,Only_Smoke,1,0
val,WEB07474.jpg,WEB,7474,2,Only_Smoke,1,0
val,WEB07475.jpg,WEB,7475,3,Both,1,1
val,WEB07479.jpg,WEB,7479,2,Only_Smoke,1,0
val,WEB07482.jpg,WEB,7482,3,Both,1,1
val,WEB07483.jpg,WEB,7483,2,Only_Smoke,1,0
val,WEB07510.jpg,WEB,7510,2,Only_Smoke,1,0
val,WEB07519.jpg,WEB,7519,2,Only_Smoke,1,0
val,WEB07523.jpg,WEB,7523,2,Only_Smoke,1,0
val,WEB07529.jpg,WEB,7529,2,Only_Smoke,1,0
val,WEB07530.jpg,WEB,7530,3,Both,1,2
val,WEB07532.jpg,WEB,7532,2,Only_Smoke,2,0
val,WEB07533.jpg,WEB,7533,2,Only_Smoke,2,0
val,WEB07535.jpg,WEB,7535,3,Both,1,1
val,WEB07536.jpg,WEB,7536,3,Both,1,2
val,WEB07539.jpg,WEB,7539,3,Both,1,6
val,WEB07542.jpg,WEB,7542,3,Both,1,1
val,WEB07544.jpg,WEB,7544,2,Only_Smoke,1,0
val,WEB07546.jpg,WEB,7546,2,Only_Smoke,1,0
val,WEB07558.jpg,WEB,7558,2,Only_Smoke,1,0
val,WEB07561.jpg,WEB,7561,2,Only_Smoke,1,0
val,WEB07571.jpg,WEB,7571,2,Only_Smoke,1,0
val,WEB07574.jpg,WEB,7574,2,Only_Smoke,1,0
val,WEB07581.jpg,WEB,7581,2,Only_Smoke,1,0
val,WEB07586.jpg,WEB,7586,3,Both,1,2
val,WEB07596.jpg,WEB,7596,2,Only_Smoke,1,0
val,WEB07598.jpg,WEB,7598,2,Only_Smoke,1,0
val,WEB07601.jpg,WEB,7601,2,Only_Smoke,1,0
val,WEB07604.jpg,WEB,7604,2,Only_Smoke,1,0
val,WEB07608.jpg,WEB,7608,2,Only_Smoke,1,0
val,WEB07611.jpg,WEB,7611,2,Only_Smoke,1,0
val,WEB07631.jpg,WEB,7631,2,Only_Smoke,1,0
val,WEB07635.jpg,WEB,7635,2,Only_Smoke,1,0
val,WEB07637.jpg,WEB,7637,2,Only_Smoke,1,0
val,WEB07651.jpg,WEB,7651,2,Only_Smoke,1,0
val,WEB07655.jpg,WEB,7655,2,Only_Smoke,3,0
val,WEB07656.jpg,WEB,7656,2,Only_Smoke,1,0
val,WEB07659.jpg,WEB,7659,2,Only_Smoke,1,0
val,WEB07661.jpg,WEB,7661,2,Only_Smoke,1,0
val,WEB07662.jpg,WEB,7662,2,Only_Smoke,1,0
val,WEB07664.jpg,WEB,7664,2,Only_Smoke,2,0
val,WEB07671.jpg,WEB,7671,2,Only_Smoke,1,0
val,WEB07674.jpg,WEB,7674,2,Only_Smoke,1,0
val,WEB07689.jpg,WEB,7689,2,Only_Smoke,1,0
val,WEB07690.jpg,WEB,7690,2,Only_Smoke,1,0
val,WEB07693.jpg,WEB,7693,2,Only_Smoke,1,0
val,WEB07705.jpg,WEB,7705,2,Only_Smoke,1,0
val,WEB07707.jpg,WEB,7707,2,Only_Smoke,1,0
val,WEB07711.jpg,WEB,7711,2,Only_Smoke,1,0
val,WEB07715.jpg,WEB,7715,3,Both,1,2
val,WEB07718.jpg,WEB,7718,2,Only_Smoke,1,0
val,WEB07725.jpg,WEB,7725,2,Only_Smoke,1,0
val,WEB07732.jpg,WEB,7732,3,Both,1,4
val,WEB07740.jpg,WEB,7740,2,Only_Smoke,1,0
val,WEB07748.jpg,WEB,7748,2,Only_Smoke,1,0
val,WEB07752.jpg,WEB,7752,2,Only_Smoke,1,0
val,WEB07767.jpg,WEB,7767,2,Only_Smoke,1,0
val,WEB07772.jpg,WEB,7772,2,Only_Smoke,1,0
val,WEB07773.jpg,WEB,7773,2,Only_Smoke,1,0
val,WEB07779.jpg,WEB,7779,2,Only_Smoke,1,0
val,WEB07780.jpg,WEB,7780,2,Only_Smoke,1,0
val,WEB07782.jpg,WEB,7782,2,Only_Smoke,1,0
val,WEB07791.jpg,WEB,7791,2,Only_Smoke,2,0
val,WEB07792.jpg,WEB,7792,3,Both,1,1
val,WEB07793.jpg,WEB,7793,3,Both,1,2
val,WEB07796.jpg,WEB,7796,3,Both,1,2
val,WEB07809.jpg,WEB,7809,2,Only_Smoke,1,0
val,WEB07811.jpg,WEB,7811,2,Only_Smoke,1,0
val,WEB07826.jpg,WEB,7826,2,Only_Smoke,1,0
val,WEB07828.jpg,WEB,7828,3,Both,1,1
val,WEB07829.jpg,WEB,7829,2,Only_Smoke,1,0
val,WEB07857.jpg,WEB,7857,3,Both,1,3
val,WEB07868.jpg,WEB,7868,3,Both,1,5
val,WEB07871.jpg,WEB,7871,2,Only_Smoke,1,0
val,WEB07874.jpg,WEB,7874,3,Both,1,10
val,WEB07881.jpg,WEB,7881,1,Only_Fire,0,3
val,WEB07892.jpg,WEB,7892,2,Only_Smoke,1,0
val,WEB07893.jpg,WEB,7893,2,Only_Smoke,1,0
val,WEB07895.jpg,WEB,7895,3,Both,1,1
val,WEB07899.jpg,WEB,7899,2,Only_Smoke,1,0
val,WEB07905.jpg,WEB,7905,1,Only_Fire,0,1
val,WEB07911.jpg,WEB,7911,3,Both,1,1
val,WEB07923.jpg,WEB,7923,3,Both,1,3
val,WEB07926.jpg,WEB,7926,3,Both,1,4
val,WEB07927.jpg,WEB,7927,3,Both,1,2
val,WEB07938.jpg,WEB,7938,3,Both,1,1
val,WEB07941.jpg,WEB,7941,2,Only_Smoke,1,0
val,WEB07942.jpg,WEB,7942,2,Only_Smoke,1,0
val,WEB07945.jpg,WEB,7945,2,Only_Smoke,2,0
val,WEB07948.jpg,WEB,7948,2,Only_Smoke,1,0
val,WEB07950.jpg,WEB,7950,2,Only_Smoke,1,0
val,WEB07957.jpg,WEB,7957,2,Only_Smoke,2,0
val,WEB07959.jpg,WEB,7959,3,Both,1,1
val,WEB07962.jpg,WEB,7962,3,Both,1,2
val,WEB07971.jpg,WEB,7971,2,Only_Smoke,1,0
val,WEB07975.jpg,WEB,7975,3,Both,1,7
val,WEB07985.jpg,WEB,7985,2,Only_Smoke,1,0
val,WEB07989.jpg,WEB,7989,2,Only_Smoke,1,0
val,WEB07990.jpg,WEB,7990,2,Only_Smoke,1,0
val,WEB07997.jpg,WEB,7997,2,Only_Smoke,1,0
val,WEB08002.jpg,WEB,8002,2,Only_Smoke,1,0
val,WEB08008.jpg,WEB,8008,2,Only_Smoke,1,0
val,WEB08016.jpg,WEB,8016,2,Only_Smoke,1,0
val,WEB08021.jpg,WEB,8021,2,Only_Smoke,1,0
val,WEB08026.jpg,WEB,8026,2,Only_Smoke,1,0
val,WEB08030.jpg,WEB,8030,2,Only_Smoke,1,0
val,WEB08038.jpg,WEB,8038,2,Only_Smoke,1,0
val,WEB08041.jpg,WEB,8041,2,Only_Smoke,1,0
val,WEB08042.jpg,WEB,8042,2,Only_Smoke,1,0
val,WEB08044.jpg,WEB,8044,2,Only_Smoke,1,0
val,WEB08050.jpg,WEB,8050,2,Only_Smoke,1,0
val,WEB08052.jpg,WEB,8052,2,Only_Smoke,1,0
val,WEB08056.jpg,WEB,8056,2,Only_Smoke,1,0
val,WEB08062.jpg,WEB,8062,2,Only_Smoke,1,0
val,WEB08064.jpg,WEB,8064,2,Only_Smoke,1,0
val,WEB08067.jpg,WEB,8067,2,Only_Smoke,1,0
val,WEB08072.jpg,WEB,8072,2,Only_Smoke,1,0
val,WEB08076.jpg,WEB,8076,2,Only_Smoke,1,0
val,WEB08077.jpg,WEB,8077,2,Only_Smoke,1,0
val,WEB08079.jpg,WEB,8079,2,Only_Smoke,1,0
val,WEB08080.jpg,WEB,8080,2,Only_Smoke,1,0
val,WEB08083.jpg,WEB,8083,2,Only_Smoke,1,0
val,WEB08087.jpg,WEB,8087,3,Both,1,1
val,WEB08088.jpg,WEB,8088,3,Both,1,1
val,WEB08092.jpg,WEB,8092,2,Only_Smoke,1,0
val,WEB08096.jpg,WEB,8096,2,Only_Smoke,1,0
val,WEB08097.jpg,WEB,8097,2,Only_Smoke,1,0
val,WEB08106.jpg,WEB,8106,2,Only_Smoke,1,0
val,WEB08115.jpg,WEB,8115,2,Only_Smoke,1,0
val,WEB08124.jpg,WEB,8124,2,Only_Smoke,1,0
val,WEB08129.jpg,WEB,8129,3,Both,1,1
val,WEB08134.jpg,WEB,8134,2,Only_Smoke,2,0
val,WEB08137.jpg,WEB,8137,2,Only_Smoke,1,0
val,WEB08144.jpg,WEB,8144,2,Only_Smoke,1,0
val,WEB08151.jpg,WEB,8151,2,Only_Smoke,2,0
val,WEB08152.jpg,WEB,8152,3,Both,1,3
val,WEB08159.jpg,WEB,8159,2,Only_Smoke,1,0
val,WEB08165.jpg,WEB,8165,2,Only_Smoke,1,0
val,WEB08175.jpg,WEB,8175,2,Only_Smoke,1,0
val,WEB08176.jpg,WEB,8176,2,Only_Smoke,1,0
val,WEB08178.jpg,WEB,8178,2,Only_Smoke,1,0
val,WEB08181.jpg,WEB,8181,2,Only_Smoke,1,0
val,WEB08190.jpg,WEB,8190,2,Only_Smoke,1,0
val,WEB08201.jpg,WEB,8201,2,Only_Smoke,2,0
val,WEB08203.jpg,WEB,8203,2,Only_Smoke,1,0
val,WEB08207.jpg,WEB,8207,2,Only_Smoke,1,0
val,WEB08219.jpg,WEB,8219,2,Only_Smoke,1,0
val,WEB08220.jpg,WEB,8220,2,Only_Smoke,2,0
val,WEB08232.jpg,WEB,8232,2,Only_Smoke,1,0
val,WEB08236.jpg,WEB,8236,2,Only_Smoke,1,0
val,WEB08238.jpg,WEB,8238,2,Only_Smoke,1,0
val,WEB08245.jpg,WEB,8245,3,Both,1,2
val,WEB08248.jpg,WEB,8248,3,Both,1,1
val,WEB08250.jpg,WEB,8250,3,Both,1,1
val,WEB08259.jpg,WEB,8259,3,Both,2,1
val,WEB08261.jpg,WEB,8261,3,Both,1,3
val,WEB08276.jpg,WEB,8276,2,Only_Smoke,1,0
val,WEB08291.jpg,WEB,8291,3,Both,1,1
val,WEB08298.jpg,WEB,8298,3,Both,1,1
val,WEB08300.jpg,WEB,8300,2,Only_Smoke,1,0
val,WEB08302.jpg,WEB,8302,2,Only_Smoke,1,0
val,WEB08305.jpg,WEB,8305,1,Only_Fire,0,2
val,WEB08306.jpg,WEB,8306,3,Both,1,1
val,WEB08322.jpg,WEB,8322,3,Both,1,2
val,WEB08328.jpg,WEB,8328,2,Only_Smoke,1,0
val,WEB08329.jpg,WEB,8329,3,Both,1,6
val,WEB08334.jpg,WEB,8334,2,Only_Smoke,1,0
val,WEB08343.jpg,WEB,8343,2,Only_Smoke,1,0
val,WEB08348.jpg,WEB,8348,3,Both,1,1
val,WEB08351.jpg,WEB,8351,2,Only_Smoke,1,0
val,WEB08355.jpg,WEB,8355,2,Only_Smoke,1,0
val,WEB08371.jpg,WEB,8371,2,Only_Smoke,1,0
val,WEB08377.jpg,WEB,8377,2,Only_Smoke,1,0
val,WEB08379.jpg,WEB,8379,3,Both,2,1
val,WEB08386.jpg,WEB,8386,3,Both,2,1
val,WEB08403.jpg,WEB,8403,2,Only_Smoke,1,0
val,WEB08405.jpg,WEB,8405,2,Only_Smoke,1,0
val,WEB08406.jpg,WEB,8406,2,Only_Smoke,1,0
val,WEB08433.jpg,WEB,8433,3,Both,1,1
val,WEB08436.jpg,WEB,8436,3,Both,1,1
val,WEB08445.jpg,WEB,8445,2,Only_Smoke,1,0
val,WEB08447.jpg,WEB,8447,3,Both,1,1
val,WEB08451.jpg,WEB,8451,2,Only_Smoke,1,0
val,WEB08455.jpg,WEB,8455,2,Only_Smoke,2,0
val,WEB08464.jpg,WEB,8464,3,Both,1,1
val,WEB08472.jpg,WEB,8472,2,Only_Smoke,1,0
val,WEB08478.jpg,WEB,8478,2,Only_Smoke,1,0
val,WEB08484.jpg,WEB,8484,3,Both,1,2
val,WEB08488.jpg,WEB,8488,2,Only_Smoke,1,0
val,WEB08498.jpg,WEB,8498,2,Only_Smoke,1,0
val,WEB08499.jpg,WEB,8499,2,Only_Smoke,1,0
val,WEB08500.jpg,WEB,8500,2,Only_Smoke,1,0
val,WEB08514.jpg,WEB,8514,2,Only_Smoke,1,0
val,WEB08539.jpg,WEB,8539,3,Both,1,1
val,WEB08540.jpg,WEB,8540,3,Both,2,1
val,WEB08542.jpg,WEB,8542,2,Only_Smoke,1,0
val,WEB08545.jpg,WEB,8545,3,Both,1,3
val,WEB08548.jpg,WEB,8548,3,Both,1,1
val,WEB08553.jpg,WEB,8553,2,Only_Smoke,1,0
val,WEB08560.jpg,WEB,8560,3,Both,1,2
val,WEB08563.jpg,WEB,8563,2,Only_Smoke,1,0
val,WEB08565.jpg,WEB,8565,2,Only_Smoke,1,0
val,WEB08568.jpg,WEB,8568,3,Both,1,1
val,WEB08573.jpg,WEB,8573,3,Both,1,1
val,WEB08587.jpg,WEB,8587,2,Only_Smoke,1,0
val,WEB08591.jpg,WEB,8591,3,Both,1,2
val,WEB08592.jpg,WEB,8592,3,Both,1,3
val,WEB08593.jpg,WEB,8593,2,Only_Smoke,1,0
val,WEB08595.jpg,WEB,8595,2,Only_Smoke,1,0
val,WEB08598.jpg,WEB,8598,3,Both,1,1
val,WEB08599.jpg,WEB,8599,2,Only_Smoke,1,0
val,WEB08604.jpg,WEB,8604,2,Only_Smoke,1,0
val,WEB08608.jpg,WEB,8608,2,Only_Smoke,1,0
val,WEB08614.jpg,WEB,8614,2,Only_Smoke,1,0
val,WEB08617.jpg,WEB,8617,2,Only_Smoke,1,0
val,WEB08626.jpg,WEB,8626,2,Only_Smoke,1,0
val,WEB08641.jpg,WEB,8641,3,Both,1,1
val,WEB08642.jpg,WEB,8642,3,Both,2,2
val,WEB08651.jpg,WEB,8651,2,Only_Smoke,1,0
val,WEB08653.jpg,WEB,8653,2,Only_Smoke,1,0
val,WEB08660.jpg,WEB,8660,3,Both,1,1
val,WEB08662.jpg,WEB,8662,2,Only_Smoke,1,0
val,WEB08663.jpg,WEB,8663,3,Both,1,1
val,WEB08666.jpg,WEB,8666,2,Only_Smoke,1,0
val,WEB08678.jpg,WEB,8678,3,Both,1,2
val,WEB08688.jpg,WEB,8688,2,Only_Smoke,1,0
val,WEB08690.jpg,WEB,8690,3,Both,1,3
val,WEB08691.jpg,WEB,8691,3,Both,1,1
val,WEB08701.jpg,WEB,8701,3,Both,1,1
val,WEB08702.jpg,WEB,8702,3,Both,1,1
val,WEB08709.jpg,WEB,8709,2,Only_Smoke,1,0
val,WEB08710.jpg,WEB,8710,2,Only_Smoke,1,0
val,WEB08717.jpg,WEB,8717,3,Both,1,1
val,WEB08719.jpg,WEB,8719,2,Only_Smoke,1,0
val,WEB08722.jpg,WEB,8722,2,Only_Smoke,1,0
val,WEB08726.jpg,WEB,8726,2,Only_Smoke,1,0
val,WEB08735.jpg,WEB,8735,2,Only_Smoke,1,0
val,WEB08741.jpg,WEB,8741,2,Only_Smoke,1,0
val,WEB08742.jpg,WEB,8742,3,Both,2,1
val,WEB08746.jpg,WEB,8746,2,Only_Smoke,1,0
val,WEB08752.jpg,WEB,8752,2,Only_Smoke,1,0
val,WEB08762.jpg,WEB,8762,2,Only_Smoke,1,0
val,WEB08764.jpg,WEB,8764,3,Both,1,1
val,WEB08771.jpg,WEB,8771,2,Only_Smoke,1,0
val,WEB08777.jpg,WEB,8777,2,Only_Smoke,1,0
val,WEB08783.jpg,WEB,8783,2,Only_Smoke,1,0
val,WEB08785.jpg,WEB,8785,2,Only_Smoke,1,0
val,WEB08786.jpg,WEB,8786,2,Only_Smoke,1,0
val,WEB08787.jpg,WEB,8787,3,Both,1,1
val,WEB08788.jpg,WEB,8788,3,Both,1,1
val,WEB08792.jpg,WEB,8792,3,Both,1,1
val,WEB08799.jpg,WEB,8799,2,Only_Smoke,1,0
val,WEB08804.jpg,WEB,8804,2,Only_Smoke,1,0
val,WEB08805.jpg,WEB,8805,2,Only_Smoke,1,0
val,WEB08806.jpg,WEB,8806,2,Only_Smoke,2,0
val,WEB08817.jpg,WEB,8817,2,Only_Smoke,1,0
val,WEB08824.jpg,WEB,8824,3,Both,1,1
val,WEB08826.jpg,WEB,8826,3,Both,1,1
val,WEB08837.jpg,WEB,8837,2,Only_Smoke,1,0
val,WEB08839.jpg,WEB,8839,3,Both,1,4
val,WEB08845.jpg,WEB,8845,3,Both,1,2
val,WEB08848.jpg,WEB,8848,3,Both,2,4
val,WEB08859.jpg,WEB,8859,2,Only_Smoke,1,0
val,WEB08869.jpg,WEB,8869,3,Both,1,1
val,WEB08872.jpg,WEB,8872,2,Only_Smoke,1,0
val,WEB08877.jpg,WEB,8877,3,Both,1,1
val,WEB08886.jpg,WEB,8886,2,Only_Smoke,1,0
val,WEB08894.jpg,WEB,8894,0,Neither,0,0
val,WEB08904.jpg,WEB,8904,3,Both,1,1
val,WEB08908.jpg,WEB,8908,2,Only_Smoke,1,0
val,WEB08918.jpg,WEB,8918,3,Both,1,4
val,WEB08919.jpg,WEB,8919,2,Only_Smoke,2,0
val,WEB08924.jpg,WEB,8924,3,Both,1,2
val,WEB08926.jpg,WEB,8926,3,Both,1,1
val,WEB08937.jpg,WEB,8937,2,Only_Smoke,1,0
val,WEB08938.jpg,WEB,8938,3,Both,1,1
val,WEB08948.jpg,WEB,8948,3,Both,1,2
val,WEB08952.jpg,WEB,8952,3,Both,1,2
val,WEB08953.jpg,WEB,8953,3,Both,2,1
val,WEB08958.jpg,WEB,8958,3,Both,2,1
val,WEB08961.jpg,WEB,8961,3,Both,1,2
val,WEB08969.jpg,WEB,8969,3,Both,2,2
val,WEB08972.jpg,WEB,8972,3,Both,1,1
val,WEB08973.jpg,WEB,8973,2,Only_Smoke,1,0
val,WEB08994.jpg,WEB,8994,3,Both,1,2
val,WEB09011.jpg,WEB,9011,2,Only_Smoke,1,0
val,WEB09029.jpg,WEB,9029,2,Only_Smoke,1,0
val,WEB09036.jpg,WEB,9036,2,Only_Smoke,1,0
val,WEB09055.jpg,WEB,9055,3,Both,1,2
val,WEB09067.jpg,WEB,9067,2,Only_Smoke,1,0
val,WEB09078.jpg,WEB,9078,3,Both,2,2
val,WEB09084.jpg,WEB,9084,2,Only_Smoke,1,0
val,WEB09085.jpg,WEB,9085,3,Both,1,1
val,WEB09086.jpg,WEB,9086,2,Only_Smoke,1,0
val,WEB09087.jpg,WEB,9087,2,Only_Smoke,1,0
val,WEB09092.jpg,WEB,9092,2,Only_Smoke,1,0
val,WEB09095.jpg,WEB,9095,2,Only_Smoke,1,0
val,WEB09096.jpg,WEB,9096,3,Both,1,7
val,WEB09101.jpg,WEB,9101,2,Only_Smoke,1,0
val,WEB09102.jpg,WEB,9102,2,Only_Smoke,1,0
val,WEB09106.jpg,WEB,9106,2,Only_Smoke,2,0
val,WEB09114.jpg,WEB,9114,2,Only_Smoke,1,0
val,WEB09119.jpg,WEB,9119,2,Only_Smoke,1,0
val,WEB09121.jpg,WEB,9121,2,Only_Smoke,1,0
val,WEB09129.jpg,WEB,9129,2,Only_Smoke,1,0
val,WEB09153.jpg,WEB,9153,2,Only_Smoke,1,0
val,WEB09154.jpg,WEB,9154,2,Only_Smoke,1,0
val,WEB09160.jpg,WEB,9160,3,Both,1,1
val,WEB09170.jpg,WEB,9170,3,Both,3,1
val,WEB09179.jpg,WEB,9179,2,Only_Smoke,2,0
val,WEB09191.jpg,WEB,9191,2,Only_Smoke,1,0
val,WEB09193.jpg,WEB,9193,2,Only_Smoke,1,0
val,WEB09198.jpg,WEB,9198,2,Only_Smoke,1,0
val,WEB09200.jpg,WEB,9200,2,Only_Smoke,7,0
val,WEB09203.jpg,WEB,9203,2,Only_Smoke,1,0
val,WEB09209.jpg,WEB,9209,2,Only_Smoke,2,0
val,WEB09215.jpg,WEB,9215,2,Only_Smoke,1,0
val,WEB09222.jpg,WEB,9222,2,Only_Smoke,1,0
val,WEB09240.jpg,WEB,9240,2,Only_Smoke,1,0
val,WEB09248.jpg,WEB,9248,2,Only_Smoke,1,0
val,WEB09250.jpg,WEB,9250,1,Only_Fire,0,6
val,WEB09253.jpg,WEB,9253,2,Only_Smoke,1,0
val,WEB09259.jpg,WEB,9259,3,Both,1,1
val,WEB09263.jpg,WEB,9263,2,Only_Smoke,1,0
val,WEB09264.jpg,WEB,9264,3,Both,1,5
val,WEB09274.jpg,WEB,9274,2,Only_Smoke,1,0
val,WEB09282.jpg,WEB,9282,2,Only_Smoke,1,0
val,WEB09287.jpg,WEB,9287,2,Only_Smoke,1,0
val,WEB09298.jpg,WEB,9298,2,Only_Smoke,1,0
val,WEB09308.jpg,WEB,9308,2,Only_Smoke,1,0
val,WEB09316.jpg,WEB,9316,3,Both,2,1
val,WEB09321.jpg,WEB,9321,2,Only_Smoke,1,0
val,WEB09322.jpg,WEB,9322,2,Only_Smoke,1,0
val,WEB09326.jpg,WEB,9326,2,Only_Smoke,1,0
val,WEB09331.jpg,WEB,9331,1,Only_Fire,0,1
val,WEB09340.jpg,WEB,9340,2,Only_Smoke,1,0
val,WEB09353.jpg,WEB,9353,2,Only_Smoke,1,0
val,WEB09358.jpg,WEB,9358,2,Only_Smoke,1,0
val,WEB09360.jpg,WEB,9360,2,Only_Smoke,1,0
val,WEB09370.jpg,WEB,9370,3,Both,1,2
val,WEB09373.jpg,WEB,9373,2,Only_Smoke,2,0
val,WEB09376.jpg,WEB,9376,2,Only_Smoke,1,0
val,WEB09378.jpg,WEB,9378,2,Only_Smoke,1,0
val,WEB09388.jpg,WEB,9388,2,Only_Smoke,2,0
val,WEB09419.jpg,WEB,9419,3,Both,1,1
val,WEB09432.jpg,WEB,9432,2,Only_Smoke,1,0
val,WEB09433.jpg,WEB,9433,2,Only_Smoke,1,0
val,WEB09436.jpg,WEB,9436,3,Both,2,3
val,WEB09440.jpg,WEB,9440,2,Only_Smoke,2,0
val,WEB09442.jpg,WEB,9442,3,Both,1,1
test,AoF06723.jpg,AoF,6723,0,Neither,0,0
test,AoF06724.jpg,AoF,6724,0,Neither,0,0
test,AoF06725.jpg,AoF,6725,0,Neither,0,0
test,AoF06726.jpg,AoF,6726,0,Neither,0,0
test,AoF06727.jpg,AoF,6727,0,Neither,0,0
test,AoF06728.jpg,AoF,6728,0,Neither,0,0
test,AoF06729.jpg,AoF,6729,0,Neither,0,0
test,AoF06730.jpg,AoF,6730,0,Neither,0,0
test,AoF06731.jpg,AoF,6731,0,Neither,0,0
test,AoF06732.jpg,AoF,6732,0,Neither,0,0
test,AoF06733.jpg,AoF,6733,0,Neither,0,0
test,AoF06734.jpg,AoF,6734,0,Neither,0,0
test,AoF06735.jpg,AoF,6735,0,Neither,0,0
test,AoF06736.jpg,AoF,6736,0,Neither,0,0
test,AoF06737.jpg,AoF,6737,0,Neither,0,0
test,AoF06738.jpg,AoF,6738,0,Neither,0,0
test,AoF06739.jpg,AoF,6739,0,Neither,0,0
test,AoF06740.jpg,AoF,6740,0,Neither,0,0
test,AoF06741.jpg,AoF,6741,0,Neither,0,0
test,AoF06742.jpg,AoF,6742,0,Neither,0,0
test,AoF06743.jpg,AoF,6743,0,Neither,0,0
test,AoF06744.jpg,AoF,6744,0,Neither,0,0
test,AoF06745.jpg,AoF,6745,0,Neither,0,0
test,AoF06746.jpg,AoF,6746,0,Neither,0,0
test,AoF06747.jpg,AoF,6747,0,Neither,0,0
test,AoF06748.jpg,AoF,6748,0,Neither,0,0
test,AoF06749.jpg,AoF,6749,0,Neither,0,0
test,AoF06750.jpg,AoF,6750,0,Neither,0,0
test,AoF06751.jpg,AoF,6751,0,Neither,0,0
test,AoF06752.jpg,AoF,6752,0,Neither,0,0
test,AoF06753.jpg,AoF,6753,0,Neither,0,0
test,AoF06754.jpg,AoF,6754,0,Neither,0,0
test,AoF06755.jpg,AoF,6755,0,Neither,0,0
test,AoF06756.jpg,AoF,6756,0,Neither,0,0
test,AoF06757.jpg,AoF,6757,0,Neither,0,0
test,AoF06758.jpg,AoF,6758,0,Neither,0,0
test,AoF06759.jpg,AoF,6759,0,Neither,0,0
test,AoF06760.jpg,AoF,6760,0,Neither,0,0
test,AoF06761.jpg,AoF,6761,0,Neither,0,0
test,AoF06762.jpg,AoF,6762,0,Neither,0,0
test,AoF06763.jpg,AoF,6763,0,Neither,0,0
test,AoF06764.jpg,AoF,6764,0,Neither,0,0
test,AoF06765.jpg,AoF,6765,0,Neither,0,0
test,AoF06766.jpg,AoF,6766,0,Neither,0,0
test,AoF06767.jpg,AoF,6767,0,Neither,0,0
test,AoF06768.jpg,AoF,6768,0,Neither,0,0
test,AoF06769.jpg,AoF,6769,0,Neither,0,0
test,AoF06770.jpg,AoF,6770,0,Neither,0,0
test,AoF06771.jpg,AoF,6771,0,Neither,0,0
test,AoF06772.jpg,AoF,6772,0,Neither,0,0
test,AoF06773.jpg,AoF,6773,0,Neither,0,0
test,AoF06774.jpg,AoF,6774,0,Neither,0,0
test,AoF06775.jpg,AoF,6775,0,Neither,0,0
test,AoF06776.jpg,AoF,6776,0,Neither,0,0
test,AoF06777.jpg,AoF,6777,0,Neither,0,0
test,AoF06778.jpg,AoF,6778,0,Neither,0,0
test,AoF06779.jpg,AoF,6779,0,Neither,0,0
test,AoF06780.jpg,AoF,6780,0,Neither,0,0
test,AoF06781.jpg,AoF,6781,0,Neither,0,0
test,AoF06782.jpg,AoF,6782,0,Neither,0,0
test,AoF06783.jpg,AoF,6783,0,Neither,0,0
test,AoF06784.jpg,AoF,6784,0,Neither,0,0
test,AoF06785.jpg,AoF,6785,0,Neither,0,0
test,AoF06786.jpg,AoF,6786,0,Neither,0,0
test,AoF06787.jpg,AoF,6787,0,Neither,0,0
test,AoF06788.jpg,AoF,6788,0,Neither,0,0
test,AoF06789.jpg,AoF,6789,0,Neither,0,0
test,AoF06790.jpg,AoF,6790,0,Neither,0,0
test,AoF06791.jpg,AoF,6791,0,Neither,0,0
test,AoF06792.jpg,AoF,6792,0,Neither,0,0
test,AoF06793.jpg,AoF,6793,0,Neither,0,0
test,AoF06794.jpg,AoF,6794,0,Neither,0,0
test,AoF06795.jpg,AoF,6795,0,Neither,0,0
test,AoF06796.jpg,AoF,6796,0,Neither,0,0
test,AoF06797.jpg,AoF,6797,0,Neither,0,0
test,AoF06798.jpg,AoF,6798,0,Neither,0,0
test,AoF06799.jpg,AoF,6799,0,Neither,0,0
test,AoF06800.jpg,AoF,6800,0,Neither,0,0
test,AoF06801.jpg,AoF,6801,0,Neither,0,0
test,AoF06802.jpg,AoF,6802,0,Neither,0,0
test,AoF06803.jpg,AoF,6803,0,Neither,0,0
test,AoF06804.jpg,AoF,6804,0,Neither,0,0
test,AoF06805.jpg,AoF,6805,0,Neither,0,0
test,AoF06806.jpg,AoF,6806,0,Neither,0,0
test,AoF06807.jpg,AoF,6807,0,Neither,0,0
test,AoF06808.jpg,AoF,6808,0,Neither,0,0
test,AoF06809.jpg,AoF,6809,0,Neither,0,0
test,AoF06810.jpg,AoF,6810,0,Neither,0,0
test,AoF06811.jpg,AoF,6811,0,Neither,0,0
test,AoF06812.jpg,AoF,6812,0,Neither,0,0
test,AoF06813.jpg,AoF,6813,0,Neither,0,0
test,AoF06814.jpg,AoF,6814,0,Neither,0,0
test,AoF06815.jpg,AoF,6815,0,Neither,0,0
test,AoF06816.jpg,AoF,6816,0,Neither,0,0
test,AoF06817.jpg,AoF,6817,0,Neither,0,0
test,AoF06818.jpg,AoF,6818,0,Neither,0,0
test,AoF06819.jpg,AoF,6819,0,Neither,0,0
test,AoF06820.jpg,AoF,6820,0,Neither,0,0
test,AoF06821.jpg,AoF,6821,0,Neither,0,0
test,AoF06822.jpg,AoF,6822,0,Neither,0,0
test,AoF06823.jpg,AoF,6823,0,Neither,0,0
test,AoF06824.jpg,AoF,6824,0,Neither,0,0
test,AoF06825.jpg,AoF,6825,0,Neither,0,0
test,AoF06826.jpg,AoF,6826,0,Neither,0,0
test,AoF06827.jpg,AoF,6827,0,Neither,0,0
test,AoF06828.jpg,AoF,6828,0,Neither,0,0
test,AoF06829.jpg,AoF,6829,0,Neither,0,0
test,AoF06830.jpg,AoF,6830,0,Neither,0,0
test,AoF06831.jpg,AoF,6831,0,Neither,0,0
test,AoF06832.jpg,AoF,6832,0,Neither,0,0
test,AoF06833.jpg,AoF,6833,0,Neither,0,0
test,AoF06834.jpg,AoF,6834,0,Neither,0,0
test,AoF06835.jpg,AoF,6835,0,Neither,0,0
test,AoF06836.jpg,AoF,6836,0,Neither,0,0
test,AoF06837.jpg,AoF,6837,0,Neither,0,0
test,AoF06838.jpg,AoF,6838,0,Neither,0,0
test,AoF06839.jpg,AoF,6839,0,Neither,0,0
test,AoF06840.jpg,AoF,6840,0,Neither,0,0
test,AoF06841.jpg,AoF,6841,0,Neither,0,0
test,AoF06842.jpg,AoF,6842,0,Neither,0,0
test,AoF06843.jpg,AoF,6843,0,Neither,0,0
test,AoF06844.jpg,AoF,6844,0,Neither,0,0
test,AoF06845.jpg,AoF,6845,0,Neither,0,0
test,AoF06846.jpg,AoF,6846,0,Neither,0,0
test,AoF06847.jpg,AoF,6847,0,Neither,0,0
test,AoF06848.jpg,AoF,6848,0,Neither,0,0
test,AoF06849.jpg,AoF,6849,0,Neither,0,0
test,AoF06850.jpg,AoF,6850,0,Neither,0,0
test,AoF06851.jpg,AoF,6851,0,Neither,0,0
test,AoF06852.jpg,AoF,6852,0,Neither,0,0
test,AoF06853.jpg,AoF,6853,0,Neither,0,0
test,AoF06854.jpg,AoF,6854,0,Neither,0,0
test,AoF06855.jpg,AoF,6855,0,Neither,0,0
test,AoF06856.jpg,AoF,6856,0,Neither,0,0
test,AoF06857.jpg,AoF,6857,0,Neither,0,0
test,AoF06858.jpg,AoF,6858,0,Neither,0,0
test,AoF06859.jpg,AoF,6859,0,Neither,0,0
test,AoF06860.jpg,AoF,6860,0,Neither,0,0
test,AoF06861.jpg,AoF,6861,0,Neither,0,0
test,AoF06862.jpg,AoF,6862,0,Neither,0,0
test,AoF06863.jpg,AoF,6863,0,Neither,0,0
test,AoF06864.jpg,AoF,6864,0,Neither,0,0
test,AoF06865.jpg,AoF,6865,0,Neither,0,0
test,AoF06866.jpg,AoF,6866,0,Neither,0,0
test,AoF06867.jpg,AoF,6867,0,Neither,0,0
test,AoF06868.jpg,AoF,6868,0,Neither,0,0
test,AoF06869.jpg,AoF,6869,0,Neither,0,0
test,AoF06870.jpg,AoF,6870,0,Neither,0,0
test,AoF06871.jpg,AoF,6871,0,Neither,0,0
test,AoF06872.jpg,AoF,6872,0,Neither,0,0
test,AoF06873.jpg,AoF,6873,0,Neither,0,0
test,AoF06874.jpg,AoF,6874,0,Neither,0,0
test,AoF06875.jpg,AoF,6875,0,Neither,0,0
test,AoF06876.jpg,AoF,6876,0,Neither,0,0
test,AoF06877.jpg,AoF,6877,0,Neither,0,0
test,AoF06878.jpg,AoF,6878,0,Neither,0,0
test,AoF06879.jpg,AoF,6879,0,Neither,0,0
test,AoF06880.jpg,AoF,6880,0,Neither,0,0
test,AoF06881.jpg,AoF,6881,0,Neither,0,0
test,AoF06882.jpg,AoF,6882,0,Neither,0,0
test,AoF06883.jpg,AoF,6883,0,Neither,0,0
test,AoF06884.jpg,AoF,6884,0,Neither,0,0
test,AoF06885.jpg,AoF,6885,0,Neither,0,0
test,AoF06886.jpg,AoF,6886,0,Neither,0,0
test,AoF06887.jpg,AoF,6887,0,Neither,0,0
test,AoF06888.jpg,AoF,6888,0,Neither,0,0
test,AoF06889.jpg,AoF,6889,0,Neither,0,0
test,AoF06890.jpg,AoF,6890,0,Neither,0,0
test,AoF06891.jpg,AoF,6891,0,Neither,0,0
test,AoF06892.jpg,AoF,6892,0,Neither,0,0
test,AoF06893.jpg,AoF,6893,0,Neither,0,0
test,AoF06894.jpg,AoF,6894,0,Neither,0,0
test,AoF06895.jpg,AoF,6895,0,Neither,0,0
test,AoF06896.jpg,AoF,6896,0,Neither,0,0
test,AoF06897.jpg,AoF,6897,0,Neither,0,0
test,AoF06898.jpg,AoF,6898,0,Neither,0,0
test,AoF06899.jpg,AoF,6899,0,Neither,0,0
test,AoF06900.jpg,AoF,6900,0,Neither,0,0
test,AoF06901.jpg,AoF,6901,0,Neither,0,0
test,AoF06902.jpg,AoF,6902,0,Neither,0,0
test,AoF06903.jpg,AoF,6903,0,Neither,0,0
test,AoF06904.jpg,AoF,6904,0,Neither,0,0
test,AoF06905.jpg,AoF,6905,0,Neither,0,0
test,AoF06906.jpg,AoF,6906,0,Neither,0,0
test,AoF06907.jpg,AoF,6907,0,Neither,0,0
test,AoF06908.jpg,AoF,6908,0,Neither,0,0
test,AoF06909.jpg,AoF,6909,0,Neither,0,0
test,AoF06910.jpg,AoF,6910,0,Neither,0,0
test,AoF06911.jpg,AoF,6911,0,Neither,0,0
test,AoF06912.jpg,AoF,6912,0,Neither,0,0
test,AoF06913.jpg,AoF,6913,0,Neither,0,0
test,AoF06914.jpg,AoF,6914,0,Neither,0,0
test,AoF06915.jpg,AoF,6915,0,Neither,0,0
test,AoF06916.jpg,AoF,6916,0,Neither,0,0
test,AoF06917.jpg,AoF,6917,0,Neither,0,0
test,AoF06918.jpg,AoF,6918,0,Neither,0,0
test,AoF06919.jpg,AoF,6919,0,Neither,0,0
test,AoF06920.jpg,AoF,6920,0,Neither,0,0
test,AoF06921.jpg,AoF,6921,0,Neither,0,0
test,AoF06922.jpg,AoF,6922,0,Neither,0,0
test,AoF06923.jpg,AoF,6923,0,Neither,0,0
test,AoF06924.jpg,AoF,6924,0,Neither,0,0
test,AoF06925.jpg,AoF,6925,0,Neither,0,0
test,AoF06926.jpg,AoF,6926,0,Neither,0,0
test,AoF06927.jpg,AoF,6927,0,Neither,0,0
test,AoF06928.jpg,AoF,6928,0,Neither,0,0
test,AoF06929.jpg,AoF,6929,0,Neither,0,0
test,AoF06930.jpg,AoF,6930,0,Neither,0,0
test,AoF06931.jpg,AoF,6931,0,Neither,0,0
test,AoF06932.jpg,AoF,6932,0,Neither,0,0
test,AoF06933.jpg,AoF,6933,0,Neither,0,0
test,AoF06934.jpg,AoF,6934,0,Neither,0,0
test,AoF06935.jpg,AoF,6935,0,Neither,0,0
test,AoF06936.jpg,AoF,6936,0,Neither,0,0
test,AoF06937.jpg,AoF,6937,0,Neither,0,0
test,AoF06938.jpg,AoF,6938,0,Neither,0,0
test,AoF06939.jpg,AoF,6939,0,Neither,0,0
test,AoF06940.jpg,AoF,6940,0,Neither,0,0
test,AoF06941.jpg,AoF,6941,0,Neither,0,0
test,AoF06942.jpg,AoF,6942,0,Neither,0,0
test,AoF06943.jpg,AoF,6943,0,Neither,0,0
test,AoF06944.jpg,AoF,6944,0,Neither,0,0
test,AoF06945.jpg,AoF,6945,0,Neither,0,0
test,AoF06946.jpg,AoF,6946,0,Neither,0,0
test,AoF06947.jpg,AoF,6947,0,Neither,0,0
test,AoF06948.jpg,AoF,6948,0,Neither,0,0
test,AoF06949.jpg,AoF,6949,0,Neither,0,0
test,AoF06950.jpg,AoF,6950,0,Neither,0,0
test,AoF06951.jpg,AoF,6951,0,Neither,0,0
test,AoF06952.jpg,AoF,6952,0,Neither,0,0
test,AoF06953.jpg,AoF,6953,0,Neither,0,0
test,AoF06954.jpg,AoF,6954,0,Neither,0,0
test,AoF06955.jpg,AoF,6955,0,Neither,0,0
test,AoF06956.jpg,AoF,6956,0,Neither,0,0
test,AoF06957.jpg,AoF,6957,0,Neither,0,0
test,AoF06958.jpg,AoF,6958,0,Neither,0,0
test,AoF06959.jpg,AoF,6959,0,Neither,0,0
test,AoF06960.jpg,AoF,6960,0,Neither,0,0
test,AoF06961.jpg,AoF,6961,0,Neither,0,0
test,AoF06962.jpg,AoF,6962,0,Neither,0,0
test,AoF06963.jpg,AoF,6963,0,Neither,0,0
test,AoF06964.jpg,AoF,6964,0,Neither,0,0
test,AoF06965.jpg,AoF,6965,0,Neither,0,0
test,AoF06966.jpg,AoF,6966,0,Neither,0,0
test,AoF06967.jpg,AoF,6967,0,Neither,0,0
test,AoF06968.jpg,AoF,6968,0,Neither,0,0
test,AoF06969.jpg,AoF,6969,0,Neither,0,0
test,AoF06970.jpg,AoF,6970,0,Neither,0,0
test,AoF06971.jpg,AoF,6971,0,Neither,0,0
test,AoF06972.jpg,AoF,6972,0,Neither,0,0
test,AoF06973.jpg,AoF,6973,0,Neither,0,0
test,AoF06974.jpg,AoF,6974,0,Neither,0,0
test,AoF06975.jpg,AoF,6975,0,Neither,0,0
test,AoF06976.jpg,AoF,6976,0,Neither,0,0
test,AoF06977.jpg,AoF,6977,0,Neither,0,0
test,AoF06978.jpg,AoF,6978,2,Only_Smoke,1,0
test,AoF06979.jpg,AoF,6979,0,Neither,0,0
test,AoF06980.jpg,AoF,6980,0,Neither,0,0
test,AoF06981.jpg,AoF,6981,0,Neither,0,0
test,AoF06982.jpg,AoF,6982,0,Neither,0,0
test,AoF06983.jpg,AoF,6983,0,Neither,0,0
test,AoF06984.jpg,AoF,6984,0,Neither,0,0
test,AoF06985.jpg,AoF,6985,0,Neither,0,0
test,AoF06986.jpg,AoF,6986,0,Neither,0,0
test,AoF06987.jpg,AoF,6987,0,Neither,0,0
test,AoF06988.jpg,AoF,6988,0,Neither,0,0
test,AoF06989.jpg,AoF,6989,0,Neither,0,0
test,AoF06990.jpg,AoF,6990,0,Neither,0,0
test,AoF06991.jpg,AoF,6991,0,Neither,0,0
test,AoF06992.jpg,AoF,6992,0,Neither,0,0
test,AoF06993.jpg,AoF,6993,0,Neither,0,0
test,AoF06994.jpg,AoF,6994,0,Neither,0,0
test,AoF06995.jpg,AoF,6995,0,Neither,0,0
test,AoF06996.jpg,AoF,6996,0,Neither,0,0
test,AoF06997.jpg,AoF,6997,0,Neither,0,0
test,AoF06998.jpg,AoF,6998,0,Neither,0,0
test,AoF06999.jpg,AoF,6999,0,Neither,0,0
test,AoF07000.jpg,AoF,7000,0,Neither,0,0
test,AoF07001.jpg,AoF,7001,0,Neither,0,0
test,AoF07002.jpg,AoF,7002,0,Neither,0,0
test,AoF07003.jpg,AoF,7003,0,Neither,0,0
test,AoF07004.jpg,AoF,7004,0,Neither,0,0
test,AoF07005.jpg,AoF,7005,0,Neither,0,0
test,AoF07006.jpg,AoF,7006,0,Neither,0,0
test,AoF07007.jpg,AoF,7007,0,Neither,0,0
test,AoF07008.jpg,AoF,7008,0,Neither,0,0
test,AoF07009.jpg,AoF,7009,0,Neither,0,0
test,AoF07010.jpg,AoF,7010,0,Neither,0,0
test,AoF07011.jpg,AoF,7011,0,Neither,0,0
test,AoF07012.jpg,AoF,7012,0,Neither,0,0
test,AoF07013.jpg,AoF,7013,0,Neither,0,0
test,AoF07014.jpg,AoF,7014,0,Neither,0,0
test,AoF07015.jpg,AoF,7015,0,Neither,0,0
test,AoF07016.jpg,AoF,7016,0,Neither,0,0
test,AoF07017.jpg,AoF,7017,0,Neither,0,0
test,AoF07018.jpg,AoF,7018,0,Neither,0,0
test,AoF07019.jpg,AoF,7019,0,Neither,0,0
test,AoF07020.jpg,AoF,7020,0,Neither,0,0
test,AoF07021.jpg,AoF,7021,0,Neither,0,0
test,AoF07022.jpg,AoF,7022,0,Neither,0,0
test,AoF07023.jpg,AoF,7023,0,Neither,0,0
test,AoF07024.jpg,AoF,7024,0,Neither,0,0
test,AoF07025.jpg,AoF,7025,0,Neither,0,0
test,AoF07026.jpg,AoF,7026,0,Neither,0,0
test,AoF07027.jpg,AoF,7027,0,Neither,0,0
test,AoF07028.jpg,AoF,7028,0,Neither,0,0
test,AoF07029.jpg,AoF,7029,0,Neither,0,0
test,AoF07030.jpg,AoF,7030,0,Neither,0,0
test,AoF07031.jpg,AoF,7031,0,Neither,0,0
test,AoF07032.jpg,AoF,7032,0,Neither,0,0
test,AoF07033.jpg,AoF,7033,0,Neither,0,0
test,AoF07034.jpg,AoF,7034,0,Neither,0,0
test,AoF07035.jpg,AoF,7035,0,Neither,0,0
test,AoF07036.jpg,AoF,7036,0,Neither,0,0
test,AoF07037.jpg,AoF,7037,0,Neither,0,0
test,AoF07038.jpg,AoF,7038,0,Neither,0,0
test,AoF07039.jpg,AoF,7039,0,Neither,0,0
test,AoF07040.jpg,AoF,7040,0,Neither,0,0
test,AoF07041.jpg,AoF,7041,0,Neither,0,0
test,AoF07042.jpg,AoF,7042,0,Neither,0,0
test,AoF07043.jpg,AoF,7043,0,Neither,0,0
test,AoF07044.jpg,AoF,7044,0,Neither,0,0
test,AoF07045.jpg,AoF,7045,0,Neither,0,0
test,AoF07046.jpg,AoF,7046,0,Neither,0,0
test,AoF07047.jpg,AoF,7047,0,Neither,0,0
test,AoF07048.jpg,AoF,7048,0,Neither,0,0
test,AoF07049.jpg,AoF,7049,0,Neither,0,0
test,AoF07050.jpg,AoF,7050,0,Neither,0,0
test,AoF07051.jpg,AoF,7051,0,Neither,0,0
test,AoF07052.jpg,AoF,7052,0,Neither,0,0
test,AoF07053.jpg,AoF,7053,0,Neither,0,0
test,AoF07054.jpg,AoF,7054,0,Neither,0,0
test,AoF07055.jpg,AoF,7055,0,Neither,0,0
test,AoF07056.jpg,AoF,7056,0,Neither,0,0
test,AoF07057.jpg,AoF,7057,0,Neither,0,0
test,AoF07058.jpg,AoF,7058,0,Neither,0,0
test,AoF07059.jpg,AoF,7059,0,Neither,0,0
test,AoF07060.jpg,AoF,7060,0,Neither,0,0
test,AoF07061.jpg,AoF,7061,0,Neither,0,0
test,AoF07062.jpg,AoF,7062,0,Neither,0,0
test,AoF07063.jpg,AoF,7063,0,Neither,0,0
test,AoF07064.jpg,AoF,7064,0,Neither,0,0
test,AoF07065.jpg,AoF,7065,0,Neither,0,0
test,AoF07066.jpg,AoF,7066,0,Neither,0,0
test,AoF07067.jpg,AoF,7067,0,Neither,0,0
test,AoF07068.jpg,AoF,7068,0,Neither,0,0
test,AoF07069.jpg,AoF,7069,0,Neither,0,0
test,AoF07070.jpg,AoF,7070,0,Neither,0,0
test,AoF07071.jpg,AoF,7071,0,Neither,0,0
test,AoF07072.jpg,AoF,7072,0,Neither,0,0
test,AoF07073.jpg,AoF,7073,0,Neither,0,0
test,AoF07074.jpg,AoF,7074,0,Neither,0,0
test,AoF07075.jpg,AoF,7075,0,Neither,0,0
test,AoF07076.jpg,AoF,7076,0,Neither,0,0
test,AoF07077.jpg,AoF,7077,0,Neither,0,0
test,AoF07078.jpg,AoF,7078,0,Neither,0,0
test,AoF07079.jpg,AoF,7079,0,Neither,0,0
test,AoF07080.jpg,AoF,7080,0,Neither,0,0
test,AoF07081.jpg,AoF,7081,0,Neither,0,0
test,AoF07082.jpg,AoF,7082,0,Neither,0,0
test,AoF07083.jpg,AoF,7083,0,Neither,0,0
test,AoF07084.jpg,AoF,7084,0,Neither,0,0
test,AoF07085.jpg,AoF,7085,0,Neither,0,0
test,AoF07086.jpg,AoF,7086,0,Neither,0,0
test,AoF07087.jpg,AoF,7087,0,Neither,0,0
test,AoF07088.jpg,AoF,7088,0,Neither,0,0
test,AoF07089.jpg,AoF,7089,0,Neither,0,0
test,AoF07090.jpg,AoF,7090,0,Neither,0,0
test,AoF07091.jpg,AoF,7091,0,Neither,0,0
test,AoF07092.jpg,AoF,7092,0,Neither,0,0
test,AoF07093.jpg,AoF,7093,0,Neither,0,0
test,AoF07094.jpg,AoF,7094,0,Neither,0,0
test,AoF07095.jpg,AoF,7095,0,Neither,0,0
test,AoF07096.jpg,AoF,7096,0,Neither,0,0
test,AoF07097.jpg,AoF,7097,0,Neither,0,0
test,AoF07098.jpg,AoF,7098,0,Neither,0,0
test,AoF07099.jpg,AoF,7099,0,Neither,0,0
test,AoF07100.jpg,AoF,7100,0,Neither,0,0
test,AoF07101.jpg,AoF,7101,0,Neither,0,0
test,AoF07102.jpg,AoF,7102,0,Neither,0,0
test,AoF07103.jpg,AoF,7103,0,Neither,0,0
test,AoF07104.jpg,AoF,7104,0,Neither,0,0
test,AoF07105.jpg,AoF,7105,0,Neither,0,0
test,AoF07106.jpg,AoF,7106,0,Neither,0,0
test,AoF07107.jpg,AoF,7107,0,Neither,0,0
test,AoF07108.jpg,AoF,7108,0,Neither,0,0
test,AoF07109.jpg,AoF,7109,0,Neither,0,0
test,AoF07110.jpg,AoF,7110,0,Neither,0,0
test,AoF07111.jpg,AoF,7111,0,Neither,0,0
test,AoF07112.jpg,AoF,7112,0,Neither,0,0
test,AoF07113.jpg,AoF,7113,0,Neither,0,0
test,AoF07114.jpg,AoF,7114,0,Neither,0,0
test,AoF07115.jpg,AoF,7115,0,Neither,0,0
test,AoF07116.jpg,AoF,7116,0,Neither,0,0
test,AoF07117.jpg,AoF,7117,0,Neither,0,0
test,AoF07118.jpg,AoF,7118,0,Neither,0,0
test,AoF07119.jpg,AoF,7119,0,Neither,0,0
test,AoF07120.jpg,AoF,7120,0,Neither,0,0
test,AoF07121.jpg,AoF,7121,0,Neither,0,0
test,AoF07122.jpg,AoF,7122,0,Neither,0,0
test,AoF07123.jpg,AoF,7123,0,Neither,0,0
test,AoF07124.jpg,AoF,7124,0,Neither,0,0
test,AoF07125.jpg,AoF,7125,0,Neither,0,0
test,AoF07126.jpg,AoF,7126,0,Neither,0,0
test,AoF07127.jpg,AoF,7127,0,Neither,0,0
test,AoF07128.jpg,AoF,7128,0,Neither,0,0
test,AoF07129.jpg,AoF,7129,0,Neither,0,0
test,AoF07130.jpg,AoF,7130,0,Neither,0,0
test,AoF07131.jpg,AoF,7131,0,Neither,0,0
test,AoF07132.jpg,AoF,7132,0,Neither,0,0
test,AoF07133.jpg,AoF,7133,0,Neither,0,0
test,AoF07134.jpg,AoF,7134,0,Neither,0,0
test,AoF07135.jpg,AoF,7135,0,Neither,0,0
test,AoF07136.jpg,AoF,7136,0,Neither,0,0
test,AoF07137.jpg,AoF,7137,0,Neither,0,0
test,AoF07138.jpg,AoF,7138,0,Neither,0,0
test,AoF07139.jpg,AoF,7139,0,Neither,0,0
test,AoF07140.jpg,AoF,7140,0,Neither,0,0
test,AoF07141.jpg,AoF,7141,0,Neither,0,0
test,AoF07142.jpg,AoF,7142,0,Neither,0,0
test,AoF07143.jpg,AoF,7143,0,Neither,0,0
test,AoF07144.jpg,AoF,7144,0,Neither,0,0
test,AoF07145.jpg,AoF,7145,0,Neither,0,0
test,AoF07146.jpg,AoF,7146,0,Neither,0,0
test,AoF07147.jpg,AoF,7147,0,Neither,0,0
test,AoF07148.jpg,AoF,7148,0,Neither,0,0
test,AoF07149.jpg,AoF,7149,0,Neither,0,0
test,AoF07150.jpg,AoF,7150,0,Neither,0,0
test,AoF07151.jpg,AoF,7151,0,Neither,0,0
test,AoF07152.jpg,AoF,7152,0,Neither,0,0
test,AoF07153.jpg,AoF,7153,0,Neither,0,0
test,AoF07154.jpg,AoF,7154,0,Neither,0,0
test,AoF07155.jpg,AoF,7155,0,Neither,0,0
test,AoF07156.jpg,AoF,7156,0,Neither,0,0
test,AoF07157.jpg,AoF,7157,0,Neither,0,0
test,AoF07158.jpg,AoF,7158,0,Neither,0,0
test,AoF07159.jpg,AoF,7159,0,Neither,0,0
test,AoF07160.jpg,AoF,7160,0,Neither,0,0
test,AoF07161.jpg,AoF,7161,0,Neither,0,0
test,AoF07162.jpg,AoF,7162,0,Neither,0,0
test,AoF07163.jpg,AoF,7163,0,Neither,0,0
test,AoF07164.jpg,AoF,7164,0,Neither,0,0
test,AoF07165.jpg,AoF,7165,0,Neither,0,0
test,AoF07166.jpg,AoF,7166,0,Neither,0,0
test,AoF07167.jpg,AoF,7167,0,Neither,0,0
test,AoF07168.jpg,AoF,7168,0,Neither,0,0
test,AoF07169.jpg,AoF,7169,0,Neither,0,0
test,AoF07170.jpg,AoF,7170,0,Neither,0,0
test,AoF07171.jpg,AoF,7171,0,Neither,0,0
test,AoF07172.jpg,AoF,7172,0,Neither,0,0
test,AoF07173.jpg,AoF,7173,0,Neither,0,0
test,AoF07174.jpg,AoF,7174,0,Neither,0,0
test,AoF07175.jpg,AoF,7175,0,Neither,0,0
test,AoF07176.jpg,AoF,7176,0,Neither,0,0
test,AoF07177.jpg,AoF,7177,0,Neither,0,0
test,AoF07178.jpg,AoF,7178,0,Neither,0,0
test,AoF07179.jpg,AoF,7179,0,Neither,0,0
test,AoF07180.jpg,AoF,7180,0,Neither,0,0
test,AoF07181.jpg,AoF,7181,0,Neither,0,0
test,AoF07182.jpg,AoF,7182,0,Neither,0,0
test,AoF07183.jpg,AoF,7183,0,Neither,0,0
test,AoF07184.jpg,AoF,7184,0,Neither,0,0
test,AoF07185.jpg,AoF,7185,0,Neither,0,0
test,AoF07186.jpg,AoF,7186,0,Neither,0,0
test,AoF07187.jpg,AoF,7187,0,Neither,0,0
test,AoF07188.jpg,AoF,7188,0,Neither,0,0
test,AoF07189.jpg,AoF,7189,0,Neither,0,0
test,AoF07190.jpg,AoF,7190,0,Neither,0,0
test,AoF07191.jpg,AoF,7191,0,Neither,0,0
test,AoF07192.jpg,AoF,7192,0,Neither,0,0
test,AoF07193.jpg,AoF,7193,0,Neither,0,0
test,AoF07194.jpg,AoF,7194,0,Neither,0,0
test,AoF07195.jpg,AoF,7195,0,Neither,0,0
test,AoF07196.jpg,AoF,7196,0,Neither,0,0
test,AoF07197.jpg,AoF,7197,0,Neither,0,0
test,AoF07198.jpg,AoF,7198,0,Neither,0,0
test,AoF07199.jpg,AoF,7199,0,Neither,0,0
test,AoF07200.jpg,AoF,7200,0,Neither,0,0
test,AoF07201.jpg,AoF,7201,0,Neither,0,0
test,AoF07202.jpg,AoF,7202,0,Neither,0,0
test,AoF07203.jpg,AoF,7203,0,Neither,0,0
test,AoF07204.jpg,AoF,7204,0,Neither,0,0
test,AoF07205.jpg,AoF,7205,0,Neither,0,0
test,AoF07206.jpg,AoF,7206,0,Neither,0,0
test,AoF07207.jpg,AoF,7207,0,Neither,0,0
test,AoF07208.jpg,AoF,7208,0,Neither,0,0
test,AoF07209.jpg,AoF,7209,0,Neither,0,0
test,AoF07210.jpg,AoF,7210,0,Neither,0,0
test,AoF07211.jpg,AoF,7211,0,Neither,0,0
test,AoF07212.jpg,AoF,7212,0,Neither,0,0
test,AoF07213.jpg,AoF,7213,0,Neither,0,0
test,AoF07214.jpg,AoF,7214,0,Neither,0,0
test,AoF07215.jpg,AoF,7215,0,Neither,0,0
test,AoF07216.jpg,AoF,7216,0,Neither,0,0
test,AoF07217.jpg,AoF,7217,0,Neither,0,0
test,AoF07218.jpg,AoF,7218,0,Neither,0,0
test,AoF07219.jpg,AoF,7219,0,Neither,0,0
test,AoF07220.jpg,AoF,7220,0,Neither,0,0
test,AoF07221.jpg,AoF,7221,0,Neither,0,0
test,AoF07222.jpg,AoF,7222,0,Neither,0,0
test,AoF07223.jpg,AoF,7223,0,Neither,0,0
test,AoF07224.jpg,AoF,7224,0,Neither,0,0
test,AoF07225.jpg,AoF,7225,0,Neither,0,0
test,AoF07226.jpg,AoF,7226,0,Neither,0,0
test,AoF07227.jpg,AoF,7227,0,Neither,0,0
test,AoF07228.jpg,AoF,7228,0,Neither,0,0
test,AoF07229.jpg,AoF,7229,0,Neither,0,0
test,AoF07230.jpg,AoF,7230,0,Neither,0,0
test,AoF07231.jpg,AoF,7231,0,Neither,0,0
test,AoF07232.jpg,AoF,7232,0,Neither,0,0
test,AoF07233.jpg,AoF,7233,0,Neither,0,0
test,AoF07234.jpg,AoF,7234,0,Neither,0,0
test,AoF07235.jpg,AoF,7235,0,Neither,0,0
test,AoF07236.jpg,AoF,7236,0,Neither,0,0
test,AoF07237.jpg,AoF,7237,0,Neither,0,0
test,AoF07238.jpg,AoF,7238,0,Neither,0,0
test,AoF07239.jpg,AoF,7239,0,Neither,0,0
test,AoF07240.jpg,AoF,7240,0,Neither,0,0
test,AoF07241.jpg,AoF,7241,0,Neither,0,0
test,AoF07242.jpg,AoF,7242,0,Neither,0,0
test,AoF07243.jpg,AoF,7243,0,Neither,0,0
test,AoF07244.jpg,AoF,7244,0,Neither,0,0
test,AoF07245.jpg,AoF,7245,0,Neither,0,0
test,AoF07246.jpg,AoF,7246,0,Neither,0,0
test,AoF07247.jpg,AoF,7247,0,Neither,0,0
test,AoF07248.jpg,AoF,7248,0,Neither,0,0
test,AoF07249.jpg,AoF,7249,0,Neither,0,0
test,AoF07250.jpg,AoF,7250,0,Neither,0,0
test,AoF07251.jpg,AoF,7251,0,Neither,0,0
test,AoF07252.jpg,AoF,7252,0,Neither,0,0
test,AoF07253.jpg,AoF,7253,0,Neither,0,0
test,AoF07254.jpg,AoF,7254,0,Neither,0,0
test,AoF07255.jpg,AoF,7255,0,Neither,0,0
test,AoF07256.jpg,AoF,7256,0,Neither,0,0
test,AoF07257.jpg,AoF,7257,0,Neither,0,0
test,AoF07258.jpg,AoF,7258,0,Neither,0,0
test,AoF07259.jpg,AoF,7259,0,Neither,0,0
test,AoF07260.jpg,AoF,7260,0,Neither,0,0
test,AoF07261.jpg,AoF,7261,0,Neither,0,0
test,AoF07262.jpg,AoF,7262,0,Neither,0,0
test,AoF07263.jpg,AoF,7263,0,Neither,0,0
test,AoF07264.jpg,AoF,7264,0,Neither,0,0
test,AoF07265.jpg,AoF,7265,0,Neither,0,0
test,AoF07266.jpg,AoF,7266,0,Neither,0,0
test,AoF07267.jpg,AoF,7267,0,Neither,0,0
test,AoF07268.jpg,AoF,7268,0,Neither,0,0
test,AoF07269.jpg,AoF,7269,0,Neither,0,0
test,AoF07270.jpg,AoF,7270,0,Neither,0,0
test,AoF07271.jpg,AoF,7271,0,Neither,0,0
test,AoF07272.jpg,AoF,7272,0,Neither,0,0
test,AoF07273.jpg,AoF,7273,0,Neither,0,0
test,AoF07274.jpg,AoF,7274,0,Neither,0,0
test,AoF07275.jpg,AoF,7275,0,Neither,0,0
test,AoF07276.jpg,AoF,7276,0,Neither,0,0
test,AoF07277.jpg,AoF,7277,0,Neither,0,0
test,AoF07278.jpg,AoF,7278,0,Neither,0,0
test,AoF07279.jpg,AoF,7279,0,Neither,0,0
test,AoF07280.jpg,AoF,7280,0,Neither,0,0
test,AoF07281.jpg,AoF,7281,0,Neither,0,0
test,AoF07282.jpg,AoF,7282,0,Neither,0,0
test,AoF07283.jpg,AoF,7283,0,Neither,0,0
test,AoF07284.jpg,AoF,7284,0,Neither,0,0
test,AoF07285.jpg,AoF,7285,0,Neither,0,0
test,AoF07286.jpg,AoF,7286,0,Neither,0,0
test,AoF07287.jpg,AoF,7287,0,Neither,0,0
test,AoF07288.jpg,AoF,7288,0,Neither,0,0
test,AoF07289.jpg,AoF,7289,0,Neither,0,0
test,AoF07290.jpg,AoF,7290,0,Neither,0,0
test,AoF07291.jpg,AoF,7291,0,Neither,0,0
test,AoF07292.jpg,AoF,7292,0,Neither,0,0
test,AoF07293.jpg,AoF,7293,0,Neither,0,0
test,AoF07294.jpg,AoF,7294,0,Neither,0,0
test,AoF07295.jpg,AoF,7295,0,Neither,0,0
test,AoF07296.jpg,AoF,7296,0,Neither,0,0
test,AoF07297.jpg,AoF,7297,0,Neither,0,0
test,AoF07298.jpg,AoF,7298,0,Neither,0,0
test,AoF07299.jpg,AoF,7299,0,Neither,0,0
test,AoF07300.jpg,AoF,7300,0,Neither,0,0
test,AoF07301.jpg,AoF,7301,0,Neither,0,0
test,AoF07302.jpg,AoF,7302,0,Neither,0,0
test,AoF07303.jpg,AoF,7303,0,Neither,0,0
test,AoF07304.jpg,AoF,7304,0,Neither,0,0
test,AoF07305.jpg,AoF,7305,0,Neither,0,0
test,AoF07306.jpg,AoF,7306,0,Neither,0,0
test,AoF07307.jpg,AoF,7307,0,Neither,0,0
test,AoF07308.jpg,AoF,7308,0,Neither,0,0
test,AoF07309.jpg,AoF,7309,0,Neither,0,0
test,AoF07310.jpg,AoF,7310,0,Neither,0,0
test,AoF07311.jpg,AoF,7311,0,Neither,0,0
test,AoF07312.jpg,AoF,7312,0,Neither,0,0
test,AoF07313.jpg,AoF,7313,0,Neither,0,0
test,AoF07314.jpg,AoF,7314,0,Neither,0,0
test,AoF07315.jpg,AoF,7315,0,Neither,0,0
test,AoF07316.jpg,AoF,7316,0,Neither,0,0
test,AoF07317.jpg,AoF,7317,0,Neither,0,0
test,AoF07318.jpg,AoF,7318,0,Neither,0,0
test,AoF07319.jpg,AoF,7319,0,Neither,0,0
test,AoF07320.jpg,AoF,7320,0,Neither,0,0
test,AoF07321.jpg,AoF,7321,0,Neither,0,0
test,AoF07322.jpg,AoF,7322,0,Neither,0,0
test,AoF07323.jpg,AoF,7323,0,Neither,0,0
test,AoF07324.jpg,AoF,7324,0,Neither,0,0
test,AoF07325.jpg,AoF,7325,0,Neither,0,0
test,AoF07326.jpg,AoF,7326,0,Neither,0,0
test,AoF07327.jpg,AoF,7327,0,Neither,0,0
test,AoF07328.jpg,AoF,7328,0,Neither,0,0
test,AoF07329.jpg,AoF,7329,0,Neither,0,0
test,AoF07330.jpg,AoF,7330,0,Neither,0,0
test,AoF07331.jpg,AoF,7331,0,Neither,0,0
test,AoF07332.jpg,AoF,7332,0,Neither,0,0
test,AoF07333.jpg,AoF,7333,0,Neither,0,0
test,AoF07334.jpg,AoF,7334,0,Neither,0,0
test,AoF07335.jpg,AoF,7335,0,Neither,0,0
test,AoF07336.jpg,AoF,7336,0,Neither,0,0
test,AoF07337.jpg,AoF,7337,0,Neither,0,0
test,AoF07338.jpg,AoF,7338,0,Neither,0,0
test,AoF07339.jpg,AoF,7339,0,Neither,0,0
test,AoF07340.jpg,AoF,7340,0,Neither,0,0
test,AoF07341.jpg,AoF,7341,0,Neither,0,0
test,AoF07342.jpg,AoF,7342,0,Neither,0,0
test,AoF07343.jpg,AoF,7343,0,Neither,0,0
test,AoF07344.jpg,AoF,7344,0,Neither,0,0
test,AoF07345.jpg,AoF,7345,0,Neither,0,0
test,AoF07346.jpg,AoF,7346,0,Neither,0,0
test,AoF07347.jpg,AoF,7347,0,Neither,0,0
test,AoF07348.jpg,AoF,7348,0,Neither,0,0
test,AoF07349.jpg,AoF,7349,0,Neither,0,0
test,AoF07350.jpg,AoF,7350,0,Neither,0,0
test,AoF07351.jpg,AoF,7351,0,Neither,0,0
test,AoF07352.jpg,AoF,7352,0,Neither,0,0
test,AoF07353.jpg,AoF,7353,0,Neither,0,0
test,AoF07354.jpg,AoF,7354,0,Neither,0,0
test,AoF07355.jpg,AoF,7355,0,Neither,0,0
test,AoF07356.jpg,AoF,7356,0,Neither,0,0
test,AoF07357.jpg,AoF,7357,0,Neither,0,0
test,AoF07358.jpg,AoF,7358,0,Neither,0,0
test,AoF07359.jpg,AoF,7359,0,Neither,0,0
test,AoF07360.jpg,AoF,7360,0,Neither,0,0
test,AoF07361.jpg,AoF,7361,0,Neither,0,0
test,AoF07362.jpg,AoF,7362,0,Neither,0,0
test,AoF07363.jpg,AoF,7363,0,Neither,0,0
test,AoF07364.jpg,AoF,7364,0,Neither,0,0
test,AoF07365.jpg,AoF,7365,0,Neither,0,0
test,AoF07366.jpg,AoF,7366,0,Neither,0,0
test,AoF07367.jpg,AoF,7367,0,Neither,0,0
test,AoF07368.jpg,AoF,7368,0,Neither,0,0
test,AoF07369.jpg,AoF,7369,0,Neither,0,0
test,AoF07370.jpg,AoF,7370,0,Neither,0,0
test,AoF07371.jpg,AoF,7371,0,Neither,0,0
test,AoF07372.jpg,AoF,7372,0,Neither,0,0
test,AoF07373.jpg,AoF,7373,0,Neither,0,0
test,AoF07374.jpg,AoF,7374,0,Neither,0,0
test,AoF07375.jpg,AoF,7375,0,Neither,0,0
test,AoF07376.jpg,AoF,7376,0,Neither,0,0
test,AoF07377.jpg,AoF,7377,0,Neither,0,0
test,AoF07378.jpg,AoF,7378,0,Neither,0,0
test,AoF07379.jpg,AoF,7379,0,Neither,0,0
test,AoF07380.jpg,AoF,7380,0,Neither,0,0
test,AoF07381.jpg,AoF,7381,0,Neither,0,0
test,AoF07382.jpg,AoF,7382,0,Neither,0,0
test,AoF07383.jpg,AoF,7383,0,Neither,0,0
test,AoF07384.jpg,AoF,7384,0,Neither,0,0
test,AoF07385.jpg,AoF,7385,0,Neither,0,0
test,AoF07386.jpg,AoF,7386,0,Neither,0,0
test,AoF07387.jpg,AoF,7387,0,Neither,0,0
test,AoF07388.jpg,AoF,7388,0,Neither,0,0
test,AoF07389.jpg,AoF,7389,0,Neither,0,0
test,AoF07390.jpg,AoF,7390,0,Neither,0,0
test,AoF07391.jpg,AoF,7391,0,Neither,0,0
test,AoF07392.jpg,AoF,7392,0,Neither,0,0
test,AoF07393.jpg,AoF,7393,0,Neither,0,0
test,AoF07394.jpg,AoF,7394,0,Neither,0,0
test,AoF07395.jpg,AoF,7395,0,Neither,0,0
test,AoF07396.jpg,AoF,7396,0,Neither,0,0
test,AoF07397.jpg,AoF,7397,0,Neither,0,0
test,AoF07398.jpg,AoF,7398,0,Neither,0,0
test,AoF07399.jpg,AoF,7399,0,Neither,0,0
test,AoF07400.jpg,AoF,7400,0,Neither,0,0
test,AoF07401.jpg,AoF,7401,0,Neither,0,0
test,AoF07402.jpg,AoF,7402,0,Neither,0,0
test,AoF07403.jpg,AoF,7403,0,Neither,0,0
test,AoF07404.jpg,AoF,7404,0,Neither,0,0
test,AoF07405.jpg,AoF,7405,0,Neither,0,0
test,AoF07406.jpg,AoF,7406,0,Neither,0,0
test,AoF07407.jpg,AoF,7407,0,Neither,0,0
test,AoF07408.jpg,AoF,7408,0,Neither,0,0
test,AoF07409.jpg,AoF,7409,0,Neither,0,0
test,AoF07410.jpg,AoF,7410,0,Neither,0,0
test,AoF07411.jpg,AoF,7411,0,Neither,0,0
test,AoF07412.jpg,AoF,7412,0,Neither,0,0
test,AoF07413.jpg,AoF,7413,0,Neither,0,0
test,AoF07414.jpg,AoF,7414,0,Neither,0,0
test,AoF07415.jpg,AoF,7415,0,Neither,0,0
test,AoF07416.jpg,AoF,7416,0,Neither,0,0
test,AoF07417.jpg,AoF,7417,0,Neither,0,0
test,AoF07418.jpg,AoF,7418,0,Neither,0,0
test,AoF07419.jpg,AoF,7419,0,Neither,0,0
test,AoF07420.jpg,AoF,7420,0,Neither,0,0
test,AoF07421.jpg,AoF,7421,0,Neither,0,0
test,AoF07422.jpg,AoF,7422,0,Neither,0,0
test,AoF07423.jpg,AoF,7423,0,Neither,0,0
test,AoF07424.jpg,AoF,7424,0,Neither,0,0
test,AoF07425.jpg,AoF,7425,0,Neither,0,0
test,AoF07426.jpg,AoF,7426,0,Neither,0,0
test,AoF07427.jpg,AoF,7427,0,Neither,0,0
test,AoF07428.jpg,AoF,7428,0,Neither,0,0
test,AoF07429.jpg,AoF,7429,0,Neither,0,0
test,AoF07430.jpg,AoF,7430,0,Neither,0,0
test,AoF07431.jpg,AoF,7431,0,Neither,0,0
test,AoF07432.jpg,AoF,7432,0,Neither,0,0
test,AoF07433.jpg,AoF,7433,0,Neither,0,0
test,AoF07434.jpg,AoF,7434,0,Neither,0,0
test,AoF07435.jpg,AoF,7435,0,Neither,0,0
test,AoF07436.jpg,AoF,7436,0,Neither,0,0
test,AoF07437.jpg,AoF,7437,0,Neither,0,0
test,AoF07438.jpg,AoF,7438,0,Neither,0,0
test,AoF07439.jpg,AoF,7439,0,Neither,0,0
test,AoF07440.jpg,AoF,7440,0,Neither,0,0
test,AoF07441.jpg,AoF,7441,0,Neither,0,0
test,AoF07442.jpg,AoF,7442,0,Neither,0,0
test,AoF07443.jpg,AoF,7443,0,Neither,0,0
test,AoF07444.jpg,AoF,7444,0,Neither,0,0
test,AoF07445.jpg,AoF,7445,0,Neither,0,0
test,AoF07446.jpg,AoF,7446,0,Neither,0,0
test,AoF07447.jpg,AoF,7447,0,Neither,0,0
test,AoF07448.jpg,AoF,7448,0,Neither,0,0
test,AoF07449.jpg,AoF,7449,0,Neither,0,0
test,AoF07450.jpg,AoF,7450,0,Neither,0,0
test,AoF07451.jpg,AoF,7451,0,Neither,0,0
test,AoF07452.jpg,AoF,7452,0,Neither,0,0
test,AoF07453.jpg,AoF,7453,0,Neither,0,0
test,AoF07454.jpg,AoF,7454,0,Neither,0,0
test,AoF07455.jpg,AoF,7455,0,Neither,0,0
test,AoF07456.jpg,AoF,7456,0,Neither,0,0
test,AoF07457.jpg,AoF,7457,0,Neither,0,0
test,AoF07458.jpg,AoF,7458,0,Neither,0,0
test,AoF07459.jpg,AoF,7459,0,Neither,0,0
test,AoF07460.jpg,AoF,7460,0,Neither,0,0
test,AoF07461.jpg,AoF,7461,0,Neither,0,0
test,AoF07462.jpg,AoF,7462,0,Neither,0,0
test,AoF07463.jpg,AoF,7463,0,Neither,0,0
test,AoF07464.jpg,AoF,7464,0,Neither,0,0
test,AoF07465.jpg,AoF,7465,0,Neither,0,0
test,AoF07466.jpg,AoF,7466,0,Neither,0,0
test,AoF07467.jpg,AoF,7467,0,Neither,0,0
test,AoF07468.jpg,AoF,7468,0,Neither,0,0
test,AoF07469.jpg,AoF,7469,0,Neither,0,0
test,AoF07470.jpg,AoF,7470,0,Neither,0,0
test,AoF07471.jpg,AoF,7471,0,Neither,0,0
test,AoF07472.jpg,AoF,7472,0,Neither,0,0
test,AoF07473.jpg,AoF,7473,0,Neither,0,0
test,AoF07474.jpg,AoF,7474,0,Neither,0,0
test,AoF07475.jpg,AoF,7475,0,Neither,0,0
test,AoF07476.jpg,AoF,7476,0,Neither,0,0
test,AoF07477.jpg,AoF,7477,0,Neither,0,0
test,AoF07478.jpg,AoF,7478,0,Neither,0,0
test,AoF07479.jpg,AoF,7479,0,Neither,0,0
test,AoF07480.jpg,AoF,7480,0,Neither,0,0
test,AoF07481.jpg,AoF,7481,0,Neither,0,0
test,AoF07482.jpg,AoF,7482,0,Neither,0,0
test,AoF07483.jpg,AoF,7483,0,Neither,0,0
test,AoF07484.jpg,AoF,7484,0,Neither,0,0
test,AoF07485.jpg,AoF,7485,0,Neither,0,0
test,AoF07486.jpg,AoF,7486,0,Neither,0,0
test,AoF07487.jpg,AoF,7487,0,Neither,0,0
test,AoF07488.jpg,AoF,7488,0,Neither,0,0
test,AoF07489.jpg,AoF,7489,0,Neither,0,0
test,AoF07490.jpg,AoF,7490,0,Neither,0,0
test,AoF07491.jpg,AoF,7491,0,Neither,0,0
test,AoF07492.jpg,AoF,7492,0,Neither,0,0
test,AoF07493.jpg,AoF,7493,0,Neither,0,0
test,AoF07494.jpg,AoF,7494,0,Neither,0,0
test,AoF07495.jpg,AoF,7495,0,Neither,0,0
test,AoF07496.jpg,AoF,7496,0,Neither,0,0
test,AoF07497.jpg,AoF,7497,0,Neither,0,0
test,AoF07498.jpg,AoF,7498,0,Neither,0,0
test,AoF07499.jpg,AoF,7499,0,Neither,0,0
test,AoF07500.jpg,AoF,7500,0,Neither,0,0
test,AoF07501.jpg,AoF,7501,0,Neither,0,0
test,AoF07502.jpg,AoF,7502,0,Neither,0,0
test,AoF07503.jpg,AoF,7503,0,Neither,0,0
test,AoF07504.jpg,AoF,7504,0,Neither,0,0
test,AoF07505.jpg,AoF,7505,0,Neither,0,0
test,AoF07506.jpg,AoF,7506,0,Neither,0,0
test,AoF07507.jpg,AoF,7507,0,Neither,0,0
test,AoF07508.jpg,AoF,7508,0,Neither,0,0
test,AoF07509.jpg,AoF,7509,0,Neither,0,0
test,AoF07510.jpg,AoF,7510,0,Neither,0,0
test,AoF07511.jpg,AoF,7511,0,Neither,0,0
test,AoF07512.jpg,AoF,7512,0,Neither,0,0
test,AoF07513.jpg,AoF,7513,0,Neither,0,0
test,AoF07514.jpg,AoF,7514,0,Neither,0,0
test,AoF07515.jpg,AoF,7515,0,Neither,0,0
test,AoF07516.jpg,AoF,7516,0,Neither,0,0
test,AoF07517.jpg,AoF,7517,0,Neither,0,0
test,AoF07518.jpg,AoF,7518,0,Neither,0,0
test,AoF07519.jpg,AoF,7519,0,Neither,0,0
test,AoF07520.jpg,AoF,7520,0,Neither,0,0
test,AoF07521.jpg,AoF,7521,0,Neither,0,0
test,AoF07522.jpg,AoF,7522,0,Neither,0,0
test,AoF07523.jpg,AoF,7523,0,Neither,0,0
test,AoF07524.jpg,AoF,7524,0,Neither,0,0
test,AoF07525.jpg,AoF,7525,0,Neither,0,0
test,AoF07526.jpg,AoF,7526,0,Neither,0,0
test,AoF07527.jpg,AoF,7527,0,Neither,0,0
test,AoF07528.jpg,AoF,7528,0,Neither,0,0
test,AoF07529.jpg,AoF,7529,0,Neither,0,0
test,AoF07530.jpg,AoF,7530,0,Neither,0,0
test,AoF07531.jpg,AoF,7531,0,Neither,0,0
test,AoF07532.jpg,AoF,7532,0,Neither,0,0
test,AoF07533.jpg,AoF,7533,0,Neither,0,0
test,AoF07534.jpg,AoF,7534,0,Neither,0,0
test,AoF07535.jpg,AoF,7535,0,Neither,0,0
test,AoF07536.jpg,AoF,7536,0,Neither,0,0
test,AoF07537.jpg,AoF,7537,0,Neither,0,0
test,AoF07538.jpg,AoF,7538,0,Neither,0,0
test,AoF07539.jpg,AoF,7539,0,Neither,0,0
test,AoF07540.jpg,AoF,7540,0,Neither,0,0
test,AoF07541.jpg,AoF,7541,0,Neither,0,0
test,AoF07542.jpg,AoF,7542,0,Neither,0,0
test,AoF07543.jpg,AoF,7543,0,Neither,0,0
test,AoF07544.jpg,AoF,7544,0,Neither,0,0
test,AoF07545.jpg,AoF,7545,0,Neither,0,0
test,AoF07546.jpg,AoF,7546,0,Neither,0,0
test,AoF07547.jpg,AoF,7547,0,Neither,0,0
test,AoF07548.jpg,AoF,7548,0,Neither,0,0
test,AoF07549.jpg,AoF,7549,0,Neither,0,0
test,AoF07550.jpg,AoF,7550,0,Neither,0,0
test,AoF07551.jpg,AoF,7551,0,Neither,0,0
test,AoF07552.jpg,AoF,7552,0,Neither,0,0
test,AoF07553.jpg,AoF,7553,0,Neither,0,0
test,AoF07554.jpg,AoF,7554,0,Neither,0,0
test,AoF07555.jpg,AoF,7555,0,Neither,0,0
test,AoF07556.jpg,AoF,7556,0,Neither,0,0
test,AoF07557.jpg,AoF,7557,0,Neither,0,0
test,AoF07558.jpg,AoF,7558,0,Neither,0,0
test,AoF07559.jpg,AoF,7559,0,Neither,0,0
test,AoF07560.jpg,AoF,7560,0,Neither,0,0
test,AoF07561.jpg,AoF,7561,0,Neither,0,0
test,AoF07562.jpg,AoF,7562,0,Neither,0,0
test,AoF07563.jpg,AoF,7563,0,Neither,0,0
test,AoF07564.jpg,AoF,7564,0,Neither,0,0
test,AoF07565.jpg,AoF,7565,0,Neither,0,0
test,AoF07566.jpg,AoF,7566,0,Neither,0,0
test,AoF07567.jpg,AoF,7567,0,Neither,0,0
test,AoF07568.jpg,AoF,7568,0,Neither,0,0
test,AoF07569.jpg,AoF,7569,0,Neither,0,0
test,AoF07570.jpg,AoF,7570,0,Neither,0,0
test,AoF07571.jpg,AoF,7571,0,Neither,0,0
test,AoF07572.jpg,AoF,7572,0,Neither,0,0
test,AoF07573.jpg,AoF,7573,0,Neither,0,0
test,AoF07574.jpg,AoF,7574,0,Neither,0,0
test,AoF07575.jpg,AoF,7575,0,Neither,0,0
test,AoF07576.jpg,AoF,7576,0,Neither,0,0
test,AoF07577.jpg,AoF,7577,0,Neither,0,0
test,AoF07578.jpg,AoF,7578,0,Neither,0,0
test,AoF07579.jpg,AoF,7579,0,Neither,0,0
test,AoF07580.jpg,AoF,7580,0,Neither,0,0
test,AoF07581.jpg,AoF,7581,0,Neither,0,0
test,AoF07582.jpg,AoF,7582,0,Neither,0,0
test,AoF07583.jpg,AoF,7583,0,Neither,0,0
test,AoF07584.jpg,AoF,7584,0,Neither,0,0
test,AoF07585.jpg,AoF,7585,0,Neither,0,0
test,AoF07586.jpg,AoF,7586,0,Neither,0,0
test,AoF07587.jpg,AoF,7587,0,Neither,0,0
test,AoF07588.jpg,AoF,7588,0,Neither,0,0
test,AoF07589.jpg,AoF,7589,0,Neither,0,0
test,AoF07590.jpg,AoF,7590,0,Neither,0,0
test,AoF07591.jpg,AoF,7591,0,Neither,0,0
test,AoF07592.jpg,AoF,7592,0,Neither,0,0
test,AoF07593.jpg,AoF,7593,0,Neither,0,0
test,AoF07594.jpg,AoF,7594,0,Neither,0,0
test,AoF07595.jpg,AoF,7595,0,Neither,0,0
test,AoF07596.jpg,AoF,7596,0,Neither,0,0
test,AoF07597.jpg,AoF,7597,0,Neither,0,0
test,AoF07598.jpg,AoF,7598,0,Neither,0,0
test,AoF07599.jpg,AoF,7599,0,Neither,0,0
test,AoF07600.jpg,AoF,7600,0,Neither,0,0
test,AoF07601.jpg,AoF,7601,0,Neither,0,0
test,AoF07602.jpg,AoF,7602,0,Neither,0,0
test,AoF07603.jpg,AoF,7603,0,Neither,0,0
test,AoF07604.jpg,AoF,7604,0,Neither,0,0
test,AoF07605.jpg,AoF,7605,0,Neither,0,0
test,AoF07606.jpg,AoF,7606,0,Neither,0,0
test,AoF07607.jpg,AoF,7607,0,Neither,0,0
test,AoF07608.jpg,AoF,7608,0,Neither,0,0
test,AoF07609.jpg,AoF,7609,0,Neither,0,0
test,AoF07610.jpg,AoF,7610,0,Neither,0,0
test,AoF07611.jpg,AoF,7611,0,Neither,0,0
test,AoF07612.jpg,AoF,7612,0,Neither,0,0
test,AoF07613.jpg,AoF,7613,0,Neither,0,0
test,AoF07614.jpg,AoF,7614,0,Neither,0,0
test,AoF07615.jpg,AoF,7615,0,Neither,0,0
test,AoF07616.jpg,AoF,7616,0,Neither,0,0
test,AoF07617.jpg,AoF,7617,0,Neither,0,0
test,AoF07618.jpg,AoF,7618,2,Only_Smoke,1,0
test,AoF07619.jpg,AoF,7619,0,Neither,0,0
test,AoF07620.jpg,AoF,7620,0,Neither,0,0
test,AoF07621.jpg,AoF,7621,0,Neither,0,0
test,AoF07622.jpg,AoF,7622,0,Neither,0,0
test,AoF07623.jpg,AoF,7623,0,Neither,0,0
test,AoF07624.jpg,AoF,7624,0,Neither,0,0
test,AoF07625.jpg,AoF,7625,0,Neither,0,0
test,AoF07626.jpg,AoF,7626,0,Neither,0,0
test,AoF07627.jpg,AoF,7627,0,Neither,0,0
test,AoF07628.jpg,AoF,7628,0,Neither,0,0
test,AoF07629.jpg,AoF,7629,0,Neither,0,0
test,AoF07630.jpg,AoF,7630,0,Neither,0,0
test,AoF07631.jpg,AoF,7631,0,Neither,0,0
test,AoF07632.jpg,AoF,7632,0,Neither,0,0
test,AoF07633.jpg,AoF,7633,0,Neither,0,0
test,AoF07634.jpg,AoF,7634,0,Neither,0,0
test,AoF07635.jpg,AoF,7635,0,Neither,0,0
test,AoF07636.jpg,AoF,7636,0,Neither,0,0
test,AoF07637.jpg,AoF,7637,0,Neither,0,0
test,AoF07638.jpg,AoF,7638,0,Neither,0,0
test,AoF07639.jpg,AoF,7639,0,Neither,0,0
test,AoF07640.jpg,AoF,7640,0,Neither,0,0
test,AoF07641.jpg,AoF,7641,0,Neither,0,0
test,AoF07642.jpg,AoF,7642,0,Neither,0,0
test,AoF07643.jpg,AoF,7643,0,Neither,0,0
test,AoF07644.jpg,AoF,7644,0,Neither,0,0
test,AoF07645.jpg,AoF,7645,0,Neither,0,0
test,AoF07646.jpg,AoF,7646,0,Neither,0,0
test,AoF07647.jpg,AoF,7647,0,Neither,0,0
test,AoF07648.jpg,AoF,7648,0,Neither,0,0
test,AoF07649.jpg,AoF,7649,0,Neither,0,0
test,AoF07650.jpg,AoF,7650,0,Neither,0,0
test,AoF07651.jpg,AoF,7651,0,Neither,0,0
test,AoF07652.jpg,AoF,7652,0,Neither,0,0
test,AoF07653.jpg,AoF,7653,0,Neither,0,0
test,AoF07654.jpg,AoF,7654,0,Neither,0,0
test,AoF07655.jpg,AoF,7655,0,Neither,0,0
test,AoF07656.jpg,AoF,7656,0,Neither,0,0
test,AoF07657.jpg,AoF,7657,0,Neither,0,0
test,AoF07658.jpg,AoF,7658,0,Neither,0,0
test,AoF07659.jpg,AoF,7659,0,Neither,0,0
test,AoF07660.jpg,AoF,7660,0,Neither,0,0
test,AoF07661.jpg,AoF,7661,0,Neither,0,0
test,AoF07662.jpg,AoF,7662,0,Neither,0,0
test,AoF07663.jpg,AoF,7663,0,Neither,0,0
test,AoF07664.jpg,AoF,7664,0,Neither,0,0
test,AoF07665.jpg,AoF,7665,0,Neither,0,0
test,AoF07666.jpg,AoF,7666,0,Neither,0,0
test,AoF07667.jpg,AoF,7667,0,Neither,0,0
test,AoF07668.jpg,AoF,7668,0,Neither,0,0
test,AoF07669.jpg,AoF,7669,0,Neither,0,0
test,AoF07670.jpg,AoF,7670,0,Neither,0,0
test,AoF07671.jpg,AoF,7671,0,Neither,0,0
test,AoF07672.jpg,AoF,7672,0,Neither,0,0
test,AoF07673.jpg,AoF,7673,2,Only_Smoke,1,0
test,AoF07674.jpg,AoF,7674,0,Neither,0,0
test,AoF07675.jpg,AoF,7675,0,Neither,0,0
test,AoF07676.jpg,AoF,7676,0,Neither,0,0
test,AoF07677.jpg,AoF,7677,0,Neither,0,0
test,AoF07678.jpg,AoF,7678,0,Neither,0,0
test,AoF07679.jpg,AoF,7679,0,Neither,0,0
test,AoF07680.jpg,AoF,7680,0,Neither,0,0
test,AoF07681.jpg,AoF,7681,0,Neither,0,0
test,AoF07682.jpg,AoF,7682,0,Neither,0,0
test,AoF07683.jpg,AoF,7683,0,Neither,0,0
test,AoF07684.jpg,AoF,7684,0,Neither,0,0
test,AoF07685.jpg,AoF,7685,0,Neither,0,0
test,AoF07686.jpg,AoF,7686,0,Neither,0,0
test,AoF07687.jpg,AoF,7687,0,Neither,0,0
test,AoF07688.jpg,AoF,7688,0,Neither,0,0
test,AoF07689.jpg,AoF,7689,0,Neither,0,0
test,AoF07690.jpg,AoF,7690,0,Neither,0,0
test,AoF07691.jpg,AoF,7691,0,Neither,0,0
test,AoF07692.jpg,AoF,7692,0,Neither,0,0
test,AoF07693.jpg,AoF,7693,0,Neither,0,0
test,AoF07694.jpg,AoF,7694,0,Neither,0,0
test,AoF07695.jpg,AoF,7695,0,Neither,0,0
test,AoF07696.jpg,AoF,7696,0,Neither,0,0
test,AoF07697.jpg,AoF,7697,0,Neither,0,0
test,AoF07698.jpg,AoF,7698,0,Neither,0,0
test,AoF07699.jpg,AoF,7699,0,Neither,0,0
test,AoF07700.jpg,AoF,7700,0,Neither,0,0
test,AoF07701.jpg,AoF,7701,0,Neither,0,0
test,AoF07702.jpg,AoF,7702,0,Neither,0,0
test,AoF07703.jpg,AoF,7703,0,Neither,0,0
test,AoF07704.jpg,AoF,7704,0,Neither,0,0
test,AoF07705.jpg,AoF,7705,0,Neither,0,0
test,AoF07706.jpg,AoF,7706,0,Neither,0,0
test,AoF07707.jpg,AoF,7707,0,Neither,0,0
test,AoF07708.jpg,AoF,7708,0,Neither,0,0
test,AoF07709.jpg,AoF,7709,0,Neither,0,0
test,AoF07710.jpg,AoF,7710,0,Neither,0,0
test,AoF07711.jpg,AoF,7711,0,Neither,0,0
test,AoF07712.jpg,AoF,7712,0,Neither,0,0
test,AoF07713.jpg,AoF,7713,0,Neither,0,0
test,AoF07714.jpg,AoF,7714,0,Neither,0,0
test,AoF07715.jpg,AoF,7715,0,Neither,0,0
test,AoF07716.jpg,AoF,7716,0,Neither,0,0
test,AoF07717.jpg,AoF,7717,0,Neither,0,0
test,AoF07718.jpg,AoF,7718,3,Both,1,5
test,AoF07719.jpg,AoF,7719,3,Both,1,4
test,AoF07720.jpg,AoF,7720,3,Both,1,4
test,AoF07721.jpg,AoF,7721,3,Both,1,6
test,AoF07722.jpg,AoF,7722,3,Both,1,4
test,AoF07723.jpg,AoF,7723,3,Both,1,4
test,AoF07724.jpg,AoF,7724,3,Both,1,4
test,AoF07725.jpg,AoF,7725,3,Both,1,5
test,AoF07726.jpg,AoF,7726,3,Both,2,4
test,AoF07727.jpg,AoF,7727,3,Both,1,3
test,AoF07728.jpg,AoF,7728,3,Both,2,3
test,AoF07729.jpg,AoF,7729,3,Both,2,4
test,AoF07730.jpg,AoF,7730,3,Both,2,5
test,AoF07731.jpg,AoF,7731,3,Both,1,5
test,AoF07732.jpg,AoF,7732,3,Both,1,6
test,AoF07733.jpg,AoF,7733,3,Both,1,6
test,AoF07734.jpg,AoF,7734,3,Both,1,2
test,AoF07735.jpg,AoF,7735,3,Both,1,3
test,AoF07736.jpg,AoF,7736,3,Both,1,3
test,AoF07737.jpg,AoF,7737,3,Both,1,3
test,AoF07738.jpg,AoF,7738,1,Only_Fire,0,2
test,AoF07739.jpg,AoF,7739,1,Only_Fire,0,2
test,AoF07740.jpg,AoF,7740,1,Only_Fire,0,2
test,AoF07741.jpg,AoF,7741,3,Both,1,1
test,AoF07742.jpg,AoF,7742,3,Both,1,1
test,AoF07743.jpg,AoF,7743,3,Both,2,1
test,AoF07744.jpg,AoF,7744,3,Both,1,1
test,AoF07745.jpg,AoF,7745,1,Only_Fire,0,2
test,AoF07746.jpg,AoF,7746,3,Both,1,1
test,AoF07747.jpg,AoF,7747,3,Both,1,1
test,AoF07748.jpg,AoF,7748,3,Both,1,1
test,AoF07749.jpg,AoF,7749,3,Both,1,1
test,AoF07750.jpg,AoF,7750,3,Both,1,1
test,AoF07751.jpg,AoF,7751,3,Both,1,1
test,AoF07752.jpg,AoF,7752,3,Both,1,1
test,AoF07753.jpg,AoF,7753,3,Both,1,1
test,AoF07754.jpg,AoF,7754,3,Both,1,1
test,AoF07755.jpg,AoF,7755,3,Both,1,1
test,AoF07756.jpg,AoF,7756,3,Both,1,1
test,AoF07757.jpg,AoF,7757,3,Both,1,1
test,AoF07758.jpg,AoF,7758,1,Only_Fire,0,2
test,AoF07759.jpg,AoF,7759,3,Both,1,1
test,AoF07760.jpg,AoF,7760,3,Both,1,3
test,AoF07761.jpg,AoF,7761,3,Both,1,3
test,AoF07762.jpg,AoF,7762,1,Only_Fire,0,3
test,AoF07763.jpg,AoF,7763,3,Both,1,1
test,AoF07764.jpg,AoF,7764,3,Both,1,1
test,AoF07765.jpg,AoF,7765,3,Both,1,1
test,AoF07766.jpg,AoF,7766,3,Both,1,1
test,AoF07767.jpg,AoF,7767,3,Both,1,3
test,AoF07768.jpg,AoF,7768,3,Both,1,1
test,AoF07769.jpg,AoF,7769,3,Both,1,2
test,AoF07770.jpg,AoF,7770,1,Only_Fire,0,2
test,AoF07771.jpg,AoF,7771,3,Both,1,2
test,AoF07772.jpg,AoF,7772,3,Both,1,2
test,AoF07773.jpg,AoF,7773,3,Both,1,2
test,AoF07774.jpg,AoF,7774,3,Both,2,2
test,AoF07775.jpg,AoF,7775,3,Both,1,1
test,AoF07776.jpg,AoF,7776,3,Both,1,2
test,AoF07777.jpg,AoF,7777,3,Both,1,1
test,AoF07778.jpg,AoF,7778,3,Both,1,2
test,AoF07779.jpg,AoF,7779,3,Both,1,1
test,AoF07780.jpg,AoF,7780,1,Only_Fire,0,1
test,AoF07781.jpg,AoF,7781,3,Both,1,1
test,AoF07782.jpg,AoF,7782,3,Both,1,1
test,AoF07783.jpg,AoF,7783,3,Both,1,2
test,AoF07784.jpg,AoF,7784,1,Only_Fire,0,1
test,AoF07785.jpg,AoF,7785,3,Both,1,2
test,AoF07786.jpg,AoF,7786,3,Both,1,2
test,AoF07787.jpg,AoF,7787,3,Both,1,2
test,AoF07788.jpg,AoF,7788,3,Both,1,1
test,AoF07789.jpg,AoF,7789,1,Only_Fire,0,2
test,AoF07790.jpg,AoF,7790,3,Both,1,1
test,AoF07791.jpg,AoF,7791,3,Both,2,1
test,AoF07792.jpg,AoF,7792,3,Both,1,1
test,AoF07793.jpg,AoF,7793,1,Only_Fire,0,1
test,AoF07794.jpg,AoF,7794,3,Both,1,1
test,AoF07795.jpg,AoF,7795,3,Both,1,1
test,AoF07796.jpg,AoF,7796,3,Both,1,1
test,AoF07797.jpg,AoF,7797,3,Both,1,1
test,AoF07798.jpg,AoF,7798,1,Only_Fire,0,1
test,AoF07799.jpg,AoF,7799,3,Both,1,2
test,AoF07800.jpg,AoF,7800,3,Both,1,2
test,AoF07801.jpg,AoF,7801,3,Both,1,1
test,AoF07802.jpg,AoF,7802,3,Both,1,1
test,AoF07803.jpg,AoF,7803,3,Both,1,2
test,AoF07804.jpg,AoF,7804,3,Both,1,2
test,AoF07805.jpg,AoF,7805,3,Both,1,1
test,AoF07806.jpg,AoF,7806,1,Only_Fire,0,1
test,AoF07807.jpg,AoF,7807,1,Only_Fire,0,1
test,AoF07808.jpg,AoF,7808,1,Only_Fire,0,1
test,AoF07809.jpg,AoF,7809,1,Only_Fire,0,1
test,AoF07810.jpg,AoF,7810,1,Only_Fire,0,1
test,AoF07811.jpg,AoF,7811,3,Both,1,1
test,AoF07812.jpg,AoF,7812,3,Both,1,1
test,AoF07813.jpg,AoF,7813,1,Only_Fire,0,1
test,AoF07814.jpg,AoF,7814,1,Only_Fire,0,1
test,AoF07815.jpg,AoF,7815,3,Both,1,1
test,AoF07816.jpg,AoF,7816,3,Both,1,1
test,AoF07817.jpg,AoF,7817,3,Both,1,1
test,AoF07818.jpg,AoF,7818,3,Both,2,1
test,AoF07819.jpg,AoF,7819,3,Both,1,1
test,AoF07820.jpg,AoF,7820,3,Both,1,1
test,AoF07821.jpg,AoF,7821,3,Both,1,1
test,AoF07822.jpg,AoF,7822,3,Both,1,1
test,AoF07823.jpg,AoF,7823,3,Both,1,1
test,AoF07824.jpg,AoF,7824,3,Both,1,1
test,AoF07825.jpg,AoF,7825,3,Both,1,1
test,AoF07826.jpg,AoF,7826,3,Both,1,1
test,AoF07827.jpg,AoF,7827,3,Both,1,1
test,AoF07828.jpg,AoF,7828,3,Both,1,1
test,AoF07829.jpg,AoF,7829,1,Only_Fire,0,1
test,AoF07830.jpg,AoF,7830,2,Only_Smoke,1,0
test,AoF07831.jpg,AoF,7831,3,Both,1,4
test,AoF07832.jpg,AoF,7832,3,Both,1,6
test,AoF07833.jpg,AoF,7833,3,Both,1,5
test,AoF07834.jpg,AoF,7834,1,Only_Fire,0,3
test,AoF07835.jpg,AoF,7835,3,Both,1,3
test,AoF07836.jpg,AoF,7836,3,Both,1,4
test,AoF07837.jpg,AoF,7837,3,Both,1,4
test,AoF07838.jpg,AoF,7838,3,Both,1,3
test,AoF07839.jpg,AoF,7839,3,Both,1,4
test,AoF07840.jpg,AoF,7840,1,Only_Fire,0,2
test,AoF07841.jpg,AoF,7841,3,Both,1,2
test,AoF07842.jpg,AoF,7842,1,Only_Fire,0,1
test,AoF07843.jpg,AoF,7843,3,Both,1,1
test,AoF07844.jpg,AoF,7844,3,Both,1,1
test,AoF07845.jpg,AoF,7845,1,Only_Fire,0,1
test,AoF07846.jpg,AoF,7846,1,Only_Fire,0,1
test,AoF07847.jpg,AoF,7847,1,Only_Fire,0,1
test,AoF07848.jpg,AoF,7848,1,Only_Fire,0,1
test,AoF07849.jpg,AoF,7849,1,Only_Fire,0,1
test,AoF07850.jpg,AoF,7850,1,Only_Fire,0,1
test,AoF07851.jpg,AoF,7851,1,Only_Fire,0,2
test,AoF07852.jpg,AoF,7852,1,Only_Fire,0,1
test,AoF07853.jpg,AoF,7853,1,Only_Fire,0,2
test,AoF07854.jpg,AoF,7854,1,Only_Fire,0,2
test,AoF07855.jpg,AoF,7855,1,Only_Fire,0,2
test,AoF07856.jpg,AoF,7856,1,Only_Fire,0,2
test,AoF07857.jpg,AoF,7857,1,Only_Fire,0,2
test,AoF07858.jpg,AoF,7858,1,Only_Fire,0,1
test,AoF07859.jpg,AoF,7859,1,Only_Fire,0,2
test,AoF07860.jpg,AoF,7860,1,Only_Fire,0,1
test,AoF07861.jpg,AoF,7861,1,Only_Fire,0,1
test,AoF07862.jpg,AoF,7862,1,Only_Fire,0,2
test,AoF07863.jpg,AoF,7863,3,Both,1,2
test,AoF07864.jpg,AoF,7864,1,Only_Fire,0,2
test,AoF07865.jpg,AoF,7865,1,Only_Fire,0,2
test,AoF07866.jpg,AoF,7866,1,Only_Fire,0,1
test,AoF07867.jpg,AoF,7867,1,Only_Fire,0,1
test,AoF07868.jpg,AoF,7868,3,Both,1,1
test,AoF07869.jpg,AoF,7869,1,Only_Fire,0,2
test,AoF07870.jpg,AoF,7870,3,Both,1,1
test,AoF07871.jpg,AoF,7871,1,Only_Fire,0,1
test,AoF07872.jpg,AoF,7872,1,Only_Fire,0,2
test,AoF07873.jpg,AoF,7873,3,Both,2,2
test,AoF07874.jpg,AoF,7874,1,Only_Fire,0,1
test,AoF07875.jpg,AoF,7875,1,Only_Fire,0,1
test,AoF07876.jpg,AoF,7876,1,Only_Fire,0,1
test,AoF07877.jpg,AoF,7877,1,Only_Fire,0,1
test,AoF07878.jpg,AoF,7878,1,Only_Fire,0,1
test,AoF07879.jpg,AoF,7879,1,Only_Fire,0,1
test,AoF07880.jpg,AoF,7880,3,Both,1,1
test,AoF07881.jpg,AoF,7881,3,Both,1,1
test,AoF07882.jpg,AoF,7882,1,Only_Fire,0,2
test,AoF07883.jpg,AoF,7883,1,Only_Fire,0,1
test,AoF07884.jpg,AoF,7884,1,Only_Fire,0,1
test,AoF07885.jpg,AoF,7885,1,Only_Fire,0,1
test,AoF07886.jpg,AoF,7886,1,Only_Fire,0,1
test,AoF07887.jpg,AoF,7887,1,Only_Fire,0,1
test,AoF07888.jpg,AoF,7888,3,Both,1,1
test,AoF07889.jpg,AoF,7889,3,Both,1,1
test,AoF07890.jpg,AoF,7890,1,Only_Fire,0,1
test,AoF07891.jpg,AoF,7891,1,Only_Fire,0,1
test,AoF07892.jpg,AoF,7892,1,Only_Fire,0,1
test,AoF07893.jpg,AoF,7893,1,Only_Fire,0,1
test,AoF07894.jpg,AoF,7894,1,Only_Fire,0,1
test,AoF07895.jpg,AoF,7895,3,Both,1,1
test,AoF07896.jpg,AoF,7896,1,Only_Fire,0,1
test,AoF07897.jpg,AoF,7897,1,Only_Fire,0,1
test,AoF07898.jpg,AoF,7898,3,Both,1,1
test,AoF07899.jpg,AoF,7899,1,Only_Fire,0,1
test,AoF07900.jpg,AoF,7900,1,Only_Fire,0,1
test,AoF07901.jpg,AoF,7901,1,Only_Fire,0,1
test,AoF07902.jpg,AoF,7902,3,Both,1,1
test,AoF07903.jpg,AoF,7903,1,Only_Fire,0,1
test,AoF07904.jpg,AoF,7904,3,Both,1,1
test,AoF07905.jpg,AoF,7905,1,Only_Fire,0,1
test,AoF07906.jpg,AoF,7906,1,Only_Fire,0,1
test,AoF07907.jpg,AoF,7907,1,Only_Fire,0,1
test,AoF07908.jpg,AoF,7908,1,Only_Fire,0,1
test,AoF07909.jpg,AoF,7909,1,Only_Fire,0,1
test,AoF07910.jpg,AoF,7910,1,Only_Fire,0,1
test,AoF07911.jpg,AoF,7911,1,Only_Fire,0,1
test,AoF07912.jpg,AoF,7912,1,Only_Fire,0,1
test,AoF07913.jpg,AoF,7913,1,Only_Fire,0,1
test,AoF07914.jpg,AoF,7914,1,Only_Fire,0,1
test,AoF07915.jpg,AoF,7915,3,Both,1,1
test,AoF07916.jpg,AoF,7916,3,Both,1,1
test,AoF07917.jpg,AoF,7917,3,Both,1,1
test,AoF07918.jpg,AoF,7918,3,Both,1,1
test,AoF07919.jpg,AoF,7919,3,Both,1,2
test,AoF07920.jpg,AoF,7920,3,Both,1,4
test,AoF07921.jpg,AoF,7921,3,Both,1,5
test,AoF07922.jpg,AoF,7922,3,Both,1,4
test,AoF07923.jpg,AoF,7923,3,Both,1,4
test,AoF07924.jpg,AoF,7924,3,Both,1,3
test,AoF07925.jpg,AoF,7925,3,Both,1,1
test,AoF07926.jpg,AoF,7926,1,Only_Fire,0,3
test,AoF07927.jpg,AoF,7927,1,Only_Fire,0,2
test,AoF07928.jpg,AoF,7928,1,Only_Fire,0,2
test,AoF07929.jpg,AoF,7929,1,Only_Fire,0,2
test,AoF07930.jpg,AoF,7930,1,Only_Fire,0,2
test,AoF07931.jpg,AoF,7931,1,Only_Fire,0,2
test,AoF07932.jpg,AoF,7932,1,Only_Fire,0,2
test,AoF07933.jpg,AoF,7933,1,Only_Fire,0,3
test,AoF07934.jpg,AoF,7934,1,Only_Fire,0,3
test,AoF07935.jpg,AoF,7935,1,Only_Fire,0,3
test,AoF07936.jpg,AoF,7936,3,Both,1,1
test,AoF07937.jpg,AoF,7937,3,Both,1,3
test,AoF07938.jpg,AoF,7938,1,Only_Fire,0,1
test,AoF07939.jpg,AoF,7939,3,Both,1,2
test,AoF07940.jpg,AoF,7940,3,Both,1,1
test,AoF07941.jpg,AoF,7941,1,Only_Fire,0,2
test,AoF07942.jpg,AoF,7942,1,Only_Fire,0,2
test,AoF07943.jpg,AoF,7943,1,Only_Fire,0,2
test,AoF07944.jpg,AoF,7944,1,Only_Fire,0,2
test,AoF07945.jpg,AoF,7945,3,Both,1,3
test,AoF07946.jpg,AoF,7946,1,Only_Fire,0,3
test,AoF07947.jpg,AoF,7947,3,Both,1,3
test,AoF07948.jpg,AoF,7948,1,Only_Fire,0,2
test,AoF07949.jpg,AoF,7949,3,Both,1,2
test,AoF07950.jpg,AoF,7950,3,Both,1,2
test,AoF07951.jpg,AoF,7951,3,Both,1,2
test,AoF07952.jpg,AoF,7952,3,Both,1,2
test,AoF07953.jpg,AoF,7953,1,Only_Fire,0,2
test,AoF07954.jpg,AoF,7954,1,Only_Fire,0,2
test,AoF07955.jpg,AoF,7955,1,Only_Fire,0,1
test,AoF07956.jpg,AoF,7956,1,Only_Fire,0,1
test,AoF07957.jpg,AoF,7957,3,Both,1,1
test,AoF07958.jpg,AoF,7958,1,Only_Fire,0,1
test,AoF07959.jpg,AoF,7959,3,Both,1,1
test,AoF07960.jpg,AoF,7960,3,Both,1,1
test,AoF07961.jpg,AoF,7961,3,Both,1,1
test,AoF07962.jpg,AoF,7962,3,Both,1,1
test,AoF07963.jpg,AoF,7963,3,Both,1,1
test,AoF07964.jpg,AoF,7964,2,Only_Smoke,2,0
test,AoF07965.jpg,AoF,7965,2,Only_Smoke,3,0
test,AoF07966.jpg,AoF,7966,2,Only_Smoke,1,0
test,AoF07967.jpg,AoF,7967,3,Both,1,3
test,AoF07968.jpg,AoF,7968,3,Both,1,3
test,AoF07969.jpg,AoF,7969,2,Only_Smoke,1,0
test,AoF07970.jpg,AoF,7970,2,Only_Smoke,1,0
test,AoF07971.jpg,AoF,7971,2,Only_Smoke,1,0
test,AoF07972.jpg,AoF,7972,2,Only_Smoke,1,0
test,AoF07973.jpg,AoF,7973,2,Only_Smoke,1,0
test,AoF07974.jpg,AoF,7974,2,Only_Smoke,1,0
test,AoF07975.jpg,AoF,7975,2,Only_Smoke,1,0
test,AoF07976.jpg,AoF,7976,2,Only_Smoke,1,0
test,AoF07977.jpg,AoF,7977,2,Only_Smoke,1,0
test,AoF07978.jpg,AoF,7978,2,Only_Smoke,1,0
test,AoF07979.jpg,AoF,7979,2,Only_Smoke,1,0
test,AoF07980.jpg,AoF,7980,2,Only_Smoke,1,0
test,AoF07981.jpg,AoF,7981,2,Only_Smoke,1,0
test,AoF07982.jpg,AoF,7982,2,Only_Smoke,1,0
test,AoF07983.jpg,AoF,7983,2,Only_Smoke,1,0
test,AoF07984.jpg,AoF,7984,2,Only_Smoke,1,0
test,AoF07985.jpg,AoF,7985,2,Only_Smoke,1,0
test,AoF07986.jpg,AoF,7986,2,Only_Smoke,1,0
test,AoF07987.jpg,AoF,7987,2,Only_Smoke,1,0
test,AoF07988.jpg,AoF,7988,2,Only_Smoke,1,0
test,AoF07989.jpg,AoF,7989,2,Only_Smoke,1,0
test,AoF07990.jpg,AoF,7990,2,Only_Smoke,1,0
test,AoF07991.jpg,AoF,7991,2,Only_Smoke,1,0
test,AoF07992.jpg,AoF,7992,2,Only_Smoke,1,0
test,AoF07993.jpg,AoF,7993,2,Only_Smoke,1,0
test,AoF07994.jpg,AoF,7994,2,Only_Smoke,1,0
test,AoF07995.jpg,AoF,7995,2,Only_Smoke,1,0
test,AoF07996.jpg,AoF,7996,2,Only_Smoke,1,0
test,AoF07997.jpg,AoF,7997,2,Only_Smoke,1,0
test,AoF07998.jpg,AoF,7998,2,Only_Smoke,1,0
test,AoF07999.jpg,AoF,7999,2,Only_Smoke,1,0
test,AoF08000.jpg,AoF,8000,2,Only_Smoke,1,0
test,AoF08001.jpg,AoF,8001,2,Only_Smoke,1,0
test,AoF08002.jpg,AoF,8002,2,Only_Smoke,1,0
test,AoF08003.jpg,AoF,8003,2,Only_Smoke,1,0
test,AoF08004.jpg,AoF,8004,2,Only_Smoke,1,0
test,AoF08005.jpg,AoF,8005,2,Only_Smoke,1,0
test,AoF08006.jpg,AoF,8006,2,Only_Smoke,1,0
test,AoF08007.jpg,AoF,8007,2,Only_Smoke,1,0
test,AoF08008.jpg,AoF,8008,2,Only_Smoke,1,0
test,AoF08009.jpg,AoF,8009,2,Only_Smoke,1,0
test,AoF08010.jpg,AoF,8010,2,Only_Smoke,1,0
test,AoF08011.jpg,AoF,8011,2,Only_Smoke,1,0
test,AoF08012.jpg,AoF,8012,2,Only_Smoke,3,0
test,AoF08013.jpg,AoF,8013,2,Only_Smoke,1,0
test,AoF08014.jpg,AoF,8014,2,Only_Smoke,1,0
test,AoF08015.jpg,AoF,8015,2,Only_Smoke,1,0
test,AoF08016.jpg,AoF,8016,2,Only_Smoke,3,0
test,AoF08017.jpg,AoF,8017,2,Only_Smoke,1,0
test,AoF08018.jpg,AoF,8018,2,Only_Smoke,1,0
test,AoF08019.jpg,AoF,8019,2,Only_Smoke,1,0
test,AoF08020.jpg,AoF,8020,2,Only_Smoke,1,0
test,AoF08021.jpg,AoF,8021,2,Only_Smoke,1,0
test,AoF08022.jpg,AoF,8022,2,Only_Smoke,1,0
test,AoF08023.jpg,AoF,8023,2,Only_Smoke,1,0
test,AoF08024.jpg,AoF,8024,2,Only_Smoke,1,0
test,AoF08025.jpg,AoF,8025,2,Only_Smoke,1,0
test,AoF08026.jpg,AoF,8026,2,Only_Smoke,1,0
test,AoF08027.jpg,AoF,8027,2,Only_Smoke,1,0
test,AoF08028.jpg,AoF,8028,2,Only_Smoke,1,0
test,AoF08029.jpg,AoF,8029,2,Only_Smoke,1,0
test,AoF08030.jpg,AoF,8030,2,Only_Smoke,1,0
test,AoF08031.jpg,AoF,8031,2,Only_Smoke,1,0
test,AoF08032.jpg,AoF,8032,2,Only_Smoke,3,0
test,AoF08033.jpg,AoF,8033,2,Only_Smoke,1,0
test,AoF08034.jpg,AoF,8034,2,Only_Smoke,3,0
test,AoF08035.jpg,AoF,8035,2,Only_Smoke,1,0
test,AoF08036.jpg,AoF,8036,2,Only_Smoke,1,0
test,AoF08037.jpg,AoF,8037,2,Only_Smoke,1,0
test,AoF08038.jpg,AoF,8038,2,Only_Smoke,1,0
test,AoF08039.jpg,AoF,8039,2,Only_Smoke,1,0
test,AoF08040.jpg,AoF,8040,2,Only_Smoke,1,0
test,AoF08041.jpg,AoF,8041,2,Only_Smoke,1,0
test,AoF08042.jpg,AoF,8042,2,Only_Smoke,1,0
test,AoF08043.jpg,AoF,8043,2,Only_Smoke,1,0
test,AoF08044.jpg,AoF,8044,2,Only_Smoke,1,0
test,AoF08045.jpg,AoF,8045,2,Only_Smoke,1,0
test,AoF08046.jpg,AoF,8046,2,Only_Smoke,1,0
test,AoF08047.jpg,AoF,8047,2,Only_Smoke,1,0
test,AoF08048.jpg,AoF,8048,2,Only_Smoke,1,0
test,AoF08049.jpg,AoF,8049,2,Only_Smoke,1,0
test,AoF08050.jpg,AoF,8050,2,Only_Smoke,1,0
test,AoF08051.jpg,AoF,8051,2,Only_Smoke,1,0
test,AoF08052.jpg,AoF,8052,2,Only_Smoke,1,0
test,AoF08053.jpg,AoF,8053,2,Only_Smoke,1,0
test,AoF08054.jpg,AoF,8054,2,Only_Smoke,1,0
test,AoF08055.jpg,AoF,8055,2,Only_Smoke,1,0
test,AoF08056.jpg,AoF,8056,2,Only_Smoke,1,0
test,AoF08057.jpg,AoF,8057,2,Only_Smoke,1,0
test,AoF08058.jpg,AoF,8058,2,Only_Smoke,1,0
test,AoF08059.jpg,AoF,8059,2,Only_Smoke,1,0
test,AoF08060.jpg,AoF,8060,2,Only_Smoke,1,0
test,AoF08061.jpg,AoF,8061,2,Only_Smoke,1,0
test,AoF08062.jpg,AoF,8062,2,Only_Smoke,1,0
test,AoF08063.jpg,AoF,8063,2,Only_Smoke,1,0
test,AoF08064.jpg,AoF,8064,2,Only_Smoke,1,0
test,AoF08065.jpg,AoF,8065,2,Only_Smoke,1,0
test,AoF08066.jpg,AoF,8066,2,Only_Smoke,1,0
test,AoF08067.jpg,AoF,8067,3,Both,2,1
test,AoF08068.jpg,AoF,8068,2,Only_Smoke,1,0
test,AoF08069.jpg,AoF,8069,2,Only_Smoke,1,0
test,AoF08070.jpg,AoF,8070,2,Only_Smoke,1,0
test,AoF08071.jpg,AoF,8071,2,Only_Smoke,1,0
test,AoF08072.jpg,AoF,8072,2,Only_Smoke,1,0
test,AoF08073.jpg,AoF,8073,2,Only_Smoke,1,0
test,AoF08074.jpg,AoF,8074,2,Only_Smoke,1,0
test,AoF08075.jpg,AoF,8075,2,Only_Smoke,1,0
test,AoF08076.jpg,AoF,8076,3,Both,1,1
test,AoF08077.jpg,AoF,8077,2,Only_Smoke,1,0
test,AoF08078.jpg,AoF,8078,2,Only_Smoke,1,0
test,AoF08079.jpg,AoF,8079,2,Only_Smoke,1,0
test,AoF08080.jpg,AoF,8080,2,Only_Smoke,1,0
test,AoF08081.jpg,AoF,8081,2,Only_Smoke,1,0
test,AoF08082.jpg,AoF,8082,2,Only_Smoke,1,0
test,AoF08083.jpg,AoF,8083,2,Only_Smoke,1,0
test,AoF08084.jpg,AoF,8084,2,Only_Smoke,1,0
test,AoF08085.jpg,AoF,8085,2,Only_Smoke,1,0
test,AoF08086.jpg,AoF,8086,2,Only_Smoke,1,0
test,AoF08087.jpg,AoF,8087,2,Only_Smoke,1,0
test,AoF08088.jpg,AoF,8088,2,Only_Smoke,1,0
test,AoF08089.jpg,AoF,8089,2,Only_Smoke,1,0
test,AoF08090.jpg,AoF,8090,2,Only_Smoke,1,0
test,AoF08091.jpg,AoF,8091,2,Only_Smoke,1,0
test,AoF08092.jpg,AoF,8092,2,Only_Smoke,1,0
test,AoF08093.jpg,AoF,8093,2,Only_Smoke,1,0
test,AoF08094.jpg,AoF,8094,2,Only_Smoke,1,0
test,AoF08095.jpg,AoF,8095,2,Only_Smoke,1,0
test,AoF08096.jpg,AoF,8096,2,Only_Smoke,1,0
test,AoF08097.jpg,AoF,8097,2,Only_Smoke,1,0
test,AoF08098.jpg,AoF,8098,2,Only_Smoke,1,0
test,AoF08099.jpg,AoF,8099,2,Only_Smoke,1,0
test,AoF08100.jpg,AoF,8100,2,Only_Smoke,1,0
test,AoF08101.jpg,AoF,8101,2,Only_Smoke,1,0
test,AoF08102.jpg,AoF,8102,2,Only_Smoke,2,0
test,AoF08103.jpg,AoF,8103,2,Only_Smoke,1,0
test,AoF08104.jpg,AoF,8104,2,Only_Smoke,1,0
test,AoF08105.jpg,AoF,8105,2,Only_Smoke,1,0
test,AoF08106.jpg,AoF,8106,2,Only_Smoke,1,0
test,AoF08107.jpg,AoF,8107,2,Only_Smoke,1,0
test,AoF08108.jpg,AoF,8108,2,Only_Smoke,1,0
test,AoF08109.jpg,AoF,8109,2,Only_Smoke,1,0
test,AoF08110.jpg,AoF,8110,2,Only_Smoke,1,0
test,AoF08111.jpg,AoF,8111,2,Only_Smoke,1,0
test,AoF08112.jpg,AoF,8112,2,Only_Smoke,1,0
test,AoF08113.jpg,AoF,8113,2,Only_Smoke,1,0
test,AoF08114.jpg,AoF,8114,2,Only_Smoke,2,0
test,AoF08115.jpg,AoF,8115,2,Only_Smoke,1,0
test,AoF08116.jpg,AoF,8116,2,Only_Smoke,1,0
test,AoF08117.jpg,AoF,8117,2,Only_Smoke,1,0
test,AoF08118.jpg,AoF,8118,2,Only_Smoke,2,0
test,AoF08119.jpg,AoF,8119,2,Only_Smoke,1,0
test,AoF08120.jpg,AoF,8120,2,Only_Smoke,1,0
test,AoF08121.jpg,AoF,8121,2,Only_Smoke,1,0
test,AoF08122.jpg,AoF,8122,2,Only_Smoke,1,0
test,AoF08123.jpg,AoF,8123,2,Only_Smoke,1,0
test,AoF08124.jpg,AoF,8124,2,Only_Smoke,1,0
test,AoF08125.jpg,AoF,8125,2,Only_Smoke,1,0
test,AoF08126.jpg,AoF,8126,2,Only_Smoke,1,0
test,AoF08127.jpg,AoF,8127,2,Only_Smoke,1,0
test,AoF08128.jpg,AoF,8128,2,Only_Smoke,1,0
test,AoF08129.jpg,AoF,8129,2,Only_Smoke,1,0
test,AoF08130.jpg,AoF,8130,2,Only_Smoke,1,0
test,AoF08131.jpg,AoF,8131,2,Only_Smoke,1,0
test,AoF08132.jpg,AoF,8132,2,Only_Smoke,1,0
test,AoF08133.jpg,AoF,8133,2,Only_Smoke,1,0
test,AoF08134.jpg,AoF,8134,2,Only_Smoke,1,0
test,AoF08135.jpg,AoF,8135,2,Only_Smoke,1,0
test,AoF08136.jpg,AoF,8136,2,Only_Smoke,1,0
test,AoF08137.jpg,AoF,8137,2,Only_Smoke,1,0
test,AoF08138.jpg,AoF,8138,2,Only_Smoke,1,0
test,AoF08139.jpg,AoF,8139,2,Only_Smoke,1,0
test,AoF08140.jpg,AoF,8140,2,Only_Smoke,1,0
test,AoF08141.jpg,AoF,8141,2,Only_Smoke,1,0
test,AoF08142.jpg,AoF,8142,2,Only_Smoke,1,0
test,AoF08143.jpg,AoF,8143,2,Only_Smoke,1,0
test,AoF08144.jpg,AoF,8144,2,Only_Smoke,1,0
test,AoF08145.jpg,AoF,8145,2,Only_Smoke,1,0
test,AoF08146.jpg,AoF,8146,2,Only_Smoke,1,0
test,AoF08147.jpg,AoF,8147,2,Only_Smoke,1,0
test,AoF08148.jpg,AoF,8148,2,Only_Smoke,1,0
test,AoF08149.jpg,AoF,8149,2,Only_Smoke,1,0
test,AoF08150.jpg,AoF,8150,2,Only_Smoke,1,0
test,AoF08151.jpg,AoF,8151,2,Only_Smoke,1,0
test,AoF08152.jpg,AoF,8152,2,Only_Smoke,1,0
test,AoF08153.jpg,AoF,8153,2,Only_Smoke,1,0
test,AoF08154.jpg,AoF,8154,2,Only_Smoke,1,0
test,AoF08155.jpg,AoF,8155,2,Only_Smoke,1,0
test,AoF08156.jpg,AoF,8156,2,Only_Smoke,1,0
test,AoF08157.jpg,AoF,8157,2,Only_Smoke,1,0
test,AoF08158.jpg,AoF,8158,2,Only_Smoke,1,0
test,AoF08159.jpg,AoF,8159,2,Only_Smoke,1,0
test,AoF08160.jpg,AoF,8160,2,Only_Smoke,1,0
test,AoF08161.jpg,AoF,8161,2,Only_Smoke,1,0
test,AoF08162.jpg,AoF,8162,2,Only_Smoke,1,0
test,AoF08163.jpg,AoF,8163,2,Only_Smoke,1,0
test,AoF08164.jpg,AoF,8164,2,Only_Smoke,1,0
test,AoF08165.jpg,AoF,8165,2,Only_Smoke,1,0
test,AoF08166.jpg,AoF,8166,2,Only_Smoke,1,0
test,AoF08167.jpg,AoF,8167,2,Only_Smoke,1,0
test,AoF08168.jpg,AoF,8168,2,Only_Smoke,1,0
test,AoF08169.jpg,AoF,8169,2,Only_Smoke,1,0
test,AoF08170.jpg,AoF,8170,2,Only_Smoke,1,0
test,AoF08171.jpg,AoF,8171,2,Only_Smoke,1,0
test,AoF08172.jpg,AoF,8172,2,Only_Smoke,1,0
test,AoF08173.jpg,AoF,8173,2,Only_Smoke,1,0
test,AoF08174.jpg,AoF,8174,2,Only_Smoke,1,0
test,AoF08175.jpg,AoF,8175,2,Only_Smoke,1,0
test,AoF08176.jpg,AoF,8176,2,Only_Smoke,1,0
test,AoF08177.jpg,AoF,8177,2,Only_Smoke,1,0
test,AoF08178.jpg,AoF,8178,2,Only_Smoke,1,0
test,AoF08179.jpg,AoF,8179,2,Only_Smoke,1,0
test,AoF08180.jpg,AoF,8180,2,Only_Smoke,1,0
test,AoF08181.jpg,AoF,8181,2,Only_Smoke,1,0
test,AoF08182.jpg,AoF,8182,2,Only_Smoke,1,0
test,AoF08183.jpg,AoF,8183,2,Only_Smoke,1,0
test,AoF08184.jpg,AoF,8184,2,Only_Smoke,1,0
test,AoF08185.jpg,AoF,8185,2,Only_Smoke,1,0
test,AoF08186.jpg,AoF,8186,2,Only_Smoke,1,0
test,AoF08187.jpg,AoF,8187,2,Only_Smoke,1,0
test,AoF08188.jpg,AoF,8188,2,Only_Smoke,1,0
test,AoF08189.jpg,AoF,8189,2,Only_Smoke,1,0
test,AoF08190.jpg,AoF,8190,2,Only_Smoke,1,0
test,AoF08191.jpg,AoF,8191,3,Both,1,1
test,AoF08192.jpg,AoF,8192,2,Only_Smoke,1,0
test,AoF08193.jpg,AoF,8193,2,Only_Smoke,1,0
test,AoF08194.jpg,AoF,8194,2,Only_Smoke,1,0
test,AoF08195.jpg,AoF,8195,2,Only_Smoke,1,0
test,AoF08196.jpg,AoF,8196,2,Only_Smoke,1,0
test,AoF08197.jpg,AoF,8197,2,Only_Smoke,1,0
test,AoF08198.jpg,AoF,8198,2,Only_Smoke,1,0
test,AoF08199.jpg,AoF,8199,2,Only_Smoke,1,0
test,AoF08200.jpg,AoF,8200,2,Only_Smoke,1,0
test,AoF08201.jpg,AoF,8201,2,Only_Smoke,1,0
test,AoF08202.jpg,AoF,8202,2,Only_Smoke,1,0
test,AoF08203.jpg,AoF,8203,2,Only_Smoke,1,0
test,AoF08204.jpg,AoF,8204,2,Only_Smoke,1,0
test,AoF08205.jpg,AoF,8205,2,Only_Smoke,1,0
test,AoF08206.jpg,AoF,8206,2,Only_Smoke,1,0
test,AoF08207.jpg,AoF,8207,2,Only_Smoke,1,0
test,AoF08208.jpg,AoF,8208,2,Only_Smoke,1,0
test,AoF08209.jpg,AoF,8209,2,Only_Smoke,1,0
test,AoF08210.jpg,AoF,8210,2,Only_Smoke,1,0
test,AoF08211.jpg,AoF,8211,2,Only_Smoke,1,0
test,AoF08212.jpg,AoF,8212,2,Only_Smoke,1,0
test,AoF08213.jpg,AoF,8213,2,Only_Smoke,1,0
test,AoF08214.jpg,AoF,8214,2,Only_Smoke,1,0
test,AoF08215.jpg,AoF,8215,2,Only_Smoke,1,0
test,AoF08216.jpg,AoF,8216,2,Only_Smoke,1,0
test,AoF08217.jpg,AoF,8217,2,Only_Smoke,1,0
test,AoF08218.jpg,AoF,8218,2,Only_Smoke,1,0
test,AoF08219.jpg,AoF,8219,2,Only_Smoke,1,0
test,AoF08220.jpg,AoF,8220,2,Only_Smoke,1,0
test,AoF08221.jpg,AoF,8221,2,Only_Smoke,1,0
test,AoF08222.jpg,AoF,8222,2,Only_Smoke,1,0
test,AoF08223.jpg,AoF,8223,2,Only_Smoke,1,0
test,AoF08224.jpg,AoF,8224,2,Only_Smoke,1,0
test,AoF08225.jpg,AoF,8225,2,Only_Smoke,1,0
test,AoF08226.jpg,AoF,8226,2,Only_Smoke,1,0
test,AoF08227.jpg,AoF,8227,2,Only_Smoke,1,0
test,AoF08228.jpg,AoF,8228,2,Only_Smoke,1,0
test,AoF08229.jpg,AoF,8229,2,Only_Smoke,1,0
test,AoF08230.jpg,AoF,8230,2,Only_Smoke,1,0
test,AoF08231.jpg,AoF,8231,2,Only_Smoke,1,0
test,AoF08232.jpg,AoF,8232,2,Only_Smoke,1,0
test,AoF08233.jpg,AoF,8233,2,Only_Smoke,1,0
test,AoF08234.jpg,AoF,8234,2,Only_Smoke,1,0
test,AoF08235.jpg,AoF,8235,2,Only_Smoke,1,0
test,AoF08236.jpg,AoF,8236,2,Only_Smoke,1,0
test,AoF08237.jpg,AoF,8237,2,Only_Smoke,1,0
test,AoF08238.jpg,AoF,8238,2,Only_Smoke,1,0
test,AoF08239.jpg,AoF,8239,2,Only_Smoke,1,0
test,AoF08240.jpg,AoF,8240,2,Only_Smoke,1,0
test,AoF08241.jpg,AoF,8241,2,Only_Smoke,1,0
test,AoF08242.jpg,AoF,8242,2,Only_Smoke,1,0
test,AoF08243.jpg,AoF,8243,2,Only_Smoke,1,0
test,AoF08244.jpg,AoF,8244,2,Only_Smoke,1,0
test,AoF08245.jpg,AoF,8245,2,Only_Smoke,1,0
test,AoF08246.jpg,AoF,8246,2,Only_Smoke,2,0
test,AoF08247.jpg,AoF,8247,2,Only_Smoke,1,0
test,AoF08248.jpg,AoF,8248,2,Only_Smoke,1,0
test,AoF08249.jpg,AoF,8249,2,Only_Smoke,1,0
test,AoF08250.jpg,AoF,8250,2,Only_Smoke,1,0
test,AoF08251.jpg,AoF,8251,2,Only_Smoke,1,0
test,AoF08252.jpg,AoF,8252,2,Only_Smoke,1,0
test,AoF08253.jpg,AoF,8253,2,Only_Smoke,1,0
test,AoF08254.jpg,AoF,8254,2,Only_Smoke,1,0
test,AoF08255.jpg,AoF,8255,2,Only_Smoke,1,0
test,AoF08256.jpg,AoF,8256,2,Only_Smoke,1,0
test,AoF08257.jpg,AoF,8257,2,Only_Smoke,1,0
test,AoF08258.jpg,AoF,8258,2,Only_Smoke,1,0
test,AoF08259.jpg,AoF,8259,2,Only_Smoke,1,0
test,AoF08260.jpg,AoF,8260,2,Only_Smoke,1,0
test,AoF08261.jpg,AoF,8261,2,Only_Smoke,1,0
test,AoF08262.jpg,AoF,8262,2,Only_Smoke,1,0
test,AoF08263.jpg,AoF,8263,2,Only_Smoke,1,0
test,AoF08264.jpg,AoF,8264,2,Only_Smoke,1,0
test,AoF08265.jpg,AoF,8265,2,Only_Smoke,1,0
test,AoF08266.jpg,AoF,8266,2,Only_Smoke,1,0
test,AoF08267.jpg,AoF,8267,2,Only_Smoke,1,0
test,AoF08268.jpg,AoF,8268,2,Only_Smoke,1,0
test,AoF08269.jpg,AoF,8269,2,Only_Smoke,1,0
test,AoF08270.jpg,AoF,8270,0,Neither,0,0
test,AoF08271.jpg,AoF,8271,2,Only_Smoke,1,0
test,AoF08272.jpg,AoF,8272,2,Only_Smoke,1,0
test,AoF08273.jpg,AoF,8273,0,Neither,0,0
test,AoF08274.jpg,AoF,8274,2,Only_Smoke,1,0
test,AoF08275.jpg,AoF,8275,2,Only_Smoke,2,0
test,AoF08276.jpg,AoF,8276,2,Only_Smoke,2,0
test,AoF08277.jpg,AoF,8277,2,Only_Smoke,2,0
test,AoF08278.jpg,AoF,8278,2,Only_Smoke,2,0
test,AoF08279.jpg,AoF,8279,2,Only_Smoke,1,0
test,AoF08280.jpg,AoF,8280,2,Only_Smoke,1,0
test,AoF08281.jpg,AoF,8281,2,Only_Smoke,1,0
test,AoF08282.jpg,AoF,8282,2,Only_Smoke,1,0
test,AoF08283.jpg,AoF,8283,2,Only_Smoke,1,0
test,AoF08284.jpg,AoF,8284,2,Only_Smoke,1,0
test,AoF08285.jpg,AoF,8285,2,Only_Smoke,1,0
test,AoF08286.jpg,AoF,8286,2,Only_Smoke,1,0
test,AoF08287.jpg,AoF,8287,2,Only_Smoke,1,0
test,AoF08288.jpg,AoF,8288,2,Only_Smoke,1,0
test,AoF08289.jpg,AoF,8289,2,Only_Smoke,1,0
test,AoF08290.jpg,AoF,8290,2,Only_Smoke,1,0
test,AoF08291.jpg,AoF,8291,2,Only_Smoke,1,0
test,AoF08292.jpg,AoF,8292,2,Only_Smoke,1,0
test,AoF08293.jpg,AoF,8293,2,Only_Smoke,1,0
test,AoF08294.jpg,AoF,8294,2,Only_Smoke,1,0
test,AoF08295.jpg,AoF,8295,2,Only_Smoke,2,0
test,AoF08296.jpg,AoF,8296,2,Only_Smoke,2,0
test,AoF08297.jpg,AoF,8297,2,Only_Smoke,1,0
test,AoF08298.jpg,AoF,8298,2,Only_Smoke,1,0
test,AoF08299.jpg,AoF,8299,2,Only_Smoke,1,0
test,AoF08300.jpg,AoF,8300,2,Only_Smoke,1,0
test,AoF08301.jpg,AoF,8301,2,Only_Smoke,1,0
test,AoF08302.jpg,AoF,8302,2,Only_Smoke,1,0
test,AoF08303.jpg,AoF,8303,2,Only_Smoke,1,0
test,AoF08304.jpg,AoF,8304,2,Only_Smoke,1,0
test,AoF08305.jpg,AoF,8305,2,Only_Smoke,1,0
test,AoF08306.jpg,AoF,8306,2,Only_Smoke,1,0
test,AoF08307.jpg,AoF,8307,2,Only_Smoke,1,0
test,AoF08308.jpg,AoF,8308,2,Only_Smoke,1,0
test,AoF08309.jpg,AoF,8309,2,Only_Smoke,1,0
test,AoF08310.jpg,AoF,8310,2,Only_Smoke,1,0
test,AoF08311.jpg,AoF,8311,2,Only_Smoke,1,0
test,AoF08312.jpg,AoF,8312,2,Only_Smoke,1,0
test,AoF08313.jpg,AoF,8313,2,Only_Smoke,1,0
test,AoF08314.jpg,AoF,8314,2,Only_Smoke,2,0
test,AoF08315.jpg,AoF,8315,2,Only_Smoke,2,0
test,AoF08316.jpg,AoF,8316,2,Only_Smoke,1,0
test,AoF08317.jpg,AoF,8317,2,Only_Smoke,1,0
test,AoF08318.jpg,AoF,8318,2,Only_Smoke,1,0
test,AoF08319.jpg,AoF,8319,2,Only_Smoke,1,0
test,AoF08320.jpg,AoF,8320,2,Only_Smoke,1,0
test,AoF08321.jpg,AoF,8321,2,Only_Smoke,1,0
test,AoF08322.jpg,AoF,8322,2,Only_Smoke,1,0
test,AoF08323.jpg,AoF,8323,2,Only_Smoke,1,0
test,AoF08324.jpg,AoF,8324,2,Only_Smoke,1,0
test,AoF08325.jpg,AoF,8325,2,Only_Smoke,1,0
test,AoF08326.jpg,AoF,8326,2,Only_Smoke,1,0
test,AoF08327.jpg,AoF,8327,2,Only_Smoke,1,0
test,AoF08328.jpg,AoF,8328,2,Only_Smoke,1,0
test,AoF08329.jpg,AoF,8329,2,Only_Smoke,1,0
test,AoF08330.jpg,AoF,8330,2,Only_Smoke,1,0
test,AoF08331.jpg,AoF,8331,2,Only_Smoke,1,0
test,AoF08332.jpg,AoF,8332,2,Only_Smoke,1,0
test,AoF08333.jpg,AoF,8333,2,Only_Smoke,1,0
test,AoF08334.jpg,AoF,8334,2,Only_Smoke,1,0
test,AoF08335.jpg,AoF,8335,2,Only_Smoke,1,0
test,AoF08336.jpg,AoF,8336,2,Only_Smoke,1,0
test,AoF08337.jpg,AoF,8337,2,Only_Smoke,1,0
test,AoF08338.jpg,AoF,8338,2,Only_Smoke,1,0
test,AoF08339.jpg,AoF,8339,2,Only_Smoke,1,0
test,AoF08340.jpg,AoF,8340,2,Only_Smoke,1,0
test,AoF08341.jpg,AoF,8341,2,Only_Smoke,1,0
test,AoF08342.jpg,AoF,8342,2,Only_Smoke,1,0
test,AoF08343.jpg,AoF,8343,2,Only_Smoke,1,0
test,AoF08344.jpg,AoF,8344,2,Only_Smoke,1,0
test,AoF08345.jpg,AoF,8345,2,Only_Smoke,1,0
test,AoF08346.jpg,AoF,8346,2,Only_Smoke,1,0
test,AoF08347.jpg,AoF,8347,2,Only_Smoke,1,0
test,AoF08348.jpg,AoF,8348,2,Only_Smoke,2,0
test,AoF08349.jpg,AoF,8349,2,Only_Smoke,1,0
test,AoF08350.jpg,AoF,8350,2,Only_Smoke,1,0
test,AoF08351.jpg,AoF,8351,0,Neither,0,0
test,AoF08352.jpg,AoF,8352,2,Only_Smoke,1,0
test,AoF08353.jpg,AoF,8353,2,Only_Smoke,1,0
test,AoF08354.jpg,AoF,8354,2,Only_Smoke,1,0
test,AoF08355.jpg,AoF,8355,2,Only_Smoke,1,0
test,AoF08356.jpg,AoF,8356,2,Only_Smoke,1,0
test,AoF08357.jpg,AoF,8357,2,Only_Smoke,1,0
test,AoF08358.jpg,AoF,8358,2,Only_Smoke,1,0
test,AoF08359.jpg,AoF,8359,2,Only_Smoke,1,0
test,AoF08360.jpg,AoF,8360,2,Only_Smoke,1,0
test,AoF08361.jpg,AoF,8361,2,Only_Smoke,1,0
test,AoF08362.jpg,AoF,8362,2,Only_Smoke,1,0
test,AoF08363.jpg,AoF,8363,2,Only_Smoke,1,0
test,AoF08364.jpg,AoF,8364,2,Only_Smoke,1,0
test,AoF08365.jpg,AoF,8365,2,Only_Smoke,1,0
test,AoF08366.jpg,AoF,8366,2,Only_Smoke,1,0
test,AoF08367.jpg,AoF,8367,2,Only_Smoke,1,0
test,AoF08368.jpg,AoF,8368,2,Only_Smoke,1,0
test,AoF08369.jpg,AoF,8369,2,Only_Smoke,1,0
test,AoF08370.jpg,AoF,8370,2,Only_Smoke,1,0
test,AoF08371.jpg,AoF,8371,2,Only_Smoke,1,0
test,AoF08372.jpg,AoF,8372,2,Only_Smoke,1,0
test,AoF08373.jpg,AoF,8373,2,Only_Smoke,1,0
test,AoF08374.jpg,AoF,8374,2,Only_Smoke,1,0
test,AoF08375.jpg,AoF,8375,2,Only_Smoke,1,0
test,AoF08376.jpg,AoF,8376,2,Only_Smoke,1,0
test,AoF08377.jpg,AoF,8377,2,Only_Smoke,1,0
test,AoF08378.jpg,AoF,8378,2,Only_Smoke,1,0
test,AoF08379.jpg,AoF,8379,2,Only_Smoke,1,0
test,AoF08380.jpg,AoF,8380,2,Only_Smoke,1,0
test,AoF08381.jpg,AoF,8381,2,Only_Smoke,1,0
test,AoF08382.jpg,AoF,8382,2,Only_Smoke,1,0
test,AoF08383.jpg,AoF,8383,2,Only_Smoke,1,0
test,PublicDataset01055.jpg,PublicDataset,1055,1,Only_Fire,0,1
test,PublicDataset01056.jpg,PublicDataset,1056,1,Only_Fire,0,1
test,PublicDataset01057.jpg,PublicDataset,1057,1,Only_Fire,0,1
test,PublicDataset01058.jpg,PublicDataset,1058,1,Only_Fire,0,1
test,PublicDataset01059.jpg,PublicDataset,1059,1,Only_Fire,0,1
test,PublicDataset01060.jpg,PublicDataset,1060,1,Only_Fire,0,1
test,PublicDataset01061.jpg,PublicDataset,1061,1,Only_Fire,0,1
test,PublicDataset01062.jpg,PublicDataset,1062,1,Only_Fire,0,1
test,PublicDataset01063.jpg,PublicDataset,1063,1,Only_Fire,0,1
test,PublicDataset01064.jpg,PublicDataset,1064,1,Only_Fire,0,1
test,PublicDataset01065.jpg,PublicDataset,1065,1,Only_Fire,0,1
test,PublicDataset01066.jpg,PublicDataset,1066,1,Only_Fire,0,1
test,PublicDataset01067.jpg,PublicDataset,1067,1,Only_Fire,0,1
test,PublicDataset01068.jpg,PublicDataset,1068,1,Only_Fire,0,1
test,PublicDataset01069.jpg,PublicDataset,1069,1,Only_Fire,0,1
test,PublicDataset01070.jpg,PublicDataset,1070,1,Only_Fire,0,3
test,PublicDataset01071.jpg,PublicDataset,1071,1,Only_Fire,0,2
test,PublicDataset01072.jpg,PublicDataset,1072,1,Only_Fire,0,1
test,PublicDataset01073.jpg,PublicDataset,1073,1,Only_Fire,0,1
test,PublicDataset01074.jpg,PublicDataset,1074,1,Only_Fire,0,2
test,PublicDataset01075.jpg,PublicDataset,1075,3,Both,1,2
test,PublicDataset01076.jpg,PublicDataset,1076,3,Both,1,1
test,PublicDataset01077.jpg,PublicDataset,1077,3,Both,1,1
test,PublicDataset01078.jpg,PublicDataset,1078,2,Only_Smoke,1,0
test,PublicDataset01079.jpg,PublicDataset,1079,1,Only_Fire,0,1
test,PublicDataset01080.jpg,PublicDataset,1080,1,Only_Fire,0,1
test,PublicDataset01081.jpg,PublicDataset,1081,1,Only_Fire,0,1
test,PublicDataset01082.jpg,PublicDataset,1082,1,Only_Fire,0,1
test,PublicDataset01083.jpg,PublicDataset,1083,1,Only_Fire,0,1
test,PublicDataset01084.jpg,PublicDataset,1084,3,Both,1,1
test,PublicDataset01085.jpg,PublicDataset,1085,3,Both,1,1
test,PublicDataset01086.jpg,PublicDataset,1086,1,Only_Fire,0,1
test,PublicDataset01087.jpg,PublicDataset,1087,3,Both,1,1
test,PublicDataset01088.jpg,PublicDataset,1088,3,Both,1,3
test,PublicDataset01089.jpg,PublicDataset,1089,3,Both,1,2
test,PublicDataset01090.jpg,PublicDataset,1090,3,Both,1,2
test,PublicDataset01091.jpg,PublicDataset,1091,3,Both,1,2
test,PublicDataset01092.jpg,PublicDataset,1092,3,Both,1,2
test,PublicDataset01093.jpg,PublicDataset,1093,3,Both,1,2
test,PublicDataset01094.jpg,PublicDataset,1094,2,Only_Smoke,1,0
test,PublicDataset01095.jpg,PublicDataset,1095,2,Only_Smoke,1,0
test,PublicDataset01096.jpg,PublicDataset,1096,2,Only_Smoke,1,0
test,PublicDataset01097.jpg,PublicDataset,1097,2,Only_Smoke,1,0
test,PublicDataset01098.jpg,PublicDataset,1098,2,Only_Smoke,1,0
test,PublicDataset01099.jpg,PublicDataset,1099,2,Only_Smoke,1,0
test,PublicDataset01100.jpg,PublicDataset,1100,2,Only_Smoke,1,0
test,PublicDataset01101.jpg,PublicDataset,1101,2,Only_Smoke,1,0
test,PublicDataset01102.jpg,PublicDataset,1102,2,Only_Smoke,1,0
test,PublicDataset01103.jpg,PublicDataset,1103,2,Only_Smoke,1,0
test,PublicDataset01104.jpg,PublicDataset,1104,2,Only_Smoke,1,0
test,PublicDataset01105.jpg,PublicDataset,1105,2,Only_Smoke,1,0
test,PublicDataset01106.jpg,PublicDataset,1106,2,Only_Smoke,1,0
test,PublicDataset01107.jpg,PublicDataset,1107,2,Only_Smoke,1,0
test,PublicDataset01108.jpg,PublicDataset,1108,2,Only_Smoke,1,0
test,PublicDataset01109.jpg,PublicDataset,1109,2,Only_Smoke,1,0
test,PublicDataset01110.jpg,PublicDataset,1110,2,Only_Smoke,1,0
test,PublicDataset01111.jpg,PublicDataset,1111,2,Only_Smoke,1,0
test,PublicDataset01112.jpg,PublicDataset,1112,2,Only_Smoke,1,0
test,PublicDataset01113.jpg,PublicDataset,1113,2,Only_Smoke,1,0
test,PublicDataset01114.jpg,PublicDataset,1114,2,Only_Smoke,1,0
test,PublicDataset01115.jpg,PublicDataset,1115,2,Only_Smoke,1,0
test,PublicDataset01116.jpg,PublicDataset,1116,2,Only_Smoke,1,0
test,PublicDataset01117.jpg,PublicDataset,1117,2,Only_Smoke,1,0
test,PublicDataset01118.jpg,PublicDataset,1118,2,Only_Smoke,1,0
test,PublicDataset01119.jpg,PublicDataset,1119,2,Only_Smoke,1,0
test,PublicDataset01120.jpg,PublicDataset,1120,2,Only_Smoke,1,0
test,PublicDataset01121.jpg,PublicDataset,1121,2,Only_Smoke,1,0
test,PublicDataset01122.jpg,PublicDataset,1122,2,Only_Smoke,1,0
test,PublicDataset01123.jpg,PublicDataset,1123,2,Only_Smoke,1,0
test,PublicDataset01124.jpg,PublicDataset,1124,2,Only_Smoke,1,0
test,PublicDataset01125.jpg,PublicDataset,1125,2,Only_Smoke,1,0
test,PublicDataset01126.jpg,PublicDataset,1126,2,Only_Smoke,1,0
test,PublicDataset01127.jpg,PublicDataset,1127,2,Only_Smoke,1,0
test,PublicDataset01128.jpg,PublicDataset,1128,2,Only_Smoke,1,0
test,PublicDataset01129.jpg,PublicDataset,1129,2,Only_Smoke,1,0
test,PublicDataset01130.jpg,PublicDataset,1130,2,Only_Smoke,1,0
test,PublicDataset01131.jpg,PublicDataset,1131,2,Only_Smoke,1,0
test,PublicDataset01132.jpg,PublicDataset,1132,2,Only_Smoke,1,0
test,PublicDataset01133.jpg,PublicDataset,1133,2,Only_Smoke,1,0
test,PublicDataset01134.jpg,PublicDataset,1134,2,Only_Smoke,1,0
test,PublicDataset01135.jpg,PublicDataset,1135,2,Only_Smoke,1,0
test,PublicDataset01136.jpg,PublicDataset,1136,2,Only_Smoke,1,0
test,PublicDataset01137.jpg,PublicDataset,1137,2,Only_Smoke,1,0
test,PublicDataset01138.jpg,PublicDataset,1138,2,Only_Smoke,1,0
test,PublicDataset01139.jpg,PublicDataset,1139,2,Only_Smoke,1,0
test,PublicDataset01140.jpg,PublicDataset,1140,2,Only_Smoke,1,0
test,PublicDataset01141.jpg,PublicDataset,1141,2,Only_Smoke,1,0
test,PublicDataset01142.jpg,PublicDataset,1142,2,Only_Smoke,1,0
test,PublicDataset01143.jpg,PublicDataset,1143,2,Only_Smoke,1,0
test,PublicDataset01144.jpg,PublicDataset,1144,2,Only_Smoke,1,0
test,PublicDataset01145.jpg,PublicDataset,1145,2,Only_Smoke,1,0
test,PublicDataset01146.jpg,PublicDataset,1146,2,Only_Smoke,1,0
test,PublicDataset01147.jpg,PublicDataset,1147,2,Only_Smoke,1,0
test,PublicDataset01148.jpg,PublicDataset,1148,2,Only_Smoke,1,0
test,PublicDataset01149.jpg,PublicDataset,1149,2,Only_Smoke,1,0
test,PublicDataset01150.jpg,PublicDataset,1150,2,Only_Smoke,1,0
test,PublicDataset01151.jpg,PublicDataset,1151,2,Only_Smoke,1,0
test,PublicDataset01152.jpg,PublicDataset,1152,2,Only_Smoke,1,0
test,PublicDataset01153.jpg,PublicDataset,1153,2,Only_Smoke,1,0
test,PublicDataset01154.jpg,PublicDataset,1154,2,Only_Smoke,1,0
test,PublicDataset01155.jpg,PublicDataset,1155,2,Only_Smoke,1,0
test,PublicDataset01156.jpg,PublicDataset,1156,2,Only_Smoke,1,0
test,PublicDataset01157.jpg,PublicDataset,1157,2,Only_Smoke,2,0
test,PublicDataset01158.jpg,PublicDataset,1158,2,Only_Smoke,1,0
test,PublicDataset01159.jpg,PublicDataset,1159,2,Only_Smoke,1,0
test,PublicDataset01160.jpg,PublicDataset,1160,2,Only_Smoke,1,0
test,PublicDataset01161.jpg,PublicDataset,1161,2,Only_Smoke,1,0
test,PublicDataset01162.jpg,PublicDataset,1162,2,Only_Smoke,1,0
test,PublicDataset01163.jpg,PublicDataset,1163,2,Only_Smoke,1,0
test,PublicDataset01164.jpg,PublicDataset,1164,2,Only_Smoke,1,0
test,PublicDataset01165.jpg,PublicDataset,1165,3,Both,1,1
test,PublicDataset01166.jpg,PublicDataset,1166,3,Both,1,1
test,PublicDataset01167.jpg,PublicDataset,1167,3,Both,2,1
test,PublicDataset01168.jpg,PublicDataset,1168,2,Only_Smoke,1,0
test,PublicDataset01169.jpg,PublicDataset,1169,2,Only_Smoke,1,0
test,PublicDataset01170.jpg,PublicDataset,1170,2,Only_Smoke,1,0
test,PublicDataset01171.jpg,PublicDataset,1171,2,Only_Smoke,1,0
test,PublicDataset01172.jpg,PublicDataset,1172,2,Only_Smoke,1,0
test,PublicDataset01173.jpg,PublicDataset,1173,2,Only_Smoke,1,0
test,PublicDataset01174.jpg,PublicDataset,1174,2,Only_Smoke,1,0
test,PublicDataset01175.jpg,PublicDataset,1175,2,Only_Smoke,1,0
test,PublicDataset01176.jpg,PublicDataset,1176,2,Only_Smoke,1,0
test,PublicDataset01177.jpg,PublicDataset,1177,2,Only_Smoke,1,0
test,PublicDataset01178.jpg,PublicDataset,1178,2,Only_Smoke,1,0
test,PublicDataset01179.jpg,PublicDataset,1179,2,Only_Smoke,1,0
test,PublicDataset01180.jpg,PublicDataset,1180,2,Only_Smoke,1,0
test,PublicDataset01181.jpg,PublicDataset,1181,2,Only_Smoke,2,0
test,PublicDataset01182.jpg,PublicDataset,1182,2,Only_Smoke,1,0
test,PublicDataset01183.jpg,PublicDataset,1183,2,Only_Smoke,1,0
test,PublicDataset01184.jpg,PublicDataset,1184,2,Only_Smoke,1,0
test,PublicDataset01185.jpg,PublicDataset,1185,2,Only_Smoke,1,0
test,PublicDataset01186.jpg,PublicDataset,1186,2,Only_Smoke,1,0
test,PublicDataset01187.jpg,PublicDataset,1187,2,Only_Smoke,1,0
test,PublicDataset01188.jpg,PublicDataset,1188,2,Only_Smoke,1,0
test,PublicDataset01189.jpg,PublicDataset,1189,2,Only_Smoke,1,0
test,PublicDataset01190.jpg,PublicDataset,1190,2,Only_Smoke,1,0
test,PublicDataset01191.jpg,PublicDataset,1191,2,Only_Smoke,1,0
test,PublicDataset01192.jpg,PublicDataset,1192,2,Only_Smoke,1,0
test,PublicDataset01193.jpg,PublicDataset,1193,2,Only_Smoke,1,0
test,PublicDataset01194.jpg,PublicDataset,1194,2,Only_Smoke,1,0
test,PublicDataset01195.jpg,PublicDataset,1195,2,Only_Smoke,1,0
test,PublicDataset01196.jpg,PublicDataset,1196,2,Only_Smoke,1,0
test,PublicDataset01197.jpg,PublicDataset,1197,2,Only_Smoke,1,0
test,PublicDataset01198.jpg,PublicDataset,1198,2,Only_Smoke,1,0
test,PublicDataset01199.jpg,PublicDataset,1199,2,Only_Smoke,1,0
test,PublicDataset01200.jpg,PublicDataset,1200,2,Only_Smoke,1,0
test,PublicDataset01201.jpg,PublicDataset,1201,2,Only_Smoke,1,0
test,PublicDataset01202.jpg,PublicDataset,1202,2,Only_Smoke,1,0
test,PublicDataset01203.jpg,PublicDataset,1203,2,Only_Smoke,1,0
test,PublicDataset01204.jpg,PublicDataset,1204,2,Only_Smoke,1,0
test,PublicDataset01205.jpg,PublicDataset,1205,2,Only_Smoke,1,0
test,PublicDataset01206.jpg,PublicDataset,1206,2,Only_Smoke,1,0
test,PublicDataset01207.jpg,PublicDataset,1207,2,Only_Smoke,1,0
test,PublicDataset01208.jpg,PublicDataset,1208,2,Only_Smoke,1,0
test,PublicDataset01209.jpg,PublicDataset,1209,2,Only_Smoke,1,0
test,PublicDataset01210.jpg,PublicDataset,1210,2,Only_Smoke,1,0
test,PublicDataset01211.jpg,PublicDataset,1211,2,Only_Smoke,1,0
test,PublicDataset01212.jpg,PublicDataset,1212,2,Only_Smoke,1,0
test,PublicDataset01213.jpg,PublicDataset,1213,2,Only_Smoke,1,0
test,PublicDataset01214.jpg,PublicDataset,1214,2,Only_Smoke,1,0
test,PublicDataset01215.jpg,PublicDataset,1215,2,Only_Smoke,1,0
test,PublicDataset01216.jpg,PublicDataset,1216,2,Only_Smoke,1,0
test,PublicDataset01217.jpg,PublicDataset,1217,3,Both,1,1
test,PublicDataset01218.jpg,PublicDataset,1218,2,Only_Smoke,1,0
test,PublicDataset01219.jpg,PublicDataset,1219,2,Only_Smoke,1,0
test,PublicDataset01220.jpg,PublicDataset,1220,2,Only_Smoke,1,0
test,PublicDataset01221.jpg,PublicDataset,1221,2,Only_Smoke,1,0
test,PublicDataset01222.jpg,PublicDataset,1222,2,Only_Smoke,1,0
test,PublicDataset01223.jpg,PublicDataset,1223,2,Only_Smoke,1,0
test,PublicDataset01224.jpg,PublicDataset,1224,2,Only_Smoke,1,0
test,PublicDataset01225.jpg,PublicDataset,1225,3,Both,3,1
test,PublicDataset01226.jpg,PublicDataset,1226,2,Only_Smoke,1,0
test,PublicDataset01227.jpg,PublicDataset,1227,2,Only_Smoke,1,0
test,PublicDataset01228.jpg,PublicDataset,1228,2,Only_Smoke,1,0
test,PublicDataset01229.jpg,PublicDataset,1229,2,Only_Smoke,1,0
test,PublicDataset01230.jpg,PublicDataset,1230,2,Only_Smoke,1,0
test,PublicDataset01231.jpg,PublicDataset,1231,2,Only_Smoke,1,0
test,PublicDataset01232.jpg,PublicDataset,1232,2,Only_Smoke,1,0
test,PublicDataset01233.jpg,PublicDataset,1233,2,Only_Smoke,1,0
test,PublicDataset01234.jpg,PublicDataset,1234,2,Only_Smoke,2,0
test,PublicDataset01235.jpg,PublicDataset,1235,2,Only_Smoke,1,0
test,PublicDataset01236.jpg,PublicDataset,1236,2,Only_Smoke,1,0
test,PublicDataset01237.jpg,PublicDataset,1237,2,Only_Smoke,1,0
test,PublicDataset01238.jpg,PublicDataset,1238,2,Only_Smoke,1,0
test,PublicDataset01239.jpg,PublicDataset,1239,3,Both,1,1
test,PublicDataset01240.jpg,PublicDataset,1240,2,Only_Smoke,1,0
test,PublicDataset01241.jpg,PublicDataset,1241,3,Both,1,1
test,PublicDataset01242.jpg,PublicDataset,1242,3,Both,1,1
test,PublicDataset01243.jpg,PublicDataset,1243,2,Only_Smoke,1,0
test,PublicDataset01244.jpg,PublicDataset,1244,2,Only_Smoke,1,0
test,PublicDataset01245.jpg,PublicDataset,1245,2,Only_Smoke,1,0
test,PublicDataset01246.jpg,PublicDataset,1246,2,Only_Smoke,1,0
test,PublicDataset01247.jpg,PublicDataset,1247,2,Only_Smoke,1,0
test,PublicDataset01248.jpg,PublicDataset,1248,2,Only_Smoke,1,0
test,PublicDataset01249.jpg,PublicDataset,1249,2,Only_Smoke,1,0
test,PublicDataset01250.jpg,PublicDataset,1250,2,Only_Smoke,1,0
test,PublicDataset01251.jpg,PublicDataset,1251,2,Only_Smoke,1,0
test,PublicDataset01252.jpg,PublicDataset,1252,2,Only_Smoke,1,0
test,PublicDataset01253.jpg,PublicDataset,1253,2,Only_Smoke,1,0
test,PublicDataset01254.jpg,PublicDataset,1254,2,Only_Smoke,1,0
test,PublicDataset01255.jpg,PublicDataset,1255,2,Only_Smoke,1,0
test,PublicDataset01256.jpg,PublicDataset,1256,2,Only_Smoke,1,0
test,PublicDataset01257.jpg,PublicDataset,1257,2,Only_Smoke,1,0
test,PublicDataset01258.jpg,PublicDataset,1258,2,Only_Smoke,1,0
test,PublicDataset01259.jpg,PublicDataset,1259,2,Only_Smoke,1,0
test,PublicDataset01260.jpg,PublicDataset,1260,2,Only_Smoke,1,0
test,PublicDataset01261.jpg,PublicDataset,1261,2,Only_Smoke,1,0
test,PublicDataset01262.jpg,PublicDataset,1262,2,Only_Smoke,1,0
test,PublicDataset01263.jpg,PublicDataset,1263,2,Only_Smoke,1,0
test,PublicDataset01264.jpg,PublicDataset,1264,2,Only_Smoke,1,0
test,PublicDataset01265.jpg,PublicDataset,1265,2,Only_Smoke,1,0
test,PublicDataset01266.jpg,PublicDataset,1266,2,Only_Smoke,1,0
test,PublicDataset01267.jpg,PublicDataset,1267,2,Only_Smoke,1,0
test,PublicDataset01268.jpg,PublicDataset,1268,2,Only_Smoke,1,0
test,PublicDataset01269.jpg,PublicDataset,1269,2,Only_Smoke,1,0
test,PublicDataset01270.jpg,PublicDataset,1270,2,Only_Smoke,1,0
test,PublicDataset01271.jpg,PublicDataset,1271,2,Only_Smoke,1,0
test,PublicDataset01272.jpg,PublicDataset,1272,2,Only_Smoke,1,0
test,PublicDataset01273.jpg,PublicDataset,1273,2,Only_Smoke,1,0
test,PublicDataset01274.jpg,PublicDataset,1274,2,Only_Smoke,1,0
test,PublicDataset01275.jpg,PublicDataset,1275,2,Only_Smoke,1,0
test,PublicDataset01276.jpg,PublicDataset,1276,3,Both,1,1
test,PublicDataset01277.jpg,PublicDataset,1277,2,Only_Smoke,1,0
test,PublicDataset01278.jpg,PublicDataset,1278,2,Only_Smoke,2,0
test,PublicDataset01279.jpg,PublicDataset,1279,2,Only_Smoke,1,0
test,PublicDataset01280.jpg,PublicDataset,1280,3,Both,1,1
test,PublicDataset01281.jpg,PublicDataset,1281,2,Only_Smoke,1,0
test,PublicDataset01282.jpg,PublicDataset,1282,2,Only_Smoke,1,0
test,PublicDataset01283.jpg,PublicDataset,1283,2,Only_Smoke,1,0
test,PublicDataset01284.jpg,PublicDataset,1284,2,Only_Smoke,1,0
test,PublicDataset01285.jpg,PublicDataset,1285,2,Only_Smoke,1,0
test,PublicDataset01286.jpg,PublicDataset,1286,0,Neither,0,0
test,PublicDataset01287.jpg,PublicDataset,1287,0,Neither,0,0
test,PublicDataset01288.jpg,PublicDataset,1288,0,Neither,0,0
test,PublicDataset01289.jpg,PublicDataset,1289,0,Neither,0,0
test,PublicDataset01290.jpg,PublicDataset,1290,0,Neither,0,0
test,PublicDataset01291.jpg,PublicDataset,1291,0,Neither,0,0
test,PublicDataset01292.jpg,PublicDataset,1292,0,Neither,0,0
test,PublicDataset01293.jpg,PublicDataset,1293,0,Neither,0,0
test,PublicDataset01294.jpg,PublicDataset,1294,0,Neither,0,0
test,PublicDataset01295.jpg,PublicDataset,1295,0,Neither,0,0
test,PublicDataset01296.jpg,PublicDataset,1296,0,Neither,0,0
test,PublicDataset01297.jpg,PublicDataset,1297,0,Neither,0,0
test,PublicDataset01298.jpg,PublicDataset,1298,0,Neither,0,0
test,PublicDataset01299.jpg,PublicDataset,1299,0,Neither,0,0
test,PublicDataset01300.jpg,PublicDataset,1300,0,Neither,0,0
test,PublicDataset01301.jpg,PublicDataset,1301,0,Neither,0,0
test,PublicDataset01302.jpg,PublicDataset,1302,0,Neither,0,0
test,PublicDataset01303.jpg,PublicDataset,1303,0,Neither,0,0
test,PublicDataset01304.jpg,PublicDataset,1304,0,Neither,0,0
test,PublicDataset01305.jpg,PublicDataset,1305,0,Neither,0,0
test,PublicDataset01306.jpg,PublicDataset,1306,0,Neither,0,0
test,PublicDataset01307.jpg,PublicDataset,1307,0,Neither,0,0
test,PublicDataset01308.jpg,PublicDataset,1308,0,Neither,0,0
test,PublicDataset01309.jpg,PublicDataset,1309,0,Neither,0,0
test,PublicDataset01310.jpg,PublicDataset,1310,0,Neither,0,0
test,PublicDataset01311.jpg,PublicDataset,1311,0,Neither,0,0
test,PublicDataset01312.jpg,PublicDataset,1312,0,Neither,0,0
test,PublicDataset01313.jpg,PublicDataset,1313,0,Neither,0,0
test,PublicDataset01314.jpg,PublicDataset,1314,0,Neither,0,0
test,PublicDataset01315.jpg,PublicDataset,1315,0,Neither,0,0
test,PublicDataset01316.jpg,PublicDataset,1316,0,Neither,0,0
test,PublicDataset01317.jpg,PublicDataset,1317,1,Only_Fire,0,3
test,PublicDataset01318.jpg,PublicDataset,1318,3,Both,1,1
test,PublicDataset01319.jpg,PublicDataset,1319,1,Only_Fire,0,2
test,PublicDataset01320.jpg,PublicDataset,1320,3,Both,1,3
test,PublicDataset01321.jpg,PublicDataset,1321,3,Both,2,1
test,PublicDataset01322.jpg,PublicDataset,1322,3,Both,1,2
test,PublicDataset01323.jpg,PublicDataset,1323,3,Both,1,3
test,PublicDataset01324.jpg,PublicDataset,1324,3,Both,1,2
test,PublicDataset01325.jpg,PublicDataset,1325,3,Both,1,5
test,PublicDataset01326.jpg,PublicDataset,1326,1,Only_Fire,0,1
test,PublicDataset01327.jpg,PublicDataset,1327,1,Only_Fire,0,5
test,PublicDataset01328.jpg,PublicDataset,1328,3,Both,1,6
test,PublicDataset01329.jpg,PublicDataset,1329,1,Only_Fire,0,1
test,PublicDataset01330.jpg,PublicDataset,1330,3,Both,1,1
test,PublicDataset01331.jpg,PublicDataset,1331,2,Only_Smoke,1,0
test,PublicDataset01332.jpg,PublicDataset,1332,2,Only_Smoke,1,0
test,PublicDataset01333.jpg,PublicDataset,1333,2,Only_Smoke,1,0
test,PublicDataset01334.jpg,PublicDataset,1334,2,Only_Smoke,1,0
test,PublicDataset01335.jpg,PublicDataset,1335,2,Only_Smoke,1,0
test,WEB09443.jpg,WEB,9443,0,Neither,0,0
test,WEB09444.jpg,WEB,9444,0,Neither,0,0
test,WEB09445.jpg,WEB,9445,0,Neither,0,0
test,WEB09446.jpg,WEB,9446,0,Neither,0,0
test,WEB09447.jpg,WEB,9447,0,Neither,0,0
test,WEB09448.jpg,WEB,9448,0,Neither,0,0
test,WEB09449.jpg,WEB,9449,0,Neither,0,0
test,WEB09450.jpg,WEB,9450,0,Neither,0,0
test,WEB09451.jpg,WEB,9451,0,Neither,0,0
test,WEB09452.jpg,WEB,9452,0,Neither,0,0
test,WEB09453.jpg,WEB,9453,0,Neither,0,0
test,WEB09454.jpg,WEB,9454,0,Neither,0,0
test,WEB09455.jpg,WEB,9455,0,Neither,0,0
test,WEB09456.jpg,WEB,9456,0,Neither,0,0
test,WEB09457.jpg,WEB,9457,0,Neither,0,0
test,WEB09458.jpg,WEB,9458,0,Neither,0,0
test,WEB09459.jpg,WEB,9459,0,Neither,0,0
test,WEB09460.jpg,WEB,9460,0,Neither,0,0
test,WEB09461.jpg,WEB,9461,0,Neither,0,0
test,WEB09462.jpg,WEB,9462,0,Neither,0,0
test,WEB09463.jpg,WEB,9463,0,Neither,0,0
test,WEB09464.jpg,WEB,9464,0,Neither,0,0
test,WEB09465.jpg,WEB,9465,0,Neither,0,0
test,WEB09466.jpg,WEB,9466,0,Neither,0,0
test,WEB09467.jpg,WEB,9467,0,Neither,0,0
test,WEB09468.jpg,WEB,9468,0,Neither,0,0
test,WEB09469.jpg,WEB,9469,0,Neither,0,0
test,WEB09470.jpg,WEB,9470,0,Neither,0,0
test,WEB09471.jpg,WEB,9471,0,Neither,0,0
test,WEB09472.jpg,WEB,9472,0,Neither,0,0
test,WEB09473.jpg,WEB,9473,0,Neither,0,0
test,WEB09474.jpg,WEB,9474,0,Neither,0,0
test,WEB09475.jpg,WEB,9475,0,Neither,0,0
test,WEB09476.jpg,WEB,9476,0,Neither,0,0
test,WEB09477.jpg,WEB,9477,0,Neither,0,0
test,WEB09478.jpg,WEB,9478,0,Neither,0,0
test,WEB09479.jpg,WEB,9479,0,Neither,0,0
test,WEB09480.jpg,WEB,9480,0,Neither,0,0
test,WEB09481.jpg,WEB,9481,0,Neither,0,0
test,WEB09482.jpg,WEB,9482,0,Neither,0,0
test,WEB09483.jpg,WEB,9483,0,Neither,0,0
test,WEB09484.jpg,WEB,9484,0,Neither,0,0
test,WEB09485.jpg,WEB,9485,0,Neither,0,0
test,WEB09486.jpg,WEB,9486,0,Neither,0,0
test,WEB09487.jpg,WEB,9487,0,Neither,0,0
test,WEB09488.jpg,WEB,9488,0,Neither,0,0
test,WEB09489.jpg,WEB,9489,0,Neither,0,0
test,WEB09490.jpg,WEB,9490,0,Neither,0,0
test,WEB09491.jpg,WEB,9491,0,Neither,0,0
test,WEB09492.jpg,WEB,9492,0,Neither,0,0
test,WEB09493.jpg,WEB,9493,0,Neither,0,0
test,WEB09494.jpg,WEB,9494,0,Neither,0,0
test,WEB09495.jpg,WEB,9495,0,Neither,0,0
test,WEB09496.jpg,WEB,9496,0,Neither,0,0
test,WEB09497.jpg,WEB,9497,0,Neither,0,0
test,WEB09498.jpg,WEB,9498,0,Neither,0,0
test,WEB09499.jpg,WEB,9499,0,Neither,0,0
test,WEB09500.jpg,WEB,9500,0,Neither,0,0
test,WEB09501.jpg,WEB,9501,0,Neither,0,0
test,WEB09502.jpg,WEB,9502,0,Neither,0,0
test,WEB09503.jpg,WEB,9503,0,Neither,0,0
test,WEB09504.jpg,WEB,9504,0,Neither,0,0
test,WEB09505.jpg,WEB,9505,0,Neither,0,0
test,WEB09506.jpg,WEB,9506,0,Neither,0,0
test,WEB09507.jpg,WEB,9507,0,Neither,0,0
test,WEB09508.jpg,WEB,9508,0,Neither,0,0
test,WEB09509.jpg,WEB,9509,0,Neither,0,0
test,WEB09510.jpg,WEB,9510,0,Neither,0,0
test,WEB09511.jpg,WEB,9511,0,Neither,0,0
test,WEB09512.jpg,WEB,9512,0,Neither,0,0
test,WEB09513.jpg,WEB,9513,0,Neither,0,0
test,WEB09514.jpg,WEB,9514,0,Neither,0,0
test,WEB09515.jpg,WEB,9515,0,Neither,0,0
test,WEB09516.jpg,WEB,9516,0,Neither,0,0
test,WEB09517.jpg,WEB,9517,0,Neither,0,0
test,WEB09518.jpg,WEB,9518,0,Neither,0,0
test,WEB09519.jpg,WEB,9519,0,Neither,0,0
test,WEB09520.jpg,WEB,9520,0,Neither,0,0
test,WEB09521.jpg,WEB,9521,0,Neither,0,0
test,WEB09522.jpg,WEB,9522,0,Neither,0,0
test,WEB09523.jpg,WEB,9523,0,Neither,0,0
test,WEB09524.jpg,WEB,9524,0,Neither,0,0
test,WEB09525.jpg,WEB,9525,0,Neither,0,0
test,WEB09526.jpg,WEB,9526,0,Neither,0,0
test,WEB09527.jpg,WEB,9527,0,Neither,0,0
test,WEB09528.jpg,WEB,9528,0,Neither,0,0
test,WEB09529.jpg,WEB,9529,0,Neither,0,0
test,WEB09530.jpg,WEB,9530,0,Neither,0,0
test,WEB09531.jpg,WEB,9531,0,Neither,0,0
test,WEB09532.jpg,WEB,9532,0,Neither,0,0
test,WEB09533.jpg,WEB,9533,0,Neither,0,0
test,WEB09534.jpg,WEB,9534,0,Neither,0,0
test,WEB09535.jpg,WEB,9535,0,Neither,0,0
test,WEB09536.jpg,WEB,9536,0,Neither,0,0
test,WEB09537.jpg,WEB,9537,0,Neither,0,0
test,WEB09538.jpg,WEB,9538,0,Neither,0,0
test,WEB09539.jpg,WEB,9539,0,Neither,0,0
test,WEB09540.jpg,WEB,9540,0,Neither,0,0
test,WEB09541.jpg,WEB,9541,0,Neither,0,0
test,WEB09542.jpg,WEB,9542,0,Neither,0,0
test,WEB09543.jpg,WEB,9543,0,Neither,0,0
test,WEB09544.jpg,WEB,9544,0,Neither,0,0
test,WEB09545.jpg,WEB,9545,0,Neither,0,0
test,WEB09546.jpg,WEB,9546,0,Neither,0,0
test,WEB09547.jpg,WEB,9547,0,Neither,0,0
test,WEB09548.jpg,WEB,9548,0,Neither,0,0
test,WEB09549.jpg,WEB,9549,0,Neither,0,0
test,WEB09550.jpg,WEB,9550,0,Neither,0,0
test,WEB09551.jpg,WEB,9551,0,Neither,0,0
test,WEB09552.jpg,WEB,9552,0,Neither,0,0
test,WEB09553.jpg,WEB,9553,0,Neither,0,0
test,WEB09554.jpg,WEB,9554,0,Neither,0,0
test,WEB09555.jpg,WEB,9555,0,Neither,0,0
test,WEB09556.jpg,WEB,9556,0,Neither,0,0
test,WEB09557.jpg,WEB,9557,0,Neither,0,0
test,WEB09558.jpg,WEB,9558,0,Neither,0,0
test,WEB09559.jpg,WEB,9559,0,Neither,0,0
test,WEB09560.jpg,WEB,9560,0,Neither,0,0
test,WEB09561.jpg,WEB,9561,0,Neither,0,0
test,WEB09562.jpg,WEB,9562,0,Neither,0,0
test,WEB09563.jpg,WEB,9563,0,Neither,0,0
test,WEB09564.jpg,WEB,9564,0,Neither,0,0
test,WEB09565.jpg,WEB,9565,0,Neither,0,0
test,WEB09566.jpg,WEB,9566,0,Neither,0,0
test,WEB09567.jpg,WEB,9567,0,Neither,0,0
test,WEB09568.jpg,WEB,9568,0,Neither,0,0
test,WEB09569.jpg,WEB,9569,0,Neither,0,0
test,WEB09570.jpg,WEB,9570,0,Neither,0,0
test,WEB09571.jpg,WEB,9571,0,Neither,0,0
test,WEB09572.jpg,WEB,9572,0,Neither,0,0
test,WEB09573.jpg,WEB,9573,0,Neither,0,0
test,WEB09574.jpg,WEB,9574,0,Neither,0,0
test,WEB09575.jpg,WEB,9575,0,Neither,0,0
test,WEB09576.jpg,WEB,9576,0,Neither,0,0
test,WEB09577.jpg,WEB,9577,0,Neither,0,0
test,WEB09578.jpg,WEB,9578,0,Neither,0,0
test,WEB09579.jpg,WEB,9579,0,Neither,0,0
test,WEB09580.jpg,WEB,9580,0,Neither,0,0
test,WEB09581.jpg,WEB,9581,0,Neither,0,0
test,WEB09582.jpg,WEB,9582,0,Neither,0,0
test,WEB09583.jpg,WEB,9583,0,Neither,0,0
test,WEB09584.jpg,WEB,9584,0,Neither,0,0
test,WEB09585.jpg,WEB,9585,0,Neither,0,0
test,WEB09586.jpg,WEB,9586,0,Neither,0,0
test,WEB09587.jpg,WEB,9587,0,Neither,0,0
test,WEB09588.jpg,WEB,9588,0,Neither,0,0
test,WEB09589.jpg,WEB,9589,0,Neither,0,0
test,WEB09590.jpg,WEB,9590,0,Neither,0,0
test,WEB09591.jpg,WEB,9591,0,Neither,0,0
test,WEB09592.jpg,WEB,9592,0,Neither,0,0
test,WEB09593.jpg,WEB,9593,0,Neither,0,0
test,WEB09594.jpg,WEB,9594,0,Neither,0,0
test,WEB09595.jpg,WEB,9595,0,Neither,0,0
test,WEB09596.jpg,WEB,9596,0,Neither,0,0
test,WEB09597.jpg,WEB,9597,0,Neither,0,0
test,WEB09598.jpg,WEB,9598,0,Neither,0,0
test,WEB09599.jpg,WEB,9599,0,Neither,0,0
test,WEB09600.jpg,WEB,9600,0,Neither,0,0
test,WEB09601.jpg,WEB,9601,0,Neither,0,0
test,WEB09602.jpg,WEB,9602,0,Neither,0,0
test,WEB09603.jpg,WEB,9603,0,Neither,0,0
test,WEB09604.jpg,WEB,9604,0,Neither,0,0
test,WEB09605.jpg,WEB,9605,0,Neither,0,0
test,WEB09606.jpg,WEB,9606,0,Neither,0,0
test,WEB09607.jpg,WEB,9607,0,Neither,0,0
test,WEB09608.jpg,WEB,9608,0,Neither,0,0
test,WEB09609.jpg,WEB,9609,0,Neither,0,0
test,WEB09610.jpg,WEB,9610,0,Neither,0,0
test,WEB09611.jpg,WEB,9611,0,Neither,0,0
test,WEB09612.jpg,WEB,9612,0,Neither,0,0
test,WEB09613.jpg,WEB,9613,0,Neither,0,0
test,WEB09614.jpg,WEB,9614,0,Neither,0,0
test,WEB09615.jpg,WEB,9615,0,Neither,0,0
test,WEB09616.jpg,WEB,9616,0,Neither,0,0
test,WEB09617.jpg,WEB,9617,0,Neither,0,0
test,WEB09618.jpg,WEB,9618,0,Neither,0,0
test,WEB09619.jpg,WEB,9619,0,Neither,0,0
test,WEB09620.jpg,WEB,9620,0,Neither,0,0
test,WEB09621.jpg,WEB,9621,0,Neither,0,0
test,WEB09622.jpg,WEB,9622,0,Neither,0,0
test,WEB09623.jpg,WEB,9623,0,Neither,0,0
test,WEB09624.jpg,WEB,9624,0,Neither,0,0
test,WEB09625.jpg,WEB,9625,0,Neither,0,0
test,WEB09626.jpg,WEB,9626,0,Neither,0,0
test,WEB09627.jpg,WEB,9627,0,Neither,0,0
test,WEB09628.jpg,WEB,9628,0,Neither,0,0
test,WEB09629.jpg,WEB,9629,0,Neither,0,0
test,WEB09630.jpg,WEB,9630,0,Neither,0,0
test,WEB09631.jpg,WEB,9631,0,Neither,0,0
test,WEB09632.jpg,WEB,9632,0,Neither,0,0
test,WEB09633.jpg,WEB,9633,0,Neither,0,0
test,WEB09634.jpg,WEB,9634,0,Neither,0,0
test,WEB09635.jpg,WEB,9635,0,Neither,0,0
test,WEB09636.jpg,WEB,9636,0,Neither,0,0
test,WEB09637.jpg,WEB,9637,0,Neither,0,0
test,WEB09638.jpg,WEB,9638,0,Neither,0,0
test,WEB09639.jpg,WEB,9639,0,Neither,0,0
test,WEB09640.jpg,WEB,9640,0,Neither,0,0
test,WEB09641.jpg,WEB,9641,0,Neither,0,0
test,WEB09642.jpg,WEB,9642,0,Neither,0,0
test,WEB09643.jpg,WEB,9643,0,Neither,0,0
test,WEB09644.jpg,WEB,9644,0,Neither,0,0
test,WEB09645.jpg,WEB,9645,0,Neither,0,0
test,WEB09646.jpg,WEB,9646,0,Neither,0,0
test,WEB09647.jpg,WEB,9647,0,Neither,0,0
test,WEB09648.jpg,WEB,9648,0,Neither,0,0
test,WEB09649.jpg,WEB,9649,0,Neither,0,0
test,WEB09650.jpg,WEB,9650,0,Neither,0,0
test,WEB09651.jpg,WEB,9651,0,Neither,0,0
test,WEB09652.jpg,WEB,9652,0,Neither,0,0
test,WEB09653.jpg,WEB,9653,0,Neither,0,0
test,WEB09654.jpg,WEB,9654,0,Neither,0,0
test,WEB09655.jpg,WEB,9655,0,Neither,0,0
test,WEB09656.jpg,WEB,9656,0,Neither,0,0
test,WEB09657.jpg,WEB,9657,0,Neither,0,0
test,WEB09658.jpg,WEB,9658,0,Neither,0,0
test,WEB09659.jpg,WEB,9659,0,Neither,0,0
test,WEB09660.jpg,WEB,9660,0,Neither,0,0
test,WEB09661.jpg,WEB,9661,0,Neither,0,0
test,WEB09662.jpg,WEB,9662,0,Neither,0,0
test,WEB09663.jpg,WEB,9663,0,Neither,0,0
test,WEB09664.jpg,WEB,9664,0,Neither,0,0
test,WEB09665.jpg,WEB,9665,0,Neither,0,0
test,WEB09666.jpg,WEB,9666,0,Neither,0,0
test,WEB09667.jpg,WEB,9667,0,Neither,0,0
test,WEB09668.jpg,WEB,9668,0,Neither,0,0
test,WEB09669.jpg,WEB,9669,0,Neither,0,0
test,WEB09670.jpg,WEB,9670,0,Neither,0,0
test,WEB09671.jpg,WEB,9671,0,Neither,0,0
test,WEB09672.jpg,WEB,9672,0,Neither,0,0
test,WEB09673.jpg,WEB,9673,0,Neither,0,0
test,WEB09674.jpg,WEB,9674,0,Neither,0,0
test,WEB09675.jpg,WEB,9675,0,Neither,0,0
test,WEB09676.jpg,WEB,9676,0,Neither,0,0
test,WEB09677.jpg,WEB,9677,0,Neither,0,0
test,WEB09678.jpg,WEB,9678,0,Neither,0,0
test,WEB09679.jpg,WEB,9679,0,Neither,0,0
test,WEB09680.jpg,WEB,9680,0,Neither,0,0
test,WEB09681.jpg,WEB,9681,0,Neither,0,0
test,WEB09682.jpg,WEB,9682,0,Neither,0,0
test,WEB09683.jpg,WEB,9683,0,Neither,0,0
test,WEB09684.jpg,WEB,9684,0,Neither,0,0
test,WEB09685.jpg,WEB,9685,0,Neither,0,0
test,WEB09686.jpg,WEB,9686,0,Neither,0,0
test,WEB09687.jpg,WEB,9687,0,Neither,0,0
test,WEB09688.jpg,WEB,9688,0,Neither,0,0
test,WEB09689.jpg,WEB,9689,0,Neither,0,0
test,WEB09690.jpg,WEB,9690,0,Neither,0,0
test,WEB09691.jpg,WEB,9691,0,Neither,0,0
test,WEB09692.jpg,WEB,9692,0,Neither,0,0
test,WEB09693.jpg,WEB,9693,0,Neither,0,0
test,WEB09694.jpg,WEB,9694,0,Neither,0,0
test,WEB09695.jpg,WEB,9695,0,Neither,0,0
test,WEB09696.jpg,WEB,9696,0,Neither,0,0
test,WEB09697.jpg,WEB,9697,0,Neither,0,0
test,WEB09698.jpg,WEB,9698,0,Neither,0,0
test,WEB09699.jpg,WEB,9699,0,Neither,0,0
test,WEB09700.jpg,WEB,9700,0,Neither,0,0
test,WEB09701.jpg,WEB,9701,0,Neither,0,0
test,WEB09702.jpg,WEB,9702,0,Neither,0,0
test,WEB09703.jpg,WEB,9703,0,Neither,0,0
test,WEB09704.jpg,WEB,9704,0,Neither,0,0
test,WEB09705.jpg,WEB,9705,0,Neither,0,0
test,WEB09706.jpg,WEB,9706,0,Neither,0,0
test,WEB09707.jpg,WEB,9707,0,Neither,0,0
test,WEB09708.jpg,WEB,9708,0,Neither,0,0
test,WEB09709.jpg,WEB,9709,0,Neither,0,0
test,WEB09710.jpg,WEB,9710,0,Neither,0,0
test,WEB09711.jpg,WEB,9711,0,Neither,0,0
test,WEB09712.jpg,WEB,9712,0,Neither,0,0
test,WEB09713.jpg,WEB,9713,0,Neither,0,0
test,WEB09714.jpg,WEB,9714,0,Neither,0,0
test,WEB09715.jpg,WEB,9715,0,Neither,0,0
test,WEB09716.jpg,WEB,9716,0,Neither,0,0
test,WEB09717.jpg,WEB,9717,0,Neither,0,0
test,WEB09718.jpg,WEB,9718,0,Neither,0,0
test,WEB09719.jpg,WEB,9719,0,Neither,0,0
test,WEB09720.jpg,WEB,9720,0,Neither,0,0
test,WEB09721.jpg,WEB,9721,0,Neither,0,0
test,WEB09722.jpg,WEB,9722,0,Neither,0,0
test,WEB09723.jpg,WEB,9723,0,Neither,0,0
test,WEB09724.jpg,WEB,9724,0,Neither,0,0
test,WEB09725.jpg,WEB,9725,0,Neither,0,0
test,WEB09726.jpg,WEB,9726,0,Neither,0,0
test,WEB09727.jpg,WEB,9727,0,Neither,0,0
test,WEB09728.jpg,WEB,9728,0,Neither,0,0
test,WEB09729.jpg,WEB,9729,0,Neither,0,0
test,WEB09730.jpg,WEB,9730,0,Neither,0,0
test,WEB09731.jpg,WEB,9731,0,Neither,0,0
test,WEB09732.jpg,WEB,9732,0,Neither,0,0
test,WEB09733.jpg,WEB,9733,0,Neither,0,0
test,WEB09734.jpg,WEB,9734,0,Neither,0,0
test,WEB09735.jpg,WEB,9735,0,Neither,0,0
test,WEB09736.jpg,WEB,9736,0,Neither,0,0
test,WEB09737.jpg,WEB,9737,0,Neither,0,0
test,WEB09738.jpg,WEB,9738,0,Neither,0,0
test,WEB09739.jpg,WEB,9739,0,Neither,0,0
test,WEB09740.jpg,WEB,9740,0,Neither,0,0
test,WEB09741.jpg,WEB,9741,0,Neither,0,0
test,WEB09742.jpg,WEB,9742,0,Neither,0,0
test,WEB09743.jpg,WEB,9743,0,Neither,0,0
test,WEB09744.jpg,WEB,9744,0,Neither,0,0
test,WEB09745.jpg,WEB,9745,0,Neither,0,0
test,WEB09746.jpg,WEB,9746,0,Neither,0,0
test,WEB09747.jpg,WEB,9747,0,Neither,0,0
test,WEB09748.jpg,WEB,9748,0,Neither,0,0
test,WEB09749.jpg,WEB,9749,0,Neither,0,0
test,WEB09750.jpg,WEB,9750,0,Neither,0,0
test,WEB09751.jpg,WEB,9751,0,Neither,0,0
test,WEB09752.jpg,WEB,9752,0,Neither,0,0
test,WEB09753.jpg,WEB,9753,0,Neither,0,0
test,WEB09754.jpg,WEB,9754,0,Neither,0,0
test,WEB09755.jpg,WEB,9755,0,Neither,0,0
test,WEB09756.jpg,WEB,9756,0,Neither,0,0
test,WEB09757.jpg,WEB,9757,0,Neither,0,0
test,WEB09758.jpg,WEB,9758,0,Neither,0,0
test,WEB09759.jpg,WEB,9759,0,Neither,0,0
test,WEB09760.jpg,WEB,9760,0,Neither,0,0
test,WEB09761.jpg,WEB,9761,0,Neither,0,0
test,WEB09762.jpg,WEB,9762,0,Neither,0,0
test,WEB09763.jpg,WEB,9763,0,Neither,0,0
test,WEB09764.jpg,WEB,9764,0,Neither,0,0
test,WEB09765.jpg,WEB,9765,0,Neither,0,0
test,WEB09766.jpg,WEB,9766,0,Neither,0,0
test,WEB09767.jpg,WEB,9767,0,Neither,0,0
test,WEB09768.jpg,WEB,9768,0,Neither,0,0
test,WEB09769.jpg,WEB,9769,0,Neither,0,0
test,WEB09770.jpg,WEB,9770,0,Neither,0,0
test,WEB09771.jpg,WEB,9771,0,Neither,0,0
test,WEB09772.jpg,WEB,9772,0,Neither,0,0
test,WEB09773.jpg,WEB,9773,0,Neither,0,0
test,WEB09774.jpg,WEB,9774,0,Neither,0,0
test,WEB09775.jpg,WEB,9775,0,Neither,0,0
test,WEB09776.jpg,WEB,9776,0,Neither,0,0
test,WEB09777.jpg,WEB,9777,0,Neither,0,0
test,WEB09778.jpg,WEB,9778,0,Neither,0,0
test,WEB09779.jpg,WEB,9779,0,Neither,0,0
test,WEB09780.jpg,WEB,9780,0,Neither,0,0
test,WEB09781.jpg,WEB,9781,0,Neither,0,0
test,WEB09782.jpg,WEB,9782,0,Neither,0,0
test,WEB09783.jpg,WEB,9783,0,Neither,0,0
test,WEB09784.jpg,WEB,9784,0,Neither,0,0
test,WEB09785.jpg,WEB,9785,0,Neither,0,0
test,WEB09786.jpg,WEB,9786,0,Neither,0,0
test,WEB09787.jpg,WEB,9787,0,Neither,0,0
test,WEB09788.jpg,WEB,9788,0,Neither,0,0
test,WEB09789.jpg,WEB,9789,0,Neither,0,0
test,WEB09790.jpg,WEB,9790,0,Neither,0,0
test,WEB09791.jpg,WEB,9791,0,Neither,0,0
test,WEB09792.jpg,WEB,9792,0,Neither,0,0
test,WEB09793.jpg,WEB,9793,0,Neither,0,0
test,WEB09794.jpg,WEB,9794,0,Neither,0,0
test,WEB09795.jpg,WEB,9795,0,Neither,0,0
test,WEB09796.jpg,WEB,9796,0,Neither,0,0
test,WEB09797.jpg,WEB,9797,0,Neither,0,0
test,WEB09798.jpg,WEB,9798,0,Neither,0,0
test,WEB09799.jpg,WEB,9799,0,Neither,0,0
test,WEB09800.jpg,WEB,9800,0,Neither,0,0
test,WEB09801.jpg,WEB,9801,0,Neither,0,0
test,WEB09802.jpg,WEB,9802,0,Neither,0,0
test,WEB09803.jpg,WEB,9803,0,Neither,0,0
test,WEB09804.jpg,WEB,9804,0,Neither,0,0
test,WEB09805.jpg,WEB,9805,0,Neither,0,0
test,WEB09806.jpg,WEB,9806,0,Neither,0,0
test,WEB09807.jpg,WEB,9807,0,Neither,0,0
test,WEB09808.jpg,WEB,9808,0,Neither,0,0
test,WEB09809.jpg,WEB,9809,0,Neither,0,0
test,WEB09810.jpg,WEB,9810,0,Neither,0,0
test,WEB09811.jpg,WEB,9811,0,Neither,0,0
test,WEB09812.jpg,WEB,9812,0,Neither,0,0
test,WEB09813.jpg,WEB,9813,0,Neither,0,0
test,WEB09814.jpg,WEB,9814,0,Neither,0,0
test,WEB09815.jpg,WEB,9815,0,Neither,0,0
test,WEB09816.jpg,WEB,9816,0,Neither,0,0
test,WEB09817.jpg,WEB,9817,0,Neither,0,0
test,WEB09818.jpg,WEB,9818,0,Neither,0,0
test,WEB09819.jpg,WEB,9819,0,Neither,0,0
test,WEB09820.jpg,WEB,9820,0,Neither,0,0
test,WEB09821.jpg,WEB,9821,0,Neither,0,0
test,WEB09822.jpg,WEB,9822,0,Neither,0,0
test,WEB09823.jpg,WEB,9823,0,Neither,0,0
test,WEB09824.jpg,WEB,9824,0,Neither,0,0
test,WEB09825.jpg,WEB,9825,0,Neither,0,0
test,WEB09826.jpg,WEB,9826,0,Neither,0,0
test,WEB09827.jpg,WEB,9827,0,Neither,0,0
test,WEB09828.jpg,WEB,9828,0,Neither,0,0
test,WEB09829.jpg,WEB,9829,0,Neither,0,0
test,WEB09830.jpg,WEB,9830,0,Neither,0,0
test,WEB09831.jpg,WEB,9831,0,Neither,0,0
test,WEB09832.jpg,WEB,9832,0,Neither,0,0
test,WEB09833.jpg,WEB,9833,0,Neither,0,0
test,WEB09834.jpg,WEB,9834,0,Neither,0,0
test,WEB09835.jpg,WEB,9835,0,Neither,0,0
test,WEB09836.jpg,WEB,9836,0,Neither,0,0
test,WEB09837.jpg,WEB,9837,0,Neither,0,0
test,WEB09838.jpg,WEB,9838,0,Neither,0,0
test,WEB09839.jpg,WEB,9839,0,Neither,0,0
test,WEB09840.jpg,WEB,9840,0,Neither,0,0
test,WEB09841.jpg,WEB,9841,0,Neither,0,0
test,WEB09842.jpg,WEB,9842,0,Neither,0,0
test,WEB09843.jpg,WEB,9843,0,Neither,0,0
test,WEB09844.jpg,WEB,9844,0,Neither,0,0
test,WEB09845.jpg,WEB,9845,0,Neither,0,0
test,WEB09846.jpg,WEB,9846,0,Neither,0,0
test,WEB09847.jpg,WEB,9847,0,Neither,0,0
test,WEB09848.jpg,WEB,9848,0,Neither,0,0
test,WEB09849.jpg,WEB,9849,0,Neither,0,0
test,WEB09850.jpg,WEB,9850,0,Neither,0,0
test,WEB09851.jpg,WEB,9851,0,Neither,0,0
test,WEB09852.jpg,WEB,9852,0,Neither,0,0
test,WEB09853.jpg,WEB,9853,0,Neither,0,0
test,WEB09854.jpg,WEB,9854,0,Neither,0,0
test,WEB09855.jpg,WEB,9855,0,Neither,0,0
test,WEB09856.jpg,WEB,9856,0,Neither,0,0
test,WEB09857.jpg,WEB,9857,0,Neither,0,0
test,WEB09858.jpg,WEB,9858,0,Neither,0,0
test,WEB09859.jpg,WEB,9859,0,Neither,0,0
test,WEB09860.jpg,WEB,9860,0,Neither,0,0
test,WEB09861.jpg,WEB,9861,0,Neither,0,0
test,WEB09862.jpg,WEB,9862,0,Neither,0,0
test,WEB09863.jpg,WEB,9863,0,Neither,0,0
test,WEB09864.jpg,WEB,9864,0,Neither,0,0
test,WEB09865.jpg,WEB,9865,0,Neither,0,0
test,WEB09866.jpg,WEB,9866,0,Neither,0,0
test,WEB09867.jpg,WEB,9867,0,Neither,0,0
test,WEB09868.jpg,WEB,9868,0,Neither,0,0
test,WEB09869.jpg,WEB,9869,0,Neither,0,0
test,WEB09870.jpg,WEB,9870,0,Neither,0,0
test,WEB09871.jpg,WEB,9871,0,Neither,0,0
test,WEB09872.jpg,WEB,9872,0,Neither,0,0
test,WEB09873.jpg,WEB,9873,0,Neither,0,0
test,WEB09874.jpg,WEB,9874,0,Neither,0,0
test,WEB09875.jpg,WEB,9875,0,Neither,0,0
test,WEB09876.jpg,WEB,9876,0,Neither,0,0
test,WEB09877.jpg,WEB,9877,0,Neither,0,0
test,WEB09878.jpg,WEB,9878,0,Neither,0,0
test,WEB09879.jpg,WEB,9879,0,Neither,0,0
test,WEB09880.jpg,WEB,9880,0,Neither,0,0
test,WEB09881.jpg,WEB,9881,0,Neither,0,0
test,WEB09882.jpg,WEB,9882,0,Neither,0,0
test,WEB09883.jpg,WEB,9883,0,Neither,0,0
test,WEB09884.jpg,WEB,9884,0,Neither,0,0
test,WEB09885.jpg,WEB,9885,0,Neither,0,0
test,WEB09886.jpg,WEB,9886,0,Neither,0,0
test,WEB09887.jpg,WEB,9887,0,Neither,0,0
test,WEB09888.jpg,WEB,9888,0,Neither,0,0
test,WEB09889.jpg,WEB,9889,0,Neither,0,0
test,WEB09890.jpg,WEB,9890,0,Neither,0,0
test,WEB09891.jpg,WEB,9891,0,Neither,0,0
test,WEB09892.jpg,WEB,9892,0,Neither,0,0
test,WEB09893.jpg,WEB,9893,0,Neither,0,0
test,WEB09894.jpg,WEB,9894,0,Neither,0,0
test,WEB09895.jpg,WEB,9895,0,Neither,0,0
test,WEB09896.jpg,WEB,9896,0,Neither,0,0
test,WEB09897.jpg,WEB,9897,0,Neither,0,0
test,WEB09898.jpg,WEB,9898,0,Neither,0,0
test,WEB09899.jpg,WEB,9899,0,Neither,0,0
test,WEB09900.jpg,WEB,9900,0,Neither,0,0
test,WEB09901.jpg,WEB,9901,0,Neither,0,0
test,WEB09902.jpg,WEB,9902,0,Neither,0,0
test,WEB09903.jpg,WEB,9903,0,Neither,0,0
test,WEB09904.jpg,WEB,9904,0,Neither,0,0
test,WEB09905.jpg,WEB,9905,0,Neither,0,0
test,WEB09906.jpg,WEB,9906,0,Neither,0,0
test,WEB09907.jpg,WEB,9907,0,Neither,0,0
test,WEB09908.jpg,WEB,9908,0,Neither,0,0
test,WEB09909.jpg,WEB,9909,0,Neither,0,0
test,WEB09910.jpg,WEB,9910,0,Neither,0,0
test,WEB09911.jpg,WEB,9911,0,Neither,0,0
test,WEB09912.jpg,WEB,9912,0,Neither,0,0
test,WEB09913.jpg,WEB,9913,0,Neither,0,0
test,WEB09914.jpg,WEB,9914,0,Neither,0,0
test,WEB09915.jpg,WEB,9915,0,Neither,0,0
test,WEB09916.jpg,WEB,9916,0,Neither,0,0
test,WEB09917.jpg,WEB,9917,0,Neither,0,0
test,WEB09918.jpg,WEB,9918,0,Neither,0,0
test,WEB09919.jpg,WEB,9919,0,Neither,0,0
test,WEB09920.jpg,WEB,9920,0,Neither,0,0
test,WEB09921.jpg,WEB,9921,0,Neither,0,0
test,WEB09922.jpg,WEB,9922,0,Neither,0,0
test,WEB09923.jpg,WEB,9923,0,Neither,0,0
test,WEB09924.jpg,WEB,9924,0,Neither,0,0
test,WEB09925.jpg,WEB,9925,0,Neither,0,0
test,WEB09926.jpg,WEB,9926,0,Neither,0,0
test,WEB09927.jpg,WEB,9927,0,Neither,0,0
test,WEB09928.jpg,WEB,9928,0,Neither,0,0
test,WEB09929.jpg,WEB,9929,0,Neither,0,0
test,WEB09930.jpg,WEB,9930,0,Neither,0,0
test,WEB09931.jpg,WEB,9931,0,Neither,0,0
test,WEB09932.jpg,WEB,9932,0,Neither,0,0
test,WEB09933.jpg,WEB,9933,0,Neither,0,0
test,WEB09934.jpg,WEB,9934,0,Neither,0,0
test,WEB09935.jpg,WEB,9935,0,Neither,0,0
test,WEB09936.jpg,WEB,9936,0,Neither,0,0
test,WEB09937.jpg,WEB,9937,0,Neither,0,0
test,WEB09938.jpg,WEB,9938,0,Neither,0,0
test,WEB09939.jpg,WEB,9939,0,Neither,0,0
test,WEB09940.jpg,WEB,9940,0,Neither,0,0
test,WEB09941.jpg,WEB,9941,0,Neither,0,0
test,WEB09942.jpg,WEB,9942,0,Neither,0,0
test,WEB09943.jpg,WEB,9943,0,Neither,0,0
test,WEB09944.jpg,WEB,9944,0,Neither,0,0
test,WEB09945.jpg,WEB,9945,0,Neither,0,0
test,WEB09946.jpg,WEB,9946,0,Neither,0,0
test,WEB09947.jpg,WEB,9947,0,Neither,0,0
test,WEB09948.jpg,WEB,9948,0,Neither,0,0
test,WEB09949.jpg,WEB,9949,0,Neither,0,0
test,WEB09950.jpg,WEB,9950,0,Neither,0,0
test,WEB09951.jpg,WEB,9951,0,Neither,0,0
test,WEB09952.jpg,WEB,9952,0,Neither,0,0
test,WEB09953.jpg,WEB,9953,0,Neither,0,0
test,WEB09954.jpg,WEB,9954,0,Neither,0,0
test,WEB09955.jpg,WEB,9955,0,Neither,0,0
test,WEB09956.jpg,WEB,9956,0,Neither,0,0
test,WEB09957.jpg,WEB,9957,0,Neither,0,0
test,WEB09958.jpg,WEB,9958,0,Neither,0,0
test,WEB09959.jpg,WEB,9959,0,Neither,0,0
test,WEB09960.jpg,WEB,9960,0,Neither,0,0
test,WEB09961.jpg,WEB,9961,0,Neither,0,0
test,WEB09962.jpg,WEB,9962,0,Neither,0,0
test,WEB09963.jpg,WEB,9963,0,Neither,0,0
test,WEB09964.jpg,WEB,9964,0,Neither,0,0
test,WEB09965.jpg,WEB,9965,0,Neither,0,0
test,WEB09966.jpg,WEB,9966,0,Neither,0,0
test,WEB09967.jpg,WEB,9967,0,Neither,0,0
test,WEB09968.jpg,WEB,9968,0,Neither,0,0
test,WEB09969.jpg,WEB,9969,0,Neither,0,0
test,WEB09970.jpg,WEB,9970,0,Neither,0,0
test,WEB09971.jpg,WEB,9971,3,Both,1,1
test,WEB09972.jpg,WEB,9972,0,Neither,0,0
test,WEB09973.jpg,WEB,9973,0,Neither,0,0
test,WEB09974.jpg,WEB,9974,0,Neither,0,0
test,WEB09975.jpg,WEB,9975,0,Neither,0,0
test,WEB09976.jpg,WEB,9976,0,Neither,0,0
test,WEB09977.jpg,WEB,9977,0,Neither,0,0
test,WEB09978.jpg,WEB,9978,0,Neither,0,0
test,WEB09979.jpg,WEB,9979,0,Neither,0,0
test,WEB09980.jpg,WEB,9980,0,Neither,0,0
test,WEB09981.jpg,WEB,9981,0,Neither,0,0
test,WEB09982.jpg,WEB,9982,0,Neither,0,0
test,WEB09983.jpg,WEB,9983,0,Neither,0,0
test,WEB09984.jpg,WEB,9984,0,Neither,0,0
test,WEB09985.jpg,WEB,9985,0,Neither,0,0
test,WEB09986.jpg,WEB,9986,0,Neither,0,0
test,WEB09987.jpg,WEB,9987,0,Neither,0,0
test,WEB09988.jpg,WEB,9988,0,Neither,0,0
test,WEB09989.jpg,WEB,9989,0,Neither,0,0
test,WEB09990.jpg,WEB,9990,0,Neither,0,0
test,WEB09991.jpg,WEB,9991,0,Neither,0,0
test,WEB09992.jpg,WEB,9992,0,Neither,0,0
test,WEB09993.jpg,WEB,9993,0,Neither,0,0
test,WEB09994.jpg,WEB,9994,0,Neither,0,0
test,WEB09995.jpg,WEB,9995,0,Neither,0,0
test,WEB09996.jpg,WEB,9996,0,Neither,0,0
test,WEB09997.jpg,WEB,9997,0,Neither,0,0
test,WEB09998.jpg,WEB,9998,0,Neither,0,0
test,WEB09999.jpg,WEB,9999,0,Neither,0,0
test,WEB10000.jpg,WEB,10000,0,Neither,0,0
test,WEB10001.jpg,WEB,10001,0,Neither,0,0
test,WEB10002.jpg,WEB,10002,0,Neither,0,0
test,WEB10003.jpg,WEB,10003,0,Neither,0,0
test,WEB10004.jpg,WEB,10004,0,Neither,0,0
test,WEB10005.jpg,WEB,10005,0,Neither,0,0
test,WEB10006.jpg,WEB,10006,0,Neither,0,0
test,WEB10007.jpg,WEB,10007,0,Neither,0,0
test,WEB10008.jpg,WEB,10008,0,Neither,0,0
test,WEB10009.jpg,WEB,10009,0,Neither,0,0
test,WEB10010.jpg,WEB,10010,0,Neither,0,0
test,WEB10011.jpg,WEB,10011,0,Neither,0,0
test,WEB10012.jpg,WEB,10012,0,Neither,0,0
test,WEB10013.jpg,WEB,10013,0,Neither,0,0
test,WEB10014.jpg,WEB,10014,0,Neither,0,0
test,WEB10015.jpg,WEB,10015,0,Neither,0,0
test,WEB10016.jpg,WEB,10016,0,Neither,0,0
test,WEB10017.jpg,WEB,10017,0,Neither,0,0
test,WEB10018.jpg,WEB,10018,0,Neither,0,0
test,WEB10019.jpg,WEB,10019,0,Neither,0,0
test,WEB10020.jpg,WEB,10020,0,Neither,0,0
test,WEB10021.jpg,WEB,10021,0,Neither,0,0
test,WEB10022.jpg,WEB,10022,0,Neither,0,0
test,WEB10023.jpg,WEB,10023,0,Neither,0,0
test,WEB10024.jpg,WEB,10024,0,Neither,0,0
test,WEB10025.jpg,WEB,10025,0,Neither,0,0
test,WEB10026.jpg,WEB,10026,0,Neither,0,0
test,WEB10027.jpg,WEB,10027,0,Neither,0,0
test,WEB10028.jpg,WEB,10028,0,Neither,0,0
test,WEB10029.jpg,WEB,10029,0,Neither,0,0
test,WEB10030.jpg,WEB,10030,1,Only_Fire,0,1
test,WEB10031.jpg,WEB,10031,0,Neither,0,0
test,WEB10032.jpg,WEB,10032,1,Only_Fire,0,1
test,WEB10033.jpg,WEB,10033,0,Neither,0,0
test,WEB10034.jpg,WEB,10034,0,Neither,0,0
test,WEB10035.jpg,WEB,10035,0,Neither,0,0
test,WEB10036.jpg,WEB,10036,0,Neither,0,0
test,WEB10037.jpg,WEB,10037,0,Neither,0,0
test,WEB10038.jpg,WEB,10038,1,Only_Fire,0,1
test,WEB10039.jpg,WEB,10039,1,Only_Fire,0,1
test,WEB10040.jpg,WEB,10040,1,Only_Fire,0,1
test,WEB10041.jpg,WEB,10041,1,Only_Fire,0,1
test,WEB10042.jpg,WEB,10042,0,Neither,0,0
test,WEB10043.jpg,WEB,10043,0,Neither,0,0
test,WEB10044.jpg,WEB,10044,0,Neither,0,0
test,WEB10045.jpg,WEB,10045,0,Neither,0,0
test,WEB10046.jpg,WEB,10046,0,Neither,0,0
test,WEB10047.jpg,WEB,10047,0,Neither,0,0
test,WEB10048.jpg,WEB,10048,0,Neither,0,0
test,WEB10049.jpg,WEB,10049,0,Neither,0,0
test,WEB10050.jpg,WEB,10050,0,Neither,0,0
test,WEB10051.jpg,WEB,10051,0,Neither,0,0
test,WEB10052.jpg,WEB,10052,0,Neither,0,0
test,WEB10053.jpg,WEB,10053,0,Neither,0,0
test,WEB10054.jpg,WEB,10054,0,Neither,0,0
test,WEB10055.jpg,WEB,10055,0,Neither,0,0
test,WEB10056.jpg,WEB,10056,0,Neither,0,0
test,WEB10057.jpg,WEB,10057,0,Neither,0,0
test,WEB10058.jpg,WEB,10058,0,Neither,0,0
test,WEB10059.jpg,WEB,10059,0,Neither,0,0
test,WEB10060.jpg,WEB,10060,0,Neither,0,0
test,WEB10061.jpg,WEB,10061,0,Neither,0,0
test,WEB10062.jpg,WEB,10062,0,Neither,0,0
test,WEB10063.jpg,WEB,10063,0,Neither,0,0
test,WEB10064.jpg,WEB,10064,0,Neither,0,0
test,WEB10065.jpg,WEB,10065,0,Neither,0,0
test,WEB10066.jpg,WEB,10066,0,Neither,0,0
test,WEB10067.jpg,WEB,10067,0,Neither,0,0
test,WEB10068.jpg,WEB,10068,0,Neither,0,0
test,WEB10069.jpg,WEB,10069,0,Neither,0,0
test,WEB10070.jpg,WEB,10070,0,Neither,0,0
test,WEB10071.jpg,WEB,10071,0,Neither,0,0
test,WEB10072.jpg,WEB,10072,0,Neither,0,0
test,WEB10073.jpg,WEB,10073,0,Neither,0,0
test,WEB10074.jpg,WEB,10074,0,Neither,0,0
test,WEB10075.jpg,WEB,10075,0,Neither,0,0
test,WEB10076.jpg,WEB,10076,0,Neither,0,0
test,WEB10077.jpg,WEB,10077,0,Neither,0,0
test,WEB10078.jpg,WEB,10078,0,Neither,0,0
test,WEB10079.jpg,WEB,10079,0,Neither,0,0
test,WEB10080.jpg,WEB,10080,0,Neither,0,0
test,WEB10081.jpg,WEB,10081,0,Neither,0,0
test,WEB10082.jpg,WEB,10082,0,Neither,0,0
test,WEB10083.jpg,WEB,10083,0,Neither,0,0
test,WEB10084.jpg,WEB,10084,0,Neither,0,0
test,WEB10085.jpg,WEB,10085,0,Neither,0,0
test,WEB10086.jpg,WEB,10086,0,Neither,0,0
test,WEB10087.jpg,WEB,10087,0,Neither,0,0
test,WEB10088.jpg,WEB,10088,0,Neither,0,0
test,WEB10089.jpg,WEB,10089,0,Neither,0,0
test,WEB10090.jpg,WEB,10090,0,Neither,0,0
test,WEB10091.jpg,WEB,10091,0,Neither,0,0
test,WEB10092.jpg,WEB,10092,0,Neither,0,0
test,WEB10093.jpg,WEB,10093,0,Neither,0,0
test,WEB10094.jpg,WEB,10094,0,Neither,0,0
test,WEB10095.jpg,WEB,10095,0,Neither,0,0
test,WEB10096.jpg,WEB,10096,0,Neither,0,0
test,WEB10097.jpg,WEB,10097,0,Neither,0,0
test,WEB10098.jpg,WEB,10098,0,Neither,0,0
test,WEB10099.jpg,WEB,10099,0,Neither,0,0
test,WEB10100.jpg,WEB,10100,0,Neither,0,0
test,WEB10101.jpg,WEB,10101,0,Neither,0,0
test,WEB10102.jpg,WEB,10102,0,Neither,0,0
test,WEB10103.jpg,WEB,10103,0,Neither,0,0
test,WEB10104.jpg,WEB,10104,0,Neither,0,0
test,WEB10105.jpg,WEB,10105,0,Neither,0,0
test,WEB10106.jpg,WEB,10106,0,Neither,0,0
test,WEB10107.jpg,WEB,10107,0,Neither,0,0
test,WEB10108.jpg,WEB,10108,0,Neither,0,0
test,WEB10109.jpg,WEB,10109,0,Neither,0,0
test,WEB10110.jpg,WEB,10110,0,Neither,0,0
test,WEB10111.jpg,WEB,10111,0,Neither,0,0
test,WEB10112.jpg,WEB,10112,0,Neither,0,0
test,WEB10113.jpg,WEB,10113,0,Neither,0,0
test,WEB10114.jpg,WEB,10114,0,Neither,0,0
test,WEB10115.jpg,WEB,10115,0,Neither,0,0
test,WEB10116.jpg,WEB,10116,0,Neither,0,0
test,WEB10117.jpg,WEB,10117,0,Neither,0,0
test,WEB10118.jpg,WEB,10118,0,Neither,0,0
test,WEB10119.jpg,WEB,10119,0,Neither,0,0
test,WEB10120.jpg,WEB,10120,0,Neither,0,0
test,WEB10121.jpg,WEB,10121,0,Neither,0,0
test,WEB10122.jpg,WEB,10122,0,Neither,0,0
test,WEB10123.jpg,WEB,10123,0,Neither,0,0
test,WEB10124.jpg,WEB,10124,0,Neither,0,0
test,WEB10125.jpg,WEB,10125,0,Neither,0,0
test,WEB10126.jpg,WEB,10126,0,Neither,0,0
test,WEB10127.jpg,WEB,10127,0,Neither,0,0
test,WEB10128.jpg,WEB,10128,0,Neither,0,0
test,WEB10129.jpg,WEB,10129,0,Neither,0,0
test,WEB10130.jpg,WEB,10130,0,Neither,0,0
test,WEB10131.jpg,WEB,10131,0,Neither,0,0
test,WEB10132.jpg,WEB,10132,0,Neither,0,0
test,WEB10133.jpg,WEB,10133,0,Neither,0,0
test,WEB10134.jpg,WEB,10134,0,Neither,0,0
test,WEB10135.jpg,WEB,10135,0,Neither,0,0
test,WEB10136.jpg,WEB,10136,0,Neither,0,0
test,WEB10137.jpg,WEB,10137,0,Neither,0,0
test,WEB10138.jpg,WEB,10138,0,Neither,0,0
test,WEB10139.jpg,WEB,10139,0,Neither,0,0
test,WEB10140.jpg,WEB,10140,0,Neither,0,0
test,WEB10141.jpg,WEB,10141,0,Neither,0,0
test,WEB10142.jpg,WEB,10142,0,Neither,0,0
test,WEB10143.jpg,WEB,10143,0,Neither,0,0
test,WEB10144.jpg,WEB,10144,0,Neither,0,0
test,WEB10145.jpg,WEB,10145,0,Neither,0,0
test,WEB10146.jpg,WEB,10146,0,Neither,0,0
test,WEB10147.jpg,WEB,10147,0,Neither,0,0
test,WEB10148.jpg,WEB,10148,0,Neither,0,0
test,WEB10149.jpg,WEB,10149,0,Neither,0,0
test,WEB10150.jpg,WEB,10150,0,Neither,0,0
test,WEB10151.jpg,WEB,10151,0,Neither,0,0
test,WEB10152.jpg,WEB,10152,0,Neither,0,0
test,WEB10153.jpg,WEB,10153,0,Neither,0,0
test,WEB10154.jpg,WEB,10154,0,Neither,0,0
test,WEB10155.jpg,WEB,10155,0,Neither,0,0
test,WEB10156.jpg,WEB,10156,0,Neither,0,0
test,WEB10157.jpg,WEB,10157,0,Neither,0,0
test,WEB10158.jpg,WEB,10158,0,Neither,0,0
test,WEB10159.jpg,WEB,10159,0,Neither,0,0
test,WEB10160.jpg,WEB,10160,0,Neither,0,0
test,WEB10161.jpg,WEB,10161,0,Neither,0,0
test,WEB10162.jpg,WEB,10162,0,Neither,0,0
test,WEB10163.jpg,WEB,10163,0,Neither,0,0
test,WEB10164.jpg,WEB,10164,0,Neither,0,0
test,WEB10165.jpg,WEB,10165,0,Neither,0,0
test,WEB10166.jpg,WEB,10166,0,Neither,0,0
test,WEB10167.jpg,WEB,10167,0,Neither,0,0
test,WEB10168.jpg,WEB,10168,0,Neither,0,0
test,WEB10169.jpg,WEB,10169,0,Neither,0,0
test,WEB10170.jpg,WEB,10170,0,Neither,0,0
test,WEB10171.jpg,WEB,10171,0,Neither,0,0
test,WEB10172.jpg,WEB,10172,0,Neither,0,0
test,WEB10173.jpg,WEB,10173,0,Neither,0,0
test,WEB10174.jpg,WEB,10174,0,Neither,0,0
test,WEB10175.jpg,WEB,10175,0,Neither,0,0
test,WEB10176.jpg,WEB,10176,0,Neither,0,0
test,WEB10177.jpg,WEB,10177,0,Neither,0,0
test,WEB10178.jpg,WEB,10178,0,Neither,0,0
test,WEB10179.jpg,WEB,10179,0,Neither,0,0
test,WEB10180.jpg,WEB,10180,0,Neither,0,0
test,WEB10181.jpg,WEB,10181,0,Neither,0,0
test,WEB10182.jpg,WEB,10182,0,Neither,0,0
test,WEB10183.jpg,WEB,10183,0,Neither,0,0
test,WEB10184.jpg,WEB,10184,0,Neither,0,0
test,WEB10185.jpg,WEB,10185,0,Neither,0,0
test,WEB10186.jpg,WEB,10186,0,Neither,0,0
test,WEB10187.jpg,WEB,10187,0,Neither,0,0
test,WEB10188.jpg,WEB,10188,0,Neither,0,0
test,WEB10189.jpg,WEB,10189,0,Neither,0,0
test,WEB10190.jpg,WEB,10190,0,Neither,0,0
test,WEB10191.jpg,WEB,10191,0,Neither,0,0
test,WEB10192.jpg,WEB,10192,0,Neither,0,0
test,WEB10193.jpg,WEB,10193,0,Neither,0,0
test,WEB10194.jpg,WEB,10194,0,Neither,0,0
test,WEB10195.jpg,WEB,10195,0,Neither,0,0
test,WEB10196.jpg,WEB,10196,0,Neither,0,0
test,WEB10197.jpg,WEB,10197,0,Neither,0,0
test,WEB10198.jpg,WEB,10198,0,Neither,0,0
test,WEB10199.jpg,WEB,10199,0,Neither,0,0
test,WEB10200.jpg,WEB,10200,0,Neither,0,0
test,WEB10201.jpg,WEB,10201,0,Neither,0,0
test,WEB10202.jpg,WEB,10202,0,Neither,0,0
test,WEB10203.jpg,WEB,10203,0,Neither,0,0
test,WEB10204.jpg,WEB,10204,0,Neither,0,0
test,WEB10205.jpg,WEB,10205,0,Neither,0,0
test,WEB10206.jpg,WEB,10206,0,Neither,0,0
test,WEB10207.jpg,WEB,10207,0,Neither,0,0
test,WEB10208.jpg,WEB,10208,0,Neither,0,0
test,WEB10209.jpg,WEB,10209,0,Neither,0,0
test,WEB10210.jpg,WEB,10210,0,Neither,0,0
test,WEB10211.jpg,WEB,10211,0,Neither,0,0
test,WEB10212.jpg,WEB,10212,0,Neither,0,0
test,WEB10213.jpg,WEB,10213,0,Neither,0,0
test,WEB10214.jpg,WEB,10214,0,Neither,0,0
test,WEB10215.jpg,WEB,10215,0,Neither,0,0
test,WEB10216.jpg,WEB,10216,0,Neither,0,0
test,WEB10217.jpg,WEB,10217,0,Neither,0,0
test,WEB10218.jpg,WEB,10218,0,Neither,0,0
test,WEB10219.jpg,WEB,10219,0,Neither,0,0
test,WEB10220.jpg,WEB,10220,0,Neither,0,0
test,WEB10221.jpg,WEB,10221,0,Neither,0,0
test,WEB10222.jpg,WEB,10222,0,Neither,0,0
test,WEB10223.jpg,WEB,10223,0,Neither,0,0
test,WEB10224.jpg,WEB,10224,0,Neither,0,0
test,WEB10225.jpg,WEB,10225,0,Neither,0,0
test,WEB10226.jpg,WEB,10226,0,Neither,0,0
test,WEB10227.jpg,WEB,10227,0,Neither,0,0
test,WEB10228.jpg,WEB,10228,0,Neither,0,0
test,WEB10229.jpg,WEB,10229,0,Neither,0,0
test,WEB10230.jpg,WEB,10230,0,Neither,0,0
test,WEB10231.jpg,WEB,10231,0,Neither,0,0
test,WEB10232.jpg,WEB,10232,0,Neither,0,0
test,WEB10233.jpg,WEB,10233,0,Neither,0,0
test,WEB10234.jpg,WEB,10234,0,Neither,0,0
test,WEB10235.jpg,WEB,10235,0,Neither,0,0
test,WEB10236.jpg,WEB,10236,0,Neither,0,0
test,WEB10237.jpg,WEB,10237,0,Neither,0,0
test,WEB10238.jpg,WEB,10238,0,Neither,0,0
test,WEB10239.jpg,WEB,10239,0,Neither,0,0
test,WEB10240.jpg,WEB,10240,0,Neither,0,0
test,WEB10241.jpg,WEB,10241,0,Neither,0,0
test,WEB10242.jpg,WEB,10242,0,Neither,0,0
test,WEB10243.jpg,WEB,10243,0,Neither,0,0
test,WEB10244.jpg,WEB,10244,0,Neither,0,0
test,WEB10245.jpg,WEB,10245,0,Neither,0,0
test,WEB10246.jpg,WEB,10246,0,Neither,0,0
test,WEB10247.jpg,WEB,10247,0,Neither,0,0
test,WEB10248.jpg,WEB,10248,0,Neither,0,0
test,WEB10249.jpg,WEB,10249,0,Neither,0,0
test,WEB10250.jpg,WEB,10250,0,Neither,0,0
test,WEB10251.jpg,WEB,10251,0,Neither,0,0
test,WEB10252.jpg,WEB,10252,0,Neither,0,0
test,WEB10253.jpg,WEB,10253,0,Neither,0,0
test,WEB10254.jpg,WEB,10254,0,Neither,0,0
test,WEB10255.jpg,WEB,10255,0,Neither,0,0
test,WEB10256.jpg,WEB,10256,0,Neither,0,0
test,WEB10257.jpg,WEB,10257,0,Neither,0,0
test,WEB10258.jpg,WEB,10258,0,Neither,0,0
test,WEB10259.jpg,WEB,10259,0,Neither,0,0
test,WEB10260.jpg,WEB,10260,0,Neither,0,0
test,WEB10261.jpg,WEB,10261,0,Neither,0,0
test,WEB10262.jpg,WEB,10262,0,Neither,0,0
test,WEB10263.jpg,WEB,10263,0,Neither,0,0
test,WEB10264.jpg,WEB,10264,0,Neither,0,0
test,WEB10265.jpg,WEB,10265,0,Neither,0,0
test,WEB10266.jpg,WEB,10266,0,Neither,0,0
test,WEB10267.jpg,WEB,10267,0,Neither,0,0
test,WEB10268.jpg,WEB,10268,0,Neither,0,0
test,WEB10269.jpg,WEB,10269,0,Neither,0,0
test,WEB10270.jpg,WEB,10270,0,Neither,0,0
test,WEB10271.jpg,WEB,10271,0,Neither,0,0
test,WEB10272.jpg,WEB,10272,0,Neither,0,0
test,WEB10273.jpg,WEB,10273,0,Neither,0,0
test,WEB10274.jpg,WEB,10274,0,Neither,0,0
test,WEB10275.jpg,WEB,10275,0,Neither,0,0
test,WEB10276.jpg,WEB,10276,0,Neither,0,0
test,WEB10277.jpg,WEB,10277,0,Neither,0,0
test,WEB10278.jpg,WEB,10278,0,Neither,0,0
test,WEB10279.jpg,WEB,10279,0,Neither,0,0
test,WEB10280.jpg,WEB,10280,0,Neither,0,0
test,WEB10281.jpg,WEB,10281,0,Neither,0,0
test,WEB10282.jpg,WEB,10282,0,Neither,0,0
test,WEB10283.jpg,WEB,10283,0,Neither,0,0
test,WEB10284.jpg,WEB,10284,0,Neither,0,0
test,WEB10285.jpg,WEB,10285,0,Neither,0,0
test,WEB10286.jpg,WEB,10286,0,Neither,0,0
test,WEB10287.jpg,WEB,10287,0,Neither,0,0
test,WEB10288.jpg,WEB,10288,0,Neither,0,0
test,WEB10289.jpg,WEB,10289,0,Neither,0,0
test,WEB10290.jpg,WEB,10290,0,Neither,0,0
test,WEB10291.jpg,WEB,10291,0,Neither,0,0
test,WEB10292.jpg,WEB,10292,0,Neither,0,0
test,WEB10293.jpg,WEB,10293,0,Neither,0,0
test,WEB10294.jpg,WEB,10294,0,Neither,0,0
test,WEB10295.jpg,WEB,10295,0,Neither,0,0
test,WEB10296.jpg,WEB,10296,0,Neither,0,0
test,WEB10297.jpg,WEB,10297,0,Neither,0,0
test,WEB10298.jpg,WEB,10298,0,Neither,0,0
test,WEB10299.jpg,WEB,10299,0,Neither,0,0
test,WEB10300.jpg,WEB,10300,0,Neither,0,0
test,WEB10301.jpg,WEB,10301,0,Neither,0,0
test,WEB10302.jpg,WEB,10302,0,Neither,0,0
test,WEB10303.jpg,WEB,10303,0,Neither,0,0
test,WEB10304.jpg,WEB,10304,0,Neither,0,0
test,WEB10305.jpg,WEB,10305,0,Neither,0,0
test,WEB10306.jpg,WEB,10306,0,Neither,0,0
test,WEB10307.jpg,WEB,10307,0,Neither,0,0
test,WEB10308.jpg,WEB,10308,0,Neither,0,0
test,WEB10309.jpg,WEB,10309,0,Neither,0,0
test,WEB10310.jpg,WEB,10310,0,Neither,0,0
test,WEB10311.jpg,WEB,10311,0,Neither,0,0
test,WEB10312.jpg,WEB,10312,0,Neither,0,0
test,WEB10313.jpg,WEB,10313,0,Neither,0,0
test,WEB10314.jpg,WEB,10314,0,Neither,0,0
test,WEB10315.jpg,WEB,10315,0,Neither,0,0
test,WEB10316.jpg,WEB,10316,0,Neither,0,0
test,WEB10317.jpg,WEB,10317,0,Neither,0,0
test,WEB10318.jpg,WEB,10318,0,Neither,0,0
test,WEB10319.jpg,WEB,10319,0,Neither,0,0
test,WEB10320.jpg,WEB,10320,0,Neither,0,0
test,WEB10321.jpg,WEB,10321,0,Neither,0,0
test,WEB10322.jpg,WEB,10322,0,Neither,0,0
test,WEB10323.jpg,WEB,10323,0,Neither,0,0
test,WEB10324.jpg,WEB,10324,0,Neither,0,0
test,WEB10325.jpg,WEB,10325,0,Neither,0,0
test,WEB10326.jpg,WEB,10326,0,Neither,0,0
test,WEB10327.jpg,WEB,10327,0,Neither,0,0
test,WEB10328.jpg,WEB,10328,0,Neither,0,0
test,WEB10329.jpg,WEB,10329,0,Neither,0,0
test,WEB10330.jpg,WEB,10330,0,Neither,0,0
test,WEB10331.jpg,WEB,10331,0,Neither,0,0
test,WEB10332.jpg,WEB,10332,0,Neither,0,0
test,WEB10333.jpg,WEB,10333,0,Neither,0,0
test,WEB10334.jpg,WEB,10334,0,Neither,0,0
test,WEB10335.jpg,WEB,10335,0,Neither,0,0
test,WEB10336.jpg,WEB,10336,0,Neither,0,0
test,WEB10337.jpg,WEB,10337,0,Neither,0,0
test,WEB10338.jpg,WEB,10338,0,Neither,0,0
test,WEB10339.jpg,WEB,10339,0,Neither,0,0
test,WEB10340.jpg,WEB,10340,0,Neither,0,0
test,WEB10341.jpg,WEB,10341,0,Neither,0,0
test,WEB10342.jpg,WEB,10342,0,Neither,0,0
test,WEB10343.jpg,WEB,10343,0,Neither,0,0
test,WEB10344.jpg,WEB,10344,0,Neither,0,0
test,WEB10345.jpg,WEB,10345,0,Neither,0,0
test,WEB10346.jpg,WEB,10346,0,Neither,0,0
test,WEB10347.jpg,WEB,10347,0,Neither,0,0
test,WEB10348.jpg,WEB,10348,0,Neither,0,0
test,WEB10349.jpg,WEB,10349,0,Neither,0,0
test,WEB10350.jpg,WEB,10350,0,Neither,0,0
test,WEB10351.jpg,WEB,10351,0,Neither,0,0
test,WEB10352.jpg,WEB,10352,0,Neither,0,0
test,WEB10353.jpg,WEB,10353,0,Neither,0,0
test,WEB10354.jpg,WEB,10354,0,Neither,0,0
test,WEB10355.jpg,WEB,10355,0,Neither,0,0
test,WEB10356.jpg,WEB,10356,0,Neither,0,0
test,WEB10357.jpg,WEB,10357,0,Neither,0,0
test,WEB10358.jpg,WEB,10358,0,Neither,0,0
test,WEB10359.jpg,WEB,10359,0,Neither,0,0
test,WEB10360.jpg,WEB,10360,0,Neither,0,0
test,WEB10361.jpg,WEB,10361,0,Neither,0,0
test,WEB10362.jpg,WEB,10362,0,Neither,0,0
test,WEB10363.jpg,WEB,10363,0,Neither,0,0
test,WEB10364.jpg,WEB,10364,0,Neither,0,0
test,WEB10365.jpg,WEB,10365,0,Neither,0,0
test,WEB10366.jpg,WEB,10366,0,Neither,0,0
test,WEB10367.jpg,WEB,10367,0,Neither,0,0
test,WEB10368.jpg,WEB,10368,0,Neither,0,0
test,WEB10369.jpg,WEB,10369,0,Neither,0,0
test,WEB10370.jpg,WEB,10370,0,Neither,0,0
test,WEB10371.jpg,WEB,10371,0,Neither,0,0
test,WEB10372.jpg,WEB,10372,0,Neither,0,0
test,WEB10373.jpg,WEB,10373,0,Neither,0,0
test,WEB10374.jpg,WEB,10374,0,Neither,0,0
test,WEB10375.jpg,WEB,10375,0,Neither,0,0
test,WEB10376.jpg,WEB,10376,0,Neither,0,0
test,WEB10377.jpg,WEB,10377,0,Neither,0,0
test,WEB10378.jpg,WEB,10378,0,Neither,0,0
test,WEB10379.jpg,WEB,10379,0,Neither,0,0
test,WEB10380.jpg,WEB,10380,0,Neither,0,0
test,WEB10381.jpg,WEB,10381,0,Neither,0,0
test,WEB10382.jpg,WEB,10382,0,Neither,0,0
test,WEB10383.jpg,WEB,10383,0,Neither,0,0
test,WEB10384.jpg,WEB,10384,0,Neither,0,0
test,WEB10385.jpg,WEB,10385,0,Neither,0,0
test,WEB10386.jpg,WEB,10386,0,Neither,0,0
test,WEB10387.jpg,WEB,10387,0,Neither,0,0
test,WEB10388.jpg,WEB,10388,0,Neither,0,0
test,WEB10389.jpg,WEB,10389,0,Neither,0,0
test,WEB10390.jpg,WEB,10390,0,Neither,0,0
test,WEB10391.jpg,WEB,10391,0,Neither,0,0
test,WEB10392.jpg,WEB,10392,0,Neither,0,0
test,WEB10393.jpg,WEB,10393,0,Neither,0,0
test,WEB10394.jpg,WEB,10394,0,Neither,0,0
test,WEB10395.jpg,WEB,10395,0,Neither,0,0
test,WEB10396.jpg,WEB,10396,0,Neither,0,0
test,WEB10397.jpg,WEB,10397,0,Neither,0,0
test,WEB10398.jpg,WEB,10398,0,Neither,0,0
test,WEB10399.jpg,WEB,10399,0,Neither,0,0
test,WEB10400.jpg,WEB,10400,0,Neither,0,0
test,WEB10401.jpg,WEB,10401,0,Neither,0,0
test,WEB10402.jpg,WEB,10402,0,Neither,0,0
test,WEB10403.jpg,WEB,10403,0,Neither,0,0
test,WEB10404.jpg,WEB,10404,0,Neither,0,0
test,WEB10405.jpg,WEB,10405,0,Neither,0,0
test,WEB10406.jpg,WEB,10406,0,Neither,0,0
test,WEB10407.jpg,WEB,10407,0,Neither,0,0
test,WEB10408.jpg,WEB,10408,0,Neither,0,0
test,WEB10409.jpg,WEB,10409,0,Neither,0,0
test,WEB10410.jpg,WEB,10410,0,Neither,0,0
test,WEB10411.jpg,WEB,10411,0,Neither,0,0
test,WEB10412.jpg,WEB,10412,0,Neither,0,0
test,WEB10413.jpg,WEB,10413,0,Neither,0,0
test,WEB10414.jpg,WEB,10414,0,Neither,0,0
test,WEB10415.jpg,WEB,10415,0,Neither,0,0
test,WEB10416.jpg,WEB,10416,0,Neither,0,0
test,WEB10417.jpg,WEB,10417,0,Neither,0,0
test,WEB10418.jpg,WEB,10418,0,Neither,0,0
test,WEB10419.jpg,WEB,10419,0,Neither,0,0
test,WEB10420.jpg,WEB,10420,0,Neither,0,0
test,WEB10421.jpg,WEB,10421,0,Neither,0,0
test,WEB10422.jpg,WEB,10422,0,Neither,0,0
test,WEB10423.jpg,WEB,10423,0,Neither,0,0
test,WEB10424.jpg,WEB,10424,0,Neither,0,0
test,WEB10425.jpg,WEB,10425,0,Neither,0,0
test,WEB10426.jpg,WEB,10426,0,Neither,0,0
test,WEB10427.jpg,WEB,10427,0,Neither,0,0
test,WEB10428.jpg,WEB,10428,3,Both,1,1
test,WEB10429.jpg,WEB,10429,3,Both,1,1
test,WEB10430.jpg,WEB,10430,3,Both,1,1
test,WEB10431.jpg,WEB,10431,3,Both,1,1
test,WEB10432.jpg,WEB,10432,3,Both,1,3
test,WEB10433.jpg,WEB,10433,3,Both,1,3
test,WEB10434.jpg,WEB,10434,3,Both,1,2
test,WEB10435.jpg,WEB,10435,1,Only_Fire,0,1
test,WEB10436.jpg,WEB,10436,3,Both,1,1
test,WEB10437.jpg,WEB,10437,3,Both,1,1
test,WEB10438.jpg,WEB,10438,3,Both,1,8
test,WEB10439.jpg,WEB,10439,3,Both,1,1
test,WEB10440.jpg,WEB,10440,1,Only_Fire,0,2
test,WEB10441.jpg,WEB,10441,1,Only_Fire,0,4
test,WEB10442.jpg,WEB,10442,3,Both,1,6
test,WEB10443.jpg,WEB,10443,3,Both,1,6
test,WEB10444.jpg,WEB,10444,1,Only_Fire,0,6
test,WEB10445.jpg,WEB,10445,3,Both,1,2
test,WEB10446.jpg,WEB,10446,1,Only_Fire,0,1
test,WEB10447.jpg,WEB,10447,1,Only_Fire,0,5
test,WEB10448.jpg,WEB,10448,3,Both,1,5
test,WEB10449.jpg,WEB,10449,3,Both,1,1
test,WEB10450.jpg,WEB,10450,3,Both,1,1
test,WEB10451.jpg,WEB,10451,3,Both,1,5
test,WEB10452.jpg,WEB,10452,3,Both,1,1
test,WEB10453.jpg,WEB,10453,3,Both,1,1
test,WEB10454.jpg,WEB,10454,3,Both,1,3
test,WEB10455.jpg,WEB,10455,3,Both,1,3
test,WEB10456.jpg,WEB,10456,3,Both,2,4
test,WEB10457.jpg,WEB,10457,3,Both,1,6
test,WEB10458.jpg,WEB,10458,3,Both,1,3
test,WEB10459.jpg,WEB,10459,3,Both,1,5
test,WEB10460.jpg,WEB,10460,1,Only_Fire,0,12
test,WEB10461.jpg,WEB,10461,3,Both,1,1
test,WEB10462.jpg,WEB,10462,1,Only_Fire,0,4
test,WEB10463.jpg,WEB,10463,3,Both,1,2
test,WEB10464.jpg,WEB,10464,3,Both,1,9
test,WEB10465.jpg,WEB,10465,3,Both,1,1
test,WEB10466.jpg,WEB,10466,3,Both,1,3
test,WEB10467.jpg,WEB,10467,3,Both,1,4
test,WEB10468.jpg,WEB,10468,3,Both,1,8
test,WEB10469.jpg,WEB,10469,3,Both,1,1
test,WEB10470.jpg,WEB,10470,3,Both,1,1
test,WEB10471.jpg,WEB,10471,3,Both,1,1
test,WEB10472.jpg,WEB,10472,3,Both,1,1
test,WEB10473.jpg,WEB,10473,3,Both,1,1
test,WEB10474.jpg,WEB,10474,3,Both,1,1
test,WEB10475.jpg,WEB,10475,3,Both,1,4
test,WEB10476.jpg,WEB,10476,3,Both,2,2
test,WEB10477.jpg,WEB,10477,3,Both,1,5
test,WEB10478.jpg,WEB,10478,1,Only_Fire,0,1
test,WEB10479.jpg,WEB,10479,3,Both,1,2
test,WEB10480.jpg,WEB,10480,3,Both,1,2
test,WEB10481.jpg,WEB,10481,3,Both,1,3
test,WEB10482.jpg,WEB,10482,3,Both,1,3
test,WEB10483.jpg,WEB,10483,3,Both,1,1
test,WEB10484.jpg,WEB,10484,3,Both,1,1
test,WEB10485.jpg,WEB,10485,3,Both,1,4
test,WEB10486.jpg,WEB,10486,3,Both,1,4
test,WEB10487.jpg,WEB,10487,3,Both,1,5
test,WEB10488.jpg,WEB,10488,3,Both,1,1
test,WEB10489.jpg,WEB,10489,3,Both,1,1
test,WEB10490.jpg,WEB,10490,3,Both,1,3
test,WEB10491.jpg,WEB,10491,1,Only_Fire,0,2
test,WEB10492.jpg,WEB,10492,3,Both,1,2
test,WEB10493.jpg,WEB,10493,1,Only_Fire,0,1
test,WEB10494.jpg,WEB,10494,3,Both,1,2
test,WEB10495.jpg,WEB,10495,3,Both,1,4
test,WEB10496.jpg,WEB,10496,3,Both,1,1
test,WEB10497.jpg,WEB,10497,3,Both,1,3
test,WEB10498.jpg,WEB,10498,3,Both,1,4
test,WEB10499.jpg,WEB,10499,1,Only_Fire,0,1
test,WEB10500.jpg,WEB,10500,3,Both,1,2
test,WEB10501.jpg,WEB,10501,3,Both,1,3
test,WEB10502.jpg,WEB,10502,3,Both,1,3
test,WEB10503.jpg,WEB,10503,3,Both,1,2
test,WEB10504.jpg,WEB,10504,1,Only_Fire,0,3
test,WEB10505.jpg,WEB,10505,3,Both,1,2
test,WEB10506.jpg,WEB,10506,3,Both,1,1
test,WEB10507.jpg,WEB,10507,1,Only_Fire,0,1
test,WEB10508.jpg,WEB,10508,3,Both,1,1
test,WEB10509.jpg,WEB,10509,3,Both,1,5
test,WEB10510.jpg,WEB,10510,1,Only_Fire,0,1
test,WEB10511.jpg,WEB,10511,3,Both,1,1
test,WEB10512.jpg,WEB,10512,1,Only_Fire,0,4
test,WEB10513.jpg,WEB,10513,3,Both,1,1
test,WEB10514.jpg,WEB,10514,1,Only_Fire,0,2
test,WEB10515.jpg,WEB,10515,1,Only_Fire,0,1
test,WEB10516.jpg,WEB,10516,1,Only_Fire,0,3
test,WEB10517.jpg,WEB,10517,1,Only_Fire,0,1
test,WEB10518.jpg,WEB,10518,1,Only_Fire,0,1
test,WEB10519.jpg,WEB,10519,1,Only_Fire,0,1
test,WEB10520.jpg,WEB,10520,1,Only_Fire,0,1
test,WEB10521.jpg,WEB,10521,3,Both,1,8
test,WEB10522.jpg,WEB,10522,3,Both,1,1
test,WEB10523.jpg,WEB,10523,3,Both,3,2
test,WEB10524.jpg,WEB,10524,3,Both,3,20
test,WEB10525.jpg,WEB,10525,1,Only_Fire,0,4
test,WEB10526.jpg,WEB,10526,3,Both,1,3
test,WEB10527.jpg,WEB,10527,3,Both,2,2
test,WEB10528.jpg,WEB,10528,1,Only_Fire,0,6
test,WEB10529.jpg,WEB,10529,3,Both,1,1
test,WEB10530.jpg,WEB,10530,3,Both,1,10
test,WEB10531.jpg,WEB,10531,3,Both,1,4
test,WEB10532.jpg,WEB,10532,3,Both,1,2
test,WEB10533.jpg,WEB,10533,3,Both,1,2
test,WEB10534.jpg,WEB,10534,3,Both,1,3
test,WEB10535.jpg,WEB,10535,3,Both,1,3
test,WEB10536.jpg,WEB,10536,2,Only_Smoke,1,0
test,WEB10537.jpg,WEB,10537,3,Both,2,3
test,WEB10538.jpg,WEB,10538,3,Both,1,5
test,WEB10539.jpg,WEB,10539,3,Both,1,3
test,WEB10540.jpg,WEB,10540,3,Both,1,4
test,WEB10541.jpg,WEB,10541,3,Both,1,1
test,WEB10542.jpg,WEB,10542,3,Both,1,1
test,WEB10543.jpg,WEB,10543,3,Both,2,1
test,WEB10544.jpg,WEB,10544,3,Both,1,2
test,WEB10545.jpg,WEB,10545,3,Both,2,1
test,WEB10546.jpg,WEB,10546,3,Both,1,4
test,WEB10547.jpg,WEB,10547,3,Both,1,3
test,WEB10548.jpg,WEB,10548,3,Both,1,3
test,WEB10549.jpg,WEB,10549,3,Both,1,2
test,WEB10550.jpg,WEB,10550,3,Both,1,2
test,WEB10551.jpg,WEB,10551,3,Both,1,2
test,WEB10552.jpg,WEB,10552,3,Both,1,3
test,WEB10553.jpg,WEB,10553,3,Both,1,1
test,WEB10554.jpg,WEB,10554,2,Only_Smoke,1,0
test,WEB10555.jpg,WEB,10555,3,Both,1,1
test,WEB10556.jpg,WEB,10556,3,Both,1,1
test,WEB10557.jpg,WEB,10557,3,Both,1,1
test,WEB10558.jpg,WEB,10558,3,Both,1,2
test,WEB10559.jpg,WEB,10559,3,Both,1,7
test,WEB10560.jpg,WEB,10560,3,Both,1,2
test,WEB10561.jpg,WEB,10561,3,Both,1,3
test,WEB10562.jpg,WEB,10562,3,Both,1,6
test,WEB10563.jpg,WEB,10563,3,Both,2,2
test,WEB10564.jpg,WEB,10564,3,Both,1,4
test,WEB10565.jpg,WEB,10565,3,Both,1,3
test,WEB10566.jpg,WEB,10566,3,Both,1,3
test,WEB10567.jpg,WEB,10567,1,Only_Fire,0,1
test,WEB10568.jpg,WEB,10568,3,Both,1,1
test,WEB10569.jpg,WEB,10569,3,Both,1,2
test,WEB10570.jpg,WEB,10570,3,Both,1,4
test,WEB10571.jpg,WEB,10571,3,Both,2,4
test,WEB10572.jpg,WEB,10572,3,Both,2,3
test,WEB10573.jpg,WEB,10573,3,Both,2,3
test,WEB10574.jpg,WEB,10574,3,Both,1,4
test,WEB10575.jpg,WEB,10575,3,Both,1,2
test,WEB10576.jpg,WEB,10576,3,Both,1,3
test,WEB10577.jpg,WEB,10577,3,Both,1,4
test,WEB10578.jpg,WEB,10578,3,Both,1,2
test,WEB10579.jpg,WEB,10579,3,Both,1,6
test,WEB10580.jpg,WEB,10580,3,Both,1,4
test,WEB10581.jpg,WEB,10581,3,Both,1,1
test,WEB10582.jpg,WEB,10582,3,Both,1,2
test,WEB10583.jpg,WEB,10583,3,Both,1,5
test,WEB10584.jpg,WEB,10584,3,Both,1,3
test,WEB10585.jpg,WEB,10585,3,Both,1,1
test,WEB10586.jpg,WEB,10586,3,Both,1,2
test,WEB10587.jpg,WEB,10587,1,Only_Fire,0,2
test,WEB10588.jpg,WEB,10588,3,Both,1,5
test,WEB10589.jpg,WEB,10589,3,Both,1,2
test,WEB10590.jpg,WEB,10590,3,Both,1,3
test,WEB10591.jpg,WEB,10591,1,Only_Fire,0,2
test,WEB10592.jpg,WEB,10592,1,Only_Fire,0,2
test,WEB10593.jpg,WEB,10593,3,Both,2,3
test,WEB10594.jpg,WEB,10594,3,Both,1,1
test,WEB10595.jpg,WEB,10595,3,Both,1,1
test,WEB10596.jpg,WEB,10596,3,Both,1,2
test,WEB10597.jpg,WEB,10597,3,Both,1,3
test,WEB10598.jpg,WEB,10598,3,Both,2,7
test,WEB10599.jpg,WEB,10599,3,Both,1,7
test,WEB10600.jpg,WEB,10600,3,Both,1,11
test,WEB10601.jpg,WEB,10601,3,Both,1,5
test,WEB10602.jpg,WEB,10602,3,Both,2,1
test,WEB10603.jpg,WEB,10603,3,Both,1,14
test,WEB10604.jpg,WEB,10604,3,Both,1,4
test,WEB10605.jpg,WEB,10605,3,Both,1,9
test,WEB10606.jpg,WEB,10606,1,Only_Fire,0,1
test,WEB10607.jpg,WEB,10607,3,Both,1,3
test,WEB10608.jpg,WEB,10608,3,Both,1,4
test,WEB10609.jpg,WEB,10609,3,Both,1,3
test,WEB10610.jpg,WEB,10610,3,Both,1,3
test,WEB10611.jpg,WEB,10611,3,Both,1,5
test,WEB10612.jpg,WEB,10612,3,Both,1,4
test,WEB10613.jpg,WEB,10613,3,Both,1,6
test,WEB10614.jpg,WEB,10614,3,Both,1,8
test,WEB10615.jpg,WEB,10615,3,Both,2,6
test,WEB10616.jpg,WEB,10616,3,Both,1,4
test,WEB10617.jpg,WEB,10617,3,Both,1,4
test,WEB10618.jpg,WEB,10618,3,Both,1,1
test,WEB10619.jpg,WEB,10619,3,Both,1,6
test,WEB10620.jpg,WEB,10620,1,Only_Fire,0,3
test,WEB10621.jpg,WEB,10621,3,Both,1,3
test,WEB10622.jpg,WEB,10622,3,Both,1,1
test,WEB10623.jpg,WEB,10623,3,Both,1,3
test,WEB10624.jpg,WEB,10624,3,Both,2,2
test,WEB10625.jpg,WEB,10625,3,Both,1,1
test,WEB10626.jpg,WEB,10626,3,Both,1,1
test,WEB10627.jpg,WEB,10627,3,Both,1,1
test,WEB10628.jpg,WEB,10628,3,Both,1,1
test,WEB10629.jpg,WEB,10629,3,Both,2,3
test,WEB10630.jpg,WEB,10630,3,Both,1,1
test,WEB10631.jpg,WEB,10631,3,Both,1,2
test,WEB10632.jpg,WEB,10632,3,Both,1,3
test,WEB10633.jpg,WEB,10633,3,Both,1,3
test,WEB10634.jpg,WEB,10634,3,Both,1,3
test,WEB10635.jpg,WEB,10635,3,Both,1,5
test,WEB10636.jpg,WEB,10636,3,Both,1,1
test,WEB10637.jpg,WEB,10637,3,Both,2,1
test,WEB10638.jpg,WEB,10638,3,Both,1,1
test,WEB10639.jpg,WEB,10639,3,Both,1,2
test,WEB10640.jpg,WEB,10640,3,Both,1,3
test,WEB10641.jpg,WEB,10641,1,Only_Fire,0,3
test,WEB10642.jpg,WEB,10642,3,Both,1,7
test,WEB10643.jpg,WEB,10643,3,Both,1,4
test,WEB10644.jpg,WEB,10644,3,Both,1,4
test,WEB10645.jpg,WEB,10645,3,Both,2,5
test,WEB10646.jpg,WEB,10646,3,Both,1,4
test,WEB10647.jpg,WEB,10647,3,Both,1,4
test,WEB10648.jpg,WEB,10648,3,Both,1,5
test,WEB10649.jpg,WEB,10649,3,Both,1,3
test,WEB10650.jpg,WEB,10650,3,Both,1,3
test,WEB10651.jpg,WEB,10651,3,Both,1,4
test,WEB10652.jpg,WEB,10652,3,Both,1,2
test,WEB10653.jpg,WEB,10653,3,Both,1,5
test,WEB10654.jpg,WEB,10654,3,Both,1,4
test,WEB10655.jpg,WEB,10655,3,Both,1,1
test,WEB10656.jpg,WEB,10656,3,Both,1,1
test,WEB10657.jpg,WEB,10657,3,Both,1,1
test,WEB10658.jpg,WEB,10658,3,Both,1,2
test,WEB10659.jpg,WEB,10659,3,Both,1,15
test,WEB10660.jpg,WEB,10660,3,Both,1,6
test,WEB10661.jpg,WEB,10661,3,Both,1,2
test,WEB10662.jpg,WEB,10662,3,Both,2,4
test,WEB10663.jpg,WEB,10663,3,Both,1,3
test,WEB10664.jpg,WEB,10664,3,Both,1,4
test,WEB10665.jpg,WEB,10665,1,Only_Fire,0,1
test,WEB10666.jpg,WEB,10666,1,Only_Fire,0,3
test,WEB10667.jpg,WEB,10667,3,Both,1,2
test,WEB10668.jpg,WEB,10668,3,Both,1,4
test,WEB10669.jpg,WEB,10669,3,Both,3,4
test,WEB10670.jpg,WEB,10670,3,Both,2,8
test,WEB10671.jpg,WEB,10671,3,Both,2,1
test,WEB10672.jpg,WEB,10672,3,Both,1,2
test,WEB10673.jpg,WEB,10673,3,Both,1,3
test,WEB10674.jpg,WEB,10674,3,Both,1,1
test,WEB10675.jpg,WEB,10675,3,Both,1,3
test,WEB10676.jpg,WEB,10676,1,Only_Fire,0,3
test,WEB10677.jpg,WEB,10677,3,Both,1,1
test,WEB10678.jpg,WEB,10678,3,Both,1,1
test,WEB10679.jpg,WEB,10679,3,Both,1,3
test,WEB10680.jpg,WEB,10680,3,Both,1,2
test,WEB10681.jpg,WEB,10681,3,Both,1,4
test,WEB10682.jpg,WEB,10682,3,Both,1,2
test,WEB10683.jpg,WEB,10683,3,Both,1,9
test,WEB10684.jpg,WEB,10684,3,Both,2,4
test,WEB10685.jpg,WEB,10685,3,Both,1,3
test,WEB10686.jpg,WEB,10686,3,Both,1,2
test,WEB10687.jpg,WEB,10687,3,Both,1,3
test,WEB10688.jpg,WEB,10688,3,Both,1,2
test,WEB10689.jpg,WEB,10689,3,Both,1,4
test,WEB10690.jpg,WEB,10690,3,Both,1,4
test,WEB10691.jpg,WEB,10691,3,Both,1,5
test,WEB10692.jpg,WEB,10692,3,Both,3,6
test,WEB10693.jpg,WEB,10693,3,Both,1,5
test,WEB10694.jpg,WEB,10694,3,Both,2,5
test,WEB10695.jpg,WEB,10695,3,Both,1,5
test,WEB10696.jpg,WEB,10696,3,Both,2,5
test,WEB10697.jpg,WEB,10697,3,Both,1,4
test,WEB10698.jpg,WEB,10698,3,Both,1,4
test,WEB10699.jpg,WEB,10699,3,Both,1,4
test,WEB10700.jpg,WEB,10700,3,Both,1,5
test,WEB10701.jpg,WEB,10701,3,Both,1,5
test,WEB10702.jpg,WEB,10702,3,Both,1,3
test,WEB10703.jpg,WEB,10703,3,Both,1,2
test,WEB10704.jpg,WEB,10704,1,Only_Fire,0,1
test,WEB10705.jpg,WEB,10705,3,Both,1,3
test,WEB10706.jpg,WEB,10706,3,Both,1,1
test,WEB10707.jpg,WEB,10707,3,Both,1,2
test,WEB10708.jpg,WEB,10708,3,Both,1,3
test,WEB10709.jpg,WEB,10709,3,Both,1,1
test,WEB10710.jpg,WEB,10710,3,Both,1,2
test,WEB10711.jpg,WEB,10711,3,Both,1,1
test,WEB10712.jpg,WEB,10712,3,Both,2,4
test,WEB10713.jpg,WEB,10713,3,Both,2,4
test,WEB10714.jpg,WEB,10714,3,Both,1,8
test,WEB10715.jpg,WEB,10715,3,Both,1,4
test,WEB10716.jpg,WEB,10716,1,Only_Fire,0,2
test,WEB10717.jpg,WEB,10717,1,Only_Fire,0,1
test,WEB10718.jpg,WEB,10718,2,Only_Smoke,1,0
test,WEB10719.jpg,WEB,10719,1,Only_Fire,0,1
test,WEB10720.jpg,WEB,10720,3,Both,1,2
test,WEB10721.jpg,WEB,10721,3,Both,1,3
test,WEB10722.jpg,WEB,10722,3,Both,2,1
test,WEB10723.jpg,WEB,10723,3,Both,1,1
test,WEB10724.jpg,WEB,10724,3,Both,1,6
test,WEB10725.jpg,WEB,10725,3,Both,1,4
test,WEB10726.jpg,WEB,10726,3,Both,1,4
test,WEB10727.jpg,WEB,10727,3,Both,1,3
test,WEB10728.jpg,WEB,10728,3,Both,1,6
test,WEB10729.jpg,WEB,10729,3,Both,1,2
test,WEB10730.jpg,WEB,10730,3,Both,1,5
test,WEB10731.jpg,WEB,10731,3,Both,1,2
test,WEB10732.jpg,WEB,10732,3,Both,1,5
test,WEB10733.jpg,WEB,10733,3,Both,1,2
test,WEB10734.jpg,WEB,10734,3,Both,1,3
test,WEB10735.jpg,WEB,10735,3,Both,1,6
test,WEB10736.jpg,WEB,10736,3,Both,1,2
test,WEB10737.jpg,WEB,10737,3,Both,1,2
test,WEB10738.jpg,WEB,10738,1,Only_Fire,0,5
test,WEB10739.jpg,WEB,10739,3,Both,1,5
test,WEB10740.jpg,WEB,10740,3,Both,1,4
test,WEB10741.jpg,WEB,10741,3,Both,1,5
test,WEB10742.jpg,WEB,10742,3,Both,1,5
test,WEB10743.jpg,WEB,10743,3,Both,1,1
test,WEB10744.jpg,WEB,10744,3,Both,3,3
test,WEB10745.jpg,WEB,10745,3,Both,2,2
test,WEB10746.jpg,WEB,10746,3,Both,1,4
test,WEB10747.jpg,WEB,10747,3,Both,2,5
test,WEB10748.jpg,WEB,10748,3,Both,1,2
test,WEB10749.jpg,WEB,10749,3,Both,2,3
test,WEB10750.jpg,WEB,10750,3,Both,2,1
test,WEB10751.jpg,WEB,10751,3,Both,1,4
test,WEB10752.jpg,WEB,10752,3,Both,1,5
test,WEB10753.jpg,WEB,10753,3,Both,2,2
test,WEB10754.jpg,WEB,10754,3,Both,1,5
test,WEB10755.jpg,WEB,10755,3,Both,1,5
test,WEB10756.jpg,WEB,10756,3,Both,1,2
test,WEB10757.jpg,WEB,10757,3,Both,1,3
test,WEB10758.jpg,WEB,10758,3,Both,1,3
test,WEB10759.jpg,WEB,10759,3,Both,1,4
test,WEB10760.jpg,WEB,10760,3,Both,1,4
test,WEB10761.jpg,WEB,10761,3,Both,1,4
test,WEB10762.jpg,WEB,10762,3,Both,1,4
test,WEB10763.jpg,WEB,10763,3,Both,1,2
test,WEB10764.jpg,WEB,10764,3,Both,1,3
test,WEB10765.jpg,WEB,10765,3,Both,1,3
test,WEB10766.jpg,WEB,10766,3,Both,1,2
test,WEB10767.jpg,WEB,10767,3,Both,1,2
test,WEB10768.jpg,WEB,10768,3,Both,1,3
test,WEB10769.jpg,WEB,10769,3,Both,1,1
test,WEB10770.jpg,WEB,10770,3,Both,1,1
test,WEB10771.jpg,WEB,10771,3,Both,1,2
test,WEB10772.jpg,WEB,10772,3,Both,1,6
test,WEB10773.jpg,WEB,10773,3,Both,1,3
test,WEB10774.jpg,WEB,10774,3,Both,1,1
test,WEB10775.jpg,WEB,10775,3,Both,1,2
test,WEB10776.jpg,WEB,10776,3,Both,1,4
test,WEB10777.jpg,WEB,10777,3,Both,2,3
test,WEB10778.jpg,WEB,10778,3,Both,1,5
test,WEB10779.jpg,WEB,10779,3,Both,1,4
test,WEB10780.jpg,WEB,10780,3,Both,1,6
test,WEB10781.jpg,WEB,10781,3,Both,1,2
test,WEB10782.jpg,WEB,10782,3,Both,1,7
test,WEB10783.jpg,WEB,10783,3,Both,1,5
test,WEB10784.jpg,WEB,10784,3,Both,1,4
test,WEB10785.jpg,WEB,10785,3,Both,1,4
test,WEB10786.jpg,WEB,10786,3,Both,1,5
test,WEB10787.jpg,WEB,10787,3,Both,1,4
test,WEB10788.jpg,WEB,10788,3,Both,1,5
test,WEB10789.jpg,WEB,10789,0,Neither,0,0
test,WEB10790.jpg,WEB,10790,3,Both,1,5
test,WEB10791.jpg,WEB,10791,3,Both,1,4
test,WEB10792.jpg,WEB,10792,3,Both,1,4
test,WEB10793.jpg,WEB,10793,3,Both,1,4
test,WEB10794.jpg,WEB,10794,3,Both,1,4
test,WEB10795.jpg,WEB,10795,3,Both,1,4
test,WEB10796.jpg,WEB,10796,3,Both,1,3
test,WEB10797.jpg,WEB,10797,3,Both,3,4
test,WEB10798.jpg,WEB,10798,3,Both,2,2
test,WEB10799.jpg,WEB,10799,3,Both,1,4
test,WEB10800.jpg,WEB,10800,3,Both,2,5
test,WEB10801.jpg,WEB,10801,3,Both,2,5
test,WEB10802.jpg,WEB,10802,2,Only_Smoke,1,0
test,WEB10803.jpg,WEB,10803,3,Both,2,4
test,WEB10804.jpg,WEB,10804,3,Both,2,4
test,WEB10805.jpg,WEB,10805,3,Both,2,4
test,WEB10806.jpg,WEB,10806,3,Both,2,2
test,WEB10807.jpg,WEB,10807,3,Both,2,7
test,WEB10808.jpg,WEB,10808,3,Both,1,2
test,WEB10809.jpg,WEB,10809,1,Only_Fire,0,1
test,WEB10810.jpg,WEB,10810,3,Both,1,2
test,WEB10811.jpg,WEB,10811,3,Both,1,2
test,WEB10812.jpg,WEB,10812,3,Both,1,3
test,WEB10813.jpg,WEB,10813,3,Both,1,1
test,WEB10814.jpg,WEB,10814,3,Both,1,4
test,WEB10815.jpg,WEB,10815,3,Both,1,2
test,WEB10816.jpg,WEB,10816,3,Both,1,1
test,WEB10817.jpg,WEB,10817,3,Both,1,1
test,WEB10818.jpg,WEB,10818,1,Only_Fire,0,1
test,WEB10819.jpg,WEB,10819,1,Only_Fire,0,5
test,WEB10820.jpg,WEB,10820,1,Only_Fire,0,1
test,WEB10821.jpg,WEB,10821,3,Both,1,4
test,WEB10822.jpg,WEB,10822,3,Both,1,3
test,WEB10823.jpg,WEB,10823,3,Both,1,3
test,WEB10824.jpg,WEB,10824,3,Both,1,4
test,WEB10825.jpg,WEB,10825,1,Only_Fire,0,1
test,WEB10826.jpg,WEB,10826,1,Only_Fire,0,7
test,WEB10827.jpg,WEB,10827,1,Only_Fire,0,3
test,WEB10828.jpg,WEB,10828,1,Only_Fire,0,2
test,WEB10829.jpg,WEB,10829,1,Only_Fire,0,2
test,WEB10830.jpg,WEB,10830,1,Only_Fire,0,2
test,WEB10831.jpg,WEB,10831,1,Only_Fire,0,2
test,WEB10832.jpg,WEB,10832,3,Both,1,1
test,WEB10833.jpg,WEB,10833,3,Both,1,3
test,WEB10834.jpg,WEB,10834,3,Both,1,1
test,WEB10835.jpg,WEB,10835,3,Both,1,3
test,WEB10836.jpg,WEB,10836,3,Both,1,2
test,WEB10837.jpg,WEB,10837,3,Both,1,2
test,WEB10838.jpg,WEB,10838,3,Both,1,2
test,WEB10839.jpg,WEB,10839,1,Only_Fire,0,2
test,WEB10840.jpg,WEB,10840,3,Both,1,4
test,WEB10841.jpg,WEB,10841,3,Both,1,3
test,WEB10842.jpg,WEB,10842,3,Both,1,1
test,WEB10843.jpg,WEB,10843,3,Both,1,4
test,WEB10844.jpg,WEB,10844,3,Both,1,3
test,WEB10845.jpg,WEB,10845,3,Both,1,6
test,WEB10846.jpg,WEB,10846,1,Only_Fire,0,1
test,WEB10847.jpg,WEB,10847,1,Only_Fire,0,1
test,WEB10848.jpg,WEB,10848,1,Only_Fire,0,1
test,WEB10849.jpg,WEB,10849,3,Both,1,4
test,WEB10850.jpg,WEB,10850,3,Both,1,5
test,WEB10851.jpg,WEB,10851,3,Both,1,6
test,WEB10852.jpg,WEB,10852,3,Both,1,3
test,WEB10853.jpg,WEB,10853,3,Both,1,3
test,WEB10854.jpg,WEB,10854,3,Both,1,3
test,WEB10855.jpg,WEB,10855,3,Both,1,3
test,WEB10856.jpg,WEB,10856,3,Both,1,2
test,WEB10857.jpg,WEB,10857,3,Both,1,2
test,WEB10858.jpg,WEB,10858,3,Both,2,4
test,WEB10859.jpg,WEB,10859,3,Both,1,4
test,WEB10860.jpg,WEB,10860,3,Both,1,7
test,WEB10861.jpg,WEB,10861,3,Both,1,4
test,WEB10862.jpg,WEB,10862,3,Both,2,6
test,WEB10863.jpg,WEB,10863,3,Both,1,1
test,WEB10864.jpg,WEB,10864,3,Both,1,1
test,WEB10865.jpg,WEB,10865,3,Both,1,5
test,WEB10866.jpg,WEB,10866,3,Both,1,3
test,WEB10867.jpg,WEB,10867,3,Both,1,1
test,WEB10868.jpg,WEB,10868,3,Both,1,3
test,WEB10869.jpg,WEB,10869,3,Both,1,2
test,WEB10870.jpg,WEB,10870,3,Both,1,1
test,WEB10871.jpg,WEB,10871,3,Both,1,1
test,WEB10872.jpg,WEB,10872,3,Both,1,5
test,WEB10873.jpg,WEB,10873,3,Both,3,2
test,WEB10874.jpg,WEB,10874,3,Both,1,2
test,WEB10875.jpg,WEB,10875,3,Both,1,4
test,WEB10876.jpg,WEB,10876,3,Both,2,6
test,WEB10877.jpg,WEB,10877,3,Both,1,8
test,WEB10878.jpg,WEB,10878,3,Both,1,2
test,WEB10879.jpg,WEB,10879,3,Both,1,4
test,WEB10880.jpg,WEB,10880,3,Both,1,3
test,WEB10881.jpg,WEB,10881,3,Both,1,3
test,WEB10882.jpg,WEB,10882,3,Both,1,2
test,WEB10883.jpg,WEB,10883,3,Both,1,3
test,WEB10884.jpg,WEB,10884,3,Both,1,5
test,WEB10885.jpg,WEB,10885,3,Both,2,8
test,WEB10886.jpg,WEB,10886,3,Both,1,11
test,WEB10887.jpg,WEB,10887,3,Both,1,12
test,WEB10888.jpg,WEB,10888,3,Both,1,6
test,WEB10889.jpg,WEB,10889,3,Both,1,5
test,WEB10890.jpg,WEB,10890,3,Both,1,3
test,WEB10891.jpg,WEB,10891,3,Both,1,3
test,WEB10892.jpg,WEB,10892,3,Both,1,6
test,WEB10893.jpg,WEB,10893,3,Both,1,7
test,WEB10894.jpg,WEB,10894,3,Both,1,1
test,WEB10895.jpg,WEB,10895,1,Only_Fire,0,3
test,WEB10896.jpg,WEB,10896,3,Both,1,10
test,WEB10897.jpg,WEB,10897,3,Both,1,2
test,WEB10898.jpg,WEB,10898,2,Only_Smoke,1,0
test,WEB10899.jpg,WEB,10899,3,Both,1,9
test,WEB10900.jpg,WEB,10900,3,Both,1,5
test,WEB10901.jpg,WEB,10901,1,Only_Fire,0,6
test,WEB10902.jpg,WEB,10902,3,Both,1,1
test,WEB10903.jpg,WEB,10903,3,Both,1,2
test,WEB10904.jpg,WEB,10904,3,Both,1,2
test,WEB10905.jpg,WEB,10905,1,Only_Fire,0,2
test,WEB10906.jpg,WEB,10906,1,Only_Fire,0,11
test,WEB10907.jpg,WEB,10907,3,Both,1,3
test,WEB10908.jpg,WEB,10908,3,Both,1,2
test,WEB10909.jpg,WEB,10909,3,Both,1,4
test,WEB10910.jpg,WEB,10910,3,Both,1,4
test,WEB10911.jpg,WEB,10911,1,Only_Fire,0,3
test,WEB10912.jpg,WEB,10912,1,Only_Fire,0,2
test,WEB10913.jpg,WEB,10913,3,Both,1,11
test,WEB10914.jpg,WEB,10914,1,Only_Fire,0,5
test,WEB10915.jpg,WEB,10915,1,Only_Fire,0,5
test,WEB10916.jpg,WEB,10916,1,Only_Fire,0,5
test,WEB10917.jpg,WEB,10917,3,Both,1,4
test,WEB10918.jpg,WEB,10918,1,Only_Fire,0,3
test,WEB10919.jpg,WEB,10919,3,Both,1,5
test,WEB10920.jpg,WEB,10920,3,Both,1,3
test,WEB10921.jpg,WEB,10921,3,Both,2,2
test,WEB10922.jpg,WEB,10922,3,Both,1,2
test,WEB10923.jpg,WEB,10923,3,Both,1,2
test,WEB10924.jpg,WEB,10924,3,Both,1,1
test,WEB10925.jpg,WEB,10925,3,Both,2,1
test,WEB10926.jpg,WEB,10926,3,Both,2,5
test,WEB10927.jpg,WEB,10927,3,Both,1,5
test,WEB10928.jpg,WEB,10928,3,Both,1,5
test,WEB10929.jpg,WEB,10929,3,Both,1,3
test,WEB10930.jpg,WEB,10930,3,Both,1,3
test,WEB10931.jpg,WEB,10931,3,Both,1,6
test,WEB10932.jpg,WEB,10932,3,Both,1,1
test,WEB10933.jpg,WEB,10933,3,Both,1,3
test,WEB10934.jpg,WEB,10934,3,Both,1,2
test,WEB10935.jpg,WEB,10935,3,Both,1,9
test,WEB10936.jpg,WEB,10936,3,Both,1,7
test,WEB10937.jpg,WEB,10937,3,Both,1,3
test,WEB10938.jpg,WEB,10938,3,Both,1,10
test,WEB10939.jpg,WEB,10939,3,Both,1,8
test,WEB10940.jpg,WEB,10940,3,Both,1,3
test,WEB10941.jpg,WEB,10941,3,Both,1,2
test,WEB10942.jpg,WEB,10942,3,Both,1,3
test,WEB10943.jpg,WEB,10943,3,Both,1,5
test,WEB10944.jpg,WEB,10944,3,Both,1,1
test,WEB10945.jpg,WEB,10945,3,Both,1,4
test,WEB10946.jpg,WEB,10946,3,Both,2,4
test,WEB10947.jpg,WEB,10947,3,Both,2,4
test,WEB10948.jpg,WEB,10948,3,Both,3,6
test,WEB10949.jpg,WEB,10949,3,Both,2,4
test,WEB10950.jpg,WEB,10950,3,Both,2,4
test,WEB10951.jpg,WEB,10951,3,Both,1,3
test,WEB10952.jpg,WEB,10952,3,Both,1,7
test,WEB10953.jpg,WEB,10953,3,Both,1,5
test,WEB10954.jpg,WEB,10954,1,Only_Fire,0,2
test,WEB10955.jpg,WEB,10955,3,Both,2,1
test,WEB10956.jpg,WEB,10956,3,Both,1,6
test,WEB10957.jpg,WEB,10957,3,Both,1,6
test,WEB10958.jpg,WEB,10958,3,Both,1,4
test,WEB10959.jpg,WEB,10959,3,Both,1,3
test,WEB10960.jpg,WEB,10960,3,Both,1,3
test,WEB10961.jpg,WEB,10961,1,Only_Fire,0,7
test,WEB10962.jpg,WEB,10962,1,Only_Fire,0,2
test,WEB10963.jpg,WEB,10963,1,Only_Fire,0,3
test,WEB10964.jpg,WEB,10964,1,Only_Fire,0,7
test,WEB10965.jpg,WEB,10965,1,Only_Fire,0,1
test,WEB10966.jpg,WEB,10966,1,Only_Fire,0,3
test,WEB10967.jpg,WEB,10967,1,Only_Fire,0,2
test,WEB10968.jpg,WEB,10968,2,Only_Smoke,1,0
test,WEB10969.jpg,WEB,10969,2,Only_Smoke,1,0
test,WEB10970.jpg,WEB,10970,2,Only_Smoke,2,0
test,WEB10971.jpg,WEB,10971,2,Only_Smoke,1,0
test,WEB10972.jpg,WEB,10972,2,Only_Smoke,1,0
test,WEB10973.jpg,WEB,10973,2,Only_Smoke,1,0
test,WEB10974.jpg,WEB,10974,3,Both,1,1
test,WEB10975.jpg,WEB,10975,2,Only_Smoke,1,0
test,WEB10976.jpg,WEB,10976,1,Only_Fire,0,1
test,WEB10977.jpg,WEB,10977,2,Only_Smoke,1,0
test,WEB10978.jpg,WEB,10978,1,Only_Fire,0,2
test,WEB10979.jpg,WEB,10979,2,Only_Smoke,1,0
test,WEB10980.jpg,WEB,10980,2,Only_Smoke,1,0
test,WEB10981.jpg,WEB,10981,2,Only_Smoke,1,0
test,WEB10982.jpg,WEB,10982,3,Both,1,2
test,WEB10983.jpg,WEB,10983,2,Only_Smoke,1,0
test,WEB10984.jpg,WEB,10984,2,Only_Smoke,2,0
test,WEB10985.jpg,WEB,10985,2,Only_Smoke,1,0
test,WEB10986.jpg,WEB,10986,3,Both,1,1
test,WEB10987.jpg,WEB,10987,3,Both,1,1
test,WEB10988.jpg,WEB,10988,3,Both,1,4
test,WEB10989.jpg,WEB,10989,2,Only_Smoke,1,0
test,WEB10990.jpg,WEB,10990,3,Both,1,1
test,WEB10991.jpg,WEB,10991,3,Both,1,1
test,WEB10992.jpg,WEB,10992,3,Both,1,4
test,WEB10993.jpg,WEB,10993,3,Both,1,2
test,WEB10994.jpg,WEB,10994,2,Only_Smoke,1,0
test,WEB10995.jpg,WEB,10995,3,Both,1,1
test,WEB10996.jpg,WEB,10996,3,Both,2,3
test,WEB10997.jpg,WEB,10997,2,Only_Smoke,1,0
test,WEB10998.jpg,WEB,10998,2,Only_Smoke,1,0
test,WEB10999.jpg,WEB,10999,3,Both,1,2
test,WEB11000.jpg,WEB,11000,2,Only_Smoke,1,0
test,WEB11001.jpg,WEB,11001,2,Only_Smoke,1,0
test,WEB11002.jpg,WEB,11002,3,Both,1,2
test,WEB11003.jpg,WEB,11003,3,Both,1,3
test,WEB11004.jpg,WEB,11004,2,Only_Smoke,1,0
test,WEB11005.jpg,WEB,11005,3,Both,1,2
test,WEB11006.jpg,WEB,11006,3,Both,1,4
test,WEB11007.jpg,WEB,11007,2,Only_Smoke,1,0
test,WEB11008.jpg,WEB,11008,2,Only_Smoke,1,0
test,WEB11009.jpg,WEB,11009,3,Both,1,1
test,WEB11010.jpg,WEB,11010,2,Only_Smoke,1,0
test,WEB11011.jpg,WEB,11011,2,Only_Smoke,1,0
test,WEB11012.jpg,WEB,11012,2,Only_Smoke,1,0
test,WEB11013.jpg,WEB,11013,2,Only_Smoke,1,0
test,WEB11014.jpg,WEB,11014,2,Only_Smoke,1,0
test,WEB11015.jpg,WEB,11015,2,Only_Smoke,1,0
test,WEB11016.jpg,WEB,11016,2,Only_Smoke,1,0
test,WEB11017.jpg,WEB,11017,2,Only_Smoke,1,0
test,WEB11018.jpg,WEB,11018,2,Only_Smoke,1,0
test,WEB11019.jpg,WEB,11019,2,Only_Smoke,1,0
test,WEB11020.jpg,WEB,11020,2,Only_Smoke,1,0
test,WEB11021.jpg,WEB,11021,2,Only_Smoke,2,0
test,WEB11022.jpg,WEB,11022,2,Only_Smoke,1,0
test,WEB11023.jpg,WEB,11023,2,Only_Smoke,1,0
test,WEB11024.jpg,WEB,11024,2,Only_Smoke,2,0
test,WEB11025.jpg,WEB,11025,2,Only_Smoke,1,0
test,WEB11026.jpg,WEB,11026,2,Only_Smoke,1,0
test,WEB11027.jpg,WEB,11027,2,Only_Smoke,1,0
test,WEB11028.jpg,WEB,11028,2,Only_Smoke,1,0
test,WEB11029.jpg,WEB,11029,2,Only_Smoke,1,0
test,WEB11030.jpg,WEB,11030,3,Both,1,1
test,WEB11031.jpg,WEB,11031,2,Only_Smoke,1,0
test,WEB11032.jpg,WEB,11032,3,Both,1,1
test,WEB11033.jpg,WEB,11033,2,Only_Smoke,1,0
test,WEB11034.jpg,WEB,11034,2,Only_Smoke,1,0
test,WEB11035.jpg,WEB,11035,2,Only_Smoke,1,0
test,WEB11036.jpg,WEB,11036,3,Both,1,3
test,WEB11037.jpg,WEB,11037,2,Only_Smoke,1,0
test,WEB11038.jpg,WEB,11038,3,Both,1,1
test,WEB11039.jpg,WEB,11039,2,Only_Smoke,1,0
test,WEB11040.jpg,WEB,11040,3,Both,1,1
test,WEB11041.jpg,WEB,11041,2,Only_Smoke,1,0
test,WEB11042.jpg,WEB,11042,2,Only_Smoke,1,0
test,WEB11043.jpg,WEB,11043,3,Both,1,2
test,WEB11044.jpg,WEB,11044,2,Only_Smoke,1,0
test,WEB11045.jpg,WEB,11045,2,Only_Smoke,1,0
test,WEB11046.jpg,WEB,11046,2,Only_Smoke,1,0
test,WEB11047.jpg,WEB,11047,2,Only_Smoke,1,0
test,WEB11048.jpg,WEB,11048,2,Only_Smoke,1,0
test,WEB11049.jpg,WEB,11049,2,Only_Smoke,1,0
test,WEB11050.jpg,WEB,11050,3,Both,1,1
test,WEB11051.jpg,WEB,11051,2,Only_Smoke,1,0
test,WEB11052.jpg,WEB,11052,3,Both,1,3
test,WEB11053.jpg,WEB,11053,3,Both,2,3
test,WEB11054.jpg,WEB,11054,3,Both,1,3
test,WEB11055.jpg,WEB,11055,3,Both,1,2
test,WEB11056.jpg,WEB,11056,2,Only_Smoke,1,0
test,WEB11057.jpg,WEB,11057,3,Both,1,3
test,WEB11058.jpg,WEB,11058,2,Only_Smoke,1,0
test,WEB11059.jpg,WEB,11059,2,Only_Smoke,1,0
test,WEB11060.jpg,WEB,11060,2,Only_Smoke,1,0
test,WEB11061.jpg,WEB,11061,2,Only_Smoke,1,0
test,WEB11062.jpg,WEB,11062,2,Only_Smoke,1,0
test,WEB11063.jpg,WEB,11063,2,Only_Smoke,1,0
test,WEB11064.jpg,WEB,11064,2,Only_Smoke,1,0
test,WEB11065.jpg,WEB,11065,2,Only_Smoke,1,0
test,WEB11066.jpg,WEB,11066,2,Only_Smoke,1,0
test,WEB11067.jpg,WEB,11067,2,Only_Smoke,1,0
test,WEB11068.jpg,WEB,11068,2,Only_Smoke,1,0
test,WEB11069.jpg,WEB,11069,2,Only_Smoke,1,0
test,WEB11070.jpg,WEB,11070,2,Only_Smoke,1,0
test,WEB11071.jpg,WEB,11071,2,Only_Smoke,1,0
test,WEB11072.jpg,WEB,11072,2,Only_Smoke,1,0
test,WEB11073.jpg,WEB,11073,2,Only_Smoke,1,0
test,WEB11074.jpg,WEB,11074,3,Both,1,1
test,WEB11075.jpg,WEB,11075,2,Only_Smoke,1,0
test,WEB11076.jpg,WEB,11076,2,Only_Smoke,1,0
test,WEB11077.jpg,WEB,11077,2,Only_Smoke,1,0
test,WEB11078.jpg,WEB,11078,2,Only_Smoke,1,0
test,WEB11079.jpg,WEB,11079,2,Only_Smoke,1,0
test,WEB11080.jpg,WEB,11080,3,Both,1,1
test,WEB11081.jpg,WEB,11081,2,Only_Smoke,1,0
test,WEB11082.jpg,WEB,11082,2,Only_Smoke,1,0
test,WEB11083.jpg,WEB,11083,2,Only_Smoke,1,0
test,WEB11084.jpg,WEB,11084,3,Both,1,1
test,WEB11085.jpg,WEB,11085,2,Only_Smoke,1,0
test,WEB11086.jpg,WEB,11086,2,Only_Smoke,1,0
test,WEB11087.jpg,WEB,11087,2,Only_Smoke,1,0
test,WEB11088.jpg,WEB,11088,2,Only_Smoke,1,0
test,WEB11089.jpg,WEB,11089,2,Only_Smoke,1,0
test,WEB11090.jpg,WEB,11090,2,Only_Smoke,1,0
test,WEB11091.jpg,WEB,11091,1,Only_Fire,0,2
test,WEB11092.jpg,WEB,11092,2,Only_Smoke,1,0
test,WEB11093.jpg,WEB,11093,2,Only_Smoke,1,0
test,WEB11094.jpg,WEB,11094,2,Only_Smoke,1,0
test,WEB11095.jpg,WEB,11095,2,Only_Smoke,1,0
test,WEB11096.jpg,WEB,11096,3,Both,1,1
test,WEB11097.jpg,WEB,11097,2,Only_Smoke,1,0
test,WEB11098.jpg,WEB,11098,3,Both,1,1
test,WEB11099.jpg,WEB,11099,2,Only_Smoke,1,0
test,WEB11100.jpg,WEB,11100,3,Both,1,4
test,WEB11101.jpg,WEB,11101,2,Only_Smoke,1,0
test,WEB11102.jpg,WEB,11102,2,Only_Smoke,1,0
test,WEB11103.jpg,WEB,11103,2,Only_Smoke,1,0
test,WEB11104.jpg,WEB,11104,3,Both,1,4
test,WEB11105.jpg,WEB,11105,2,Only_Smoke,1,0
test,WEB11106.jpg,WEB,11106,2,Only_Smoke,1,0
test,WEB11107.jpg,WEB,11107,2,Only_Smoke,1,0
test,WEB11108.jpg,WEB,11108,2,Only_Smoke,1,0
test,WEB11109.jpg,WEB,11109,2,Only_Smoke,1,0
test,WEB11110.jpg,WEB,11110,3,Both,1,1
test,WEB11111.jpg,WEB,11111,2,Only_Smoke,1,0
test,WEB11112.jpg,WEB,11112,2,Only_Smoke,1,0
test,WEB11113.jpg,WEB,11113,2,Only_Smoke,1,0
test,WEB11114.jpg,WEB,11114,2,Only_Smoke,1,0
test,WEB11115.jpg,WEB,11115,2,Only_Smoke,1,0
test,WEB11116.jpg,WEB,11116,2,Only_Smoke,2,0
test,WEB11117.jpg,WEB,11117,2,Only_Smoke,2,0
test,WEB11118.jpg,WEB,11118,2,Only_Smoke,2,0
test,WEB11119.jpg,WEB,11119,2,Only_Smoke,2,0
test,WEB11120.jpg,WEB,11120,2,Only_Smoke,1,0
test,WEB11121.jpg,WEB,11121,2,Only_Smoke,1,0
test,WEB11122.jpg,WEB,11122,2,Only_Smoke,2,0
test,WEB11123.jpg,WEB,11123,2,Only_Smoke,2,0
test,WEB11124.jpg,WEB,11124,3,Both,1,5
test,WEB11125.jpg,WEB,11125,3,Both,1,7
test,WEB11126.jpg,WEB,11126,3,Both,1,1
test,WEB11127.jpg,WEB,11127,3,Both,2,1
test,WEB11128.jpg,WEB,11128,3,Both,1,1
test,WEB11129.jpg,WEB,11129,2,Only_Smoke,1,0
test,WEB11130.jpg,WEB,11130,2,Only_Smoke,1,0
test,WEB11131.jpg,WEB,11131,3,Both,1,3
test,WEB11132.jpg,WEB,11132,3,Both,1,2
test,WEB11133.jpg,WEB,11133,3,Both,1,5
test,WEB11134.jpg,WEB,11134,3,Both,1,1
test,WEB11135.jpg,WEB,11135,3,Both,1,1
test,WEB11136.jpg,WEB,11136,2,Only_Smoke,1,0
test,WEB11137.jpg,WEB,11137,2,Only_Smoke,1,0
test,WEB11138.jpg,WEB,11138,2,Only_Smoke,1,0
test,WEB11139.jpg,WEB,11139,2,Only_Smoke,1,0
test,WEB11140.jpg,WEB,11140,2,Only_Smoke,1,0
test,WEB11141.jpg,WEB,11141,2,Only_Smoke,1,0
test,WEB11142.jpg,WEB,11142,2,Only_Smoke,1,0
test,WEB11143.jpg,WEB,11143,3,Both,1,2
test,WEB11144.jpg,WEB,11144,3,Both,1,1
test,WEB11145.jpg,WEB,11145,3,Both,1,1
test,WEB11146.jpg,WEB,11146,2,Only_Smoke,3,0
test,WEB11147.jpg,WEB,11147,3,Both,1,2
test,WEB11148.jpg,WEB,11148,3,Both,1,2
test,WEB11149.jpg,WEB,11149,3,Both,1,3
test,WEB11150.jpg,WEB,11150,2,Only_Smoke,2,0
test,WEB11151.jpg,WEB,11151,2,Only_Smoke,3,0
test,WEB11152.jpg,WEB,11152,2,Only_Smoke,1,0
test,WEB11153.jpg,WEB,11153,2,Only_Smoke,1,0
test,WEB11154.jpg,WEB,11154,2,Only_Smoke,1,0
test,WEB11155.jpg,WEB,11155,3,Both,1,5
test,WEB11156.jpg,WEB,11156,3,Both,1,6
test,WEB11157.jpg,WEB,11157,3,Both,1,5
test,WEB11158.jpg,WEB,11158,3,Both,1,6
test,WEB11159.jpg,WEB,11159,3,Both,1,8
test,WEB11160.jpg,WEB,11160,2,Only_Smoke,10,0
test,WEB11161.jpg,WEB,11161,3,Both,1,6
test,WEB11162.jpg,WEB,11162,3,Both,1,9
test,WEB11163.jpg,WEB,11163,3,Both,1,9
test,WEB11164.jpg,WEB,11164,2,Only_Smoke,1,0
test,WEB11165.jpg,WEB,11165,2,Only_Smoke,1,0
test,WEB11166.jpg,WEB,11166,2,Only_Smoke,1,0
test,WEB11167.jpg,WEB,11167,2,Only_Smoke,1,0
test,WEB11168.jpg,WEB,11168,2,Only_Smoke,1,0
test,WEB11169.jpg,WEB,11169,3,Both,1,5
test,WEB11170.jpg,WEB,11170,3,Both,1,2
test,WEB11171.jpg,WEB,11171,3,Both,1,3
test,WEB11172.jpg,WEB,11172,3,Both,1,2
test,WEB11173.jpg,WEB,11173,3,Both,1,1
test,WEB11174.jpg,WEB,11174,3,Both,1,5
test,WEB11175.jpg,WEB,11175,2,Only_Smoke,2,0
test,WEB11176.jpg,WEB,11176,2,Only_Smoke,1,0
test,WEB11177.jpg,WEB,11177,2,Only_Smoke,2,0
test,WEB11178.jpg,WEB,11178,2,Only_Smoke,1,0
test,WEB11179.jpg,WEB,11179,2,Only_Smoke,2,0
test,WEB11180.jpg,WEB,11180,2,Only_Smoke,4,0
test,WEB11181.jpg,WEB,11181,3,Both,1,2
test,WEB11182.jpg,WEB,11182,2,Only_Smoke,1,0
test,WEB11183.jpg,WEB,11183,2,Only_Smoke,1,0
test,WEB11184.jpg,WEB,11184,2,Only_Smoke,1,0
test,WEB11185.jpg,WEB,11185,2,Only_Smoke,1,0
test,WEB11186.jpg,WEB,11186,2,Only_Smoke,1,0
test,WEB11187.jpg,WEB,11187,2,Only_Smoke,1,0
test,WEB11188.jpg,WEB,11188,3,Both,1,4
test,WEB11189.jpg,WEB,11189,3,Both,1,2
test,WEB11190.jpg,WEB,11190,2,Only_Smoke,1,0
test,WEB11191.jpg,WEB,11191,2,Only_Smoke,1,0
test,WEB11192.jpg,WEB,11192,2,Only_Smoke,1,0
test,WEB11193.jpg,WEB,11193,3,Both,1,1
test,WEB11194.jpg,WEB,11194,2,Only_Smoke,1,0
test,WEB11195.jpg,WEB,11195,3,Both,1,1
test,WEB11196.jpg,WEB,11196,3,Both,1,2
test,WEB11197.jpg,WEB,11197,3,Both,1,1
test,WEB11198.jpg,WEB,11198,2,Only_Smoke,4,0
test,WEB11199.jpg,WEB,11199,3,Both,1,4
test,WEB11200.jpg,WEB,11200,3,Both,1,1
test,WEB11201.jpg,WEB,11201,2,Only_Smoke,4,0
test,WEB11202.jpg,WEB,11202,3,Both,1,1
test,WEB11203.jpg,WEB,11203,3,Both,1,1
test,WEB11204.jpg,WEB,11204,2,Only_Smoke,1,0
test,WEB11205.jpg,WEB,11205,2,Only_Smoke,1,0
test,WEB11206.jpg,WEB,11206,2,Only_Smoke,1,0
test,WEB11207.jpg,WEB,11207,3,Both,1,1
test,WEB11208.jpg,WEB,11208,3,Both,1,1
test,WEB11209.jpg,WEB,11209,2,Only_Smoke,1,0
test,WEB11210.jpg,WEB,11210,2,Only_Smoke,1,0
test,WEB11211.jpg,WEB,11211,2,Only_Smoke,1,0
test,WEB11212.jpg,WEB,11212,2,Only_Smoke,1,0
test,WEB11213.jpg,WEB,11213,2,Only_Smoke,1,0
test,WEB11214.jpg,WEB,11214,3,Both,1,1
test,WEB11215.jpg,WEB,11215,2,Only_Smoke,1,0
test,WEB11216.jpg,WEB,11216,2,Only_Smoke,1,0
test,WEB11217.jpg,WEB,11217,2,Only_Smoke,4,0
test,WEB11218.jpg,WEB,11218,2,Only_Smoke,1,0
test,WEB11219.jpg,WEB,11219,3,Both,1,1
test,WEB11220.jpg,WEB,11220,2,Only_Smoke,1,0
test,WEB11221.jpg,WEB,11221,2,Only_Smoke,1,0
test,WEB11222.jpg,WEB,11222,2,Only_Smoke,1,0
test,WEB11223.jpg,WEB,11223,3,Both,1,2
test,WEB11224.jpg,WEB,11224,3,Both,1,3
test,WEB11225.jpg,WEB,11225,2,Only_Smoke,1,0
test,WEB11226.jpg,WEB,11226,2,Only_Smoke,1,0
test,WEB11227.jpg,WEB,11227,3,Both,1,1
test,WEB11228.jpg,WEB,11228,3,Both,1,1
test,WEB11229.jpg,WEB,11229,2,Only_Smoke,1,0
test,WEB11230.jpg,WEB,11230,2,Only_Smoke,1,0
test,WEB11231.jpg,WEB,11231,2,Only_Smoke,1,0
test,WEB11232.jpg,WEB,11232,3,Both,1,1
test,WEB11233.jpg,WEB,11233,2,Only_Smoke,1,0
test,WEB11234.jpg,WEB,11234,2,Only_Smoke,1,0
test,WEB11235.jpg,WEB,11235,2,Only_Smoke,1,0
test,WEB11236.jpg,WEB,11236,2,Only_Smoke,1,0
test,WEB11237.jpg,WEB,11237,2,Only_Smoke,1,0
test,WEB11238.jpg,WEB,11238,2,Only_Smoke,1,0
test,WEB11239.jpg,WEB,11239,2,Only_Smoke,1,0
test,WEB11240.jpg,WEB,11240,3,Both,1,1
test,WEB11241.jpg,WEB,11241,2,Only_Smoke,1,0
test,WEB11242.jpg,WEB,11242,3,Both,1,1
test,WEB11243.jpg,WEB,11243,2,Only_Smoke,1,0
test,WEB11244.jpg,WEB,11244,2,Only_Smoke,1,0
test,WEB11245.jpg,WEB,11245,2,Only_Smoke,1,0
test,WEB11246.jpg,WEB,11246,3,Both,1,5
test,WEB11247.jpg,WEB,11247,3,Both,1,1
test,WEB11248.jpg,WEB,11248,2,Only_Smoke,1,0
test,WEB11249.jpg,WEB,11249,2,Only_Smoke,1,0
test,WEB11250.jpg,WEB,11250,2,Only_Smoke,1,0
test,WEB11251.jpg,WEB,11251,2,Only_Smoke,1,0
test,WEB11252.jpg,WEB,11252,3,Both,1,3
test,WEB11253.jpg,WEB,11253,2,Only_Smoke,1,0
test,WEB11254.jpg,WEB,11254,2,Only_Smoke,1,0
test,WEB11255.jpg,WEB,11255,2,Only_Smoke,2,0
test,WEB11256.jpg,WEB,11256,3,Both,1,5
test,WEB11257.jpg,WEB,11257,2,Only_Smoke,1,0
test,WEB11258.jpg,WEB,11258,2,Only_Smoke,1,0
test,WEB11259.jpg,WEB,11259,2,Only_Smoke,2,0
test,WEB11260.jpg,WEB,11260,2,Only_Smoke,1,0
test,WEB11261.jpg,WEB,11261,2,Only_Smoke,1,0
test,WEB11262.jpg,WEB,11262,2,Only_Smoke,1,0
test,WEB11263.jpg,WEB,11263,2,Only_Smoke,4,0
test,WEB11264.jpg,WEB,11264,2,Only_Smoke,1,0
test,WEB11265.jpg,WEB,11265,2,Only_Smoke,1,0
test,WEB11266.jpg,WEB,11266,2,Only_Smoke,1,0
test,WEB11267.jpg,WEB,11267,3,Both,1,2
test,WEB11268.jpg,WEB,11268,2,Only_Smoke,1,0
test,WEB11269.jpg,WEB,11269,2,Only_Smoke,1,0
test,WEB11270.jpg,WEB,11270,2,Only_Smoke,1,0
test,WEB11271.jpg,WEB,11271,3,Both,1,1
test,WEB11272.jpg,WEB,11272,2,Only_Smoke,1,0
test,WEB11273.jpg,WEB,11273,3,Both,1,1
test,WEB11274.jpg,WEB,11274,3,Both,2,1
test,WEB11275.jpg,WEB,11275,3,Both,2,2
test,WEB11276.jpg,WEB,11276,2,Only_Smoke,1,0
test,WEB11277.jpg,WEB,11277,2,Only_Smoke,1,0
test,WEB11278.jpg,WEB,11278,2,Only_Smoke,1,0
test,WEB11279.jpg,WEB,11279,2,Only_Smoke,2,0
test,WEB11280.jpg,WEB,11280,2,Only_Smoke,1,0
test,WEB11281.jpg,WEB,11281,2,Only_Smoke,1,0
test,WEB11282.jpg,WEB,11282,2,Only_Smoke,1,0
test,WEB11283.jpg,WEB,11283,2,Only_Smoke,1,0
test,WEB11284.jpg,WEB,11284,2,Only_Smoke,1,0
test,WEB11285.jpg,WEB,11285,2,Only_Smoke,2,0
test,WEB11286.jpg,WEB,11286,3,Both,1,1
test,WEB11287.jpg,WEB,11287,2,Only_Smoke,1,0
test,WEB11288.jpg,WEB,11288,2,Only_Smoke,1,0
test,WEB11289.jpg,WEB,11289,2,Only_Smoke,1,0
test,WEB11290.jpg,WEB,11290,2,Only_Smoke,1,0
test,WEB11291.jpg,WEB,11291,2,Only_Smoke,1,0
test,WEB11292.jpg,WEB,11292,2,Only_Smoke,2,0
test,WEB11293.jpg,WEB,11293,2,Only_Smoke,3,0
test,WEB11294.jpg,WEB,11294,3,Both,1,9
test,WEB11295.jpg,WEB,11295,3,Both,1,6
test,WEB11296.jpg,WEB,11296,2,Only_Smoke,1,0
test,WEB11297.jpg,WEB,11297,2,Only_Smoke,1,0
test,WEB11298.jpg,WEB,11298,2,Only_Smoke,1,0
test,WEB11299.jpg,WEB,11299,2,Only_Smoke,1,0
test,WEB11300.jpg,WEB,11300,3,Both,1,2
test,WEB11301.jpg,WEB,11301,2,Only_Smoke,1,0
test,WEB11302.jpg,WEB,11302,2,Only_Smoke,1,0
test,WEB11303.jpg,WEB,11303,3,Both,1,1
test,WEB11304.jpg,WEB,11304,3,Both,1,1
test,WEB11305.jpg,WEB,11305,3,Both,1,2
test,WEB11306.jpg,WEB,11306,2,Only_Smoke,1,0
test,WEB11307.jpg,WEB,11307,2,Only_Smoke,1,0
test,WEB11308.jpg,WEB,11308,2,Only_Smoke,3,0
test,WEB11309.jpg,WEB,11309,2,Only_Smoke,3,0
test,WEB11310.jpg,WEB,11310,3,Both,1,2
test,WEB11311.jpg,WEB,11311,2,Only_Smoke,1,0
test,WEB11312.jpg,WEB,11312,2,Only_Smoke,1,0
test,WEB11313.jpg,WEB,11313,2,Only_Smoke,1,0
test,WEB11314.jpg,WEB,11314,3,Both,1,2
test,WEB11315.jpg,WEB,11315,2,Only_Smoke,1,0
test,WEB11316.jpg,WEB,11316,2,Only_Smoke,2,0
test,WEB11317.jpg,WEB,11317,3,Both,1,2
test,WEB11318.jpg,WEB,11318,2,Only_Smoke,1,0
test,WEB11319.jpg,WEB,11319,3,Both,1,4
test,WEB11320.jpg,WEB,11320,3,Both,1,3
test,WEB11321.jpg,WEB,11321,2,Only_Smoke,2,0
test,WEB11322.jpg,WEB,11322,2,Only_Smoke,1,0
test,WEB11323.jpg,WEB,11323,2,Only_Smoke,1,0
test,WEB11324.jpg,WEB,11324,3,Both,2,1
test,WEB11325.jpg,WEB,11325,2,Only_Smoke,1,0
test,WEB11326.jpg,WEB,11326,2,Only_Smoke,1,0
test,WEB11327.jpg,WEB,11327,3,Both,2,1
test,WEB11328.jpg,WEB,11328,2,Only_Smoke,1,0
test,WEB11329.jpg,WEB,11329,3,Both,1,1
test,WEB11330.jpg,WEB,11330,3,Both,1,1
test,WEB11331.jpg,WEB,11331,2,Only_Smoke,1,0
test,WEB11332.jpg,WEB,11332,2,Only_Smoke,2,0
test,WEB11333.jpg,WEB,11333,3,Both,1,1
test,WEB11334.jpg,WEB,11334,2,Only_Smoke,1,0
test,WEB11335.jpg,WEB,11335,2,Only_Smoke,1,0
test,WEB11336.jpg,WEB,11336,2,Only_Smoke,1,0
test,WEB11337.jpg,WEB,11337,2,Only_Smoke,1,0
test,WEB11338.jpg,WEB,11338,2,Only_Smoke,1,0
test,WEB11339.jpg,WEB,11339,2,Only_Smoke,1,0
test,WEB11340.jpg,WEB,11340,2,Only_Smoke,2,0
test,WEB11341.jpg,WEB,11341,2,Only_Smoke,1,0
test,WEB11342.jpg,WEB,11342,3,Both,1,4
test,WEB11343.jpg,WEB,11343,2,Only_Smoke,1,0
test,WEB11344.jpg,WEB,11344,3,Both,1,1
test,WEB11345.jpg,WEB,11345,2,Only_Smoke,1,0
test,WEB11346.jpg,WEB,11346,2,Only_Smoke,1,0
test,WEB11347.jpg,WEB,11347,2,Only_Smoke,1,0
test,WEB11348.jpg,WEB,11348,2,Only_Smoke,1,0
test,WEB11349.jpg,WEB,11349,2,Only_Smoke,1,0
test,WEB11350.jpg,WEB,11350,2,Only_Smoke,1,0
test,WEB11351.jpg,WEB,11351,2,Only_Smoke,1,0
test,WEB11352.jpg,WEB,11352,2,Only_Smoke,1,0
test,WEB11353.jpg,WEB,11353,3,Both,2,1
test,WEB11354.jpg,WEB,11354,2,Only_Smoke,1,0
test,WEB11355.jpg,WEB,11355,2,Only_Smoke,1,0
test,WEB11356.jpg,WEB,11356,2,Only_Smoke,1,0
test,WEB11357.jpg,WEB,11357,3,Both,5,2
test,WEB11358.jpg,WEB,11358,2,Only_Smoke,1,0
test,WEB11359.jpg,WEB,11359,2,Only_Smoke,1,0
test,WEB11360.jpg,WEB,11360,2,Only_Smoke,1,0
test,WEB11361.jpg,WEB,11361,2,Only_Smoke,1,0
test,WEB11362.jpg,WEB,11362,2,Only_Smoke,1,0
test,WEB11363.jpg,WEB,11363,2,Only_Smoke,1,0
test,WEB11364.jpg,WEB,11364,2,Only_Smoke,1,0
test,WEB11365.jpg,WEB,11365,3,Both,2,3
test,WEB11366.jpg,WEB,11366,2,Only_Smoke,1,0
test,WEB11367.jpg,WEB,11367,2,Only_Smoke,1,0
test,WEB11368.jpg,WEB,11368,2,Only_Smoke,1,0
test,WEB11369.jpg,WEB,11369,2,Only_Smoke,1,0
test,WEB11370.jpg,WEB,11370,2,Only_Smoke,1,0
test,WEB11371.jpg,WEB,11371,3,Both,2,3
test,WEB11372.jpg,WEB,11372,2,Only_Smoke,1,0
test,WEB11373.jpg,WEB,11373,2,Only_Smoke,1,0
test,WEB11374.jpg,WEB,11374,2,Only_Smoke,1,0
test,WEB11375.jpg,WEB,11375,3,Both,1,3
test,WEB11376.jpg,WEB,11376,3,Both,5,2
test,WEB11377.jpg,WEB,11377,3,Both,1,1
test,WEB11378.jpg,WEB,11378,2,Only_Smoke,1,0
test,WEB11379.jpg,WEB,11379,2,Only_Smoke,1,0
test,WEB11380.jpg,WEB,11380,2,Only_Smoke,1,0
test,WEB11381.jpg,WEB,11381,2,Only_Smoke,1,0
test,WEB11382.jpg,WEB,11382,2,Only_Smoke,1,0
test,WEB11383.jpg,WEB,11383,2,Only_Smoke,1,0
test,WEB11384.jpg,WEB,11384,2,Only_Smoke,1,0
test,WEB11385.jpg,WEB,11385,2,Only_Smoke,1,0
test,WEB11386.jpg,WEB,11386,2,Only_Smoke,1,0
test,WEB11387.jpg,WEB,11387,2,Only_Smoke,1,0
test,WEB11388.jpg,WEB,11388,2,Only_Smoke,1,0
test,WEB11389.jpg,WEB,11389,2,Only_Smoke,1,0
test,WEB11390.jpg,WEB,11390,2,Only_Smoke,1,0
test,WEB11391.jpg,WEB,11391,3,Both,1,1
test,WEB11392.jpg,WEB,11392,3,Both,1,1
test,WEB11393.jpg,WEB,11393,2,Only_Smoke,1,0
test,WEB11394.jpg,WEB,11394,2,Only_Smoke,1,0
test,WEB11395.jpg,WEB,11395,2,Only_Smoke,1,0
test,WEB11396.jpg,WEB,11396,2,Only_Smoke,1,0
test,WEB11397.jpg,WEB,11397,2,Only_Smoke,1,0
test,WEB11398.jpg,WEB,11398,2,Only_Smoke,1,0
test,WEB11399.jpg,WEB,11399,2,Only_Smoke,1,0
test,WEB11400.jpg,WEB,11400,2,Only_Smoke,1,0
test,WEB11401.jpg,WEB,11401,2,Only_Smoke,1,0
test,WEB11402.jpg,WEB,11402,2,Only_Smoke,1,0
test,WEB11403.jpg,WEB,11403,2,Only_Smoke,1,0
test,WEB11404.jpg,WEB,11404,2,Only_Smoke,1,0
test,WEB11405.jpg,WEB,11405,2,Only_Smoke,1,0
test,WEB11406.jpg,WEB,11406,2,Only_Smoke,1,0
test,WEB11407.jpg,WEB,11407,2,Only_Smoke,3,0
test,WEB11408.jpg,WEB,11408,2,Only_Smoke,1,0
test,WEB11409.jpg,WEB,11409,2,Only_Smoke,1,0
test,WEB11410.jpg,WEB,11410,2,Only_Smoke,1,0
test,WEB11411.jpg,WEB,11411,3,Both,1,1
test,WEB11412.jpg,WEB,11412,3,Both,1,1
test,WEB11413.jpg,WEB,11413,3,Both,1,1
test,WEB11414.jpg,WEB,11414,2,Only_Smoke,1,0
test,WEB11415.jpg,WEB,11415,2,Only_Smoke,3,0
test,WEB11416.jpg,WEB,11416,3,Both,1,1
test,WEB11417.jpg,WEB,11417,2,Only_Smoke,1,0
test,WEB11418.jpg,WEB,11418,2,Only_Smoke,1,0
test,WEB11419.jpg,WEB,11419,2,Only_Smoke,1,0
test,WEB11420.jpg,WEB,11420,2,Only_Smoke,1,0
test,WEB11421.jpg,WEB,11421,2,Only_Smoke,1,0
test,WEB11422.jpg,WEB,11422,2,Only_Smoke,1,0
test,WEB11423.jpg,WEB,11423,2,Only_Smoke,1,0
test,WEB11424.jpg,WEB,11424,2,Only_Smoke,1,0
test,WEB11425.jpg,WEB,11425,3,Both,1,1
test,WEB11426.jpg,WEB,11426,3,Both,1,1
test,WEB11427.jpg,WEB,11427,3,Both,1,1
test,WEB11428.jpg,WEB,11428,2,Only_Smoke,1,0
test,WEB11429.jpg,WEB,11429,2,Only_Smoke,1,0
test,WEB11430.jpg,WEB,11430,3,Both,1,2
test,WEB11431.jpg,WEB,11431,2,Only_Smoke,1,0
test,WEB11432.jpg,WEB,11432,3,Both,1,1
test,WEB11433.jpg,WEB,11433,2,Only_Smoke,1,0
test,WEB11434.jpg,WEB,11434,3,Both,1,3
test,WEB11435.jpg,WEB,11435,3,Both,2,1
test,WEB11436.jpg,WEB,11436,2,Only_Smoke,1,0
test,WEB11437.jpg,WEB,11437,3,Both,2,3
test,WEB11438.jpg,WEB,11438,3,Both,2,2
test,WEB11439.jpg,WEB,11439,3,Both,2,2
test,WEB11440.jpg,WEB,11440,2,Only_Smoke,1,0
test,WEB11441.jpg,WEB,11441,2,Only_Smoke,1,0
test,WEB11442.jpg,WEB,11442,2,Only_Smoke,1,0
test,WEB11443.jpg,WEB,11443,3,Both,2,2
test,WEB11444.jpg,WEB,11444,3,Both,1,1
test,WEB11445.jpg,WEB,11445,3,Both,1,1
test,WEB11446.jpg,WEB,11446,3,Both,1,6
test,WEB11447.jpg,WEB,11447,3,Both,1,4
test,WEB11448.jpg,WEB,11448,2,Only_Smoke,1,0
test,WEB11449.jpg,WEB,11449,2,Only_Smoke,1,0
test,WEB11450.jpg,WEB,11450,2,Only_Smoke,1,0
test,WEB11451.jpg,WEB,11451,2,Only_Smoke,1,0
test,WEB11452.jpg,WEB,11452,2,Only_Smoke,2,0
test,WEB11453.jpg,WEB,11453,2,Only_Smoke,1,0
test,WEB11454.jpg,WEB,11454,2,Only_Smoke,1,0
test,WEB11455.jpg,WEB,11455,2,Only_Smoke,1,0
test,WEB11456.jpg,WEB,11456,2,Only_Smoke,1,0
test,WEB11457.jpg,WEB,11457,3,Both,1,4
test,WEB11458.jpg,WEB,11458,2,Only_Smoke,1,0
test,WEB11459.jpg,WEB,11459,3,Both,1,4
test,WEB11460.jpg,WEB,11460,3,Both,1,1
test,WEB11461.jpg,WEB,11461,2,Only_Smoke,1,0
test,WEB11462.jpg,WEB,11462,2,Only_Smoke,1,0
test,WEB11463.jpg,WEB,11463,2,Only_Smoke,1,0
test,WEB11464.jpg,WEB,11464,2,Only_Smoke,1,0
test,WEB11465.jpg,WEB,11465,2,Only_Smoke,1,0
test,WEB11466.jpg,WEB,11466,2,Only_Smoke,1,0
test,WEB11467.jpg,WEB,11467,2,Only_Smoke,1,0
test,WEB11468.jpg,WEB,11468,2,Only_Smoke,1,0
test,WEB11469.jpg,WEB,11469,2,Only_Smoke,1,0
test,WEB11470.jpg,WEB,11470,2,Only_Smoke,1,0
test,WEB11471.jpg,WEB,11471,2,Only_Smoke,1,0
test,WEB11472.jpg,WEB,11472,2,Only_Smoke,1,0
test,WEB11473.jpg,WEB,11473,2,Only_Smoke,1,0
test,WEB11474.jpg,WEB,11474,2,Only_Smoke,1,0
test,WEB11475.jpg,WEB,11475,2,Only_Smoke,1,0
test,WEB11476.jpg,WEB,11476,2,Only_Smoke,1,0
test,WEB11477.jpg,WEB,11477,2,Only_Smoke,1,0
test,WEB11478.jpg,WEB,11478,2,Only_Smoke,2,0
test,WEB11479.jpg,WEB,11479,2,Only_Smoke,1,0
test,WEB11480.jpg,WEB,11480,2,Only_Smoke,1,0
test,WEB11481.jpg,WEB,11481,2,Only_Smoke,1,0
test,WEB11482.jpg,WEB,11482,2,Only_Smoke,1,0
test,WEB11483.jpg,WEB,11483,3,Both,2,1
test,WEB11484.jpg,WEB,11484,3,Both,1,1
test,WEB11485.jpg,WEB,11485,2,Only_Smoke,1,0
test,WEB11486.jpg,WEB,11486,3,Both,1,1
test,WEB11487.jpg,WEB,11487,3,Both,1,4
test,WEB11488.jpg,WEB,11488,2,Only_Smoke,1,0
test,WEB11489.jpg,WEB,11489,2,Only_Smoke,1,0
test,WEB11490.jpg,WEB,11490,2,Only_Smoke,1,0
test,WEB11491.jpg,WEB,11491,2,Only_Smoke,1,0
test,WEB11492.jpg,WEB,11492,2,Only_Smoke,1,0
test,WEB11493.jpg,WEB,11493,2,Only_Smoke,1,0
test,WEB11494.jpg,WEB,11494,2,Only_Smoke,1,0
test,WEB11495.jpg,WEB,11495,2,Only_Smoke,1,0
test,WEB11496.jpg,WEB,11496,2,Only_Smoke,1,0
test,WEB11497.jpg,WEB,11497,2,Only_Smoke,1,0
test,WEB11498.jpg,WEB,11498,2,Only_Smoke,1,0
test,WEB11499.jpg,WEB,11499,2,Only_Smoke,1,0
test,WEB11500.jpg,WEB,11500,2,Only_Smoke,1,0
test,WEB11501.jpg,WEB,11501,2,Only_Smoke,1,0
test,WEB11502.jpg,WEB,11502,2,Only_Smoke,1,0
test,WEB11503.jpg,WEB,11503,2,Only_Smoke,1,0
test,WEB11504.jpg,WEB,11504,2,Only_Smoke,1,0
test,WEB11505.jpg,WEB,11505,2,Only_Smoke,1,0
test,WEB11506.jpg,WEB,11506,2,Only_Smoke,1,0
test,WEB11507.jpg,WEB,11507,2,Only_Smoke,1,0
test,WEB11508.jpg,WEB,11508,2,Only_Smoke,2,0
test,WEB11509.jpg,WEB,11509,2,Only_Smoke,1,0
test,WEB11510.jpg,WEB,11510,2,Only_Smoke,1,0
test,WEB11511.jpg,WEB,11511,2,Only_Smoke,2,0
test,WEB11512.jpg,WEB,11512,2,Only_Smoke,1,0
test,WEB11513.jpg,WEB,11513,2,Only_Smoke,1,0
test,WEB11514.jpg,WEB,11514,3,Both,1,1
test,WEB11515.jpg,WEB,11515,3,Both,1,1
test,WEB11516.jpg,WEB,11516,2,Only_Smoke,1,0
test,WEB11517.jpg,WEB,11517,3,Both,1,1
test,WEB11518.jpg,WEB,11518,3,Both,1,1
test,WEB11519.jpg,WEB,11519,3,Both,1,1
test,WEB11520.jpg,WEB,11520,3,Both,1,3
test,WEB11521.jpg,WEB,11521,3,Both,1,1
test,WEB11522.jpg,WEB,11522,3,Both,1,3
test,WEB11523.jpg,WEB,11523,2,Only_Smoke,1,0
test,WEB11524.jpg,WEB,11524,1,Only_Fire,0,2
test,WEB11525.jpg,WEB,11525,3,Both,1,2
test,WEB11526.jpg,WEB,11526,3,Both,1,1
test,WEB11527.jpg,WEB,11527,2,Only_Smoke,1,0
test,WEB11528.jpg,WEB,11528,3,Both,1,2
test,WEB11529.jpg,WEB,11529,2,Only_Smoke,1,0
test,WEB11530.jpg,WEB,11530,2,Only_Smoke,1,0
test,WEB11531.jpg,WEB,11531,2,Only_Smoke,2,0
test,WEB11532.jpg,WEB,11532,3,Both,1,1
test,WEB11533.jpg,WEB,11533,3,Both,1,2
test,WEB11534.jpg,WEB,11534,3,Both,1,2
test,WEB11535.jpg,WEB,11535,2,Only_Smoke,1,0
test,WEB11536.jpg,WEB,11536,2,Only_Smoke,1,0
test,WEB11537.jpg,WEB,11537,3,Both,1,1
test,WEB11538.jpg,WEB,11538,2,Only_Smoke,1,0
test,WEB11539.jpg,WEB,11539,3,Both,2,1
test,WEB11540.jpg,WEB,11540,3,Both,2,1
test,WEB11541.jpg,WEB,11541,3,Both,1,1
test,WEB11542.jpg,WEB,11542,3,Both,1,2
test,WEB11543.jpg,WEB,11543,2,Only_Smoke,1,0
test,WEB11544.jpg,WEB,11544,3,Both,1,1
test,WEB11545.jpg,WEB,11545,2,Only_Smoke,1,0
test,WEB11546.jpg,WEB,11546,2,Only_Smoke,1,0
test,WEB11547.jpg,WEB,11547,2,Only_Smoke,1,0
test,WEB11548.jpg,WEB,11548,2,Only_Smoke,1,0
test,WEB11549.jpg,WEB,11549,2,Only_Smoke,1,0
test,WEB11550.jpg,WEB,11550,2,Only_Smoke,1,0
test,WEB11551.jpg,WEB,11551,2,Only_Smoke,1,0
test,WEB11552.jpg,WEB,11552,2,Only_Smoke,1,0
test,WEB11553.jpg,WEB,11553,3,Both,1,1
test,WEB11554.jpg,WEB,11554,2,Only_Smoke,1,0
test,WEB11555.jpg,WEB,11555,2,Only_Smoke,1,0
test,WEB11556.jpg,WEB,11556,2,Only_Smoke,1,0
test,WEB11557.jpg,WEB,11557,2,Only_Smoke,1,0
test,WEB11558.jpg,WEB,11558,2,Only_Smoke,1,0
test,WEB11559.jpg,WEB,11559,3,Both,2,3
test,WEB11560.jpg,WEB,11560,2,Only_Smoke,1,0
test,WEB11561.jpg,WEB,11561,2,Only_Smoke,1,0
test,WEB11562.jpg,WEB,11562,2,Only_Smoke,1,0
test,WEB11563.jpg,WEB,11563,2,Only_Smoke,1,0
test,WEB11564.jpg,WEB,11564,2,Only_Smoke,1,0
test,WEB11565.jpg,WEB,11565,2,Only_Smoke,1,0
test,WEB11566.jpg,WEB,11566,3,Both,2,2
test,WEB11567.jpg,WEB,11567,3,Both,1,11
test,WEB11568.jpg,WEB,11568,2,Only_Smoke,1,0
test,WEB11569.jpg,WEB,11569,2,Only_Smoke,1,0
test,WEB11570.jpg,WEB,11570,2,Only_Smoke,1,0
test,WEB11571.jpg,WEB,11571,2,Only_Smoke,1,0
test,WEB11572.jpg,WEB,11572,2,Only_Smoke,1,0
test,WEB11573.jpg,WEB,11573,2,Only_Smoke,1,0
test,WEB11574.jpg,WEB,11574,2,Only_Smoke,1,0
test,WEB11575.jpg,WEB,11575,2,Only_Smoke,1,0
test,WEB11576.jpg,WEB,11576,3,Both,1,3
test,WEB11577.jpg,WEB,11577,2,Only_Smoke,4,0
test,WEB11578.jpg,WEB,11578,2,Only_Smoke,1,0
test,WEB11579.jpg,WEB,11579,3,Both,1,3
test,WEB11580.jpg,WEB,11580,2,Only_Smoke,1,0
test,WEB11581.jpg,WEB,11581,2,Only_Smoke,1,0
test,WEB11582.jpg,WEB,11582,3,Both,1,2
test,WEB11583.jpg,WEB,11583,3,Both,1,1
test,WEB11584.jpg,WEB,11584,2,Only_Smoke,1,0
test,WEB11585.jpg,WEB,11585,2,Only_Smoke,1,0
test,WEB11586.jpg,WEB,11586,2,Only_Smoke,1,0
test,WEB11587.jpg,WEB,11587,2,Only_Smoke,1,0
test,WEB11588.jpg,WEB,11588,2,Only_Smoke,1,0
test,WEB11589.jpg,WEB,11589,2,Only_Smoke,1,0
test,WEB11590.jpg,WEB,11590,2,Only_Smoke,1,0
test,WEB11591.jpg,WEB,11591,2,Only_Smoke,1,0
test,WEB11592.jpg,WEB,11592,2,Only_Smoke,1,0
test,WEB11593.jpg,WEB,11593,2,Only_Smoke,2,0
test,WEB11594.jpg,WEB,11594,2,Only_Smoke,1,0
test,WEB11595.jpg,WEB,11595,3,Both,1,2
test,WEB11596.jpg,WEB,11596,2,Only_Smoke,2,0
test,WEB11597.jpg,WEB,11597,2,Only_Smoke,3,0
test,WEB11598.jpg,WEB,11598,2,Only_Smoke,1,0
test,WEB11599.jpg,WEB,11599,3,Both,1,2
test,WEB11600.jpg,WEB,11600,2,Only_Smoke,1,0
test,WEB11601.jpg,WEB,11601,3,Both,1,2
test,WEB11602.jpg,WEB,11602,2,Only_Smoke,1,0
test,WEB11603.jpg,WEB,11603,3,Both,1,1
test,WEB11604.jpg,WEB,11604,2,Only_Smoke,1,0
test,WEB11605.jpg,WEB,11605,2,Only_Smoke,1,0
test,WEB11606.jpg,WEB,11606,3,Both,1,1
test,WEB11607.jpg,WEB,11607,2,Only_Smoke,1,0
test,WEB11608.jpg,WEB,11608,3,Both,1,2
test,WEB11609.jpg,WEB,11609,2,Only_Smoke,1,0
test,WEB11610.jpg,WEB,11610,3,Both,1,1
test,WEB11611.jpg,WEB,11611,3,Both,1,1
test,WEB11612.jpg,WEB,11612,3,Both,1,1
test,WEB11613.jpg,WEB,11613,3,Both,1,3
test,WEB11614.jpg,WEB,11614,2,Only_Smoke,1,0
test,WEB11615.jpg,WEB,11615,2,Only_Smoke,1,0
test,WEB11616.jpg,WEB,11616,3,Both,1,1
test,WEB11617.jpg,WEB,11617,3,Both,1,1
test,WEB11618.jpg,WEB,11618,3,Both,1,1
test,WEB11619.jpg,WEB,11619,3,Both,1,1
test,WEB11620.jpg,WEB,11620,2,Only_Smoke,1,0
test,WEB11621.jpg,WEB,11621,2,Only_Smoke,2,0
test,WEB11622.jpg,WEB,11622,2,Only_Smoke,1,0
test,WEB11623.jpg,WEB,11623,2,Only_Smoke,1,0
test,WEB11624.jpg,WEB,11624,2,Only_Smoke,1,0
test,WEB11625.jpg,WEB,11625,3,Both,1,2
test,WEB11626.jpg,WEB,11626,2,Only_Smoke,1,0
test,WEB11627.jpg,WEB,11627,3,Both,1,1
test,WEB11628.jpg,WEB,11628,2,Only_Smoke,1,0
test,WEB11629.jpg,WEB,11629,2,Only_Smoke,1,0
test,WEB11630.jpg,WEB,11630,2,Only_Smoke,1,0
test,WEB11631.jpg,WEB,11631,2,Only_Smoke,1,0
test,WEB11632.jpg,WEB,11632,2,Only_Smoke,1,0
test,WEB11633.jpg,WEB,11633,2,Only_Smoke,1,0
test,WEB11634.jpg,WEB,11634,3,Both,1,1
test,WEB11635.jpg,WEB,11635,2,Only_Smoke,1,0
test,WEB11636.jpg,WEB,11636,3,Both,1,1
test,WEB11637.jpg,WEB,11637,3,Both,1,1
test,WEB11638.jpg,WEB,11638,3,Both,1,1
test,WEB11639.jpg,WEB,11639,3,Both,1,1
test,WEB11640.jpg,WEB,11640,2,Only_Smoke,1,0
test,WEB11641.jpg,WEB,11641,2,Only_Smoke,2,0
test,WEB11642.jpg,WEB,11642,2,Only_Smoke,1,0
test,WEB11643.jpg,WEB,11643,3,Both,1,1
test,WEB11644.jpg,WEB,11644,3,Both,1,1
test,WEB11645.jpg,WEB,11645,3,Both,1,1
test,WEB11646.jpg,WEB,11646,3,Both,1,1
test,WEB11647.jpg,WEB,11647,3,Both,1,1
test,WEB11648.jpg,WEB,11648,3,Both,1,1
test,WEB11649.jpg,WEB,11649,3,Both,1,1
test,WEB11650.jpg,WEB,11650,2,Only_Smoke,2,0
test,WEB11651.jpg,WEB,11651,3,Both,1,2
test,WEB11652.jpg,WEB,11652,3,Both,1,1
test,WEB11653.jpg,WEB,11653,2,Only_Smoke,1,0
test,WEB11654.jpg,WEB,11654,3,Both,1,1
test,WEB11655.jpg,WEB,11655,3,Both,1,1
test,WEB11656.jpg,WEB,11656,2,Only_Smoke,2,0
test,WEB11657.jpg,WEB,11657,3,Both,1,3
test,WEB11658.jpg,WEB,11658,3,Both,1,2
test,WEB11659.jpg,WEB,11659,3,Both,1,1
test,WEB11660.jpg,WEB,11660,3,Both,1,4
test,WEB11661.jpg,WEB,11661,3,Both,1,1
test,WEB11662.jpg,WEB,11662,3,Both,1,3
test,WEB11663.jpg,WEB,11663,3,Both,1,1
test,WEB11664.jpg,WEB,11664,2,Only_Smoke,1,0
test,WEB11665.jpg,WEB,11665,3,Both,1,2
test,WEB11666.jpg,WEB,11666,2,Only_Smoke,1,0
test,WEB11667.jpg,WEB,11667,3,Both,1,2
test,WEB11668.jpg,WEB,11668,3,Both,1,1
test,WEB11669.jpg,WEB,11669,3,Both,1,1
test,WEB11670.jpg,WEB,11670,2,Only_Smoke,2,0
test,WEB11671.jpg,WEB,11671,2,Only_Smoke,1,0
test,WEB11672.jpg,WEB,11672,3,Both,1,1
test,WEB11673.jpg,WEB,11673,2,Only_Smoke,1,0
test,WEB11674.jpg,WEB,11674,2,Only_Smoke,1,0
test,WEB11675.jpg,WEB,11675,2,Only_Smoke,1,0
test,WEB11676.jpg,WEB,11676,2,Only_Smoke,1,0
test,WEB11677.jpg,WEB,11677,2,Only_Smoke,1,0
test,WEB11678.jpg,WEB,11678,2,Only_Smoke,1,0
test,WEB11679.jpg,WEB,11679,3,Both,1,1
test,WEB11680.jpg,WEB,11680,2,Only_Smoke,1,0
test,WEB11681.jpg,WEB,11681,2,Only_Smoke,1,0
test,WEB11682.jpg,WEB,11682,2,Only_Smoke,1,0
test,WEB11683.jpg,WEB,11683,2,Only_Smoke,1,0
test,WEB11684.jpg,WEB,11684,3,Both,1,1
test,WEB11685.jpg,WEB,11685,2,Only_Smoke,1,0
test,WEB11686.jpg,WEB,11686,2,Only_Smoke,1,0
test,WEB11687.jpg,WEB,11687,2,Only_Smoke,1,0
test,WEB11688.jpg,WEB,11688,2,Only_Smoke,1,0
test,WEB11689.jpg,WEB,11689,2,Only_Smoke,1,0
test,WEB11690.jpg,WEB,11690,3,Both,1,2
test,WEB11691.jpg,WEB,11691,3,Both,1,2
test,WEB11692.jpg,WEB,11692,3,Both,1,1
test,WEB11693.jpg,WEB,11693,2,Only_Smoke,1,0
test,WEB11694.jpg,WEB,11694,2,Only_Smoke,2,0
test,WEB11695.jpg,WEB,11695,2,Only_Smoke,1,0
test,WEB11696.jpg,WEB,11696,2,Only_Smoke,1,0
test,WEB11697.jpg,WEB,11697,2,Only_Smoke,4,0
test,WEB11698.jpg,WEB,11698,2,Only_Smoke,1,0
test,WEB11699.jpg,WEB,11699,3,Both,1,1
test,WEB11700.jpg,WEB,11700,2,Only_Smoke,1,0
test,WEB11701.jpg,WEB,11701,2,Only_Smoke,1,0
test,WEB11702.jpg,WEB,11702,2,Only_Smoke,1,0
test,WEB11703.jpg,WEB,11703,3,Both,1,2
test,WEB11704.jpg,WEB,11704,3,Both,1,2
test,WEB11705.jpg,WEB,11705,3,Both,1,4
test,WEB11706.jpg,WEB,11706,3,Both,1,1
test,WEB11707.jpg,WEB,11707,2,Only_Smoke,1,0
test,WEB11708.jpg,WEB,11708,2,Only_Smoke,1,0
test,WEB11709.jpg,WEB,11709,2,Only_Smoke,1,0
test,WEB11710.jpg,WEB,11710,2,Only_Smoke,1,0
test,WEB11711.jpg,WEB,11711,2,Only_Smoke,1,0
test,WEB11712.jpg,WEB,11712,2,Only_Smoke,1,0
test,WEB11713.jpg,WEB,11713,3,Both,1,1
test,WEB11714.jpg,WEB,11714,3,Both,1,1
test,WEB11715.jpg,WEB,11715,2,Only_Smoke,1,0
test,WEB11716.jpg,WEB,11716,2,Only_Smoke,1,0
test,WEB11717.jpg,WEB,11717,3,Both,1,1
test,WEB11718.jpg,WEB,11718,2,Only_Smoke,1,0
test,WEB11719.jpg,WEB,11719,3,Both,1,1
test,WEB11720.jpg,WEB,11720,2,Only_Smoke,1,0
test,WEB11721.jpg,WEB,11721,3,Both,1,2
test,WEB11722.jpg,WEB,11722,2,Only_Smoke,1,0
test,WEB11723.jpg,WEB,11723,2,Only_Smoke,1,0
test,WEB11724.jpg,WEB,11724,2,Only_Smoke,1,0
test,WEB11725.jpg,WEB,11725,2,Only_Smoke,1,0
test,WEB11726.jpg,WEB,11726,2,Only_Smoke,1,0
test,WEB11727.jpg,WEB,11727,2,Only_Smoke,1,0
test,WEB11728.jpg,WEB,11728,2,Only_Smoke,2,0
test,WEB11729.jpg,WEB,11729,1,Only_Fire,0,1
test,WEB11730.jpg,WEB,11730,3,Both,1,1
test,WEB11731.jpg,WEB,11731,2,Only_Smoke,2,0
test,WEB11732.jpg,WEB,11732,2,Only_Smoke,1,0
test,WEB11733.jpg,WEB,11733,2,Only_Smoke,1,0
test,WEB11734.jpg,WEB,11734,3,Both,1,1
test,WEB11735.jpg,WEB,11735,2,Only_Smoke,1,0
test,WEB11736.jpg,WEB,11736,2,Only_Smoke,1,0
test,WEB11737.jpg,WEB,11737,3,Both,1,1
test,WEB11738.jpg,WEB,11738,2,Only_Smoke,2,0
test,WEB11739.jpg,WEB,11739,2,Only_Smoke,1,0
test,WEB11740.jpg,WEB,11740,2,Only_Smoke,1,0
test,WEB11741.jpg,WEB,11741,1,Only_Fire,0,2
test,WEB11742.jpg,WEB,11742,1,Only_Fire,0,1
test,WEB11743.jpg,WEB,11743,2,Only_Smoke,1,0
test,WEB11744.jpg,WEB,11744,2,Only_Smoke,1,0
test,WEB11745.jpg,WEB,11745,2,Only_Smoke,2,0
test,WEB11746.jpg,WEB,11746,2,Only_Smoke,1,0
test,WEB11747.jpg,WEB,11747,2,Only_Smoke,1,0
test,WEB11748.jpg,WEB,11748,2,Only_Smoke,1,0
test,WEB11749.jpg,WEB,11749,2,Only_Smoke,1,0
test,WEB11750.jpg,WEB,11750,2,Only_Smoke,2,0
test,WEB11751.jpg,WEB,11751,2,Only_Smoke,1,0
test,WEB11752.jpg,WEB,11752,2,Only_Smoke,1,0
test,WEB11753.jpg,WEB,11753,2,Only_Smoke,2,0
test,WEB11754.jpg,WEB,11754,2,Only_Smoke,1,0
test,WEB11755.jpg,WEB,11755,2,Only_Smoke,1,0
test,WEB11756.jpg,WEB,11756,2,Only_Smoke,1,0
test,WEB11757.jpg,WEB,11757,3,Both,1,1
test,WEB11758.jpg,WEB,11758,2,Only_Smoke,2,0
test,WEB11759.jpg,WEB,11759,3,Both,1,2
test,WEB11760.jpg,WEB,11760,3,Both,1,2
test,WEB11761.jpg,WEB,11761,2,Only_Smoke,3,0
test,WEB11762.jpg,WEB,11762,2,Only_Smoke,1,0
test,WEB11763.jpg,WEB,11763,2,Only_Smoke,1,0
test,WEB11764.jpg,WEB,11764,2,Only_Smoke,1,0
test,WEB11765.jpg,WEB,11765,2,Only_Smoke,1,0
test,WEB11766.jpg,WEB,11766,2,Only_Smoke,1,0
test,WEB11767.jpg,WEB,11767,2,Only_Smoke,1,0
test,WEB11768.jpg,WEB,11768,2,Only_Smoke,1,0
test,WEB11769.jpg,WEB,11769,2,Only_Smoke,1,0
test,WEB11770.jpg,WEB,11770,3,Both,1,5
test,WEB11771.jpg,WEB,11771,2,Only_Smoke,1,0
test,WEB11772.jpg,WEB,11772,2,Only_Smoke,2,0
test,WEB11773.jpg,WEB,11773,2,Only_Smoke,1,0
test,WEB11774.jpg,WEB,11774,2,Only_Smoke,1,0
test,WEB11775.jpg,WEB,11775,3,Both,1,1
test,WEB11776.jpg,WEB,11776,2,Only_Smoke,1,0
test,WEB11777.jpg,WEB,11777,3,Both,1,3
test,WEB11778.jpg,WEB,11778,2,Only_Smoke,1,0
test,WEB11779.jpg,WEB,11779,2,Only_Smoke,1,0
test,WEB11780.jpg,WEB,11780,2,Only_Smoke,1,0
test,WEB11781.jpg,WEB,11781,2,Only_Smoke,1,0
test,WEB11782.jpg,WEB,11782,3,Both,1,2
test,WEB11783.jpg,WEB,11783,2,Only_Smoke,2,0
test,WEB11784.jpg,WEB,11784,2,Only_Smoke,1,0
test,WEB11785.jpg,WEB,11785,3,Both,1,1
test,WEB11786.jpg,WEB,11786,2,Only_Smoke,1,0
test,WEB11787.jpg,WEB,11787,2,Only_Smoke,1,0
test,WEB11788.jpg,WEB,11788,2,Only_Smoke,1,0
test,WEB11789.jpg,WEB,11789,2,Only_Smoke,1,0
test,WEB11790.jpg,WEB,11790,2,Only_Smoke,1,0
test,WEB11791.jpg,WEB,11791,2,Only_Smoke,1,0
test,WEB11792.jpg,WEB,11792,2,Only_Smoke,1,0
test,WEB11793.jpg,WEB,11793,2,Only_Smoke,1,0
test,WEB11794.jpg,WEB,11794,2,Only_Smoke,1,0
test,WEB11795.jpg,WEB,11795,2,Only_Smoke,1,0
test,WEB11796.jpg,WEB,11796,2,Only_Smoke,1,0
test,WEB11797.jpg,WEB,11797,3,Both,1,1
test,WEB11798.jpg,WEB,11798,2,Only_Smoke,2,0
test,WEB11799.jpg,WEB,11799,3,Both,1,8
test,WEB11800.jpg,WEB,11800,2,Only_Smoke,1,0
test,WEB11801.jpg,WEB,11801,2,Only_Smoke,1,0
test,WEB11802.jpg,WEB,11802,3,Both,1,3
test,WEB11803.jpg,WEB,11803,3,Both,2,5
test,WEB11804.jpg,WEB,11804,2,Only_Smoke,1,0
test,WEB11805.jpg,WEB,11805,3,Both,1,2
test,WEB11806.jpg,WEB,11806,2,Only_Smoke,1,0
